Workbook
Name Region: #REF!
Name Region: #REF!
Name Region: #REF!
Name Region: #REF!

Sheet 說明頁_更新版
A1: ID | B1: Action | C1: Remark
A2: 1 | B2: A-M欄及BM-BP欄照理來說不會更動只會新增
A3: 2 | B3: 檔名的部分請像這樣 "Rebate and Spending report Supplier’s name_2025 01"，勿加上其他說明，若有V2版本請寫 "Rebate and Spending report Supplier’s name_2025 01_V2"
A4: 3 | B4: 請全年度都放在同一個tab，Summary也是Q1-Q4都放在一起，若有更新的年度請一樣要加上對應的Summary
A5: 4 | B5: Title相關規範請看右方所示, 請按照此欄位進行填寫, 勿更改資料次序 *上面也附上Example, 參考的顏色表以及Mason的PDF instruction | C5: A欄位:打上年度，新年度記得要更新
C6: B欄位: SPM, 請填全名, ex Benson Chen, 而不是Benson，若SPM有異動也請更新
C7: C 欄位: 一律填自己公司名稱
C8: D欄位: 請照上方指示, 勿自創提詞, 須注意只有NB和DT才會有Consumer/Commercial之分, F欄位是Peripheral則D和E都是填Peripheral
C9: E欄位 : 請照上方指示, 勿自創提詞
C10: F欄位 : Peripheral只需填寫Peripheral
C11: G欄位 : 已更新到2025
C12: H欄位 : -請一定不能空白此欄位，不然後面的數字都會讀不到 -如果多個platforms共用同keyboard, 請用 '/' 去 group這些platforms，大小寫沒關係。 -請Platform name請跟LTF一模一樣，像是有些後面會加上尺寸也請加上( BAYMAX14/LUISA14/BAYMAXW14/BAYMAX13/BAYMAX13X) -請用"/"來 Grouping 不同 Platform (e.g. ANDAZ/ABU) ，勿用其他符號，錯誤範例如:ANDAZ&ABU
C13: I欄位 : 請照上方指示, 勿自創提詞
C14: J欄位 : 如果沒有Size，則填寫"NA/"，請不要只寫"NA"
C15: K欄 : -要注意勿將 Color grouping 在一起，像是Jet Black/Soft Grey，若有n個顏色需分成n筆資料去填 -如果沒有Color，則填寫"NA/"，請注意不要只寫"NA" -Color 需確保填寫正確，如 SEAFOAM TEAL PEARL 需完整打出來，避免填成 SEAFOAM TEAL -請確保在顏色中間加上空格，大小寫沒關係。 -關於灰色，請使用“Grey” 而非“Gray” -Color 欄位需保持正常format，像是 PERFORMANCE BLUE OPAQUE 請避免填成 PERFORMANCE BLUE OPAQUE-RGB -針對CNB Gaming，關於Numpad及RGB方面請遵照以下方式及右方的說明 : RGB Per Key W Numpad_Soft Grey RGB Per Key W/O Numpad_Soft Grey 1 Zone W Numpad_Soft Grey, 1 Zone Red W Numpad_Soft Grey 4 Zone RGB W Numpad_Soft Grey 1 Zone W/O Numpad_Soft Grey, 1 Zone Red W/O Numpad_Soft Grey 4 Zone RGB W/O Numpad_Soft Grey 1 Zone RGB W Numpad_Soft Grey 1 Zone RGB W/O Numpad_Soft Grey
C16: L欄 : 請照上方指示，勿自創提詞，注意NMC更新為Thailand/Vietnam
C17: M欄 : 請照上方指示填寫對應ODM，勿自創提詞或簡寫。若發生ODM不存在於上方的情況，請勿寫上OTHERS，需參照在contract中寫的ODM或Regional site名稱
... C22: BP欄 : 如果有HP Part#就填上，如果沒有的話就填上ODM Part# (語言別的部分可以屏蔽並用星號代替，除非有語言別會造成價格不同的情況才需列出語言別的部分)
A23: 5 | B23: 當月出貨的所有品項都必須填上, 即使rebate=0的項目, 定義為FCS之後, EOL前的platform 當月出貨都需要寫上(也就是不含service part)
A24: 6 | B24: 每個月10日固定上傳此份rebate and spending report，請注意目前的Share point已經與財務共用，因此有任何要更新的地方都請通知Jenny並且上傳V2/V3…版本，且舊檔案勿刪除
A25: 7 | B25: 在上傳此份檔案前針對數字的部分需再三確認，因為這些數字會直接當作日後開發票的金額
A26: 8 | B26: excel欄位有相乘的部分 (rebate amount), 請不要直接在公式以外做數字上的調整, 沒有邏輯性的數字, 程式會偵測異常
A27: 9 | B27: Summary_1不能有任何註記, 需要呈現最真實的數字, Summary_2貴司可有一些註記符號, 或是rebate抵扣等地紀錄是能夠被容許的

Sheet FY23 Summary_1
B3: Supplier's name | C3: 2022 11 | D3: 2022 12 | E3: 2023 01 | F3: Total Q1
B4: Rebate amount | C4: ='FY23'!AO1 -> 571985.43 | D4: ='FY23'!AQ1 -> 502301.86 | E4: ='FY23'!AS1 -> 478294.01 | F4: =SUM(C4:E4) -> 1552581.3
B5: E&O reduction | C5: 0 | D5: 0 | E5: 0 | F5: =SUM(C5:E5) -> 0
B6: Complexity reduction | C6: 0 | D6: 0 | E6: 0 | F6: =SUM(C6:E6) -> 0 | H6: 1. 新增Summary_1, 原先的Summary重新命名為Summary_2
B7: Total amount | C7: =SUM(C4:C6) -> 571985.43 | D7: =SUM(D4:D6) -> 502301.86 | E7: =SUM(E4:E6) -> 478294.01 | F7: =SUM(F4:F6) -> 1552581.3
H8: 2.黃色部位為貴司名稱, 請整份報告都跟檔名貴司名稱撰寫方式一致
B10: Supplier's name | C10: 2023 02 | D10: 2023 03 | E10: 2023 04 | F10: Total Q2 | H10: 3. 這些欄位一定要固定, B3-B28, C3-C28, D3-D28, E3-E28, F3-F28都有賦予定義
B11: Rebate amount | C11: ='FY23'!AU1 -> 527397.12 | D11: ='FY23'!AW1 -> 775016.34 | E11: ='FY23'!AY1 -> 683472.59 | F11: =SUM(C11:E11) -> 1985886.1
B12: E&O reduction | C12: 0 | D12: 0 | E12: 0 | F12: =SUM(C12:E12) -> 0 | H12: 4. Rebate amount 指得是summary_2的page金額 (就是我們一直以來收集的金額)
B13: Complexity reduction | C13: 0 | D13: 0 | E13: 0 | F13: =SUM(C13:E13) -> 0
B14: Total amount | C14: =SUM(C11:C13) -> 527397.12 | D14: =SUM(D11:D13) -> 775016.34 | E14: =SUM(E11:E13) -> 683472.59 | F14: =SUM(F11:F13) -> 1985886.1 | H14: 5. 新增 E&O reduction 及complexity reduction品項, 先留足空間
H15: 若目前還未有此款項存在都先填0
B17: Supplier's name | C17: 2023 05 | D17: 2023 06 | E17: 2023 07 | F17: Total Q3 | H17: 6. 金額都放未經調整後的真實數字, 分析才具意義
B18: Rebate amount | C18: ='FY23'!BA1 -> 949563.11 | D18: ='FY23'!BC1 -> 844037.71 | E18: ='FY23'!BE1 -> 805668.24 | F18: =SUM(C18:E18) -> 2599269.1
B19: E&O reduction | C19: 2052.51 | D19: 0 | E19: 0 | F19: =SUM(C19:E19) -> 2052.51
B20: Complexity reduction | C20: 0 | D20: 0 | E20: 0 | F20: =SUM(C20:E20) -> 0
B21: Total amount | C21: =SUM(C18:C20) -> 951615.62 | D21: =SUM(D18:D20) -> 844037.71 | E21: =SUM(E18:E20) -> 805668.24 | F21: =SUM(F18:F20) -> 2601321.6
B24: Supplier's name | C24: 2023 08 | D24: 2023 09 | E24: 2023 10 | F24: Total Q4
B25: Rebate amount | C25: ='FY23'!BG1 -> 967501.49 | D25: ='FY23'!BI1 -> 1083624.8 | E25: ='FY23'!BK1 -> 744433.43 | F25: =SUM(C25:E25) -> 2795559.7
B26: E&O reduction | C26: 0 | D26: 0 | E26: 0 | F26: =SUM(C26:E26) -> 0
B27: Complexity reduction | C27: 0 | D27: 0 | E27: 0 | F27: =SUM(C27:E27) -> 0
B28: Total amount | C28: =SUM(C25:C27) -> 967501.49 | D28: =SUM(D25:D27) -> 1083624.8 | E28: =SUM(E25:E27) -> 744433.43 | F28: =SUM(F25:F27) -> 2795559.7

Sheet FY23 Summary_2
B3: Q1 Actual by Segment
C4: Segment | D4: 44866 | E4: 44896 | F4: 44927 | G4: Total Rebate in Q1 2023 (US$)
B5: CMIT Input Devices | C5: 200 series (6U) | D5: =SUM('FY23'!AO$77:AO$116)*0.25 -> 62925.182 | E5: =SUM('FY23'!AQ77:AQ116)*0.25 -> 59669.115 | F5: =SUM('FY23'!AS77:AS116)*0.25 -> 50134.382 | G5: =SUM(D5:F5) -> 172728.68
C6: 400 series (S) | D6: =SUM('FY23'!AO$6:AO$13) -> 0 | E6: =SUM('FY23'!AQ6:AQ13) -> 0 | F6: =SUM('FY23'!AS6:AS13) -> 0 | G6: =SUM(D6:F6) -> 0
C7: 600 series (B) | D7: =SUM('FY23'!AO$14:AO$19) -> 0 | E7: =SUM('FY23'!AQ14:AQ19) -> 0 | F7: =SUM('FY23'!AS14:AS19) -> 0 | G7: =SUM(D7:F7) -> 0
C8: 800 series (P) | D8: =SUM('FY23'!AO$20:AO$30) -> 0 | E8: =SUM('FY23'!AQ20:AQ30) -> 0 | F8: =SUM('FY23'!AS20:AS30) -> 0 | G8: =SUM(D8:F8) -> 0
C9: 1000 series (M | D9: =SUM('FY23'!AO$31:AO$34) -> 0 | E9: =SUM('FY23'!AQ31:AQ34) -> 0 | F9: =SUM('FY23'!AS31:AS34) -> 0 | G9: =SUM(D9:F9) -> 0
C10: MWS (Workstation) | D10: =SUM('FY23'!AO$39:AO$40) -> 81120 | E10: =SUM('FY23'!AQ39:AQ40) -> 73696 | F10: =SUM('FY23'!AS39:AS40) -> 96408 | G10: =SUM(D10:F10) -> 251224
C11: Soft Keyboard | D11: =SUM('FY23'!AO$41:AO$44) -> 0 | E11: =SUM('FY23'!AQ41:AQ44) -> 0 | F11: =SUM('FY23'!AS41:AS44) -> 0 | G11: =SUM(D11:F11) -> 0
C12: Chrome Book | D12: =SUM('FY23'!AO$45:AO$64)*0.7 -> 38115 | E12: =SUM('FY23'!AQ45:AQ64)*0.7 -> 25414.41 | F12: =SUM('FY23'!AS45:AS64)*0.7 -> 10162.95 | G12: =SUM(D12:F12) -> 73692.36
C13: Clickpad | D13: =SUM('FY23'!AO$35:AO$36) -> 0 | E13: =SUM('FY23'!AQ35:AQ36) -> 0 | F13: =SUM('FY23'!AS35:AS36) -> 0 | G13: =SUM(D13:F13) -> 0
C14: Education | D14: =SUM('FY23'!AO$37:AO$38) -> 7372 | E14: =SUM('FY23'!AQ37:AQ38) -> 3944 | F14: =SUM('FY23'!AS37:AS38) -> 7364 | G14: =SUM(D14:F14) -> 18680
C15: Peripherals/AMO | G15: =SUM(D15:F15) -> 0
C16: Desktop | D16: =SUM('FY23'!AO$65:AO$76) -> 36310.22 | E16: =SUM('FY23'!AQ65:AQ76) -> 29354.7 | F16: =SUM('FY23'!AS65:AS76) -> 28409.28 | G16: =SUM(D16:F16) -> 94074.2
B17: Consumer Input Devices | C17: OPP | D17: =SUM('FY23'!AO$77:AO$116)*0.75 -> 188775.55 | E17: =SUM('FY23'!AQ77:AQ116)*0.75 -> 179007.35 | F17: =SUM('FY23'!AS77:AS116)*0.75 -> 150403.15 | G17: =SUM(D17:F17) -> 518186.04
C18: Chrome Book | D18: =SUM('FY23'!AO$45:AO$64)*0.3 -> 16335 | E18: =SUM('FY23'!AQ45:AQ64)*0.3 -> 10891.89 | F18: =SUM('FY23'!AS45:AS64)*0.3 -> 4355.55 | G18: =SUM(D18:F18) -> 31582.44
C19: Pavillion | D19: =SUM('FY23'!AO$126:AO$167) -> 90287.58 | E19: =SUM('FY23'!AQ126:AQ167) -> 78366.4 | F19: =SUM('FY23'!AS126:AS167) -> 69603.3 | G19: =SUM(D19:F19) -> 238257.28
C20: Spectre | D20: =SUM('FY23'!AO$168:AO$170) -> 0 | E20: =SUM('FY23'!AQ168:AQ170) -> 0 | F20: =SUM('FY23'!AS168:AS170) -> 0 | G20: =SUM(D20:F20) -> 0
C21: Envy | D21: =SUM('FY23'!AO$171:AO$182) -> 33195.6 | E21: =SUM('FY23'!AQ171:AQ182) -> 16676 | F21: =SUM('FY23'!AS171:AS182) -> 47115.5 | G21: =SUM(D21:F21) -> 96987.1
C22: Stream | D22: =SUM('FY23'!AO$183:AO$184) -> 5459.3 | E22: =SUM('FY23'!AQ183:AQ184) -> 5236 | F22: =SUM('FY23'!AS183:AS184) -> 7280 | G22: =SUM(D22:F22) -> 17975.3
C23: Omen | D23: =SUM('FY23'!AO$185:AO$210) -> 12090 | E23: =SUM('FY23'!AQ185:AQ210) -> 20046 | F23: =SUM('FY23'!AS185:AS210) -> 6940 | G23: =SUM(D23:F23) -> 39076
C24: Peripherals/AMO | G24: =SUM(D24:F24) -> 0
C25: Desktop | D25: =SUM('FY23'!AO$211:AO$227) -> 0 | E25: =SUM('FY23'!AQ211:AQ227) -> 0 | F25: =SUM('FY23'!AS211:AS227) -> 117.9 | G25: =SUM(D25:F25) -> 117.9
G26: =SUM(G5:G25) -> 1552581.3
B28: Q1 Actual by Segment
C29: Supplier | D29: 44866 | E29: 44896 | F29: 44927 | G29: Total Rebate in Q1 2023 (US$)
B30: Input Devices | C30: Acrox
C31: Chicony
C32: Darfon | D32: =SUM(D5:D25) -> 571985.43 | E32: =SUM(E5:E25) -> 502301.86 | F32: =SUM(F5:F25) -> 478294.01 | G32: =SUM(D32:F32) -> 1552581.3
C33: Liteon
C34: Primax
C35: Sunrex
F36: Total Rebate Amount
B39: Q2 Actual by Segment
C40: Segment | D40: 44958 | E40: 44986 | F40: 45017 | G40: Total Rebate in Q2 2023 (US$)
B41: CMIT Input Devices | C41: 200 series (6U) | D41: =SUM('FY23'!AU$77:AU$116)*0.25 -> 47471.27 | E41: =SUM('FY23'!AW$77:AW$116)*0.25 -> 98625.165 | F41: =SUM('FY23'!AY$77:AY$116)*0.25 -> 72830.137 | G41: =SUM(D41:F41) -> 218926.57
C42: 400 series (S) | D42: =SUM('FY23'!AU$6:AU$13) -> 0 | E42: =SUM('FY23'!AW$6:AW$13) -> 0 | F42: =SUM('FY23'!AY$6:AY$13) -> 0 | G42: =SUM(D42:F42) -> 0
C43: 600 series (B) | D43: =SUM('FY23'!AU$14:AU$19) -> 0 | E43: =SUM('FY23'!AW$14:AW$19) -> 0 | F43: =SUM('FY23'!AY$14:AY$19) -> 0 | G43: =SUM(D43:F43) -> 0
C44: 800 series (P) | D44: =SUM('FY23'!AU$20:AU$30) -> 0 | E44: =SUM('FY23'!AW$20:AW$30) -> 0 | F44: =SUM('FY23'!AY$20:AY$30) -> 0 | G44: =SUM(D44:F44) -> 0
C45: 1000 series (M | D45: =SUM('FY23'!AU$31:AU$34) -> 0 | E45: =SUM('FY23'!AW$31:AW$34) -> 0 | F45: =SUM('FY23'!AY$31:AY$34) -> 0 | G45: =SUM(D45:F45) -> 0
C46: MWS (Workstation) | D46: =SUM('FY23'!AU$39:AU$40) -> 120874.02 | E46: =SUM('FY23'!AW$39:AW$40) -> 77075.52 | F46: =SUM('FY23'!AY$39:AY$40) -> 31649.03 | G46: =SUM(D46:F46) -> 229598.57
C47: Soft Keyboard | D47: =SUM('FY23'!AU$41:AU$44) -> 0 | E47: =SUM('FY23'!AW$41:AW$44) -> 0 | F47: =SUM('FY23'!AY$41:AY$44) -> 0 | G47: =SUM(D47:F47) -> 0
C48: Chrome Book | D48: =SUM('FY23'!AU$45:AU$64)*0.7 -> 28722.4 | E48: =SUM('FY23'!AW$45:AW$64)*0.7 -> 58417.87 | F48: =SUM('FY23'!AY$45:AY$64)*0.7 -> 32115.3 | G48: =SUM(D48:F48) -> 119255.57
C49: Clickpad | D49: =SUM('FY23'!AU$35:AU$36) -> 0 | E49: =SUM('FY23'!AW$35:AW$36) -> 0 | F49: =SUM('FY23'!AY$35:AY$36) -> 0 | G49: =SUM(D49:F49) -> 0
C50: Education | D50: =SUM('FY23'!AU$37:AU$38) -> 32594.4 | E50: =SUM('FY23'!AW$37:AW$38) -> 63434.22 | F50: =SUM('FY23'!AY$37:AY$38) -> 32555.88 | G50: =SUM(D50:F50) -> 128584.5
C51: Peripherals/AMO | G51: =SUM(D51:F51) -> 0
C52: Desktop | D52: =SUM('FY23'!AU$65:AU$76) -> 21080.22 | E52: =SUM('FY23'!AW$65:AW$76) -> 38522.34 | F52: =SUM('FY23'!AY$65:AY$76) -> 29534.37 | G52: =SUM(D52:F52) -> 89136.93
B53: Consumer Input Devices | C53: OPP | D53: =SUM('FY23'!AU$77:AU$116)*0.75 -> 142413.81 | E53: =SUM('FY23'!AW$77:AW$116)*0.75 -> 295875.49 | F53: =SUM('FY23'!AY$77:AY$116)*0.75 -> 218490.41 | G53: =SUM(D53:F53) -> 656779.72
C54: Chrome Book | D54: =SUM('FY23'!AU$45:AU$64)*0.3 -> 12309.6 | E54: =SUM('FY23'!AW$45:AW$64)*0.3 -> 25036.23 | F54: =SUM('FY23'!AY$45:AY$64)*0.3 -> 13763.7 | G54: =SUM(D54:F54) -> 51109.53
C55: Pavillion | D55: =SUM('FY23'!AU$126:AU$167) -> 82015.4 | E55: =SUM('FY23'!AW$126:AW$167) -> 70776 | F55: =SUM('FY23'!AY$126:AY$167) -> 86040 | G55: =SUM(D55:F55) -> 238831.4
C56: Spectre | D56: =SUM('FY23'!AU$168:AU$170) -> 0 | E56: =SUM('FY23'!AW$168:AW$170) -> 0 | F56: =SUM('FY23'!AY$168:AY$170) -> 0 | G56: =SUM(D56:F56) -> 0
C57: Envy | D57: =SUM('FY23'!AU$171:AU$182) -> 30200 | E57: =SUM('FY23'!AW$171:AW$182) -> 14955 | F57: =SUM('FY23'!AY$171:AY$182) -> 46069.5 | G57: =SUM(D57:F57) -> 91224.5
C58: Stream | D58: =SUM('FY23'!AU$183:AU$184) -> 5096 | E58: =SUM('FY23'!AW$183:AW$184) -> 4928 | F58: =SUM('FY23'!AY$183:AY$184) -> 9351.3 | G58: =SUM(D58:F58) -> 19375.3
C59: Omen | D59: =SUM('FY23'!AU$185:AU$210) -> 4620 | E59: =SUM('FY23'!AW$185:AW$210) -> 27370.5 | F59: =SUM('FY23'!AY$185:AY$210) -> 107928 | G59: =SUM(D59:F59) -> 139918.5
C60: Peripherals/AMO | F60: =SUM('FY23'!AY228:AY229) -> 3144.96 | G60: =SUM(D60:F60) -> 3144.96 | H60: 5月與HP確認到Crispix rebate必須從4月開始放, 但原先4月的報告放0, 這邊修正為真實數字, 但給付Q2 rebate時會少了這筆, 於後續補上
C61: Desktop | D61: =SUM('FY23'!AU$211:AU$227) -> 0 | E61: =SUM('FY23'!AW$211:AW$227) -> 0 | F61: =SUM('FY23'!AY$211:AY$227) -> 0 | G61: =SUM(D61:F61) -> 0
G62: =SUM(G41:G61) -> 1985886.1
B64: Q2 Actual by Segment
C65: Supplier | D65: 44958 | E65: 44986 | F65: 45017 | G65: Total Rebate in Q2 2023 (US$)
B66: Input Devices | C66: Acrox
B67: Input Devices | C67: Chicony
C68: Darfon | D68: =SUM(D41:D61) -> 527397.12 | E68: =SUM(E41:E61) -> 775016.34 | F68: =SUM(F41:F61) -> 683472.59 | G68: =SUM(D68:F68) -> 1985886.1
C69: Liteon
C70: Primax
C71: Sunrex
F72: Total Rebate Amount
B75: Q3 Actual by Segment
C76: Segment | D76: 45047 | E76: 45078 | F76: 45108 | G76: Total Rebate in Q3 2023 (US$)
B77: CMIT Input Devices | C77: 200 series (6U) | D77: =SUM('FY23'!BA$77:BA$116)*0.25 -> 83406.23 | E77: =SUM('FY23'!BC$77:BC$116)*0.25 -> 94006.1 | F77: =SUM('FY23'!BE$77:BE$116)*0.25 -> 75307.005 | G77: =SUM(D77:F77) -> 252719.34
C78: 400 series (S) | D78: =SUM('FY23'!BA$6:BA$13) -> 0 | E78: =SUM('FY23'!BC$6:BC$13) -> 0 | F78: =SUM('FY23'!BE$6:BE$13) -> 0 | G78: =SUM(D78:F78) -> 0
C79: 600 series (B) | D79: =SUM('FY23'!BA$14:BA$19) -> 0 | E79: =SUM('FY23'!BC$14:BC$19) -> 0 | F79: =SUM('FY23'!BE$14:BE$19) -> 0 | G79: =SUM(D79:F79) -> 0
C80: 800 series (P) | D80: =SUM('FY23'!BA$20:BA$30) -> 0 | E80: =SUM('FY23'!BC$20:BC$30) -> 0 | F80: =SUM('FY23'!BE$20:BE$30) -> 0 | G80: =SUM(D80:F80) -> 0
C81: 1000 series (M | D81: =SUM('FY23'!BA$31:BA$34) -> 0 | E81: =SUM('FY23'!BC$31:BC$34) -> 0 | F81: =SUM('FY23'!BE$31:BE$34) -> 0 | G81: =SUM(D81:F81) -> 0
C82: MWS (Workstation) | D82: =SUM('FY23'!BA$39:BA$40) -> 48614.31 | E82: =SUM('FY23'!BC$39:BC$40) -> 12394.28 | F82: =SUM('FY23'!BE$39:BE$40) -> 6006.8 | G82: =SUM(D82:F82) -> 67015.39
C83: Soft Keyboard | D83: =SUM('FY23'!BA$41:BA$44) -> 0 | E83: =SUM('FY23'!BC$41:BC$44) -> 0 | F83: =SUM('FY23'!BE$41:BE$44) -> 0 | G83: =SUM(D83:F83) -> 0
C84: Chrome Book | D84: =SUM('FY23'!BA$45:BA$64)*0.7 -> 87118.43 | E84: =SUM('FY23'!BC$45:BC$64)*0.7 -> 50436.4 | F84: =SUM('FY23'!BE$45:BE$64)*0.7 -> 51613.1 | G84: =SUM(D84:F84) -> 189167.93
C85: Clickpad | D85: =SUM('FY23'!BA$35:BA$36) -> 0 | E85: =SUM('FY23'!BC$35:BC$36) -> 0 | F85: =SUM('FY23'!BE$35:BE$36) -> 0 | G85: =SUM(D85:F85) -> 0
C86: Education | D86: =SUM('FY23'!BA$37:BA$38) -> 60601.6 | E86: =SUM('FY23'!BC$37:BC$38) -> 28295.68 | F86: =SUM('FY23'!BE$37:BE$38) -> 21417.08 | G86: =SUM(D86:F86) -> 110314.36
C87: Peripherals/AMO | G87: =SUM(D87:F87) -> 0
C88: Desktop | D88: =SUM('FY23'!BA$65:BA$76) -> 18294.12 | E88: =SUM('FY23'!BC$65:BC$76) -> 34550.52 | F88: =SUM('FY23'!BE$65:BE$76) -> 33335.88 | G88: =SUM(D88:F88) -> 86180.52
B89: Consumer Input Devices | C89: OPP | D89: =SUM('FY23'!BA$77:BA$116)*0.75 -> 250218.69 | E89: =SUM('FY23'!BC$77:BC$116)*0.75 -> 282018.3 | F89: =SUM('FY23'!BE$77:BE$116)*0.75 -> 225921.02 | G89: =SUM(D89:F89) -> 758158.01
C90: Chrome Book | D90: =SUM('FY23'!BA$45:BA$64)*0.3 -> 37336.47 | E90: =SUM('FY23'!BC$45:BC$64)*0.3 -> 21615.6 | F90: =SUM('FY23'!BE$45:BE$64)*0.3 -> 22119.9 | G90: =SUM(D90:F90) -> 81071.97
C91: Pavillion | D91: =SUM('FY23'!BA$126:BA$167) -> 106598.4 | E91: =SUM('FY23'!BC$126:BC$167) -> 110794.4 | F91: =SUM('FY23'!BE$126:BE$167) -> 114938.4 | G91: =SUM(D91:F91) -> 332331.2
C92: Spectre | D92: =SUM('FY23'!BA$168:BA$170) -> 0 | E92: =SUM('FY23'!BC$168:BC$170) -> 0 | F92: =SUM('FY23'!BE$168:BE$170) -> 0 | G92: =SUM(D92:F92) -> 0
C93: Envy | D93: =SUM('FY23'!BA$171:BA$182) -> 74679.5 | E93: =SUM('FY23'!BC$171:BC$182) -> 51760.5 | F93: =SUM('FY23'!BE$171:BE$182) -> 65287.5 | G93: =SUM(D93:F93) -> 191727.5
C94: Stream | D94: =SUM('FY23'!BA$183:BA$184) -> 7532 | E94: =SUM('FY23'!BC$183:BC$184) -> 4536 | F94: =SUM('FY23'!BE$183:BE$184) -> 8428 | G94: =SUM(D94:F94) -> 20496
C95: Omen | D95: =SUM('FY23'!BA$185:BA$210) -> 172018.4 | E95: =SUM('FY23'!BC$185:BC$210) -> 153180.65 | F95: =SUM('FY23'!BE$185:BE$210) -> 180395 | G95: =SUM(D95:F95) -> 505594.05
C96: Peripherals/AMO | D96: =SUM('FY23'!BA228:BA229) -> 3144.96 | E96: =SUM('FY23'!BC228:BC229) -> 449.28 | F96: =SUM('FY23'!BE228:BE229) -> 898.56 | G96: =SUM(D96:F96) -> 4492.8
C97: Desktop | D97: =SUM('FY23'!BA$211:BA$227) -> 0 | E97: =SUM('FY23'!BC$211:BC$227) -> 0 | F97: =SUM('FY23'!BE$211:BE$227) -> 0 | G97: =SUM(D97:F97) -> 0
G98: =SUM(G77:G97) -> 2599269.1
B100: Q3 Actual by Segment
C101: Supplier | D101: 45047 | E101: 45078 | F101: 45108 | G101: Total Rebate in Q3 2023 (US$)
B102: Input Devices | C102: Acrox
C103: Chicony
C104: Darfon | D104: =SUM(D77:D97) -> 949563.11 | E104: =SUM(E77:E97) -> 844037.71 | F104: =SUM(F77:F97) -> 805668.24 | G104: =SUM(D104:F104) -> 2599269.1
C105: Liteon
C106: Primax
C107: Sunrex
F108: Total Rebate Amount
B110: Q4 Actual by Segment
...

Sheet FY23
D1: Consumer/Commercial/ Peripheral | E1: NB/DT/Peripheral | G1: 2020/2021/2022 | H1: Remove Size/Color, define Platform naming Hagrid/Hedwig/Granger/Ashmore/Ramla (follow naming rule of product list) | I1: NBL KB/BL KB/Mouse /Combo/Clickpad/Others | J1: NA/ | K1: NA/ | L1: (E China/W China/S China/NMC) | M1: COMPAL/ QUANTA /INVENTEC /WISTRON/ FOXCONN/ OTHERS | AO1: =SUM(AO3:AO986) -> 571985.43 | AQ1: =SUM(AQ3:AQ986) -> 502301.86 | AS1: =SUM(AS3:AS986) -> 478294.01 | AU1: =SUM(AU3:AU986) -> 527397.12 | AW1: =SUM(AW3:AW986) -> 775016.34 | AY1: =SUM(AY3:AY986) -> 683472.59 | BA1: =SUM(BA3:BA986) -> 949563.11 | BC1: =SUM(BC3:BC986) -> 844037.71 | BE1: =SUM(BE3:BE986) -> 805668.24 | BG1: =SUM(BG3:BG986) -> 967501.49 | BI1: =SUM(BI3:BI986) -> 1083624.8 | BK1: =SUM(BK3:BK986) -> 744433.43
A2: FY23 | B2: SPM (Project Owner) | C2: GTK Suppliers | D2: Category | E2: Segment | F2: Series | G2: Production Year | H2: Platforms | I2: Product | J2: Size | K2: Color | L2: Location | M2: ODM | N2: The lowest unit table price (ODM cost) | O2: Table Price Nov | P2: Table Price Dec | Q2: Table Price Jan | R2: Table Price Feb | S2: Table Price Mar | T2: Table Price Apr | U2: Table Price May | V2: Table Price Jun | W2: Table Price Jul | X2: Table Price Aug | Y2: Table Price Sep | Z2: Table Price Oct | AA2: The lowest unit rebate cost | AB2: Unit Rebate Nov | AC2: Unit Rebate Dec | AD2: Unit Rebate Jan | AE2: Unit Rebate Feb | AF2: Unit Rebate Mar | AG2: Unit Rebate Apr | AH2: Unit Rebate May | AI2: Unit Rebate Jun | AJ2: Unit Rebate Jul | AK2: Unit Rebate Aug | AL2: Unit Rebate Sep | AM2: Unit Rebate Oct | AN2: Nov Q'ty | AO2: Nov Rebate Amount | AP2: Dec Q'ty | AQ2: Dec Rebate Amount | AR2: Jan Q'ty | AS2: Jan Rebate Amount | AT2: Feb Q'ty | AU2: Feb Rebate Amount | AV2: Mar Q'ty | AW2: Mar Rebate Amount | AX2: Apr Q'ty | AY2: Apr Rebate Amount | AZ2: May Q'ty | BA2: May Rebate Amount | BB2: Jun Q'ty | BC2: Jun Rebate Amount | BD2: Jul Q'ty | BE2: Jul Rebate Amount | BF2: Aug Q'ty | BG2: Aug Rebate Amount | BH2: Sep Q'ty | BI2: Sep Rebate Amount | BJ2: Oct Q'ty | BK2: Oct Rebate Amount | BL2: Supplier Part# | BM2: Comment
A3: FY23 | D3: Commercial | F3: 200 | AO3: =AB3*AN3 -> 0 | AQ3: =AC3*AP3 -> 0 | AS3: =AD3*AR3 -> 0 | AU3: =AE3*AT3 -> 0 | AW3: =AF3*AV3 -> 0 | AY3: =AG3*AX3 -> 0 | BA3: =AH3*AZ3 -> 0 | BC3: =AI3*BB3 -> 0 | BE3: =AJ3*BD3 -> 0 | BG3: =AK3*BF3 -> 0 | BI3: =AL3*BH3 -> 0 | BK3: =AM3*BJ3 -> 0
A4: FY23 | AO4: =AB4*AN4 -> 0 | AQ4: =AC4*AP4 -> 0 | AS4: =AD4*AR4 -> 0 | AU4: =AE4*AT4 -> 0 | AW4: =AF4*AV4 -> 0 | AY4: =AG4*AX4 -> 0 | BA4: =AH4*AZ4 -> 0 | BC4: =AI4*BB4 -> 0 | BE4: =AJ4*BD4 -> 0 | BG4: =AK4*BF4 -> 0 | BI4: =AL4*BH4 -> 0 | BK4: =AM4*BJ4 -> 0
A5: FY23 | AO5: =AB5*AN5 -> 0 | AQ5: =AC5*AP5 -> 0 | AS5: =AD5*AR5 -> 0 | AU5: =AE5*AT5 -> 0 | AW5: =AF5*AV5 -> 0 | AY5: =AG5*AX5 -> 0 | BA5: =AH5*AZ5 -> 0 | BC5: =AI5*BB5 -> 0 | BE5: =AJ5*BD5 -> 0 | BG5: =AK5*BF5 -> 0 | BI5: =AL5*BH5 -> 0 | BK5: =AM5*BJ5 -> 0
A6: FY23 | F6: 400 | AO6: =AB6*AN6 -> 0 | AQ6: =AC6*AP6 -> 0 | AS6: =AD6*AR6 -> 0 | AU6: =AE6*AT6 -> 0 | AW6: =AF6*AV6 -> 0 | AY6: =AG6*AX6 -> 0 | BA6: =AH6*AZ6 -> 0 | BC6: =AI6*BB6 -> 0 | BE6: =AJ6*BD6 -> 0 | BG6: =AK6*BF6 -> 0 | BI6: =AL6*BH6 -> 0 | BK6: =AM6*BJ6 -> 0
A7: FY23 | AO7: =AB7*AN7 -> 0 | AQ7: =AC7*AP7 -> 0 | AS7: =AD7*AR7 -> 0 | AU7: =AE7*AT7 -> 0 | AW7: =AF7*AV7 -> 0 | AY7: =AG7*AX7 -> 0 | BA7: =AH7*AZ7 -> 0 | BC7: =AI7*BB7 -> 0 | BE7: =AJ7*BD7 -> 0 | BG7: =AK7*BF7 -> 0 | BI7: =AL7*BH7 -> 0 | BK7: =AM7*BJ7 -> 0
A8: FY23 | AO8: =AB8*AN8 -> 0 | AQ8: =AC8*AP8 -> 0 | AS8: =AD8*AR8 -> 0 | AU8: =AE8*AT8 -> 0 | AW8: =AF8*AV8 -> 0 | AY8: =AG8*AX8 -> 0 | BA8: =AH8*AZ8 -> 0 | BC8: =AI8*BB8 -> 0 | BE8: =AJ8*BD8 -> 0 | BG8: =AK8*BF8 -> 0 | BI8: =AL8*BH8 -> 0 | BK8: =AM8*BJ8 -> 0
A9: FY23 | AO9: =AB9*AN9 -> 0 | AQ9: =AC9*AP9 -> 0 | AS9: =AD9*AR9 -> 0 | AU9: =AE9*AT9 -> 0 | AW9: =AF9*AV9 -> 0 | AY9: =AG9*AX9 -> 0 | BA9: =AH9*AZ9 -> 0 | BC9: =AI9*BB9 -> 0 | BE9: =AJ9*BD9 -> 0 | BG9: =AK9*BF9 -> 0 | BI9: =AL9*BH9 -> 0 | BK9: =AM9*BJ9 -> 0
A10: FY23 | AO10: =AB10*AN10 -> 0 | AQ10: =AC10*AP10 -> 0 | AS10: =AD10*AR10 -> 0 | AU10: =AE10*AT10 -> 0 | AW10: =AF10*AV10 -> 0 | AY10: =AG10*AX10 -> 0 | BA10: =AH10*AZ10 -> 0 | BC10: =AI10*BB10 -> 0 | BE10: =AJ10*BD10 -> 0 | BG10: =AK10*BF10 -> 0 | BI10: =AL10*BH10 -> 0 | BK10: =AM10*BJ10 -> 0
A11: FY23 | AO11: =AB11*AN11 -> 0 | AQ11: =AC11*AP11 -> 0 | AS11: =AD11*AR11 -> 0 | AU11: =AE11*AT11 -> 0 | AW11: =AF11*AV11 -> 0 | AY11: =AG11*AX11 -> 0 | BA11: =AH11*AZ11 -> 0 | BC11: =AI11*BB11 -> 0 | BE11: =AJ11*BD11 -> 0 | BG11: =AK11*BF11 -> 0 | BI11: =AL11*BH11 -> 0 | BK11: =AM11*BJ11 -> 0
A12: FY23 | AO12: =AB12*AN12 -> 0 | AQ12: =AC12*AP12 -> 0 | AS12: =AD12*AR12 -> 0 | AU12: =AE12*AT12 -> 0 | AW12: =AF12*AV12 -> 0 | AY12: =AG12*AX12 -> 0 | BA12: =AH12*AZ12 -> 0 | BC12: =AI12*BB12 -> 0 | BE12: =AJ12*BD12 -> 0 | BG12: =AK12*BF12 -> 0 | BI12: =AL12*BH12 -> 0 | BK12: =AM12*BJ12 -> 0
A13: FY23 | AO13: =AB13*AN13 -> 0 | AQ13: =AC13*AP13 -> 0 | AS13: =AD13*AR13 -> 0 | AU13: =AE13*AT13 -> 0 | AW13: =AF13*AV13 -> 0 | AY13: =AG13*AX13 -> 0 | BA13: =AH13*AZ13 -> 0 | BC13: =AI13*BB13 -> 0 | BE13: =AJ13*BD13 -> 0 | BG13: =AK13*BF13 -> 0 | BI13: =AL13*BH13 -> 0 | BK13: =AM13*BJ13 -> 0
A14: FY23 | F14: 600 | AO14: =AB14*AN14 -> 0 | AQ14: =AC14*AP14 -> 0 | AS14: =AD14*AR14 -> 0 | AU14: =AE14*AT14 -> 0 | AW14: =AF14*AV14 -> 0 | AY14: =AG14*AX14 -> 0 | BA14: =AH14*AZ14 -> 0 | BC14: =AI14*BB14 -> 0 | BE14: =AJ14*BD14 -> 0 | BG14: =AK14*BF14 -> 0 | BI14: =AL14*BH14 -> 0 | BK14: =AM14*BJ14 -> 0
A15: FY23 | AO15: =AB15*AN15 -> 0 | AQ15: =AC15*AP15 -> 0 | AS15: =AD15*AR15 -> 0 | AU15: =AE15*AT15 -> 0 | AW15: =AF15*AV15 -> 0 | AY15: =AG15*AX15 -> 0 | BA15: =AH15*AZ15 -> 0 | BC15: =AI15*BB15 -> 0 | BE15: =AJ15*BD15 -> 0 | BG15: =AK15*BF15 -> 0 | BI15: =AL15*BH15 -> 0 | BK15: =AM15*BJ15 -> 0
A16: FY23 | AO16: =AB16*AN16 -> 0 | AQ16: =AC16*AP16 -> 0 | AS16: =AD16*AR16 -> 0 | AU16: =AE16*AT16 -> 0 | AW16: =AF16*AV16 -> 0 | AY16: =AG16*AX16 -> 0 | BA16: =AH16*AZ16 -> 0 | BC16: =AI16*BB16 -> 0 | BE16: =AJ16*BD16 -> 0 | BG16: =AK16*BF16 -> 0 | BI16: =AL16*BH16 -> 0 | BK16: =AM16*BJ16 -> 0
A17: FY23 | AO17: =AB17*AN17 -> 0 | AQ17: =AC17*AP17 -> 0 | AS17: =AD17*AR17 -> 0 | AU17: =AE17*AT17 -> 0 | AW17: =AF17*AV17 -> 0 | AY17: =AG17*AX17 -> 0 | BA17: =AH17*AZ17 -> 0 | BC17: =AI17*BB17 -> 0 | BE17: =AJ17*BD17 -> 0 | BG17: =AK17*BF17 -> 0 | BI17: =AL17*BH17 -> 0 | BK17: =AM17*BJ17 -> 0
A18: FY23 | AO18: =AB18*AN18 -> 0 | AQ18: =AC18*AP18 -> 0 | AS18: =AD18*AR18 -> 0 | AU18: =AE18*AT18 -> 0 | AW18: =AF18*AV18 -> 0 | AY18: =AG18*AX18 -> 0 | BA18: =AH18*AZ18 -> 0 | BC18: =AI18*BB18 -> 0 | BE18: =AJ18*BD18 -> 0 | BG18: =AK18*BF18 -> 0 | BI18: =AL18*BH18 -> 0 | BK18: =AM18*BJ18 -> 0
A19: FY23 | AO19: =AB19*AN19 -> 0 | AQ19: =AC19*AP19 -> 0 | AS19: =AD19*AR19 -> 0 | AU19: =AE19*AT19 -> 0 | AW19: =AF19*AV19 -> 0 | AY19: =AG19*AX19 -> 0 | BA19: =AH19*AZ19 -> 0 | BC19: =AI19*BB19 -> 0 | BE19: =AJ19*BD19 -> 0 | BG19: =AK19*BF19 -> 0 | BI19: =AL19*BH19 -> 0 | BK19: =AM19*BJ19 -> 0
A20: FY23 | F20: 800 | AO20: =AB20*AN20 -> 0 | AQ20: =AC20*AP20 -> 0 | AS20: =AD20*AR20 -> 0 | AU20: =AE20*AT20 -> 0 | AW20: =AF20*AV20 -> 0 | AY20: =AG20*AX20 -> 0 | BA20: =AH20*AZ20 -> 0 | BC20: =AI20*BB20 -> 0 | BE20: =AJ20*BD20 -> 0 | BG20: =AK20*BF20 -> 0 | BI20: =AL20*BH20 -> 0 | BK20: =AM20*BJ20 -> 0
A21: FY23 | AO21: =AB21*AN21 -> 0 | AQ21: =AC21*AP21 -> 0 | AS21: =AD21*AR21 -> 0 | AU21: =AE21*AT21 -> 0 | AW21: =AF21*AV21 -> 0 | AY21: =AG21*AX21 -> 0 | BA21: =AH21*AZ21 -> 0 | BC21: =AI21*BB21 -> 0 | BE21: =AJ21*BD21 -> 0 | BG21: =AK21*BF21 -> 0 | BI21: =AL21*BH21 -> 0 | BK21: =AM21*BJ21 -> 0
A22: FY23 | AO22: =AB22*AN22 -> 0 | AQ22: =AC22*AP22 -> 0 | AS22: =AD22*AR22 -> 0 | AU22: =AE22*AT22 -> 0 | AW22: =AF22*AV22 -> 0 | AY22: =AG22*AX22 -> 0 | BA22: =AH22*AZ22 -> 0 | BC22: =AI22*BB22 -> 0 | BE22: =AJ22*BD22 -> 0 | BG22: =AK22*BF22 -> 0 | BI22: =AL22*BH22 -> 0 | BK22: =AM22*BJ22 -> 0
A23: FY23 | AO23: =AB23*AN23 -> 0 | AQ23: =AC23*AP23 -> 0 | AS23: =AD23*AR23 -> 0 | AU23: =AE23*AT23 -> 0 | AW23: =AF23*AV23 -> 0 | AY23: =AG23*AX23 -> 0 | BA23: =AH23*AZ23 -> 0 | BC23: =AI23*BB23 -> 0 | BE23: =AJ23*BD23 -> 0 | BG23: =AK23*BF23 -> 0 | BI23: =AL23*BH23 -> 0 | BK23: =AM23*BJ23 -> 0
A24: FY23 | AO24: =AB24*AN24 -> 0 | AQ24: =AC24*AP24 -> 0 | AS24: =AD24*AR24 -> 0 | AU24: =AE24*AT24 -> 0 | AW24: =AF24*AV24 -> 0 | AY24: =AG24*AX24 -> 0 | BA24: =AH24*AZ24 -> 0 | BC24: =AI24*BB24 -> 0 | BE24: =AJ24*BD24 -> 0 | BG24: =AK24*BF24 -> 0 | BI24: =AL24*BH24 -> 0 | BK24: =AM24*BJ24 -> 0
A25: FY23 | AO25: =AB25*AN25 -> 0 | AQ25: =AC25*AP25 -> 0 | AS25: =AD25*AR25 -> 0 | AU25: =AE25*AT25 -> 0 | AW25: =AF25*AV25 -> 0 | AY25: =AG25*AX25 -> 0 | BA25: =AH25*AZ25 -> 0 | BC25: =AI25*BB25 -> 0 | BE25: =AJ25*BD25 -> 0 | BG25: =AK25*BF25 -> 0 | BI25: =AL25*BH25 -> 0 | BK25: =AM25*BJ25 -> 0
A26: FY23 | AO26: =AB26*AN26 -> 0 | AQ26: =AC26*AP26 -> 0 | AS26: =AD26*AR26 -> 0 | AU26: =AE26*AT26 -> 0 | AW26: =AF26*AV26 -> 0 | AY26: =AG26*AX26 -> 0 | BA26: =AH26*AZ26 -> 0 | BC26: =AI26*BB26 -> 0 | BE26: =AJ26*BD26 -> 0 | BG26: =AK26*BF26 -> 0 | BI26: =AL26*BH26 -> 0 | BK26: =AM26*BJ26 -> 0
A27: FY23 | AO27: =AB27*AN27 -> 0 | AQ27: =AC27*AP27 -> 0 | AS27: =AD27*AR27 -> 0 | AU27: =AE27*AT27 -> 0 | AW27: =AF27*AV27 -> 0 | AY27: =AG27*AX27 -> 0 | BA27: =AH27*AZ27 -> 0 | BC27: =AI27*BB27 -> 0 | BE27: =AJ27*BD27 -> 0 | BG27: =AK27*BF27 -> 0 | BI27: =AL27*BH27 -> 0 | BK27: =AM27*BJ27 -> 0
A28: FY23 | AO28: =AB28*AN28 -> 0 | AQ28: =AC28*AP28 -> 0 | AS28: =AD28*AR28 -> 0 | AU28: =AE28*AT28 -> 0 | AW28: =AF28*AV28 -> 0 | AY28: =AG28*AX28 -> 0 | BA28: =AH28*AZ28 -> 0 | BC28: =AI28*BB28 -> 0 | BE28: =AJ28*BD28 -> 0 | BG28: =AK28*BF28 -> 0 | BI28: =AL28*BH28 -> 0 | BK28: =AM28*BJ28 -> 0
A29: FY23 | AO29: =AB29*AN29 -> 0 | AQ29: =AC29*AP29 -> 0 | AS29: =AD29*AR29 -> 0 | AU29: =AE29*AT29 -> 0 | AW29: =AF29*AV29 -> 0 | AY29: =AG29*AX29 -> 0 | BA29: =AH29*AZ29 -> 0 | BC29: =AI29*BB29 -> 0 | BE29: =AJ29*BD29 -> 0 | BG29: =AK29*BF29 -> 0 | BI29: =AL29*BH29 -> 0 | BK29: =AM29*BJ29 -> 0
A30: FY23 | AO30: =AB30*AN30 -> 0 | AQ30: =AC30*AP30 -> 0 | AS30: =AD30*AR30 -> 0 | AU30: =AE30*AT30 -> 0 | AW30: =AF30*AV30 -> 0 | AY30: =AG30*AX30 -> 0 | BA30: =AH30*AZ30 -> 0 | BC30: =AI30*BB30 -> 0 | BE30: =AJ30*BD30 -> 0 | BG30: =AK30*BF30 -> 0 | BI30: =AL30*BH30 -> 0 | BK30: =AM30*BJ30 -> 0
A31: FY23 | F31: 1000 | AO31: =AB31*AN31 -> 0 | AQ31: =AC31*AP31 -> 0 | AS31: =AD31*AR31 -> 0 | AU31: =AE31*AT31 -> 0 | AW31: =AF31*AV31 -> 0 | AY31: =AG31*AX31 -> 0 | BA31: =AH31*AZ31 -> 0 | BC31: =AI31*BB31 -> 0 | BE31: =AJ31*BD31 -> 0 | BG31: =AK31*BF31 -> 0 | BI31: =AL31*BH31 -> 0 | BK31: =AM31*BJ31 -> 0
A32: FY23 | AO32: =AB32*AN32 -> 0 | AQ32: =AC32*AP32 -> 0 | AS32: =AD32*AR32 -> 0 | AU32: =AE32*AT32 -> 0 | AW32: =AF32*AV32 -> 0 | AY32: =AG32*AX32 -> 0 | BA32: =AH32*AZ32 -> 0 | BC32: =AI32*BB32 -> 0 | BE32: =AJ32*BD32 -> 0 | BG32: =AK32*BF32 -> 0 | BI32: =AL32*BH32 -> 0 | BK32: =AM32*BJ32 -> 0
A33: FY23 | AO33: =AB33*AN33 -> 0 | AQ33: =AC33*AP33 -> 0 | AS33: =AD33*AR33 -> 0 | AU33: =AE33*AT33 -> 0 | AW33: =AF33*AV33 -> 0 | AY33: =AG33*AX33 -> 0 | BA33: =AH33*AZ33 -> 0 | BC33: =AI33*BB33 -> 0 | BE33: =AJ33*BD33 -> 0 | BG33: =AK33*BF33 -> 0 | BI33: =AL33*BH33 -> 0 | BK33: =AM33*BJ33 -> 0
A34: FY23 | AO34: =AB34*AN34 -> 0 | AQ34: =AC34*AP34 -> 0 | AS34: =AD34*AR34 -> 0 | AU34: =AE34*AT34 -> 0 | AW34: =AF34*AV34 -> 0 | AY34: =AG34*AX34 -> 0 | BA34: =AH34*AZ34 -> 0 | BC34: =AI34*BB34 -> 0 | BE34: =AJ34*BD34 -> 0 | BG34: =AK34*BF34 -> 0 | BI34: =AL34*BH34 -> 0 | BK34: =AM34*BJ34 -> 0
A35: FY23 | F35: Clickpad | AO35: =AB35*AN35 -> 0 | AQ35: =AC35*AP35 -> 0 | AS35: =AD35*AR35 -> 0 | AU35: =AE35*AT35 -> 0 | AW35: =AF35*AV35 -> 0 | AY35: =AG35*AX35 -> 0 | BA35: =AH35*AZ35 -> 0 | BC35: =AI35*BB35 -> 0 | BE35: =AJ35*BD35 -> 0 | BG35: =AK35*BF35 -> 0 | BI35: =AL35*BH35 -> 0 | BK35: =AM35*BJ35 -> 0
A36: FY23 | AO36: =AB36*AN36 -> 0 | AQ36: =AC36*AP36 -> 0 | AS36: =AD36*AR36 -> 0 | AU36: =AE36*AT36 -> 0 | AW36: =AF36*AV36 -> 0 | AY36: =AG36*AX36 -> 0 | BA36: =AH36*AZ36 -> 0 | BC36: =AI36*BB36 -> 0 | BE36: =AJ36*BD36 -> 0 | BG36: =AK36*BF36 -> 0 | BI36: =AL36*BH36 -> 0 | BK36: =AM36*BJ36 -> 0
A37: FY23 | B37: Iris Huang | C37: Darfon | E37: NB | F37: Education | G37: 2022 | H37: ANOLE1/ARIZONA | I37: NBL KB | J37: 11 | K37: Jet Black/Jellyfish Blue | L37: W China | M37: INVENTEC | N37: 4.8 | O37: 4.8 | P37: 4.8 | Q37: 4.8 | R37: 4.8 | S37: 4.8 | T37: 4.8 | U37: 4.8 | V37: 4.8 | W37: 4.8 | X37: 4.8 | Y37: 4.8 | Z37: 4.8 | AA37: 0.8 | AB37: 0.8 | AC37: 0.8 | AD37: 0.8 | AE37: 1.26 | AF37: 1.26 | AG37: 1.26 | AH37: 1.26 | AI37: 1.26 | AJ37: 1.26 | AK37: 1.26 | AL37: 1.26 | AM37: 1.26 | AN37: 9080 | AO37: =AB37*AN37 -> 7264 | AP37: 4480 | AQ37: =AC37*AP37 -> 3584 | AR37: 8440 | AS37: =AD37*AR37 -> 6752 | AT37: 25480 | AU37: =AE37*AT37 -> 32104.8 | AV37: 41537 | AW37: =AF37*AV37 -> 52336.62 | AX37: 23118 | AY37: =AG37*AX37 -> 29128.68 | AZ37: 32640 | BA37: =AH37*AZ37 -> 41126.4 | BB37: 19480 | BC37: =AI37*BB37 -> 24544.8 | BD37: 15098 | BE37: =AJ37*BD37 -> 19023.48 | BF37: 12840 | BG37: =AK37*BF37 -> 16178.4 | BH37: 34040 | BI37: =AL37*BH37 -> 42890.4 | BJ37: 14360 | BK37: =AM37*BJ37 -> 18093.6
A38: FY23 | B38: Iris Huang | C38: Darfon | E38: NB | G38: 2022 | H38: ARCLIGHT1 | I38: NBL KB | J38: 14 | K38: Jet Black | L38: W China | M38: INVENTEC | N38: 4.9 | O38: 4.9 | P38: 4.9 | Q38: 4.9 | R38: 4.9 | S38: 4.9 | T38: 4.9 | U38: 4.9 | V38: 4.9 | W38: 4.9 | X38: 4.9 | Y38: 4.9 | Z38: 4.9 | AA38: 0.9 | AB38: 0.9 | AC38: 0.9 | AD38: 0.9 | AE38: 1.36 | AF38: 1.36 | AG38: 1.36 | AH38: 1.36 | AI38: 1.36 | AJ38: 1.36 | AK38: 1.36 | AL38: 1.36 | AM38: 1.36 | AN38: 120 | AO38: =AB38*AN38 -> 108 | AP38: 400 | AQ38: =AC38*AP38 -> 360 | AR38: 680 | AS38: =AD38*AR38 -> 612 | AT38: 360 | AU38: =AE38*AT38 -> 489.6 | AV38: 8160 | AW38: =AF38*AV38 -> 11097.6 | AX38: 2520 | AY38: =AG38*AX38 -> 3427.2 | AZ38: 14320 | BA38: =AH38*AZ38 -> 19475.2 | BB38: 2758 | BC38: =AI38*BB38 -> 3750.88 | BD38: 1760 | BE38: =AJ38*BD38 -> 2393.6 | BF38: 560 | BG38: =AK38*BF38 -> 761.6 | BH38: 9200 | BI38: =AL38*BH38 -> 12512 | BJ38: 2200 | BK38: =AM38*BJ38 -> 2992
A39: FY23 | B39: Iris Huang | C39: Darfon | E39: NB | F39: MWS (Workstation) | G39: 2020 | H39: VALERIAN | I39: BL KB | J39: 15 | K39: Flint | L39: E China | M39: COMPAL | N39: 23.61 | O39: 23.61 | P39: 23.61 | Q39: 23.61 | R39: 23.61 | S39: 23.61 | T39: 23.61 | U39: 23.61 | V39: 23.61 | W39: 23.61 | X39: 23.61 | Y39: 23.61 | Z39: 23.61 | AA39: 8 | AB39: 8 | AC39: 8 | AD39: 8 | AE39: 8.81 | AF39: 8.81 | AG39: 8.81 | AH39: 8.81 | AI39: 8.81 | AJ39: 8.81 | AK39: 8.81 | AL39: 8.81 | AM39: 8.81 | AN39: 7991 | AO39: =AB39*AN39 -> 63928 | AP39: 6647 | AQ39: =AC39*AP39 -> 53176 | AR39: 9343 | AS39: =AD39*AR39 -> 74744 | AT39: 10202 | AU39: =AE39*AT39 -> 89879.62 | AV39: 4395 | AW39: =AF39*AV39 -> 38719.95 | AX39: 2268 | AY39: =AG39*AX39 -> 19981.08 | AZ39: 4298 | BA39: =AH39*AZ39 -> 37865.38 | BB39: 558 | BC39: =AI39*BB39 -> 4915.98 | BD39: 600 | BE39: =AJ39*BD39 -> 5286 | BF39: 313 | BG39: =AK39*BF39 -> 2757.53 | BH39: 480 | BI39: =AL39*BH39 -> 4228.8 | BJ39: 80 | BK39: =AM39*BJ39 -> 704.8
A40: FY23 | B40: Iris Huang | C40: Darfon | E40: NB | G40: 2020 | H40: ALDER | I40: BL KB | J40: 17 | K40: Flint | L40: E China | M40: COMPAL | N40: 24.21 | O40: 24.21 | P40: 24.21 | Q40: 24.21 | R40: 24.21 | S40: 24.21 | T40: 24.21 | U40: 24.21 | V40: 24.21 | W40: 24.21 | X40: 24.21 | Y40: 24.21 | Z40: 24.21 | AA40: 8 | AB40: 8 | AC40: 8 | AD40: 8 | AE40: 9.01 | AF40: 9.01 | AG40: 9.01 | AH40: 9.01 | AI40: 9.01 | AJ40: 9.01 | AK40: 9.01 | AL40: 9.01 | AM40: 9.01 | AN40: 2149 | AO40: =AB40*AN40 -> 17192 | AP40: 2565 | AQ40: =AC40*AP40 -> 20520 | AR40: 2708 | AS40: =AD40*AR40 -> 21664 | AT40: 3440 | AU40: =AE40*AT40 -> 30994.4 | AV40: 4257 | AW40: =AF40*AV40 -> 38355.57 | AX40: 1295 | AY40: =AG40*AX40 -> 11667.95 | AZ40: 1193 | BA40: =AH40*AZ40 -> 10748.93 | BB40: 830 | BC40: =AI40*BB40 -> 7478.3 | BD40: 80 | BE40: =AJ40*BD40 -> 720.8 | BF40: 387 | BG40: =AK40*BF40 -> 3486.87 | BH40: 40 | BI40: =AL40*BH40 -> 360.4 | BK40: =AM40*BJ40 -> 0
A41: FY23 | F41: Soft Keyboard | AO41: =AB41*AN41 -> 0 | AQ41: =AC41*AP41 -> 0 | AS41: =AD41*AR41 -> 0 | AU41: =AE41*AT41 -> 0 | AW41: =AF41*AV41 -> 0 | AY41: =AG41*AX41 -> 0 | BA41: =AH41*AZ41 -> 0 | BC41: =AI41*BB41 -> 0 | BE41: =AJ41*BD41 -> 0 | BG41: =AK41*BF41 -> 0 | BI41: =AL41*BH41 -> 0 | BK41: =AM41*BJ41 -> 0
A42: FY23 | AO42: =AB42*AN42 -> 0 | AQ42: =AC42*AP42 -> 0 | AS42: =AD42*AR42 -> 0 | AU42: =AE42*AT42 -> 0 | AW42: =AF42*AV42 -> 0 | AY42: =AG42*AX42 -> 0 | BA42: =AH42*AZ42 -> 0 | BC42: =AI42*BB42 -> 0 | BE42: =AJ42*BD42 -> 0 | BG42: =AK42*BF42 -> 0 | BI42: =AL42*BH42 -> 0 | BK42: =AM42*BJ42 -> 0
A43: FY23 | AO43: =AB43*AN43 -> 0 | AQ43: =AC43*AP43 -> 0 | AS43: =AD43*AR43 -> 0 | AU43: =AE43*AT43 -> 0 | AW43: =AF43*AV43 -> 0 | AY43: =AG43*AX43 -> 0 | BA43: =AH43*AZ43 -> 0 | BC43: =AI43*BB43 -> 0 | BE43: =AJ43*BD43 -> 0 | BG43: =AK43*BF43 -> 0 | BI43: =AL43*BH43 -> 0 | BK43: =AM43*BJ43 -> 0
A44: FY23 | AO44: =AB44*AN44 -> 0 | AQ44: =AC44*AP44 -> 0 | AS44: =AD44*AR44 -> 0 | AU44: =AE44*AT44 -> 0 | AW44: =AF44*AV44 -> 0 | AY44: =AG44*AX44 -> 0 | BA44: =AH44*AZ44 -> 0 | BC44: =AI44*BB44 -> 0 | BE44: =AJ44*BD44 -> 0 | BG44: =AK44*BF44 -> 0 | BI44: =AL44*BH44 -> 0 | BK44: =AM44*BJ44 -> 0
A45: FY23 | B45: Iris Huang | C45: Darfon | E45: NB | F45: Chromebook | G45: 2020 | H45: IBIS | I45: NBL KB | J45: 12 | K45: Ceramic White/Ash Gray | L45: W China | M45: QUANTA | N45: 4.1 | O45: 4.1 | P45: 4.1 | Q45: 4.1 | R45: 4.1 | S45: 4.1 | T45: 4.1 | U45: 4.1 | V45: 4.1 | W45: 4.1 | X45: 4.1 | Y45: 4.1 | Z45: 4.1 | AA45: 0.45 | AB45: 0.45 | AC45: 0.45 | AD45: 0.45 | AE45: 0.45 | AF45: 0.45 | AG45: 0.45 | AH45: 0.45 | AI45: 0.45 | AJ45: 0.45 | AK45: 0.45 | AL45: 0.45 | AM45: 0.45 | AN45: 2840 | AO45: =AB45*AN45 -> 1278 | AP45: 1760 | AQ45: =AC45*AP45 -> 792 | AR45: 720 | AS45: =AD45*AR45 -> 324 | AT45: 400 | AU45: =AE45*AT45 -> 180 | AV45: 1840 | AW45: =AF45*AV45 -> 828 | AX45: 4640 | AY45: =AG45*AX45 -> 2088 | AZ45: 440 | BA45: =AH45*AZ45 -> 198 | BC45: =AI45*BB45 -> 0 | BD45: 2120 | BE45: =AJ45*BD45 -> 954 | BG45: =AK45*BF45 -> 0 | BI45: =AL45*BH45 -> 0 | BK45: =AM45*BJ45 -> 0
A46: FY23 | B46: Iris Huang | C46: Darfon | E46: NB | G46: 2021 | H46: BUDGIE | I46: NBL KB | J46: 12 | K46: Ash Gray | L46: W China | M46: QUANTA | N46: 4.1 | O46: 4.1 | P46: 4.1 | Q46: 4.1 | R46: 4.1 | S46: 4.1 | T46: 4.1 | U46: 4.1 | V46: 4.1 | W46: 4.1 | X46: 4.1 | Y46: 4.1 | Z46: 4.1 | AA46: 0.45 | AB46: 0.45 | AC46: 0.45 | AD46: 0.45 | AE46: 0.45 | AF46: 0.45 | AG46: 0.45 | AH46: 0.45 | AI46: 0.45 | AJ46: 0.45 | AK46: 0.45 | AL46: 0.45 | AM46: 0.45 | AN46: 1240 | AO46: =AB46*AN46 -> 558 | AP46: 760 | AQ46: =AC46*AP46 -> 342 | AS46: =AD46*AR46 -> 0 | AU46: =AE46*AT46 -> 0 | AW46: =AF46*AV46 -> 0 | AY46: =AG46*AX46 -> 0 | BA46: =AH46*AZ46 -> 0 | BC46: =AI46*BB46 -> 0 | BE46: =AJ46*BD46 -> 0 | BG46: =AK46*BF46 -> 0 | BI46: =AL46*BH46 -> 0 | BK46: =AM46*BJ46 -> 0
A47: FY23 | B47: Iris Huang | C47: Darfon | E47: NB | G47: 2020 | H47: BULBUL | I47: NBL KB | J47: 14 | K47: Chalkboard Gray | L47: W China | M47: QUANTA | N47: 3.5 | O47: 3.5 | P47: 3.5 | Q47: 3.5 | R47: 3.5 | S47: 3.5 | T47: 3.5 | U47: 3.5 | V47: 3.5 | W47: 3.5 | X47: 3.5 | Y47: 3.5 | Z47: 3.5 | AA47: 0.5 | AB47: 0.5 | AC47: 0.5 | AD47: 0.5 | AE47: 0.5 | AF47: 0.5 | AG47: 0.5 | AH47: 0.5 | AI47: 0.5 | AJ47: 0.5 | AK47: 0.5 | AL47: 0.5 | AM47: 0.5 | AN47: 1600 | AO47: =AB47*AN47 -> 800 | AQ47: =AC47*AP47 -> 0 | AS47: =AD47*AR47 -> 0 | AT47: 2080 | AU47: =AE47*AT47 -> 1040 | AW47: =AF47*AV47 -> 0 | AX47: 360 | AY47: =AG47*AX47 -> 180 | BA47: =AH47*AZ47 -> 0 | BC47: =AI47*BB47 -> 0 | BD47: 32840 | BE47: =AJ47*BD47 -> 16420 | BF47: 11240 | BG47: =AK47*BF47 -> 5620 | BH47: 28480 | BI47: =AL47*BH47 -> 14240 | BJ47: 16640 | BK47: =AM47*BJ47 -> 8320
A48: FY23 | B48: Iris Huang | C48: Darfon | E48: NB | G48: 2020 | H48: BULBUL | I48: BL KB | J48: 14 | K48: Chalkboard Gray | L48: W China | M48: QUANTA | N48: 12.15 | O48: 12.15 | P48: 12.15 | Q48: 12.15 | R48: 12.15 | S48: 12.15 | T48: 12.15 | U48: 12.15 | V48: 12.15 | W48: 12.15 | X48: 12.15 | Y48: 12.15 | Z48: 12.15 | AA48: 2 | AB48: 2 | AC48: 2 | AD48: 2 | AE48: 2 | AF48: 2 | AG48: 2 | AH48: 2 | AI48: 2 | AJ48: 2 | AK48: 2 | AL48: 2 | AM48: 2 | AO48: =AB48*AN48 -> 0 | AQ48: =AC48*AP48 -> 0 | AS48: =AD48*AR48 -> 0 | AU48: =AE48*AT48 -> 0 | AW48: =AF48*AV48 -> 0 | AY48: =AG48*AX48 -> 0 | BA48: =AH48*AZ48 -> 0 | BC48: =AI48*BB48 -> 0 | BE48: =AJ48*BD48 -> 0 | BG48: =AK48*BF48 -> 0 | BI48: =AL48*BH48 -> 0 | BK48: =AM48*BJ48 -> 0
A49: FY23 | B49: Iris Huang | C49: Darfon | E49: NB | G49: 2021 | H49: BERGMAN | I49: NBL KB | J49: 14 | K49: Jack Black | L49: W China | M49: QUANTA | N49: 3.5 | O49: 3.5 | P49: 3.5 | Q49: 3.5 | R49: 3.5 | S49: 3.5 | T49: 3.5 | U49: 3.5 | V49: 3.5 | W49: 3.5 | X49: 3.5 | Y49: 3.5 | Z49: 3.5 | AA49: 0.5 | AB49: 0.5 | AC49: 0.5 | AD49: 0.5 | AE49: 0.5 | AF49: 0.5 | AG49: 0.5 | AH49: 0.5 | AI49: 0.5 | AJ49: 0.5 | AK49: 0.5 | AL49: 0.5 | AM49: 0.5 | AN49: 9940 | AO49: =AB49*AN49 -> 4970 | AP49: 8680 | AQ49: =AC49*AP49 -> 4340 | AR49: 6720 | AS49: =AD49*AR49 -> 3360 | AT49: 560 | AU49: =AE49*AT49 -> 280 | AV49: 27477 | AW49: =AF49*AV49 -> 13738.5 | AX49: 8086 | AY49: =AG49*AX49 -> 4043 | AZ49: 55838 | BA49: =AH49*AZ49 -> 27919 | BB49: 32600 | BC49: =AI49*BB49 -> 16300 | BD49: 15118 | BE49: =AJ49*BD49 -> 7559 | BF49: 6120 | BG49: =AK49*BF49 -> 3060 | BH49: 2120 | BI49: =AL49*BH49 -> 1060 | BJ49: 2880 | BK49: =AM49*BJ49 -> 1440
A50: FY23 | B50: Iris Huang | C50: Darfon | E50: NB | G50: 2021 | H50: BERGMAN | I50: BL KB | J50: 14 | K50: Jack Black | L50: W China | M50: QUANTA | N50: 12.15 | O50: 12.15 | P50: 12.15 | Q50: 12.15 | R50: 12.15 | S50: 12.15 | T50: 12.15 | U50: 12.15 | V50: 12.15 | W50: 12.15 | X50: 12.15 | Y50: 12.15 | Z50: 12.15 | AA50: 2 | AB50: 2 | AC50: 2 | AD50: 2 | AE50: 2 | AF50: 2 | AG50: 2 | AH50: 2 | AI50: 2 | AJ50: 2 | AK50: 2 | AL50: 2 | AM50: 2 | AO50: =AB50*AN50 -> 0 | AQ50: =AC50*AP50 -> 0 | AS50: =AD50*AR50 -> 0 | AU50: =AE50*AT50 -> 0 | AW50: =AF50*AV50 -> 0 | AY50: =AG50*AX50 -> 0 | BA50: =AH50*AZ50 -> 0 | BC50: =AI50*BB50 -> 0 | BD50: 1160 | BE50: =AJ50*BD50 -> 2320 | BF50: 120 | BG50: =AK50*BF50 -> 240 | BH50: 80 | BI50: =AL50*BH50 -> 160 | BJ50: 3200 | BK50: =AM50*BJ50 -> 6400
A51: FY23 | B51: Iris Huang | C51: Darfon | E51: NB | G51: 2020 | H51: HORNBILL/OVENBIRD | I51: NBL KB | J51: 11 | K51: Chalkboard Gray/Dark Sage Green | L51: W China | M51: QUANTA | N51: 4.1 | O51: 4.1 | P51: 4.1 | Q51: 4.1 | R51: 4.1 | S51: 4.1 | T51: 4.1 | U51: 4.1 | V51: 4.1 | W51: 4.1 | X51: 4.1 | Y51: 4.1 | Z51: 4.1 | AA51: 0.7 | AB51: 0.7 | AC51: 0.7 | AD51: 0.7 | AE51: 0.7 | AF51: 0.7 | AG51: 0.7 | AH51: 0.7 | AI51: 0.7 | AJ51: 0.7 | AK51: 0.7 | AL51: 0.7 | AM51: 0.7 | AO51: =AB51*AN51 -> 0 | AQ51: =AC51*AP51 -> 0 | AS51: =AD51*AR51 -> 0 | AU51: =AE51*AT51 -> 0 | AW51: =AF51*AV51 -> 0 | AY51: =AG51*AX51 -> 0 | AZ51: 2080 | BA51: =AH51*AZ51 -> 1456 | BB51: 1160 | BC51: =AI51*BB51 -> 812 | BD51: 880 | BE51: =AJ51*BD51 -> 616 | BG51: =AK51*BF51 -> 0 | BH51: 320 | BI51: =AL51*BH51 -> 224 | BK51: =AM51*BJ51 -> 0
A52: FY23 | B52: Iris Huang | C52: Darfon | E52: NB | G52: 2021 | H52: HITCHCOCK/OZU | I52: NBL KB | J52: 11 | K52: Jack Black | L52: W China | M52: QUANTA | N52: 4.1 | O52: 4.1 | P52: 4.1 | Q52: 4.1 | R52: 4.1 | S52: 4.1 | T52: 4.1 | U52: 4.1 | V52: 4.1 | W52: 4.1 | X52: 4.1 | Y52: 4.1 | Z52: 4.1 | AA52: 0.7 | AB52: 0.7 | AC52: 0.7 | AD52: 0.7 | AE52: 0.7 | AF52: 0.7 | AG52: 0.7 | AH52: 0.7 | AI52: 0.7 | AJ52: 0.7 | AK52: 0.7 | AL52: 0.7 | AM52: 0.7 | AN52: 35120 | AO52: =AB52*AN52 -> 24584 | AP52: 25119 | AQ52: =AC52*AP52 -> 17583.3 | AR52: 9680 | AS52: =AD52*AR52 -> 6776 | AT52: 50360 | AU52: =AE52*AT52 -> 35252 | AV52: 93668 | AW52: =AF52*AV52 -> 65567.6 | AX52: 41880 | AY52: =AG52*AX52 -> 29316 | AZ52: 126917 | BA52: =AH52*AZ52 -> 88841.9 | BB52: 57280 | BC52: =AI52*BB52 -> 40096 | BD52: 50360 | BE52: =AJ52*BD52 -> 35252 | BF52: 22280 | BG52: =AK52*BF52 -> 15596 | BI52: =AL52*BH52 -> 0 | BJ52: 7720 | BK52: =AM52*BJ52 -> 5404
A53: FY23 | B53: Iris Huang | C53: Darfon | E53: NB | G53: 2021 | H53: CIRCINUS | I53: BL KB | J53: 14 | K53: Mineral Silver | L53: W China | M53: WISTRON | N53: 13.1 | O53: 13.1 | P53: 13.1 | Q53: 13.1 | R53: 13.1 | S53: 13.1 | T53: 13.1 | U53: 13.1 | V53: 13.1 | W53: 13.1 | X53: 13.1 | Y53: 13.1 | Z53: 13.1 | AA53: 3 | AB53: 4 | AC53: 4 | AD53: 4 | AE53: 4 | AF53: 4 | AG53: 4 | AH53: 4 | AI53: 4 | AJ53: 4 | AK53: 4 | AL53: 4 | AM53: 4 | AN53: 3760 | AO53: =AB53*AN53 -> 15040 | AP53: 519 | AQ53: =AC53*AP53 -> 2076 | AR53: 162 | AS53: =AD53*AR53 -> 648 | AT53: 195 | AU53: =AE53*AT53 -> 780 | AV53: 40 | AW53: =AF53*AV53 -> 160 | AX53: 200 | AY53: =AG53*AX53 -> 800 | AZ53: 160 | BA53: =AH53*AZ53 -> 640 | BB53: 3200 | BC53: =AI53*BB53 -> 12800 | BD53: 1160 | BE53: =AJ53*BD53 -> 4640 | BG53: =AK53*BF53 -> 0 | BI53: =AL53*BH53 -> 0 | BK53: =AM53*BJ53 -> 0
A54: FY23 | B54: Iris Huang | C54: Darfon | E54: NB | G54: 2021 | H54: CIRCINUS | I54: NBL KB | J54: 14 | K54: Mineral Silver | L54: W China | M54: WISTRON | N54: 5.9 | O54: 5.9 | P54: 5.9 | Q54: 5.9 | R54: 5.9 | S54: 5.9 | T54: 5.9 | U54: 5.9 | V54: 5.9 | W54: 5.9 | X54: 5.9 | Y54: 5.9 | Z54: 5.9 | AA54: 0.7 | AB54: 0.7 | AC54: 0.7 | AD54: 0.7 | AE54: 0.7 | AF54: 0.7 | AG54: 0.7 | AH54: 0.7 | AI54: 0.7 | AJ54: 0.7 | AK54: 0.7 | AL54: 0.7 | AM54: 0.7 | AO54: =AB54*AN54 -> 0 | AQ54: =AC54*AP54 -> 0 | AS54: =AD54*AR54 -> 0 | AU54: =AE54*AT54 -> 0 | AW54: =AF54*AV54 -> 0 | AY54: =AG54*AX54 -> 0 | BA54: =AH54*AZ54 -> 0 | BC54: =AI54*BB54 -> 0 | BE54: =AJ54*BD54 -> 0 | BG54: =AK54*BF54 -> 0 | BI54: =AL54*BH54 -> 0 | BK54: =AM54*BJ54 -> 0
A55: FY23 | B55: Iris Huang | C55: Darfon | E55: NB | G55: 2021 | H55: BLONDIE/BLONDIEKV/BONJOVI/BONJOVIM6 | I55: BL KB | J55: 14 | K55: Pike Silver/Mineral Silver/Flint Opaque | L55: W China | M55: QUANTA | N55: 13.1 | O55: 13.1 | P55: 13.1 | Q55: 13.1 | R55: 13.1 | S55: 13.1 | T55: 13.1 | U55: 13.1 | V55: 13.1 | W55: 13.1 | X55: 13.1 | Y55: 13.1 | Z55: 13.1 | AA55: 4 | AB55: 4 | AC55: 4 | AD55: 4 | AE55: 4 | AF55: 4 | AG55: 4 | AH55: 4 | AI55: 4 | AJ55: 4 | AK55: 4 | AL55: 4 | AM55: 4 | AN55: 240 | AO55: =AB55*AN55 -> 960 | AP55: 440 | AQ55: =AC55*AP55 -> 1760 | AR55: 200 | AS55: =AD55*AR55 -> 800 | AT55: 40 | AU55: =AE55*AT55 -> 160 | AV55: 120 | AW55: =AF55*AV55 -> 480 | AX55: 785 | AY55: =AG55*AX55 -> 3140 | AZ55: 35 | BA55: =AH55*AZ55 -> 140 | BB55: 36 | BC55: =AI55*BB55 -> 144 | BD55: 40 | BE55: =AJ55*BD55 -> 160 | BF55: 120 | BG55: =AK55*BF55 -> 480 | BI55: =AL55*BH55 -> 0 | BJ55: 147 | BK55: =AM55*BJ55 -> 588
A56: FY23 | B56: Iris Huang | C56: Darfon | E56: NB | G56: 2021 | H56: BLONDIE/BLONDIEKV/BONJOVI/BONJOVIM6 | I56: NBL KB | J56: 14 | K56: Pike Silver/Mineral Silver/Flint Opaque | L56: W China | M56: QUANTA | N56: 5.9 | O56: 5.9 | P56: 5.9 | Q56: 5.9 | R56: 5.9 | S56: 5.9 | T56: 5.9 | U56: 5.9 | V56: 5.9 | W56: 5.9 | X56: 5.9 | Y56: 5.9 | Z56: 5.9 | AA56: 1 | AB56: 1 | AC56: 1 | AD56: 1 | AE56: 1 | AF56: 1 | AG56: 1 | AH56: 1 | AI56: 1 | AJ56: 1 | AK56: 1 | AL56: 1 | AM56: 1 | AN56: 2720 | AO56: =AB56*AN56 -> 2720 | AP56: 520 | AQ56: =AC56*AP56 -> 520 | AR56: 120 | AS56: =AD56*AR56 -> 120 | AT56: 40 | AU56: =AE56*AT56 -> 40 | AV56: 280 | AW56: =AF56*AV56 -> 280 | AY56: =AG56*AX56 -> 0 | BA56: =AH56*AZ56 -> 0 | BC56: =AI56*BB56 -> 0 | BE56: =AJ56*BD56 -> 0 | BF56: 40 | BG56: =AK56*BF56 -> 40 | BI56: =AL56*BH56 -> 0 | BK56: =AM56*BJ56 -> 0
A57: FY23 | B57: Iris Huang | C57: Darfon | E57: NB | G57: 2019 | H57: DAFTPUNK/DAFTPUNKKV | I57: BL KB | J57: 13 | K57: Pike Silver | L57: W China | M57: QUANTA | N57: 13.37 | O57: 13.37 | P57: 13.37 | Q57: 13.37 | R57: 13.37 | S57: 13.37 | T57: 13.37 | U57: 13.37 | V57: 13.37 | W57: 13.37 | X57: 13.37 | Y57: 13.37 | Z57: 13.37 | AA57: 3.5 | AB57: 3.5 | AC57: 3.5 | AD57: 3.5 | AE57: 3.5 | AF57: 3.5 | AG57: 3.5 | AH57: 3.5 | AI57: 3.5 | AJ57: 3.5 | AK57: 3.5 | AL57: 3.5 | AM57: 3.5 | AO57: =AB57*AN57 -> 0 | AQ57: =AC57*AP57 -> 0 | AR57: 526 | AS57: =AD57*AR57 -> 1841 | AU57: =AE57*AT57 -> 0 | AW57: =AF57*AV57 -> 0 | AY57: =AG57*AX57 -> 0 | BA57: =AH57*AZ57 -> 0 | BC57: =AI57*BB57 -> 0 | BE57: =AJ57*BD57 -> 0 | BG57: =AK57*BF57 -> 0 | BI57: =AL57*BH57 -> 0 | BK57: =AM57*BJ57 -> 0
A58: FY23 | B58: Iris Huang | C58: Darfon | E58: NB | G58: 2022 | H58: RADIOHEAD | I58: BL KB | J58: 14 | K58: Flint Opaque | L58: W China | M58: QUANTA | N58: 13.45 | O58: 13.45 | P58: 13.45 | Q58: 13.45 | R58: 13.45 | S58: 13.45 | T58: 13.45 | U58: 13.45 | V58: 13.45 | W58: 13.45 | X58: 13.45 | Y58: 13.45 | Z58: 13.45 | AA58: 0 | AB58: 1.5 | AC58: 1.5 | AD58: 1.5 | AE58: 1.5 | AF58: 1.5 | AG58: 1.5 | AH58: 1.5 | AI58: 1.5 | AJ58: 1.5 | AK58: 1.5 | AL58: 1.5 | AM58: 1.5 | AN58: 2360 | AO58: =AB58*AN58 -> 3540 | AP58: 4590 | AQ58: =AC58*AP58 -> 6885 | AR58: 433 | AS58: =AD58*AR58 -> 649.5 | AT58: 920 | AU58: =AE58*AT58 -> 1380 | AW58: =AF58*AV58 -> 0 | AX58: 1520 | AY58: =AG58*AX58 -> 2280 | AZ58: 2440 | BA58: =AH58*AZ58 -> 3660 | BB58: 360 | BC58: =AI58*BB58 -> 540 | BD58: 840 | BE58: =AJ58*BD58 -> 1260 | BF58: 2318 | BG58: =AK58*BF58 -> 3477 | BH58: 280 | BI58: =AL58*BH58 -> 420 | BJ58: 360 | BK58: =AM58*BJ58 -> 540
A59: FY23 | B59: Iris Huang | C59: Darfon | E59: NB | G59: 2022 | H59: BJORK | I59: BL KB | J59: 14 | K59: Flint Opaque | L59: W China | M59: QUANTA | N59: 12.45 | O59: 12.45 | P59: 12.45 | Q59: 12.45 | R59: 12.45 | S59: 12.45 | T59: 12.45 | U59: 12.45 | V59: 12.45 | W59: 12.45 | X59: 12.45 | Y59: 12.45 | Z59: 12.45 | AA59: 0 | AB59: 1 | AC59: 1 | AD59: 1 | AE59: 1 | AF59: 1 | AG59: 1 | AH59: 1 | AI59: 1 | AJ59: 1 | AK59: 1 | AL59: 1 | AM59: 1 | AO59: =AB59*AN59 -> 0 | AP59: 2000 | AQ59: =AC59*AP59 -> 2000 | AS59: =AD59*AR59 -> 0 | AU59: =AE59*AT59 -> 0 | AW59: =AF59*AV59 -> 0 | AX59: 3520 | AY59: =AG59*AX59 -> 3520 | BA59: =AH59*AZ59 -> 0 | BB59: 1280 | BC59: =AI59*BB59 -> 1280 | BD59: 3040 | BE59: =AJ59*BD59 -> 3040 | BF59: 760 | BG59: =AK59*BF59 -> 760 | BH59: 1320 | BI59: =AL59*BH59 -> 1320 | BJ59: 1265 | BK59: =AM59*BJ59 -> 1265
A60: FY23 | B60: Iris Huang | C60: Darfon | E60: NB | G60: 2022 | H60: BJORK | I60: NBL KB | J60: 14 | K60: Flint Opaque | L60: W China | M60: QUANTA | N60: 5.83 | O60: 5.83 | P60: 5.83 | Q60: 5.83 | R60: 5.83 | S60: 5.83 | T60: 5.83 | U60: 5.83 | V60: 5.83 | W60: 5.83 | X60: 5.83 | Y60: 5.83 | Z60: 5.83 | AA60: 0 | AB60: 0.2 | AC60: 0.2 | AD60: 0.2 | AE60: 0.2 | AF60: 0.2 | AG60: 0.2 | AH60: 0.2 | AI60: 0.2 | AJ60: 0.2 | AK60: 0.2 | AL60: 0.2 | AM60: 0.2 | AO60: =AB60*AN60 -> 0 | AP60: 40 | AQ60: =AC60*AP60 -> 8 | AS60: =AD60*AR60 -> 0 | AU60: =AE60*AT60 -> 0 | AW60: =AF60*AV60 -> 0 | AX60: 760 | AY60: =AG60*AX60 -> 152 | BA60: =AH60*AZ60 -> 0 | BB60: 200 | BC60: =AI60*BB60 -> 40 | BD60: 5560 | BE60: =AJ60*BD60 -> 1112 | BF60: 280 | BG60: =AK60*BF60 -> 56 | BH60: 560 | BI60: =AL60*BH60 -> 112 | BJ60: 720 | BK60: =AM60*BJ60 -> 144
A61: FY23 | B61: Iris Huang | C61: Darfon | E61: NB | G61: 2023 | H61: Carbine | I61: BL KB | J61: 14 | K61: Mineral Silver | L61: W China | M61: WISTRON | N61: 12.45 | O61: 12.45 | P61: 12.45 | Q61: 12.45 | R61: 12.45 | S61: 12.45 | T61: 12.45 | U61: 12.45 | V61: 12.45 | W61: 12.45 | X61: 12.45 | Y61: 12.45 | Z61: 12.45 | AA61: 0 | AB61: 1 | AC61: 1 | AD61: 1 | AE61: 1 | AF61: 1 | AG61: 1 | AH61: 1 | AI61: 1 | AJ61: 1 | AK61: 1 | AL61: 1 | AM61: 1 | AO61: =AB61*AN61 -> 0 | AQ61: =AC61*AP61 -> 0 | AS61: =AD61*AR61 -> 0 | AT61: 1920 | AU61: =AE61*AT61 -> 1920 | AV61: 2400 | AW61: =AF61*AV61 -> 2400 | AX61: 360 | AY61: =AG61*AX61 -> 360 | AZ61: 1600 | BA61: =AH61*AZ61 -> 1600 | BB61: 40 | BC61: =AI61*BB61 -> 40 | BD61: 400 | BE61: =AJ61*BD61 -> 400 | BF61: 2280 | BG61: =AK61*BF61 -> 2280 | BH61: 2200 | BI61: =AL61*BH61 -> 2200 | BJ61: 2595 | BK61: =AM61*BJ61 -> 2595
A62: FY23 | AO62: =AB62*AN62 -> 0 | AQ62: =AC62*AP62 -> 0 | AS62: =AD62*AR62 -> 0 | AU62: =AE62*AT62 -> 0 | AW62: =AF62*AV62 -> 0 | AY62: =AG62*AX62 -> 0 | BA62: =AH62*AZ62 -> 0 | BC62: =AI62*BB62 -> 0 | BE62: =AJ62*BD62 -> 0 | BG62: =AK62*BF62 -> 0 | BI62: =AL62*BH62 -> 0 | BK62: =AM62*BJ62 -> 0
A63: FY23 | AO63: =AB63*AN63 -> 0 | AQ63: =AC63*AP63 -> 0 | AS63: =AD63*AR63 -> 0 | AU63: =AE63*AT63 -> 0 | AW63: =AF63*AV63 -> 0 | AY63: =AG63*AX63 -> 0 | BA63: =AH63*AZ63 -> 0 | BC63: =AI63*BB63 -> 0 | BE63: =AJ63*BD63 -> 0 | BG63: =AK63*BF63 -> 0 | BI63: =AL63*BH63 -> 0 | BK63: =AM63*BJ63 -> 0
A64: FY23 | AO64: =AB64*AN64 -> 0 | AQ64: =AC64*AP64 -> 0 | AS64: =AD64*AR64 -> 0 | AU64: =AE64*AT64 -> 0 | AW64: =AF64*AV64 -> 0 | AY64: =AG64*AX64 -> 0 | BA64: =AH64*AZ64 -> 0 | BC64: =AI64*BB64 -> 0 | BE64: =AJ64*BD64 -> 0 | BG64: =AK64*BF64 -> 0 | BI64: =AL64*BH64 -> 0 | BK64: =AM64*BJ64 -> 0
A65: FY23 | B65: Sandy Lu | C65: Darfon | E65: DT | F65: DT | G65: 2019 | H65: Skylab | I65: NBL KB | J65: NA | K65: NA | L65: W China | M65: OTHERS | N65: 5.55 | O65: 5.55 | P65: 5.55 | Q65: 5.55 | R65: 5.55 | S65: 5.55 | T65: 5.55 | U65: 5.55 | V65: 5.55 | W65: 5.55 | X65: 5.55 | Y65: 5.55 | Z65: 5.55 | AA65: 0.37 | AB65: 0.37 | AC65: 0.37 | AD65: 0.37 | AE65: 0.37 | AF65: 0.37 | AG65: 0.37 | AH65: 0.37 | AI65: 0.37 | AJ65: 0.37 | AK65: 0.37 | AL65: 0.37 | AM65: 0.37 | AN65: 2474 | AO65: =AB65*AN65 -> 915.38 | AP65: 5808 | AQ65: =AC65*AP65 -> 2148.96 | AR65: 1284 | AS65: =AD65*AR65 -> 475.08 | AT65: 4020 | AU65: =AE65*AT65 -> 1487.4 | AV65: 6516 | AW65: =AF65*AV65 -> 2410.92 | AX65: 3849 | AY65: =AG65*AX65 -> 1424.13 | AZ65: 3024 | BA65: =AH65*AZ65 -> 1118.88 | BB65: 2400 | BC65: =AI65*BB65 -> 888 | BD65: 2112 | BE65: =AJ65*BD65 -> 781.44 | BF65: 2652 | BG65: =AK65*BF65 -> 981.24 | BH65: 1548 | BI65: =AL65*BH65 -> 572.76 | BJ65: 1644 | BK65: =AM65*BJ65 -> 608.28
A66: FY23 | B66: Sandy Lu | C66: Darfon | E66: DT | G66: 2021 | H66: Halley | I66: NBL KB | J66: NA | K66: NA | L66: W China | M66: OTHERS | N66: 5.26 | O66: 5.26 | P66: 5.26 | Q66: 5.26 | R66: 5.26 | S66: 5.26 | T66: 5.26 | U66: 5.26 | V66: 5.26 | W66: 5.26 | X66: 5.26 | Y66: 5.26 | Z66: 5.26 | AA66: 0.27 | AB66: 0.27 | AC66: 0.27 | AD66: 0.27 | AE66: 0.27 | AF66: 0.27 | AG66: 0.27 | AH66: 0.27 | AI66: 0.27 | AJ66: 0.27 | AK66: 0.27 | AL66: 0.27 | AM66: 0.27 | AN66: 131092 | AO66: =AB66*AN66 -> 35394.84 | AP66: 100762 | AQ66: =AC66*AP66 -> 27205.74 | AR66: 103460 | AS66: =AD66*AR66 -> 27934.2 | AT66: 72566 | AU66: =AE66*AT66 -> 19592.82 | AV66: 133746 | AW66: =AF66*AV66 -> 36111.42 | AX66: 104112 | AY66: =AG66*AX66 -> 28110.24 | AZ66: 63612 | BA66: =AH66*AZ66 -> 17175.24 | BB66: 124676 | BC66: =AI66*BB66 -> 33662.52 | BD66: 120572 | BE66: =AJ66*BD66 -> 32554.44 | BF66: 118297 | BG66: =AK66*BF66 -> 31940.19 | BH66: 160525 | BI66: =AL66*BH66 -> 43341.75 | BJ66: 94924 | BK66: =AM66*BJ66 -> 25629.48
A67: FY23 | B67: Sandy Lu | C67: Darfon | E67: DT | G67: 2021 | H67: Halley | I67: Mouse | J67: NA | K67: NA | L67: W China | M67: OTHERS | N67: 2.15 | O67: 2.15 | P67: 2.15 | Q67: 2.15 | R67: 2.15 | S67: 2.15 | T67: 2.15 | U67: 2.15 | V67: 2.15 | W67: 2.15 | X67: 2.15 | Y67: 2.15 | Z67: 2.15 | AA67: 0 | AB67: 0 | AC67: 0 | AD67: 0 | AE67: 0 | AF67: 0 | AG67: 0 | AH67: 0 | AI67: 0 | AJ67: 0 | AK67: 0 | AL67: 0 | AM67: 0 | AN67: 67555 | AO67: =AB67*AN67 -> 0 | AP67: 36240 | AQ67: =AC67*AP67 -> 0 | AR67: 23280 | AS67: =AD67*AR67 -> 0 | AT67: 20640 | AU67: =AE67*AT67 -> 0 | AV67: 53734 | AW67: =AF67*AV67 -> 0 | AX67: 48100 | AY67: =AG67*AX67 -> 0 | AZ67: 71280 | BA67: =AH67*AZ67 -> 0 | BB67: 76500 | BC67: =AI67*BB67 -> 0 | BD67: 20400 | BE67: =AJ67*BD67 -> 0 | BF67: 30000 | BG67: =AK67*BF67 -> 0 | BH67: 45360 | BI67: =AL67*BH67 -> 0 | BJ67: 47760 | BK67: =AM67*BJ67 -> 0
A68: FY23 | AO68: =AB68*AN68 -> 0 | AQ68: =AC68*AP68 -> 0 | AS68: =AD68*AR68 -> 0 | AU68: =AE68*AT68 -> 0 | AW68: =AF68*AV68 -> 0 | AY68: =AG68*AX68 -> 0 | BA68: =AH68*AZ68 -> 0 | BC68: =AI68*BB68 -> 0 | BE68: =AJ68*BD68 -> 0 | BG68: =AK68*BF68 -> 0 | BI68: =AL68*BH68 -> 0 | BK68: =AM68*BJ68 -> 0
A69: FY23 | AO69: =AB69*AN69 -> 0 | AQ69: =AC69*AP69 -> 0 | AS69: =AD69*AR69 -> 0 | AU69: =AE69*AT69 -> 0 | AW69: =AF69*AV69 -> 0 | AY69: =AG69*AX69 -> 0 | BA69: =AH69*AZ69 -> 0 | BC69: =AI69*BB69 -> 0 | BE69: =AJ69*BD69 -> 0 | BG69: =AK69*BF69 -> 0 | BI69: =AL69*BH69 -> 0 | BK69: =AM69*BJ69 -> 0
A70: FY23 | AO70: =AB70*AN70 -> 0 | AQ70: =AC70*AP70 -> 0 | AS70: =AD70*AR70 -> 0 | AU70: =AE70*AT70 -> 0 | AW70: =AF70*AV70 -> 0 | AY70: =AG70*AX70 -> 0 | BA70: =AH70*AZ70 -> 0 | BC70: =AI70*BB70 -> 0 | BE70: =AJ70*BD70 -> 0 | BG70: =AK70*BF70 -> 0 | BI70: =AL70*BH70 -> 0 | BK70: =AM70*BJ70 -> 0
A71: FY23 | AO71: =AB71*AN71 -> 0 | AQ71: =AC71*AP71 -> 0 | AS71: =AD71*AR71 -> 0 | AU71: =AE71*AT71 -> 0 | AW71: =AF71*AV71 -> 0 | AY71: =AG71*AX71 -> 0 | BA71: =AH71*AZ71 -> 0 | BC71: =AI71*BB71 -> 0 | BE71: =AJ71*BD71 -> 0 | BG71: =AK71*BF71 -> 0 | BI71: =AL71*BH71 -> 0 | BK71: =AM71*BJ71 -> 0
A72: FY23 | AO72: =AB72*AN72 -> 0 | AQ72: =AC72*AP72 -> 0 | AS72: =AD72*AR72 -> 0 | AU72: =AE72*AT72 -> 0 | AW72: =AF72*AV72 -> 0 | AY72: =AG72*AX72 -> 0 | BA72: =AH72*AZ72 -> 0 | BC72: =AI72*BB72 -> 0 | BE72: =AJ72*BD72 -> 0 | BG72: =AK72*BF72 -> 0 | BI72: =AL72*BH72 -> 0 | BK72: =AM72*BJ72 -> 0
A73: FY23 | AO73: =AB73*AN73 -> 0 | AQ73: =AC73*AP73 -> 0 | AS73: =AD73*AR73 -> 0 | AU73: =AE73*AT73 -> 0 | AW73: =AF73*AV73 -> 0 | AY73: =AG73*AX73 -> 0 | BA73: =AH73*AZ73 -> 0 | BC73: =AI73*BB73 -> 0 | BE73: =AJ73*BD73 -> 0 | BG73: =AK73*BF73 -> 0 | BI73: =AL73*BH73 -> 0 | BK73: =AM73*BJ73 -> 0
A74: FY23 | AO74: =AB74*AN74 -> 0 | AQ74: =AC74*AP74 -> 0 | AS74: =AD74*AR74 -> 0 | AU74: =AE74*AT74 -> 0 | AW74: =AF74*AV74 -> 0 | AY74: =AG74*AX74 -> 0 | BA74: =AH74*AZ74 -> 0 | BC74: =AI74*BB74 -> 0 | BE74: =AJ74*BD74 -> 0 | BG74: =AK74*BF74 -> 0 | BI74: =AL74*BH74 -> 0 | BK74: =AM74*BJ74 -> 0
A75: FY23 | AO75: =AB75*AN75 -> 0 | AQ75: =AC75*AP75 -> 0 | AS75: =AD75*AR75 -> 0 | AU75: =AE75*AT75 -> 0 | AW75: =AF75*AV75 -> 0 | AY75: =AG75*AX75 -> 0 | BA75: =AH75*AZ75 -> 0 | BC75: =AI75*BB75 -> 0 | BE75: =AJ75*BD75 -> 0 | BG75: =AK75*BF75 -> 0 | BI75: =AL75*BH75 -> 0 | BK75: =AM75*BJ75 -> 0
A76: FY23 | AO76: =AB76*AN76 -> 0 | AQ76: =AC76*AP76 -> 0 | AS76: =AD76*AR76 -> 0 | AU76: =AE76*AT76 -> 0 | AW76: =AF76*AV76 -> 0 | AY76: =AG76*AX76 -> 0 | BA76: =AH76*AZ76 -> 0 | BC76: =AI76*BB76 -> 0 | BE76: =AJ76*BD76 -> 0 | BG76: =AK76*BF76 -> 0 | BI76: =AL76*BH76 -> 0 | BK76: =AM76*BJ76 -> 0
A77: FY23 | B77: Benson Chen | C77: Darfon | D77: Consumer | E77: NB | F77: OPP | G77: 2018 | H77: ASHMORE/ASHMORE6U/HAWKING/HEDWIG/HEDWIG6U/SILVERBELL | I77: BL KB | J77: 14 | K77: Ash Silver/Jack Black | L77: W China | M77: INVENTEC | N77: 11.9 | O77: 11.9 | P77: 11.9 | Q77: 11.9 | R77: 11.9 | S77: 11.9 | T77: 11.9 | U77: 11.9 | V77: 11.9 | W77: 11.9 | X77: 11.9 | Y77: 11.9 | Z77: 11.9 | AA77: 1 | AB77: 1 | AC77: 1 | AD77: 1 | AE77: 1 | AF77: 1 | AG77: 1 | AH77: 1 | AI77: 1 | AJ77: 1 | AK77: 1 | AL77: 1 | AM77: 1 | AN77: 600 | AO77: =AB77*AN77 -> 600 | AP77: 1199 | AQ77: =AC77*AP77 -> 1199 | AR77: 800 | AS77: =AD77*AR77 -> 800 | AU77: =AE77*AT77 -> 0 | AV77: 1720 | AW77: =AF77*AV77 -> 1720 | AY77: =AG77*AX77 -> 0 | AZ77: 3200 | BA77: =AH77*AZ77 -> 3200 | BB77: 120 | BC77: =AI77*BB77 -> 120 | BD77: 440 | BE77: =AJ77*BD77 -> 440 | BF77: 400 | BG77: =AK77*BF77 -> 400 | BH77: 840 | BI77: =AL77*BH77 -> 840 | BJ77: 40 | BK77: =AM77*BJ77 -> 40
A78: FY23 | B78: Benson Chen | C78: Darfon | E78: NB | G78: 2018 | H78: ASHMORE/ASHMORE6U/HAWKING/HEDWIG/HEDWIG6U/SILVERBELL | I78: NBL KB | J78: 14 | K78: Ash Silver | L78: W China | M78: INVENTEC | N78: 4 | O78: 4 | P78: 4 | Q78: 4 | R78: 4 | S78: 4 | T78: 4 | U78: 4 | V78: 4 | W78: 4 | X78: 4 | Y78: 4 | Z78: 4 | AA78: 0.7 | AB78: 0.7 | AC78: 0.7 | AD78: 0.7 | AE78: 0.7 | AF78: 0.7 | AG78: 0.7 | AH78: 0.7 | AI78: 0.7 | AJ78: 0.7 | AK78: 0.7 | AL78: 0.7 | AM78: 0.7 | AN78: 7025 | AO78: =AB78*AN78 -> 4917.5 | AP78: 33680 | AQ78: =AC78*AP78 -> 23576 | AR78: 27757 | AS78: =AD78*AR78 -> 19429.9 | AT78: 12600 | AU78: =AE78*AT78 -> 8820 | AV78: 66639 | AW78: =AF78*AV78 -> 46647.3 | AX78: 20840 | AY78: =AG78*AX78 -> 14588 | AZ78: 6720 | BA78: =AH78*AZ78 -> 4704 | BB78: 10119 | BC78: =AI78*BB78 -> 7083.3 | BD78: 5920 | BE78: =AJ78*BD78 -> 4144 | BF78: 8080 | BG78: =AK78*BF78 -> 5656 | BH78: 6720 | BI78: =AL78*BH78 -> 4704 | BJ78: 1520 | BK78: =AM78*BJ78 -> 1064
A79: FY23 | B79: Benson Chen | C79: Darfon | E79: NB | G79: 2019 | H79: MALDIVES/MALDIVES6U/HERSCHEL/HERSCHEL6U | I79: NBL KB | J79: 15 | K79: Ash Silver | L79: E China | M79: COMPAL | N79: 4.2 | O79: 4.2 | P79: 4.2 | Q79: 4.2 | R79: 4.2 | S79: 4.2 | T79: 4.2 | U79: 4.2 | V79: 4.2 | W79: 4.2 | X79: 4.2 | Y79: 4.2 | Z79: 4.2 | AA79: 0.7 | AB79: 0.7 | AC79: 0.7 | AD79: 0.7 | AE79: 0.7 | AF79: 0.7 | AG79: 0.7 | AH79: 0.7 | AI79: 0.7 | AJ79: 0.7 | AK79: 0.7 | AL79: 0.7 | AM79: 0.7 | AN79: 16197 | AO79: =AB79*AN79 -> 11337.9 | AP79: 28716 | AQ79: =AC79*AP79 -> 20101.2 | AR79: 11502 | AS79: =AD79*AR79 -> 8051.4 | AT79: 22880 | AU79: =AE79*AT79 -> 16016 | AV79: 30668 | AW79: =AF79*AV79 -> 21467.6 | AX79: 11131 | AY79: =AG79*AX79 -> 7791.7 | AZ79: 29151 | BA79: =AH79*AZ79 -> 20405.7 | BB79: 39871 | BC79: =AI79*BB79 -> 27909.7 | BD79: 24819 | BE79: =AJ79*BD79 -> 17373.3 | BF79: 18275 | BG79: =AK79*BF79 -> 12792.5 | BH79: 41235 | BI79: =AL79*BH79 -> 28864.5 | BJ79: 24104 | BK79: =AM79*BJ79 -> 16872.8
A80: FY23 | B80: Benson Chen | C80: Darfon | E80: NB | G80: 2019 | H80: MALDIVES/MALDIVES6U/HERSCHEL/HERSCHEL6U | I80: NBL KB | J80: 15 | K80: Pike Silver | L80: E China | M80: COMPAL | N80: 6.2 | O80: 6.2 | P80: 6.2 | Q80: 6.2 | R80: 6.2 | S80: 6.2 | T80: 6.2 | U80: 6.2 | V80: 6.2 | W80: 6.2 | X80: 6.2 | Y80: 6.2 | Z80: 6.2 | AA80: 1.2 | AB80: 1.2 | AC80: 1.2 | AD80: 1.2 | AE80: 1.2 | AF80: 1.2 | AG80: 1.2 | AH80: 1.2 | AI80: 1.2 | AJ80: 1.2 | AK80: 1.2 | AL80: 1.2 | AM80: 1.2 | AN80: 31290 | AO80: =AB80*AN80 -> 37548 | AP80: 16428 | AQ80: =AC80*AP80 -> 19713.6 | AR80: 15011 | AS80: =AD80*AR80 -> 18013.2 | AT80: 14880 | AU80: =AE80*AT80 -> 17856 | AV80: 21422 | AW80: =AF80*AV80 -> 25706.4 | AX80: 9628 | AY80: =AG80*AX80 -> 11553.6 | AZ80: 360 | BA80: =AH80*AZ80 -> 432 | BB80: 996 | BC80: =AI80*BB80 -> 1195.2 | BD80: 1160 | BE80: =AJ80*BD80 -> 1392 | BG80: =AK80*BF80 -> 0 | BI80: =AL80*BH80 -> 0 | BJ80: 40 | BK80: =AM80*BJ80 -> 48
A81: FY23 | B81: Benson Chen | C81: Darfon | E81: NB | G81: 2019 | H81: LANGKAWI/REBAK | I81: BL KB | J81: 15 | K81: Pike Silver | L81: W China | M81: QUANTA | N81: 13.2 | O81: 13.2 | P81: 13.2 | Q81: 13.2 | R81: 13.2 | S81: 13.2 | T81: 13.2 | U81: 13.2 | V81: 13.2 | W81: 13.2 | X81: 13.2 | Y81: 13.2 | Z81: 13.2 | AA81: 2.8 | AB81: 2.8 | AC81: 2.8 | AD81: 2.8 | AE81: 2.8 | AF81: 2.8 | AG81: 2.8 | AH81: 2.8 | AI81: 2.8 | AJ81: 2.8 | AK81: 2.8 | AL81: 2.8 | AM81: 2.8 | AN81: 30320 | AO81: =AB81*AN81 -> 84896 | AP81: 33352 | AQ81: =AC81*AP81 -> 93385.6 | AR81: 21400 | AS81: =AD81*AR81 -> 59920 | AT81: 12996 | AU81: =AE81*AT81 -> 36388.8 | AV81: 15509 | AW81: =AF81*AV81 -> 43425.2 | AX81: 11794 | AY81: =AG81*AX81 -> 33023.2 | AZ81: 15114 | BA81: =AH81*AZ81 -> 42319.2 | BB81: 28546 | BC81: =AI81*BB81 -> 79928.8 | BD81: 11480 | BE81: =AJ81*BD81 -> 32144 | BF81: 58658 | BG81: =AK81*BF81 -> 164242.4 | BH81: 52336 | BI81: =AL81*BH81 -> 146540.8 | BJ81: 39950 | BK81: =AM81*BJ81 -> 111860
A82: FY23 | B82: Benson Chen | C82: Darfon | E82: NB | G82: 2019 | H82: LANGKAWI/REBAK | I82: NBL KB | J82: 15 | K82: Pike Silver | L82: W China | M82: QUANTA | N82: 6.35 | O82: 6.35 | P82: 6.35 | Q82: 6.35 | R82: 6.35 | S82: 6.35 | T82: 6.35 | U82: 6.35 | V82: 6.35 | W82: 6.35 | X82: 6.35 | Y82: 6.35 | Z82: 6.35 | AA82: 0.77 | AB82: 0.77 | AC82: 0.77 | AD82: 0.77 | AE82: 0.77 | AF82: 0.77 | AG82: 0.77 | AH82: 0.77 | AI82: 0.77 | AJ82: 0.77 | AK82: 0.77 | AL82: 0.77 | AM82: 0.77 | AN82: 97689 | AO82: =AB82*AN82 -> 75220.53 | AP82: 66738 | AQ82: =AC82*AP82 -> 51388.26 | AR82: 76999 | AS82: =AD82*AR82 -> 59289.23 | AT82: 45644 | AU82: =AE82*AT82 -> 35145.88 | AV82: 44038 | AW82: =AF82*AV82 -> 33909.26 | AX82: 62867 | AY82: =AG82*AX82 -> 48407.59 | AZ82: 61776 | BA82: =AH82*AZ82 -> 47567.52 | BB82: 46820 | BC82: =AI82*BB82 -> 36051.4 | BD82: 87686 | BE82: =AJ82*BD82 -> 67518.22 | BF82: 112504 | BG82: =AK82*BF82 -> 86628.08 | BH82: 88592 | BI82: =AL82*BH82 -> 68215.84 | BJ82: 111397 | BK82: =AM82*BJ82 -> 85775.69
A83: FY23 | B83: Benson Chen | C83: Darfon | E83: NB | G83: 2019 | H83: LANGKAWI/REBAK | I83: BL KB | J83: 15 | K83: Ash Silver | L83: W China | M83: QUANTA | N83: 13.2 | O83: 13.2 | P83: 13.2 | Q83: 13.2 | R83: 13.2 | S83: 13.2 | T83: 13.2 | U83: 13.2 | V83: 13.2 | W83: 13.2 | X83: 13.2 | Y83: 13.2 | Z83: 13.2 | AA83: 2.6 | AB83: 2.6 | AC83: 2.6 | AD83: 2.6 | AE83: 2.6 | AF83: 2.6 | AG83: 2.6 | AH83: 2.6 | AI83: 2.6 | AJ83: 2.6 | AK83: 2.6 | AL83: 2.6 | AM83: 2.6 | AO83: =AB83*AN83 -> 0 | AQ83: =AC83*AP83 -> 0 | AS83: =AD83*AR83 -> 0 | AU83: =AE83*AT83 -> 0 | AW83: =AF83*AV83 -> 0 | AY83: =AG83*AX83 -> 0 | BA83: =AH83*AZ83 -> 0 | BC83: =AI83*BB83 -> 0 | BE83: =AJ83*BD83 -> 0 | BG83: =AK83*BF83 -> 0 | BI83: =AL83*BH83 -> 0 | BK83: =AM83*BJ83 -> 0
A84: FY23 | B84: Benson Chen | C84: Darfon | E84: NB | G84: 2019 | H84: LANGKAWI/REBAK | I84: NBL KB | J84: 15 | K84: Ash Silver | L84: W China | M84: QUANTA | N84: 4.35 | O84: 4.35 | P84: 4.35 | Q84: 4.35 | R84: 4.35 | S84: 4.35 | T84: 4.35 | U84: 4.35 | V84: 4.35 | W84: 4.35 | X84: 4.35 | Y84: 4.35 | Z84: 4.35 | AA84: 0.27 | AB84: 0.27 | AC84: 0.27 | AD84: 0.27 | AE84: 0.27 | AF84: 0.27 | AG84: 0.27 | AH84: 0.27 | AI84: 0.27 | AJ84: 0.27 | AK84: 0.27 | AL84: 0.27 | AM84: 0.27 | AO84: =AB84*AN84 -> 0 | AQ84: =AC84*AP84 -> 0 | AS84: =AD84*AR84 -> 0 | AU84: =AE84*AT84 -> 0 | AW84: =AF84*AV84 -> 0 | AY84: =AG84*AX84 -> 0 | BA84: =AH84*AZ84 -> 0 | BC84: =AI84*BB84 -> 0 | BE84: =AJ84*BD84 -> 0 | BG84: =AK84*BF84 -> 0 | BI84: =AL84*BH84 -> 0 | BK84: =AM84*BJ84 -> 0
A85: FY23 | B85: Benson Chen | C85: Darfon | E85: NB | G85: 2019 | H85: LANGKAWI/REBAK | I85: BL KB | J85: 15 | K85: Snow White | L85: W China | M85: QUANTA | N85: 14.8 | O85: 14.8 | P85: 14.8 | Q85: 14.8 | R85: 14.8 | S85: 14.8 | T85: 14.8 | U85: 14.8 | V85: 14.8 | W85: 14.8 | X85: 14.8 | Y85: 14.8 | Z85: 14.8 | AA85: 4.4 | AB85: 4.4 | AC85: 4.4 | AD85: 4.4 | AE85: 4.4 | AF85: 4.4 | AG85: 4.4 | AH85: 4.4 | AI85: 4.4 | AJ85: 4.4 | AK85: 4.4 | AL85: 4.4 | AM85: 4.4 | AN85: 3040 | AO85: =AB85*AN85 -> 13376 | AP85: 2160 | AQ85: =AC85*AP85 -> 9504 | AR85: 120 | AS85: =AD85*AR85 -> 528 | AT85: 640 | AU85: =AE85*AT85 -> 2816 | AV85: 1240 | AW85: =AF85*AV85 -> 5456 | AX85: 400 | AY85: =AG85*AX85 -> 1760 | AZ85: 40 | BA85: =AH85*AZ85 -> 176 | BB85: 1080 | BC85: =AI85*BB85 -> 4752 | BE85: =AJ85*BD85 -> 0 | BF85: 40 | BG85: =AK85*BF85 -> 176 | BI85: =AL85*BH85 -> 0 | BK85: =AM85*BJ85 -> 0
A86: FY23 | B86: Benson Chen | C86: Darfon | E86: NB | G86: 2019 | H86: LANGKAWI/REBAK | I86: NBL KB | J86: 15 | K86: Snow White | L86: W China | M86: QUANTA | N86: 4.35 | O86: 4.35 | P86: 4.35 | Q86: 4.35 | R86: 4.35 | S86: 4.35 | T86: 4.35 | U86: 4.35 | V86: 4.35 | W86: 4.35 | X86: 4.35 | Y86: 4.35 | Z86: 4.35 | AA86: 0.27 | AB86: 0.27 | AC86: 0.27 | AD86: 0.27 | AE86: 0.27 | AF86: 0.27 | AG86: 0.27 | AH86: 0.27 | AI86: 0.27 | AJ86: 0.27 | AK86: 0.27 | AL86: 0.27 | AM86: 0.27 | AN86: 2240 | AO86: =AB86*AN86 -> 604.8 | AP86: 1440 | AQ86: =AC86*AP86 -> 388.8 | AR86: 1400 | AS86: =AD86*AR86 -> 378 | AT86: 10320 | AU86: =AE86*AT86 -> 2786.4 | AV86: 80 | AW86: =AF86*AV86 -> 21.6 | AX86: 518 | AY86: =AG86*AX86 -> 139.86 | BA86: =AH86*AZ86 -> 0 | BC86: =AI86*BB86 -> 0 | BE86: =AJ86*BD86 -> 0 | BG86: =AK86*BF86 -> 0 | BI86: =AL86*BH86 -> 0 | BK86: =AM86*BJ86 -> 0
A87: FY23 | B87: Benson Chen | C87: Darfon | E87: NB | G87: 2019 | H87: LANGKAWI/REBAK | I87: NBL KB | J87: 15 | K87: Jack Black | L87: W China | M87: QUANTA | N87: 4.35 | O87: 4.35 | P87: 4.35 | Q87: 4.35 | R87: 4.35 | S87: 4.35 | T87: 4.35 | U87: 4.35 | V87: 4.35 | W87: 4.35 | X87: 4.35 | Y87: 4.35 | Z87: 4.35 | AA87: 0.27 | AB87: 0.27 | AC87: 0.27 | AD87: 0.27 | AE87: 0.27 | AF87: 0.27 | AG87: 0.27 | AH87: 0.27 | AI87: 0.27 | AJ87: 0.27 | AK87: 0.27 | AL87: 0.27 | AM87: 0.27 | AO87: =AB87*AN87 -> 0 | AQ87: =AC87*AP87 -> 0 | AS87: =AD87*AR87 -> 0 | AU87: =AE87*AT87 -> 0 | AW87: =AF87*AV87 -> 0 | AY87: =AG87*AX87 -> 0 | BA87: =AH87*AZ87 -> 0 | BC87: =AI87*BB87 -> 0 | BE87: =AJ87*BD87 -> 0 | BG87: =AK87*BF87 -> 0 | BI87: =AL87*BH87 -> 0 | BK87: =AM87*BJ87 -> 0
A88: FY23 | B88: Benson Chen | C88: Darfon | E88: NB | G88: 2019 | H88: LANGKAWI/REBAK | I88: BL KB | J88: 15 | K88: Shadow Black | L88: W China | M88: QUANTA | N88: 13.9 | O88: 13.9 | P88: 13.9 | Q88: 13.9 | R88: 13.9 | S88: 13.9 | T88: 13.9 | U88: 13.9 | V88: 13.9 | W88: 13.9 | X88: 13.9 | Y88: 13.9 | Z88: 13.9 | AA88: 3 | AB88: 3 | AC88: 3 | AD88: 3 | AE88: 3 | AF88: 3 | AG88: 3 | AH88: 3 | AI88: 3 | AJ88: 3 | AK88: 3 | AL88: 3 | AM88: 3 | AO88: =AB88*AN88 -> 0 | AQ88: =AC88*AP88 -> 0 | AS88: =AD88*AR88 -> 0 | AU88: =AE88*AT88 -> 0 | AW88: =AF88*AV88 -> 0 | AY88: =AG88*AX88 -> 0 | BA88: =AH88*AZ88 -> 0 | BC88: =AI88*BB88 -> 0 | BE88: =AJ88*BD88 -> 0 | BG88: =AK88*BF88 -> 0 | BI88: =AL88*BH88 -> 0 | BK88: =AM88*BJ88 -> 0
A89: FY23 | B89: Benson Chen | C89: Darfon | E89: NB | G89: 2019 | H89: LANGKAWI/REBAK | I89: NBL KB | J89: 15 | K89: Shadow Black | L89: W China | M89: QUANTA | N89: 6.35 | O89: 6.35 | P89: 6.35 | Q89: 6.35 | R89: 6.35 | S89: 6.35 | T89: 6.35 | U89: 6.35 | V89: 6.35 | W89: 6.35 | X89: 6.35 | Y89: 6.35 | Z89: 6.35 | AA89: 0.77 | AB89: 0.77 | AC89: 0.77 | AD89: 0.77 | AE89: 0.77 | AF89: 0.77 | AG89: 0.77 | AH89: 0.77 | AI89: 0.77 | AJ89: 0.77 | AK89: 0.77 | AL89: 0.77 | AM89: 0.77 | AO89: =AB89*AN89 -> 0 | AQ89: =AC89*AP89 -> 0 | AS89: =AD89*AR89 -> 0 | AU89: =AE89*AT89 -> 0 | AW89: =AF89*AV89 -> 0 | AY89: =AG89*AX89 -> 0 | BA89: =AH89*AZ89 -> 0 | BC89: =AI89*BB89 -> 0 | BE89: =AJ89*BD89 -> 0 | BG89: =AK89*BF89 -> 0 | BI89: =AL89*BH89 -> 0 | BK89: =AM89*BJ89 -> 0
A90: FY23 | B90: Benson Chen | C90: Darfon | E90: NB | G90: 2021 | H90: VLAD/EUNICE/VLAD6U | I90: BL KB | J90: 17 | K90: Snow White | L90: W China | M90: INVENTEC | N90: 15.2 | O90: 15.2 | P90: 15.2 | Q90: 15.2 | R90: 15.2 | S90: 15.2 | T90: 15.2 | U90: 15.2 | V90: 15.2 | W90: 15.2 | X90: 15.2 | Y90: 15.2 | Z90: 15.2 | AA90: 2.5 | AB90: 2.5 | AC90: 2.5 | AD90: 3.5 | AE90: 3.5 | AF90: 3.5 | AG90: 3.5 | AH90: 4 | AI90: 4 | AJ90: 4 | AK90: 4 | AL90: 4 | AM90: 4 | AO90: =AB90*AN90 -> 0 | AQ90: =AC90*AP90 -> 0 | AS90: =AD90*AR90 -> 0 | AU90: =AE90*AT90 -> 0 | AW90: =AF90*AV90 -> 0 | AY90: =AG90*AX90 -> 0 | BA90: =AH90*AZ90 -> 0 | BC90: =AI90*BB90 -> 0 | BE90: =AJ90*BD90 -> 0 | BG90: =AK90*BF90 -> 0 | BI90: =AL90*BH90 -> 0 | BK90: =AM90*BJ90 -> 0
A91: FY23 | B91: Benson Chen | C91: Darfon | E91: NB | G91: 2021 | H91: VLAD/EUNICE/VLAD6U | I91: NBL KB | J91: 17 | K91: Snow White | L91: W China | M91: INVENTEC | N91: 4.4 | O91: 4.4 | P91: 4.4 | Q91: 4.4 | R91: 4.4 | S91: 4.4 | T91: 4.4 | U91: 4.4 | V91: 4.4 | W91: 4.4 | X91: 4.4 | Y91: 4.4 | Z91: 4.4 | AA91: 0.7 | AB91: 0.7 | AC91: 0.7 | AD91: 0.7 | AE91: 0.7 | AF91: 0.7 | AG91: 0.7 | AH91: 1 | AI91: 1 | AJ91: 1 | AK91: 1 | AL91: 1 | AM91: 1 | AO91: =AB91*AN91 -> 0 | AQ91: =AC91*AP91 -> 0 | AS91: =AD91*AR91 -> 0 | AU91: =AE91*AT91 -> 0 | AW91: =AF91*AV91 -> 0 | AY91: =AG91*AX91 -> 0 | BA91: =AH91*AZ91 -> 0 | BC91: =AI91*BB91 -> 0 | BE91: =AJ91*BD91 -> 0 | BG91: =AK91*BF91 -> 0 | BI91: =AL91*BH91 -> 0 | BK91: =AM91*BJ91 -> 0
A92: FY23 | B92: Benson Chen | C92: Darfon | E92: NB | G92: 2021 | H92: VLAD/EUNICE/VLAD6U | I92: NBL KB | J92: 17 | K92: Jack Black | L92: W China | M92: INVENTEC | N92: 4.4 | O92: 4.4 | P92: 4.4 | Q92: 4.4 | R92: 4.4 | S92: 4.4 | T92: 4.4 | U92: 4.4 | V92: 4.4 | W92: 4.4 | X92: 4.4 | Y92: 4.4 | Z92: 4.4 | AA92: 0.7 | AB92: 0.7 | AC92: 0.7 | AD92: 0.7 | AE92: 0.7 | AF92: 0.7 | AG92: 0.7 | AH92: 1 | AI92: 1 | AJ92: 1 | AK92: 1 | AL92: 1 | AM92: 1 | AO92: =AB92*AN92 -> 0 | AQ92: =AC92*AP92 -> 0 | AS92: =AD92*AR92 -> 0 | AU92: =AE92*AT92 -> 0 | AW92: =AF92*AV92 -> 0 | AY92: =AG92*AX92 -> 0 | BA92: =AH92*AZ92 -> 0 | BC92: =AI92*BB92 -> 0 | BE92: =AJ92*BD92 -> 0 | BG92: =AK92*BF92 -> 0 | BI92: =AL92*BH92 -> 0 | BK92: =AM92*BJ92 -> 0
A93: FY23 | B93: Benson Chen | C93: Darfon | E93: NB | G93: 2021 | H93: VLAD/EUNICE/VLAD6U | I93: NBL KB | J93: 17 | K93: Evening Blue | L93: W China | M93: INVENTEC | N93: 4.4 | O93: 4.4 | P93: 4.4 | Q93: 4.4 | R93: 4.4 | S93: 4.4 | T93: 4.4 | U93: 4.4 | V93: 4.4 | W93: 4.4 | X93: 4.4 | Y93: 4.4 | Z93: 4.4 | AA93: 0.7 | AB93: 0.7 | AC93: 0.7 | AD93: 0.7 | AE93: 0.7 | AF93: 0.7 | AG93: 0.7 | AH93: 1 | AI93: 1 | AJ93: 1 | AK93: 1 | AL93: 1 | AM93: 1 | AO93: =AB93*AN93 -> 0 | AQ93: =AC93*AP93 -> 0 | AS93: =AD93*AR93 -> 0 | AU93: =AE93*AT93 -> 0 | AW93: =AF93*AV93 -> 0 | AY93: =AG93*AX93 -> 0 | BA93: =AH93*AZ93 -> 0 | BC93: =AI93*BB93 -> 0 | BE93: =AJ93*BD93 -> 0 | BG93: =AK93*BF93 -> 0 | BI93: =AL93*BH93 -> 0 | BK93: =AM93*BJ93 -> 0
A94: FY23 | B94: Benson Chen | C94: Darfon | E94: NB | G94: 2021 | H94: VLAD/EUNICE/VLAD6U | I94: NBL KB | J94: 17 | K94: Ash Silver | L94: W China | M94: INVENTEC | N94: 4.4 | O94: 4.4 | P94: 4.4 | Q94: 4.4 | R94: 4.4 | S94: 4.4 | T94: 4.4 | U94: 4.4 | V94: 4.4 | W94: 4.4 | X94: 4.4 | Y94: 4.4 | Z94: 4.4 | AA94: 0.7 | AB94: 0.7 | AC94: 0.7 | AD94: 0.7 | AE94: 0.7 | AF94: 0.7 | AG94: 0.7 | AH94: 1 | AI94: 1 | AJ94: 1 | AK94: 1 | AL94: 1 | AM94: 1 | AO94: =AB94*AN94 -> 0 | AQ94: =AC94*AP94 -> 0 | AS94: =AD94*AR94 -> 0 | AU94: =AE94*AT94 -> 0 | AW94: =AF94*AV94 -> 0 | AY94: =AG94*AX94 -> 0 | BA94: =AH94*AZ94 -> 0 | BC94: =AI94*BB94 -> 0 | BE94: =AJ94*BD94 -> 0 | BG94: =AK94*BF94 -> 0 | BI94: =AL94*BH94 -> 0 | BK94: =AM94*BJ94 -> 0
A95: FY23 | B95: Benson Chen | C95: Darfon | E95: NB | G95: 2021 | H95: VLAD/EUNICE/VLAD6U | I95: BL KB | J95: 17 | K95: Ash Silver | L95: W China | M95: INVENTEC | N95: 13.6 | O95: 13.6 | P95: 13.6 | Q95: 13.6 | R95: 13.6 | S95: 13.6 | T95: 13.6 | U95: 13.6 | V95: 13.6 | W95: 13.6 | X95: 13.6 | Y95: 13.6 | Z95: 13.6 | AA95: 2.5 | AB95: 2.5 | AC95: 2.5 | AD95: 3.5 | AE95: 3.5 | AF95: 3.5 | AG95: 3.5 | AH95: 4 | AI95: 4 | AJ95: 4 | AK95: 4 | AL95: 4 | AM95: 4 | AO95: =AB95*AN95 -> 0 | AQ95: =AC95*AP95 -> 0 | AS95: =AD95*AR95 -> 0 | AU95: =AE95*AT95 -> 0 | AW95: =AF95*AV95 -> 0 | AY95: =AG95*AX95 -> 0 | BA95: =AH95*AZ95 -> 0 | BC95: =AI95*BB95 -> 0 | BE95: =AJ95*BD95 -> 0 | BG95: =AK95*BF95 -> 0 | BI95: =AL95*BH95 -> 0 | BK95: =AM95*BJ95 -> 0
A96: FY23 | B96: Benson Chen | C96: Darfon | E96: NB | G96: 2021 | H96: VLAD/EUNICE/VLAD6U | I96: BL KB | J96: 17 | K96: Pike Silver | L96: W China | M96: INVENTEC | N96: 13.6 | O96: 13.6 | P96: 13.6 | Q96: 13.6 | R96: 13.6 | S96: 13.6 | T96: 13.6 | U96: 13.6 | V96: 13.6 | W96: 13.6 | X96: 13.6 | Y96: 13.6 | Z96: 13.6 | AA96: 2.5 | AB96: 2.5 | AC96: 2.5 | AD96: 3.5 | AE96: 3.5 | AF96: 3.5 | AG96: 3.5 | AH96: 4 | AI96: 4 | AJ96: 4 | AK96: 4 | AL96: 4 | AM96: 4 | AN96: 6880 | AO96: =AB96*AN96 -> 17200 | AP96: 5160 | AQ96: =AC96*AP96 -> 12900 | AR96: 6880 | AS96: =AD96*AR96 -> 24080 | AT96: 5240 | AU96: =AE96*AT96 -> 18340 | AV96: 7200 | AW96: =AF96*AV96 -> 25200 | AX96: 3480 | AY96: =AG96*AX96 -> 12180 | AZ96: 1040 | BA96: =AH96*AZ96 -> 4160 | BB96: 4240 | BC96: =AI96*BB96 -> 16960 | BD96: 2880 | BE96: =AJ96*BD96 -> 11520 | BF96: 2600 | BG96: =AK96*BF96 -> 10400 | BH96: 6680 | BI96: =AL96*BH96 -> 26720 | BJ96: 80 | BK96: =AM96*BJ96 -> 320
A97: FY23 | B97: Benson Chen | C97: Darfon | E97: NB | G97: 2021 | H97: VLAD/EUNICE/VLAD6U | I97: NBL KB | J97: 17 | K97: Pike Silver | L97: W China | M97: INVENTEC | N97: 6.4 | O97: 6.4 | P97: 6.4 | Q97: 6.4 | R97: 6.4 | S97: 6.4 | T97: 6.4 | U97: 6.4 | V97: 6.4 | W97: 6.4 | X97: 6.4 | Y97: 6.4 | Z97: 6.4 | AA97: 1 | AB97: 1 | AC97: 1 | AD97: 1.4 | AE97: 1.4 | AF97: 1.4 | AG97: 1.4 | AH97: 1.7 | AI97: 1.7 | AJ97: 1.7 | AK97: 1.7 | AL97: 1.7 | AM97: 1.7 | AN97: 6000 | AO97: =AB97*AN97 -> 6000 | AP97: 6520 | AQ97: =AC97*AP97 -> 6520 | AR97: 7177 | AS97: =AD97*AR97 -> 10047.8 | AT97: 13640 | AU97: =AE97*AT97 -> 19096 | AV97: 17040 | AW97: =AF97*AV97 -> 23856 | AX97: 10959 | AY97: =AG97*AX97 -> 15342.6 | AZ97: 17120 | BA97: =AH97*AZ97 -> 29104 | BB97: 15040 | BC97: =AI97*BB97 -> 25568 | BD97: 6160 | BE97: =AJ97*BD97 -> 10472 | BF97: 16120 | BG97: =AK97*BF97 -> 27404 | BH97: 18000 | BI97: =AL97*BH97 -> 30600 | BJ97: 6320 | BK97: =AM97*BJ97 -> 10744
A98: FY23 | B98: Benson Chen | C98: Darfon | E98: NB | G98: 2021 | H98: VLAD/EUNICE/VLAD6U | I98: BL KB | J98: 17 | K98: Soft Grey | L98: W China | M98: INVENTEC | N98: 15.2 | O98: 15.2 | P98: 15.2 | Q98: 15.2 | R98: 15.2 | S98: 15.2 | T98: 15.2 | U98: 15.2 | V98: 15.2 | W98: 15.2 | X98: 15.2 | Y98: 15.2 | Z98: 15.2 | AA98: 0 | AB98: 0 | AC98: 0 | AD98: 3.5 | AE98: 3.5 | AF98: 3.5 | AG98: 3.5 | AH98: 4 | AI98: 4 | AJ98: 4 | AK98: 4 | AL98: 4 | AM98: 4 | AO98: =AB98*AN98 -> 0 | AQ98: =AC98*AP98 -> 0 | AS98: =AD98*AR98 -> 0 | AT98: 1720 | AU98: =AE98*AT98 -> 6020 | AV98: 6159 | AW98: =AF98*AV98 -> 21556.5 | AX98: 9160 | AY98: =AG98*AX98 -> 32060 | AZ98: 11560 | BA98: =AH98*AZ98 -> 46240 | BB98: 15280 | BC98: =AI98*BB98 -> 61120 | BD98: 4800 | BE98: =AJ98*BD98 -> 19200 | BF98: 20960 | BG98: =AK98*BF98 -> 83840 | BH98: 22240 | BI98: =AL98*BH98 -> 88960 | BJ98: 11638 | BK98: =AM98*BJ98 -> 46552
A99: FY23 | B99: Benson Chen | C99: Darfon | E99: NB | G99: 2021 | H99: VLAD/EUNICE/VLAD6U | I99: NBL KB | J99: 17 | K99: Soft Grey | L99: W China | M99: INVENTEC | N99: 4.4 | O99: 4.4 | P99: 4.4 | Q99: 4.4 | R99: 4.4 | S99: 4.4 | T99: 4.4 | U99: 4.4 | V99: 4.4 | W99: 4.4 | X99: 4.4 | Y99: 4.4 | Z99: 4.4 | AA99: 0 | AB99: 0 | AC99: 0 | AD99: 0.7 | AE99: 0.7 | AF99: 0.7 | AG99: 0.7 | AH99: 1 | AI99: 1 | AJ99: 1 | AK99: 1 | AL99: 1 | AM99: 1 | AO99: =AB99*AN99 -> 0 | AQ99: =AC99*AP99 -> 0 | AS99: =AD99*AR99 -> 0 | AT99: 2400 | AU99: =AE99*AT99 -> 1680 | AV99: 30919 | AW99: =AF99*AV99 -> 21643.3 | AX99: 7120 | AY99: =AG99*AX99 -> 4984 | AZ99: 20360 | BA99: =AH99*AZ99 -> 20360 | BB99: 22760 | BC99: =AI99*BB99 -> 22760 | BD99: 20240 | BE99: =AJ99*BD99 -> 20240 | BF99: 21480 | BG99: =AK99*BF99 -> 21480 | BH99: 40640 | BI99: =AL99*BH99 -> 40640 | BJ99: 14320 | BK99: =AM99*BJ99 -> 14320
A100: FY23 | B100: Benson Chen | C100: Darfon | E100: NB | G100: 2023 | H100: Hokie/Rames | I100: NBL KB | J100: 14 | K100: Jack Black | L100: W China | M100: INVENTEC | N100: 4.9 | O100: 4.9 | P100: 4.9 | Q100: 4.9 | R100: 4.9 | S100: 4.9 | T100: 4.9 | U100: 4.9 | V100: 4.9 | W100: 4.9 | X100: 4.9 | Y100: 4.9 | Z100: 4.9 | AA100: 0 | AB100: 0 | AC100: 0 | AD100: 0 | AE100: 0.5 | AF100: 0.5 | AG100: 0.5 | AH100: 0.5 | AI100: 0.5 | AJ100: 0.5 | AK100: 0.5 | AL100: 0.5 | AM100: 0.5 | AO100: =AB100*AN100 -> 0 | AQ100: =AC100*AP100 -> 0 | AS100: =AD100*AR100 -> 0 | AT100: 1680 | AU100: =AE100*AT100 -> 840 | AV100: 3719 | AW100: =AF100*AV100 -> 1859.5 | AX100: 720 | AY100: =AG100*AX100 -> 360 | AZ100: 3000 | BA100: =AH100*AZ100 -> 1500 | BB100: 3440 | BC100: =AI100*BB100 -> 1720 | BD100: 1440 | BE100: =AJ100*BD100 -> 720 | BF100: 2160 | BG100: =AK100*BF100 -> 1080 | BH100: 4800 | BI100: =AL100*BH100 -> 2400 | BJ100: 1070 | BK100: =AM100*BJ100 -> 535
...

Sheet FY24 Summary_1
B3: Supplier's name | C3: 2023 11 | D3: 2023 12 | E3: 2024 01 | F3: Total Q1
B4: Rebate amount | C4: =SUM('FY24'!AP1) -> 632724.29 | D4: =SUM('FY24'!AR1) -> 1177587 | E4: =SUM('FY24'!AT1) -> 780271.42 | F4: =SUM(C4:E4) -> 2590582.7
B5: E&O reduction | C5: 0 | D5: 4611.43 | E5: 8106.08 | F5: =SUM(C5:E5) -> 12717.51
B6: Complexity reduction | C6: 0 | D6: 0 | E6: 0 | F6: =SUM(C6:E6) -> 0 | H6: 1. 新增Summary_1, 原先的Summary重新命名為Summary_2
B7: Total amount | C7: =SUM(C4:C6) -> 632724.29 | D7: =SUM(D4:D6) -> 1182198.4 | E7: =SUM(E4:E6) -> 788377.5 | F7: =SUM(F4:F6) -> 2603300.2
H8: 2.黃色部位為貴司名稱, 請整份報告都跟檔名貴司名稱撰寫方式一致
B10: Supplier's name | C10: 2024 02 | D10: 2024 03 | E10: 2024 04 | F10: Total Q2 | H10: 3. 這些欄位一定要固定, B3-B28, C3-C28, D3-D28, E3-E28, F3-F28都有賦予定義
B11: Rebate amount | C11: =SUM('FY24'!AV1) -> 721055.04 | D11: =SUM('FY24'!AX1) -> 1269953.2 | E11: =SUM('FY24'!AZ1) -> 1100883.6 | F11: =SUM(C11:E11) -> 3091891.8
B12: E&O reduction | C12: 0 | D12: 0 | E12: 0 | F12: =SUM(C12:E12) -> 0 | H12: 4. Rebate amount 指得是summary_2的page金額 (就是我們一直以來收集的金額)
B13: Complexity reduction | C13: 0 | D13: 0 | E13: 0 | F13: =SUM(C13:E13) -> 0
B14: Total amount | C14: =SUM(C11:C13) -> 721055.04 | D14: =SUM(D11:D13) -> 1269953.2 | E14: =SUM(E11:E13) -> 1100883.6 | F14: =SUM(F11:F13) -> 3091891.8 | H14: 5. 新增 E&O reduction 及complexity reduction品項, 先留足空間
H15: 若目前還未有此款項存在都先填0
B17: Supplier's name | C17: 2024 05 | D17: 2024 06 | E17: 2024 07 | F17: Total Q3 | H17: 6. 金額都放未經調整後的真實數字, 分析才具意義
B18: Rebate amount | C18: =SUM('FY24'!BB1) -> 1454500.9 | D18: =SUM('FY24'!BD1) -> 1487747.3 | E18: =SUM('FY24'!BF1) -> 1179453.1 | F18: =SUM(C18:E18) -> 4121701.3
B19: E&O reduction | C19: 0 | D19: 0 | E19: 130797.29 | F19: =SUM(C19:E19) -> 130797.29
B20: Complexity reduction | C20: 0 | D20: 0 | E20: 0 | F20: =SUM(C20:E20) -> 0
B21: Total amount | C21: =SUM(C18:C20) -> 1454500.9 | D21: =SUM(D18:D20) -> 1487747.3 | E21: =SUM(E18:E20) -> 1310250.3 | F21: =SUM(F18:F20) -> 4252498.6
B24: Supplier's name | C24: 2024 08 | D24: 2024 09 | E24: 2024 10 | F24: Total Q4
B25: Rebate amount | C25: =SUM('FY24'!BH1) -> 1424994.8 | D25: =SUM('FY24'!BJ1) -> 1735007.2 | E25: =SUM('FY24'!BL1) -> 1374350.6 | F25: =SUM(C25:E25) -> 4534352.7
B26: E&O reduction | C26: 0 | D26: 0 | E26: 0 | F26: =SUM(C26:E26) -> 0
B27: Complexity reduction | C27: 0 | D27: 0 | E27: 0 | F27: =SUM(C27:E27) -> 0
B28: Total amount | C28: =SUM(C25:C27) -> 1424994.8 | D28: =SUM(D25:D27) -> 1735007.2 | E28: =SUM(E25:E27) -> 1374350.6 | F28: =SUM(F25:F27) -> 4534352.7

Sheet FY24 Summary_2
B3: Q1 Actual by Segment
C4: Segment | D4: 45231 | E4: 45261 | F4: 45292 | G4: Total Rebate in Q1 2024 (US$)
B5: CMIT Input Devices | C5: 200 series (6U) | D5: =SUM('FY24'!AP$149:AP$193)*0.25 -> 73703.9 | E5: =SUM('FY24'!AR149:AR193)*0.25 -> 72614.775 | F5: =SUM('FY24'!AT149:AT193)*0.25 -> 64714.575 | G5: =SUM(D5:F5) -> 211033.25
C6: 400 /600 series (S/B) | D6: =SUM('FY24'!AP$6:AP$13) -> 0 | E6: =SUM('FY24'!AR6:AR13) -> 0 | F6: =SUM('FY24'!AT6:AT13) -> 0 | G6: =SUM(D6:F6) -> 0
C7: 800 series (P) | D7: =SUM('FY24'!AP$14:AP$24) -> 0 | E7: =SUM('FY24'!AR14:AR24) -> 0 | F7: =SUM('FY24'!AT14:AT24) -> 0 | G7: =SUM(D7:F7) -> 0
C8: 1000 series (M | D8: =SUM('FY24'!AP$25:AP$28) -> 0 | E8: =SUM('FY24'!AR25:AR28) -> 0 | F8: =SUM('FY24'!AT25:AT28) -> 0 | G8: =SUM(D8:F8) -> 0
C9: MWS (Workstation) | D9: =SUM('FY24'!AP$33:AP$34) -> 0 | E9: =SUM('FY24'!AR33:AR34) -> 0 | F9: =SUM('FY24'!AT33:AT34) -> 0 | G9: =SUM(D9:F9) -> 0
C10: Soft Keyboard | D10: =SUM('FY24'!AP$35:AP$38) -> 0 | E10: =SUM('FY24'!AR35:AR38) -> 0 | F10: =SUM('FY24'!AT35:AT38) -> 0 | G10: =SUM(D10:F10) -> 0
C11: Chrome Book | D11: =SUM('FY24'!AP$39:AP$52)*0.7 -> 8512 | E11: =SUM('FY24'!AR39:AR52)*0.7 -> 43094.1 | F11: =SUM('FY24'!AT39:AT52)*0.7 -> 22919.4 | G11: =SUM(D11:F11) -> 74525.5
C12: Clickpad | D12: =SUM('FY24'!AP$29:AP$30) -> 0 | E12: =SUM('FY24'!AR29:AR30) -> 0 | F12: =SUM('FY24'!AT29:AT30) -> 0 | G12: =SUM(D12:F12) -> 0
C13: Education | D13: =SUM('FY24'!AP$31:AP$32) -> 10450.22 | E13: =SUM('FY24'!AR31:AR32) -> 5550.4 | F13: =SUM('FY24'!AT31:AT32) -> 19585.6 | G13: =SUM(D13:F13) -> 35586.22
C14: Peripherals/AMO | G14: =SUM(D14:F14) -> 0
C15: Desktop | D15: =SUM('FY24'!AP$53:AP$61) -> 34155.08 | E15: =SUM('FY24'!AR53:AR61) -> 42030.76 | F15: =SUM('FY24'!AT53:AT61) -> 19579.38 | G15: =SUM(D15:F15) -> 95765.22
B16: Consumer Input Devices | C16: OPP | D16: =SUM('FY24'!AP$149:AP$193)*0.75+SUM('FY24'!AP62:AP76) -> 337364.59 | E16: =SUM('FY24'!AR149:AR193)*0.75+SUM('FY24'!AR62:AR76) -> 587172.04 | F16: =SUM('FY24'!AT149:AT193)*0.75+SUM('FY24'!AT62:AT76) -> 306257.72 | G16: =SUM(D16:F16) -> 1230794.4
C17: Chrome Book | D17: =SUM('FY24'!AP$39:AP$52)*0.3 -> 3648 | E17: =SUM('FY24'!AR39:AR52)*0.3 -> 18468.9 | F17: =SUM('FY24'!AT39:AT52)*0.3 -> 9822.6 | G17: =SUM(D17:F17) -> 31939.5
C18: Pavillion | D18: =SUM('FY24'!AP$86:AP$105) -> 61540 | E18: =SUM('FY24'!AR86:AR105) -> 214380 | F18: =SUM('FY24'!AT86:AT105) -> 120854 | G18: =SUM(D18:F18) -> 396774
C19: Spectre | D19: =SUM('FY24'!AP$106:AP$108) -> 0 | E19: =SUM('FY24'!AR106:AR108) -> 0 | F19: =SUM('FY24'!AT106:AT108) -> 13088.4 | G19: =SUM(D19:F19) -> 13088.4
C20: Envy | D20: =SUM('FY24'!AP$109:AP$116) -> 49680 | E20: =SUM('FY24'!AR109:AR116) -> 92880 | F20: =SUM('FY24'!AT109:AT116) -> 59295 | G20: =SUM(D20:F20) -> 201855
C21: Stream | D21: =SUM('FY24'!AP$117:AP$118) -> 9296 | E21: =SUM('FY24'!AR117:AR118) -> 3332 | F21: =SUM('FY24'!AT117:AT118) -> 4676 | G21: =SUM(D21:F21) -> 17304
C22: Omen | D22: =SUM('FY24'!AP$119:AP$130) -> 44374.5 | E22: =SUM('FY24'!AR119:AR130) -> 98064 | F22: =SUM('FY24'!AT119:AT130) -> 139258 | G22: =SUM(D22:F22) -> 281696.5
C23: Peripherals/AMO | D23: =SUM('FY24'!AP138:AP148) -> 0 | E23: =SUM('FY24'!AR138:AR148) -> 0 | F23: =SUM('FY24'!AT138:AT148) -> 220.74 | G23: =SUM(D23:F23) -> 220.74
C24: Desktop | D24: =SUM('FY24'!AP$131:AP$137) -> 0 | E24: =SUM('FY24'!AR131:AR137) -> 0 | F24: =SUM('FY24'!AT131:AT137) -> 0 | G24: =SUM(D24:F24) -> 0
G25: =SUM(G5:G24) -> 2590582.7
B27: Q1 Actual by Segment
C28: Supplier | D28: 45231 | E28: 45261 | F28: 45292 | G28: Total Rebate in Q1 2024 (US$)
B29: Input Devices | C29: Acrox
C30: Chicony
C31: Darfon | D31: =SUM(D5:D24) -> 632724.29 | E31: =SUM(E5:E24) -> 1177587 | F31: =SUM(F5:F24) -> 780271.42 | G31: =SUM(D31:F31) -> 2590582.7
C32: Liteon
C33: Primax
C34: Sunrex
F35: Total Rebate Amount | G35: =SUM(G29:G34) -> 2590582.7
B38: Q2 Actual by Segment
C39: Segment | D39: 45323 | E39: 45352 | F39: 45383 | G39: Total Rebate in Q2 2024 (US$)
B40: CMIT Input Devices | C40: 200 series (6U) | D40: =SUM('FY24'!AV$149:AV$193)*0.25 -> 62797.335 | E40: =SUM('FY24'!AX$149:AX$193)*0.25 -> 69902.598 | F40: =SUM('FY24'!AZ$149:AZ$193)*0.25 -> 70753.725 | G40: =SUM(D40:F40) -> 203453.66
C41: 400 /600 series (S/B) | D41: =SUM('FY24'!AV$6:AV$13) -> 0 | E41: =SUM('FY24'!AX$6:AX$13) -> 0 | F41: =SUM('FY24'!AZ$6:AZ$13) -> 91014.8 | G41: =SUM(D41:F41) -> 91014.8
C42: 800 series (P) | D42: =SUM('FY24'!AV$14:AV$24) -> 0 | E42: =SUM('FY24'!AX$14:AX$24) -> 0 | F42: =SUM('FY24'!AZ$14:AZ$24) -> 0 | G42: =SUM(D42:F42) -> 0
C43: 1000 series (M | D43: =SUM('FY24'!AV$25:AV$28) -> 0 | E43: =SUM('FY24'!AX$25:AX$28) -> 0 | F43: =SUM('FY24'!AZ$25:AZ$28) -> 0 | G43: =SUM(D43:F43) -> 0
C44: MWS (Workstation) | D44: =SUM('FY24'!AV$33:AV$34) -> 0 | E44: =SUM('FY24'!AX$33:AX$34) -> 0 | F44: =SUM('FY24'!AZ$33:AZ$34) -> 0 | G44: =SUM(D44:F44) -> 0
C45: Soft Keyboard | D45: =SUM('FY24'!AV$35:AV$38) -> 0 | E45: =SUM('FY24'!AX$35:AX$38) -> 0 | F45: =SUM('FY24'!AZ$35:AZ$38) -> 0 | G45: =SUM(D45:F45) -> 0
C46: Chrome Book | D46: =SUM('FY24'!AV$39:AV$52)*0.7 -> 33712.7 | E46: =SUM('FY24'!AX$39:AX$52)*0.7 -> 112956.76 | F46: =SUM('FY24'!AZ$39:AZ$52)*0.7 -> 101041.57 | G46: =SUM(D46:F46) -> 247711.03
C47: Clickpad | D47: =SUM('FY24'!AV$29:AV$30) -> 0 | E47: =SUM('FY24'!AX$29:AX$30) -> 0 | F47: =SUM('FY24'!AZ$29:AZ$30) -> 0 | G47: =SUM(D47:F47) -> 0
C48: Education | D48: =SUM('FY24'!AV$31:AV$32) -> 19127.2 | E48: =SUM('FY24'!AX$31:AX$32) -> 49735.88 | F48: =SUM('FY24'!AZ$31:AZ$32) -> 42740 | G48: =SUM(D48:F48) -> 111603.08
C49: Peripherals/AMO | G49: =SUM(D49:F49) -> 0
C50: Desktop | D50: =SUM('FY24'!AV$53:AV$61) -> 17017.12 | E50: =SUM('FY24'!AX$53:AX$61) -> 56578.46 | F50: =SUM('FY24'!AZ$53:AZ$61) -> 50500.56 | G50: =SUM(D50:F50) -> 124096.14
B51: Consumer Input Devices | C51: OPP | D51: =SUM('FY24'!AV$149:AV$193)*0.75+SUM('FY24'!AV62:AV76) -> 261764.09 | E51: =SUM('FY24'!AX$149:AX$193)*0.75+SUM('FY24'!AX62:AX76) -> 404355.95 | F51: =SUM('FY24'!AZ$149:AZ$193)*0.75+SUM('FY24'!AZ62:AZ76) -> 275614.4 | G51: =SUM(D51:F51) -> 941734.43
C52: Chrome Book | D52: =SUM('FY24'!AV$39:AV$52)*0.3 -> 14448.3 | E52: =SUM('FY24'!AX$39:AX$52)*0.3 -> 48410.04 | F52: =SUM('FY24'!AZ$39:AZ$52)*0.3 -> 43303.53 | G52: =SUM(D52:F52) -> 106161.87
C53: Pavillion | D53: =SUM('FY24'!AV$86:AV$105) -> 128930 | E53: =SUM('FY24'!AX$86:AX$105) -> 263787 | F53: =SUM('FY24'!AZ$86:AZ$105) -> 216281 | G53: =SUM(D53:F53) -> 608998
C54: Spectre | D54: =SUM('FY24'!AV$106:AV$108) -> 33500 | E54: =SUM('FY24'!AX$106:AX$108) -> 42368 | F54: =SUM('FY24'!AZ$106:AZ$108) -> 66671.7 | G54: =SUM(D54:F54) -> 142539.7
C55: Envy | D55: =SUM('FY24'!AV$109:AV$116) -> 72120 | E55: =SUM('FY24'!AX$109:AX$116) -> 112569 | F55: =SUM('FY24'!AZ$109:AZ$116) -> 52962 | G55: =SUM(D55:F55) -> 237651
C56: Stream | D56: =SUM('FY24'!AV$117:AV$118) -> 3696 | E56: =SUM('FY24'!AX$117:AX$118) -> 11508 | F56: =SUM('FY24'!AZ$117:AZ$118) -> 1512 | G56: =SUM(D56:F56) -> 16716
C57: Omen | D57: =SUM('FY24'!AV$119:AV$130) -> 73942.3 | E57: =SUM('FY24'!AX$119:AX$130) -> 97781.5 | F57: =SUM('FY24'!AZ$119:AZ$130) -> 88442.2 | G57: =SUM(D57:F57) -> 260166
C58: Peripherals/AMO | D58: =SUM('FY24'!AV138:AV148) -> 0 | E58: =SUM('FY24'!AX138:AX148) -> 0 | F58: =SUM('FY24'!AZ138:AZ148) -> 46.08 | G58: =SUM(D58:F58) -> 46.08
C59: Desktop | D59: =SUM('FY24'!AV$131:AV$137) -> 0 | E59: =SUM('FY24'!AX$131:AX$137) -> 0 | F59: =SUM('FY24'!AZ$131:AZ$137) -> 0 | G59: =SUM(D59:F59) -> 0
G60: =SUM(G40:G59) -> 3091891.8
B62: Q2 Actual by Segment
C63: Supplier | D63: 45323 | E63: 45352 | F63: 45383 | G63: Total Rebate in Q2 2024 (US$)
B64: Input Devices | C64: Acrox
B65: Input Devices | C65: Chicony
C66: Darfon | D66: =SUM(D40:D59) -> 721055.04 | E66: =SUM(E40:E59) -> 1269953.2 | F66: =SUM(F40:F59) -> 1100883.6 | G66: =SUM(D66:F66) -> 3091891.8
C67: Liteon
C68: Primax
C69: Sunrex
F70: Total Rebate Amount | G70: =SUM(G64:G69) -> 3091891.8
B73: Q3 Actual by Segment
C74: Segment | D74: 45413 | E74: 45444 | F74: 45474 | G74: Total Rebate in Q3 2024 (US$)
B75: CMIT Input Devices | C75: 200 series (6U) | D75: =SUM('FY24'!BB$149:BB$193)*0.25 -> 104622.17 | E75: =SUM('FY24'!BD$149:BD$193)*0.25 -> 131900.15 | F75: =SUM('FY24'!BF$149:BF$193)*0.25 -> 101335.93 | G75: =SUM(D75:F75) -> 337858.25
C76: 400 /600 series (S/B) | D76: =SUM('FY24'!BB$6:BB$13) -> 157347.2 | E76: =SUM('FY24'!BD$6:BD$13) -> 260148.8 | F76: =SUM('FY24'!BF$6:BF$13) -> 110144 | G76: =SUM(D76:F76) -> 527640
C77: 800 series (P) | D77: =SUM('FY24'!BB$14:BB$24) -> 0 | E77: =SUM('FY24'!BD$14:BD$24) -> 0 | F77: =SUM('FY24'!BF$14:BF$24) -> 0 | G77: =SUM(D77:F77) -> 0
C78: 1000 series (M | D78: =SUM('FY24'!BB$25:BB$28) -> 14407.2 | E78: =SUM('FY24'!BD$25:BD$28) -> 30224.07 | F78: =SUM('FY24'!BF$25:BF$28) -> 21101.58 | G78: =SUM(D78:F78) -> 65732.85
C79: MWS (Workstation) | D79: =SUM('FY24'!BB$33:BB$34) -> 0 | E79: =SUM('FY24'!BD$33:BD$34) -> 0 | F79: =SUM('FY24'!BF$33:BF$34) -> 0 | G79: =SUM(D79:F79) -> 0
C80: Soft Keyboard | D80: =SUM('FY24'!BB$35:BB$38) -> 0 | E80: =SUM('FY24'!BD$35:BD$38) -> 0 | F80: =SUM('FY24'!BF$35:BF$38) -> 0 | G80: =SUM(D80:F80) -> 0
C81: Chrome Book | D81: =SUM('FY24'!BB$39:BB$52)*0.7 -> 127358 | E81: =SUM('FY24'!BD$39:BD$52)*0.7 -> 43486.8 | F81: =SUM('FY24'!BF$39:BF$52)*0.7 -> 45146.36 | G81: =SUM(D81:F81) -> 215991.16
C82: Clickpad | D82: =SUM('FY24'!BB$29:BB$30) -> 0 | E82: =SUM('FY24'!BD$29:BD$30) -> 0 | F82: =SUM('FY24'!BF$29:BF$30) -> 0 | G82: =SUM(D82:F82) -> 0
C83: Education | D83: =SUM('FY24'!BB$31:BB$32) -> 53202.4 | E83: =SUM('FY24'!BD$31:BD$32) -> 20046.88 | F83: =SUM('FY24'!BF$31:BF$32) -> 36675.2 | G83: =SUM(D83:F83) -> 109924.48
C84: Peripherals/AMO | G84: =SUM(D84:F84) -> 0
C85: Desktop | D85: =SUM('FY24'!BB$53:BB$61) -> 194997.74 | E85: =SUM('FY24'!BD$53:BD$61) -> 177761.04 | F85: =SUM('FY24'!BF$53:BF$61) -> 151030.32 | G85: =SUM(D85:F85) -> 523789.1
B86: Consumer Input Devices | C86: OPP | D86: =SUM('FY24'!BB$149:BB$193)*0.75+SUM('FY24'!BB62:BB76) -> 391963.52 | E86: =SUM('FY24'!BD$149:BD$193)*0.75+SUM('FY24'!BD62:BD76) -> 436929.45 | F86: =SUM('FY24'!BF$149:BF$193)*0.75+SUM('FY24'!BF62:BF76) -> 356931.88 | G86: =SUM(D86:F86) -> 1185824.8
C87: Chrome Book | D87: =SUM('FY24'!BB$39:BB$52)*0.3 -> 54582 | E87: =SUM('FY24'!BD$39:BD$52)*0.3 -> 18637.2 | F87: =SUM('FY24'!BF$39:BF$52)*0.3 -> 19348.44 | G87: =SUM(D87:F87) -> 92567.64
C88: Pavillion | D88: =SUM('FY24'!BB$86:BB$105) -> 171965.2 | E88: =SUM('FY24'!BD$86:BD$105) -> 152104 | F88: =SUM('FY24'!BF$86:BF$105) -> 131987.7 | G88: =SUM(D88:F88) -> 456056.9
C89: Spectre | D89: =SUM('FY24'!BB$106:BB$108) -> 37288 | E89: =SUM('FY24'!BD$106:BD$108) -> 41540 | F89: =SUM('FY24'!BF$106:BF$108) -> 50212 | G89: =SUM(D89:F89) -> 129040
C90: Envy | D90: =SUM('FY24'!BB$109:BB$116) -> 29632 | E90: =SUM('FY24'!BD$109:BD$116) -> 26376 | F90: =SUM('FY24'!BF$109:BF$116) -> 20166 | G90: =SUM(D90:F90) -> 76174
C91: Stream | D91: =SUM('FY24'!BB$117:BB$118) -> 0 | E91: =SUM('FY24'!BD$117:BD$118) -> 0 | F91: =SUM('FY24'!BF$117:BF$118) -> 0 | G91: =SUM(D91:F91) -> 0
C92: Omen | D92: =SUM('FY24'!BB$119:BB$130) -> 117062.65 | E92: =SUM('FY24'!BD$119:BD$130) -> 148005.4 | F92: =SUM('FY24'!BF$119:BF$130) -> 135166.3 | G92: =SUM(D92:F92) -> 400234.35
C93: Peripherals/AMO | D93: =SUM('FY24'!BB138:BB148) -> 72.84 | E93: =SUM('FY24'!BD138:BD148) -> 587.52 | F93: =SUM('FY24'!BF138:BF148) -> 207.36 | G93: =SUM(D93:F93) -> 867.72
C94: Desktop | D94: =SUM('FY24'!BB$131:BB$137) -> 0 | E94: =SUM('FY24'!BD$131:BD$137) -> 0 | F94: =SUM('FY24'!BF$131:BF$137) -> 0 | G94: =SUM(D94:F94) -> 0
G95: =SUM(G75:G94) -> 4121701.3
B97: Q3 Actual by Segment
C98: Supplier | D98: 45413 | E98: 45444 | F98: 45474 | G98: Total Rebate in Q3 2024 (US$)
B99: Input Devices | C99: Acrox
C100: Chicony
C101: Darfon | D101: =SUM(D75:D94) -> 1454500.9 | E101: =SUM(E75:E94) -> 1487747.3 | F101: =SUM(F75:F94) -> 1179453.1 | G101: =SUM(D101:F101) -> 4121701.3
C102: Liteon
C103: Primax
C104: Sunrex
F105: Total Rebate Amount | G105: =SUM(G99:G104) -> 4121701.3
B107: Q4 Actual by Segment
C108: Segment | D108: 45505 | E108: 45536 | F108: 45566 | G108: Total Rebate in Q4 2024 (US$)
B109: CMIT Input Devices | C109: 200 series (6U) | D109: =SUM('FY24'!BH$149:BH$193)*0.25 -> 159266.72 | E109: =SUM('FY24'!BJ$149:BJ$193)*0.25 -> 182497.1 | F109: =SUM('FY24'!BL$149:BL$193)*0.25 -> 129219 | G109: =SUM(D109:F109) -> 470982.82
C110: 400 /600 series (S/B) | D110: =SUM('FY24'!BH$6:BH$13) -> 108391.2 | E110: =SUM('FY24'!BJ$6:BJ$13) -> 208328.8 | F110: =SUM('FY24'!BL$6:BL$13) -> 231520.9 | G110: =SUM(D110:F110) -> 548240.9
...

Sheet FY24
D1: Consumer/Commercial/ Peripheral | E1: NB/DT/Peripheral | G1: 2020/2021/2022 | H1: Remove Size/Color, define Platform naming Hagrid/Hedwig/Granger/Ashmore/Ramla (follow naming rule of product list) | I1: NBL KB/BL KB/Mouse /Combo/Clickpad/Others | J1: NA/ | K1: NA/ | L1: (E China/W China/S China/NMC) | M1: COMPAL/ QUANTA /INVENTEC /WISTRON/ FOXCONN/ OTHERS | AP1: =SUM(AP3:AP922) -> 632724.29 | AR1: =SUM(AR3:AR922) -> 1177587 | AT1: =SUM(AT3:AT922) -> 780271.42 | AV1: =SUM(AV3:AV922) -> 721055.04 | AX1: =SUM(AX3:AX922) -> 1269953.2 | AZ1: =SUM(AZ3:AZ922) -> 1100883.6 | BB1: =SUM(BB3:BB922) -> 1454500.9 | BD1: =SUM(BD3:BD922) -> 1487747.3 | BF1: =SUM(BF3:BF922) -> 1179453.1 | BH1: =SUM(BH3:BH922) -> 1424994.8 | BJ1: =SUM(BJ3:BJ922) -> 1735007.2 | BL1: =SUM(BL3:BL922) -> 1374350.6 | BO1: NA/EMEA/APJ
A2: FY24 | B2: SPM (Project Owner) | C2: GTK Suppliers | D2: Category | E2: Segment | F2: Series | G2: Production Year | H2: Platforms | I2: Product | J2: Size | K2: Color | L2: Location | M2: ODM | N2: RFQ Final Cost | O2: The lowest unit table price (ODM cost) | P2: Table Price Nov | Q2: Table Price Dec | R2: Table Price Jan | S2: Table Price Feb | T2: Table Price Mar | U2: Table Price Apr | V2: Table Price May | W2: Table Price Jun | X2: Table Price Jul | Y2: Table Price Aug | Z2: Table Price Sep | AA2: Table Price Oct | AB2: The lowest unit rebate cost | AC2: Unit Rebate Nov | AD2: Unit Rebate Dec | AE2: Unit Rebate Jan | AF2: Unit Rebate Feb | AG2: Unit Rebate Mar | AH2: Unit Rebate Apr | AI2: Unit Rebate May | AJ2: Unit Rebate Jun | AK2: Unit Rebate Jul | AL2: Unit Rebate Aug | AM2: Unit Rebate Sep | AN2: Unit Rebate Oct | AO2: Nov Q'ty | AP2: Nov Rebate Amount | AQ2: Dec Q'ty | AR2: Dec Rebate Amount | AS2: Jan Q'ty | AT2: Jan Rebate Amount | AU2: Feb Q'ty | AV2: Feb Rebate Amount | AW2: Mar Q'ty | AX2: Mar Rebate Amount | AY2: Apr Q'ty | AZ2: Apr Rebate Amount | BA2: May Q'ty | BB2: May Rebate Amount | BC2: Jun Q'ty | BD2: Jun Rebate Amount | BE2: Jul Q'ty | BF2: Jul Rebate Amount | BG2: Aug Q'ty | BH2: Aug Rebate Amount | BI2: Sep Q'ty | BJ2: Sep Rebate Amount | BK2: Oct Q'ty | BL2: Oct Rebate Amount | BM2: Supplier Part# | BN2: Comment | BO2: Region
A3: FY24 | D3: Commercial | F3: 200 | AP3: =AC3*AO3 -> 0 | AR3: =AD3*AQ3 -> 0 | AT3: =AE3*AS3 -> 0 | AV3: =AF3*AU3 -> 0 | AX3: =AG3*AW3 -> 0 | AZ3: =AH3*AY3 -> 0 | BB3: =AI3*BA3 -> 0 | BD3: =AJ3*BC3 -> 0 | BF3: =AK3*BE3 -> 0 | BH3: =AL3*BG3 -> 0 | BJ3: =AM3*BI3 -> 0 | BL3: =AN3*BK3 -> 0
A4: FY24 | AP4: =AC4*AO4 -> 0 | AR4: =AD4*AQ4 -> 0 | AT4: =AE4*AS4 -> 0 | AV4: =AF4*AU4 -> 0 | AX4: =AG4*AW4 -> 0 | AZ4: =AH4*AY4 -> 0 | BB4: =AI4*BA4 -> 0 | BD4: =AJ4*BC4 -> 0 | BF4: =AK4*BE4 -> 0 | BH4: =AL4*BG4 -> 0 | BJ4: =AM4*BI4 -> 0 | BL4: =AN4*BK4 -> 0
A5: FY24 | AP5: =AC5*AO5 -> 0 | AR5: =AD5*AQ5 -> 0 | AT5: =AE5*AS5 -> 0 | AV5: =AF5*AU5 -> 0 | AX5: =AG5*AW5 -> 0 | AZ5: =AH5*AY5 -> 0 | BB5: =AI5*BA5 -> 0 | BD5: =AJ5*BC5 -> 0 | BF5: =AK5*BE5 -> 0 | BH5: =AL5*BG5 -> 0 | BJ5: =AM5*BI5 -> 0 | BL5: =AN5*BK5 -> 0
A6: FY24 | B6: Sandy Lu | C6: Darfon | E6: NB | F6: 400/600 | G6: 2024 | H6: Olaf/Rex | I6: NBL KB | J6: 16 | K6: Soft Grey | L6: W China | M6: Quanta | N6: 3.25 | O6: 4.43 | P6: 4.52 | Q6: 4.52 | R6: 4.52 | S6: 4.52 | T6: 4.52 | U6: 4.52 | V6: 4.43 | W6: 4.43 | X6: 4.43 | Y6: 4.43 | Z6: 4.43 | AA6: 4.43 | AB6: 1.18 | AC6: 1.27 | AD6: 1.27 | AE6: 1.27 | AF6: 1.27 | AG6: 1.27 | AH6: 1.27 | AI6: 1.18 | AJ6: 1.18 | AK6: 1.18 | AL6: 1.18 | AM6: 1.18 | AN6: 1.18 | AP6: =AC6*AO6 -> 0 | AR6: =AD6*AQ6 -> 0 | AT6: =AE6*AS6 -> 0 | AV6: =AF6*AU6 -> 0 | AX6: =AG6*AW6 -> 0 | AY6: 680 | AZ6: =AH6*AY6 -> 863.6 | BA6: 7200 | BB6: =AI6*BA6 -> 8496 | BC6: 10800 | BD6: =AJ6*BC6 -> 12744 | BE6: 4160 | BF6: =AK6*BE6 -> 4908.8 | BG6: 11640 | BH6: =AL6*BG6 -> 13735.2 | BI6: 11240 | BJ6: =AM6*BI6 -> 13263.2 | BK6: 13919 | BL6: =AN6*BK6 -> 16424.42
A7: FY24 | B7: Sandy Lu | C7: Darfon | E7: NB | G7: 2024 | H7: Olaf/Rex | I7: BL KB | J7: 16 | K7: Soft Grey | L7: W China | M7: Quanta | N7: 8.99 | O7: 13.63 | P7: 15.58 | Q7: 15.58 | R7: 15.58 | S7: 15.58 | T7: 15.58 | U7: 15.58 | V7: 13.63 | W7: 13.63 | X7: 13.63 | Y7: 13.63 | Z7: 13.63 | AA7: 13.63 | AB7: 4.64 | AC7: 6.59 | AD7: 6.59 | AE7: 6.59 | AF7: 6.59 | AG7: 6.59 | AH7: 6.59 | AI7: 4.64 | AJ7: 4.64 | AK7: 4.64 | AL7: 4.64 | AM7: 4.64 | AN7: 4.64 | AP7: =AC7*AO7 -> 0 | AR7: =AD7*AQ7 -> 0 | AT7: =AE7*AS7 -> 0 | AV7: =AF7*AU7 -> 0 | AX7: =AG7*AW7 -> 0 | AY7: 13680 | AZ7: =AH7*AY7 -> 90151.2 | BA7: 32080 | BB7: =AI7*BA7 -> 148851.2 | BC7: 53320 | BD7: =AJ7*BC7 -> 247404.8 | BE7: 22680 | BF7: =AK7*BE7 -> 105235.2 | BG7: 20400 | BH7: =AL7*BG7 -> 94656 | BI7: 42040 | BJ7: =AM7*BI7 -> 195065.6 | BK7: 46357 | BL7: =AN7*BK7 -> 215096.48
A8: FY24 | AP8: =AC8*AO8 -> 0 | AR8: =AD8*AQ8 -> 0 | AT8: =AE8*AS8 -> 0 | AV8: =AF8*AU8 -> 0 | AX8: =AG8*AW8 -> 0 | AZ8: =AH8*AY8 -> 0 | BB8: =AI8*BA8 -> 0 | BD8: =AJ8*BC8 -> 0 | BF8: =AK8*BE8 -> 0 | BH8: =AL8*BG8 -> 0 | BJ8: =AM8*BI8 -> 0 | BL8: =AN8*BK8 -> 0
A9: FY24 | AP9: =AC9*AO9 -> 0 | AR9: =AD9*AQ9 -> 0 | AT9: =AE9*AS9 -> 0 | AV9: =AF9*AU9 -> 0 | AX9: =AG9*AW9 -> 0 | AZ9: =AH9*AY9 -> 0 | BB9: =AI9*BA9 -> 0 | BD9: =AJ9*BC9 -> 0 | BF9: =AK9*BE9 -> 0 | BH9: =AL9*BG9 -> 0 | BJ9: =AM9*BI9 -> 0 | BL9: =AN9*BK9 -> 0
A10: FY24 | AP10: =AC10*AO10 -> 0 | AR10: =AD10*AQ10 -> 0 | AT10: =AE10*AS10 -> 0 | AV10: =AF10*AU10 -> 0 | AX10: =AG10*AW10 -> 0 | AZ10: =AH10*AY10 -> 0 | BB10: =AI10*BA10 -> 0 | BD10: =AJ10*BC10 -> 0 | BF10: =AK10*BE10 -> 0 | BH10: =AL10*BG10 -> 0 | BJ10: =AM10*BI10 -> 0 | BL10: =AN10*BK10 -> 0
A11: FY24 | AP11: =AC11*AO11 -> 0 | AR11: =AD11*AQ11 -> 0 | AT11: =AE11*AS11 -> 0 | AV11: =AF11*AU11 -> 0 | AX11: =AG11*AW11 -> 0 | AZ11: =AH11*AY11 -> 0 | BB11: =AI11*BA11 -> 0 | BD11: =AJ11*BC11 -> 0 | BF11: =AK11*BE11 -> 0 | BH11: =AL11*BG11 -> 0 | BJ11: =AM11*BI11 -> 0 | BL11: =AN11*BK11 -> 0
A12: FY24 | AP12: =AC12*AO12 -> 0 | AR12: =AD12*AQ12 -> 0 | AT12: =AE12*AS12 -> 0 | AV12: =AF12*AU12 -> 0 | AX12: =AG12*AW12 -> 0 | AZ12: =AH12*AY12 -> 0 | BB12: =AI12*BA12 -> 0 | BD12: =AJ12*BC12 -> 0 | BF12: =AK12*BE12 -> 0 | BH12: =AL12*BG12 -> 0 | BJ12: =AM12*BI12 -> 0 | BL12: =AN12*BK12 -> 0
A13: FY24 | AP13: =AC13*AO13 -> 0 | AR13: =AD13*AQ13 -> 0 | AT13: =AE13*AS13 -> 0 | AV13: =AF13*AU13 -> 0 | AX13: =AG13*AW13 -> 0 | AZ13: =AH13*AY13 -> 0 | BB13: =AI13*BA13 -> 0 | BD13: =AJ13*BC13 -> 0 | BF13: =AK13*BE13 -> 0 | BH13: =AL13*BG13 -> 0 | BJ13: =AM13*BI13 -> 0 | BL13: =AN13*BK13 -> 0
A14: FY24 | F14: 800 | AP14: =AC14*AO14 -> 0 | AR14: =AD14*AQ14 -> 0 | AT14: =AE14*AS14 -> 0 | AV14: =AF14*AU14 -> 0 | AX14: =AG14*AW14 -> 0 | AZ14: =AH14*AY14 -> 0 | BB14: =AI14*BA14 -> 0 | BD14: =AJ14*BC14 -> 0 | BF14: =AK14*BE14 -> 0 | BH14: =AL14*BG14 -> 0 | BJ14: =AM14*BI14 -> 0 | BL14: =AN14*BK14 -> 0
A15: FY24 | AP15: =AC15*AO15 -> 0 | AR15: =AD15*AQ15 -> 0 | AT15: =AE15*AS15 -> 0 | AV15: =AF15*AU15 -> 0 | AX15: =AG15*AW15 -> 0 | AZ15: =AH15*AY15 -> 0 | BB15: =AI15*BA15 -> 0 | BD15: =AJ15*BC15 -> 0 | BF15: =AK15*BE15 -> 0 | BH15: =AL15*BG15 -> 0 | BJ15: =AM15*BI15 -> 0 | BL15: =AN15*BK15 -> 0
A16: FY24 | AP16: =AC16*AO16 -> 0 | AR16: =AD16*AQ16 -> 0 | AT16: =AE16*AS16 -> 0 | AV16: =AF16*AU16 -> 0 | AX16: =AG16*AW16 -> 0 | AZ16: =AH16*AY16 -> 0 | BB16: =AI16*BA16 -> 0 | BD16: =AJ16*BC16 -> 0 | BF16: =AK16*BE16 -> 0 | BH16: =AL16*BG16 -> 0 | BJ16: =AM16*BI16 -> 0 | BL16: =AN16*BK16 -> 0
A17: FY24 | AP17: =AC17*AO17 -> 0 | AR17: =AD17*AQ17 -> 0 | AT17: =AE17*AS17 -> 0 | AV17: =AF17*AU17 -> 0 | AX17: =AG17*AW17 -> 0 | AZ17: =AH17*AY17 -> 0 | BB17: =AI17*BA17 -> 0 | BD17: =AJ17*BC17 -> 0 | BF17: =AK17*BE17 -> 0 | BH17: =AL17*BG17 -> 0 | BJ17: =AM17*BI17 -> 0 | BL17: =AN17*BK17 -> 0
A18: FY24 | AP18: =AC18*AO18 -> 0 | AR18: =AD18*AQ18 -> 0 | AT18: =AE18*AS18 -> 0 | AV18: =AF18*AU18 -> 0 | AX18: =AG18*AW18 -> 0 | AZ18: =AH18*AY18 -> 0 | BB18: =AI18*BA18 -> 0 | BD18: =AJ18*BC18 -> 0 | BF18: =AK18*BE18 -> 0 | BH18: =AL18*BG18 -> 0 | BJ18: =AM18*BI18 -> 0 | BL18: =AN18*BK18 -> 0
A19: FY24 | AP19: =AC19*AO19 -> 0 | AR19: =AD19*AQ19 -> 0 | AT19: =AE19*AS19 -> 0 | AV19: =AF19*AU19 -> 0 | AX19: =AG19*AW19 -> 0 | AZ19: =AH19*AY19 -> 0 | BB19: =AI19*BA19 -> 0 | BD19: =AJ19*BC19 -> 0 | BF19: =AK19*BE19 -> 0 | BH19: =AL19*BG19 -> 0 | BJ19: =AM19*BI19 -> 0 | BL19: =AN19*BK19 -> 0
A20: FY24 | AP20: =AC20*AO20 -> 0 | AR20: =AD20*AQ20 -> 0 | AT20: =AE20*AS20 -> 0 | AV20: =AF20*AU20 -> 0 | AX20: =AG20*AW20 -> 0 | AZ20: =AH20*AY20 -> 0 | BB20: =AI20*BA20 -> 0 | BD20: =AJ20*BC20 -> 0 | BF20: =AK20*BE20 -> 0 | BH20: =AL20*BG20 -> 0 | BJ20: =AM20*BI20 -> 0 | BL20: =AN20*BK20 -> 0
A21: FY24 | AP21: =AC21*AO21 -> 0 | AR21: =AD21*AQ21 -> 0 | AT21: =AE21*AS21 -> 0 | AV21: =AF21*AU21 -> 0 | AX21: =AG21*AW21 -> 0 | AZ21: =AH21*AY21 -> 0 | BB21: =AI21*BA21 -> 0 | BD21: =AJ21*BC21 -> 0 | BF21: =AK21*BE21 -> 0 | BH21: =AL21*BG21 -> 0 | BJ21: =AM21*BI21 -> 0 | BL21: =AN21*BK21 -> 0
A22: FY24 | AP22: =AC22*AO22 -> 0 | AR22: =AD22*AQ22 -> 0 | AT22: =AE22*AS22 -> 0 | AV22: =AF22*AU22 -> 0 | AX22: =AG22*AW22 -> 0 | AZ22: =AH22*AY22 -> 0 | BB22: =AI22*BA22 -> 0 | BD22: =AJ22*BC22 -> 0 | BF22: =AK22*BE22 -> 0 | BH22: =AL22*BG22 -> 0 | BJ22: =AM22*BI22 -> 0 | BL22: =AN22*BK22 -> 0
A23: FY24 | AP23: =AC23*AO23 -> 0 | AR23: =AD23*AQ23 -> 0 | AT23: =AE23*AS23 -> 0 | AV23: =AF23*AU23 -> 0 | AX23: =AG23*AW23 -> 0 | AZ23: =AH23*AY23 -> 0 | BB23: =AI23*BA23 -> 0 | BD23: =AJ23*BC23 -> 0 | BF23: =AK23*BE23 -> 0 | BH23: =AL23*BG23 -> 0 | BJ23: =AM23*BI23 -> 0 | BL23: =AN23*BK23 -> 0
A24: FY24 | AP24: =AC24*AO24 -> 0 | AR24: =AD24*AQ24 -> 0 | AT24: =AE24*AS24 -> 0 | AV24: =AF24*AU24 -> 0 | AX24: =AG24*AW24 -> 0 | AZ24: =AH24*AY24 -> 0 | BB24: =AI24*BA24 -> 0 | BD24: =AJ24*BC24 -> 0 | BF24: =AK24*BE24 -> 0 | BH24: =AL24*BG24 -> 0 | BJ24: =AM24*BI24 -> 0 | BL24: =AN24*BK24 -> 0
A25: FY24 | B25: Sandy Lu | C25: Darfon | F25: 1000 | G25: 2024 | H25: Ernesto | I25: BL KB | J25: 14 | K25: Soft Grey | L25: W China | M25: INVENTEC | N25: 9.45 | O25: 15.66 | P25: 15.66 | Q25: 15.66 | R25: 15.66 | S25: 15.66 | T25: 15.66 | U25: 15.66 | V25: 15.66 | W25: 15.66 | X25: 15.66 | Y25: 15.66 | Z25: 15.66 | AA25: 15.66 | AB25: 6.21 | AC25: 6.21 | AD25: 6.21 | AE25: 6.21 | AF25: 6.21 | AG25: 6.21 | AH25: 6.21 | AI25: 6.21 | AJ25: 6.21 | AK25: 6.21 | AL25: 6.21 | AM25: 6.21 | AN25: 6.21 | AP25: =AC25*AO25 -> 0 | AR25: =AD25*AQ25 -> 0 | AT25: =AE25*AS25 -> 0 | AV25: =AF25*AU25 -> 0 | AX25: =AG25*AW25 -> 0 | AZ25: =AH25*AY25 -> 0 | BA25: 2320 | BB25: =AI25*BA25 -> 14407.2 | BC25: 4867 | BD25: =AJ25*BC25 -> 30224.07 | BE25: 3398 | BF25: =AK25*BE25 -> 21101.58 | BG25: 5080 | BH25: =AL25*BG25 -> 31546.8 | BI25: 10092 | BJ25: =AM25*BI25 -> 62671.32 | BK25: 11710 | BL25: =AN25*BK25 -> 72719.1
A26: FY24 | AP26: =AC26*AO26 -> 0 | AR26: =AD26*AQ26 -> 0 | AT26: =AE26*AS26 -> 0 | AV26: =AF26*AU26 -> 0 | AX26: =AG26*AW26 -> 0 | AZ26: =AH26*AY26 -> 0 | BB26: =AI26*BA26 -> 0 | BD26: =AJ26*BC26 -> 0 | BF26: =AK26*BE26 -> 0 | BH26: =AL26*BG26 -> 0 | BJ26: =AM26*BI26 -> 0 | BL26: =AN26*BK26 -> 0
A27: FY24 | AP27: =AC27*AO27 -> 0 | AR27: =AD27*AQ27 -> 0 | AT27: =AE27*AS27 -> 0 | AV27: =AF27*AU27 -> 0 | AX27: =AG27*AW27 -> 0 | AZ27: =AH27*AY27 -> 0 | BB27: =AI27*BA27 -> 0 | BD27: =AJ27*BC27 -> 0 | BF27: =AK27*BE27 -> 0 | BH27: =AL27*BG27 -> 0 | BJ27: =AM27*BI27 -> 0 | BL27: =AN27*BK27 -> 0
A28: FY24 | AP28: =AC28*AO28 -> 0 | AR28: =AD28*AQ28 -> 0 | AT28: =AE28*AS28 -> 0 | AV28: =AF28*AU28 -> 0 | AX28: =AG28*AW28 -> 0 | AZ28: =AH28*AY28 -> 0 | BB28: =AI28*BA28 -> 0 | BD28: =AJ28*BC28 -> 0 | BF28: =AK28*BE28 -> 0 | BH28: =AL28*BG28 -> 0 | BJ28: =AM28*BI28 -> 0 | BL28: =AN28*BK28 -> 0
A29: FY24 | F29: Clickpad | AP29: =AC29*AO29 -> 0 | AR29: =AD29*AQ29 -> 0 | AT29: =AE29*AS29 -> 0 | AV29: =AF29*AU29 -> 0 | AX29: =AG29*AW29 -> 0 | AZ29: =AH29*AY29 -> 0 | BB29: =AI29*BA29 -> 0 | BD29: =AJ29*BC29 -> 0 | BF29: =AK29*BE29 -> 0 | BH29: =AL29*BG29 -> 0 | BJ29: =AM29*BI29 -> 0 | BL29: =AN29*BK29 -> 0
A30: FY24 | AP30: =AC30*AO30 -> 0 | AR30: =AD30*AQ30 -> 0 | AT30: =AE30*AS30 -> 0 | AV30: =AF30*AU30 -> 0 | AX30: =AG30*AW30 -> 0 | AZ30: =AH30*AY30 -> 0 | BB30: =AI30*BA30 -> 0 | BD30: =AJ30*BC30 -> 0 | BF30: =AK30*BE30 -> 0 | BH30: =AL30*BG30 -> 0 | BJ30: =AM30*BI30 -> 0 | BL30: =AN30*BK30 -> 0
A31: FY24 | B31: Sandy Lu | C31: Darfon | E31: NB | F31: Education | G31: 2022 | H31: ANOLE1/ANOLE2/ARIZONA | I31: NBL KB | J31: 11 | K31: Jet Black/Jellyfish Blue | L31: W China | M31: INVENTEC | N31: 3.15 | O31: 4.8 | P31: 4.8 | Q31: 4.8 | R31: 4.8 | S31: 4.8 | T31: 4.8 | U31: 4.8 | V31: 4.8 | W31: 4.8 | X31: 4.8 | Y31: 4.8 | Z31: 4.8 | AA31: 4.8 | AB31: 1.26 | AC31: 1.26 | AD31: 1.26 | AE31: 1.26 | AF31: 1.26 | AG31: 1.26 | AH31: 1.26 | AI31: 1.36 | AJ31: 1.36 | AK31: 1.36 | AL31: 1.36 | AM31: 1.36 | AN31: 1.36 | AO31: 6365 | AP31: =AC31*AO31 -> 8019.9 | AQ31: 2160 | AR31: =AD31*AQ31 -> 2721.6 | AS31: 7600 | AT31: =AE31*AS31 -> 9576 | AU31: 14360 | AV31: =AF31*AU31 -> 18093.6 | AW31: 33558 | AX31: =AG31*AW31 -> 42283.08 | AY31: 29560 | AZ31: =AH31*AY31 -> 37245.6 | BA31: 22840 | BB31: =AI31*BA31 -> 31062.4 | BC31: 12358 | BD31: =AJ31*BC31 -> 16806.88 | BE31: 9320 | BF31: =AK31*BE31 -> 12675.2 | BG31: 14501 | BH31: =AL31*BG31 -> 19721.36 | BI31: 32948 | BJ31: =AM31*BI31 -> 44809.28 | BK31: 4160 | BL31: =AN31*BK31 -> 5657.6
A32: FY24 | B32: Sandy Lu | C32: Darfon | E32: NB | G32: 2022 | H32: ARCLIGHT1/ARCLIGHT2 | I32: NBL KB | J32: 14 | K32: Jet Black | L32: W China | M32: INVENTEC | N32: 3.15 | O32: 4.9 | P32: 4.9 | Q32: 4.9 | R32: 4.9 | S32: 4.9 | T32: 4.9 | U32: 4.9 | V32: 4.9 | W32: 4.9 | X32: 4.9 | Y32: 4.9 | Z32: 4.9 | AA32: 4.9 | AB32: 1.36 | AC32: 1.36 | AD32: 1.36 | AE32: 1.36 | AF32: 1.36 | AG32: 1.36 | AH32: 1.36 | AI32: 1.5 | AJ32: 1.5 | AK32: 1.5 | AL32: 1.5 | AM32: 1.5 | AN32: 1.5 | AO32: 1787 | AP32: =AC32*AO32 -> 2430.32 | AQ32: 2080 | AR32: =AD32*AQ32 -> 2828.8 | AS32: 7360 | AT32: =AE32*AS32 -> 10009.6 | AU32: 760 | AV32: =AF32*AU32 -> 1033.6 | AW32: 5480 | AX32: =AG32*AW32 -> 7452.8 | AY32: 4040 | AZ32: =AH32*AY32 -> 5494.4 | BA32: 14760 | BB32: =AI32*BA32 -> 22140 | BC32: 2160 | BD32: =AJ32*BC32 -> 3240 | BE32: 16000 | BF32: =AK32*BE32 -> 24000 | BG32: 2440 | BH32: =AL32*BG32 -> 3660 | BI32: 3120 | BJ32: =AM32*BI32 -> 4680 | BK32: 6200 | BL32: =AN32*BK32 -> 9300
A33: FY24 | F33: MWS (Workstation) | AP33: =AC33*AO33 -> 0 | AR33: =AD33*AQ33 -> 0 | AT33: =AE33*AS33 -> 0 | AV33: =AF33*AU33 -> 0 | AX33: =AG33*AW33 -> 0 | AZ33: =AH33*AY33 -> 0 | BB33: =AI33*BA33 -> 0 | BD33: =AJ33*BC33 -> 0 | BF33: =AK33*BE33 -> 0 | BH33: =AL33*BG33 -> 0 | BJ33: =AM33*BI33 -> 0 | BL33: =AN33*BK33 -> 0
A34: FY24 | AP34: =AC34*AO34 -> 0 | AR34: =AD34*AQ34 -> 0 | AT34: =AE34*AS34 -> 0 | AV34: =AF34*AU34 -> 0 | AX34: =AG34*AW34 -> 0 | AZ34: =AH34*AY34 -> 0 | BB34: =AI34*BA34 -> 0 | BD34: =AJ34*BC34 -> 0 | BF34: =AK34*BE34 -> 0 | BH34: =AL34*BG34 -> 0 | BJ34: =AM34*BI34 -> 0 | BL34: =AN34*BK34 -> 0
A35: FY24 | F35: Soft Keyboard | AP35: =AC35*AO35 -> 0 | AR35: =AD35*AQ35 -> 0 | AT35: =AE35*AS35 -> 0 | AV35: =AF35*AU35 -> 0 | AX35: =AG35*AW35 -> 0 | AZ35: =AH35*AY35 -> 0 | BB35: =AI35*BA35 -> 0 | BD35: =AJ35*BC35 -> 0 | BF35: =AK35*BE35 -> 0 | BH35: =AL35*BG35 -> 0 | BJ35: =AM35*BI35 -> 0 | BL35: =AN35*BK35 -> 0
A36: FY24 | AP36: =AC36*AO36 -> 0 | AR36: =AD36*AQ36 -> 0 | AT36: =AE36*AS36 -> 0 | AV36: =AF36*AU36 -> 0 | AX36: =AG36*AW36 -> 0 | AZ36: =AH36*AY36 -> 0 | BB36: =AI36*BA36 -> 0 | BD36: =AJ36*BC36 -> 0 | BF36: =AK36*BE36 -> 0 | BH36: =AL36*BG36 -> 0 | BJ36: =AM36*BI36 -> 0 | BL36: =AN36*BK36 -> 0
A37: FY24 | AP37: =AC37*AO37 -> 0 | AR37: =AD37*AQ37 -> 0 | AT37: =AE37*AS37 -> 0 | AV37: =AF37*AU37 -> 0 | AX37: =AG37*AW37 -> 0 | AZ37: =AH37*AY37 -> 0 | BB37: =AI37*BA37 -> 0 | BD37: =AJ37*BC37 -> 0 | BF37: =AK37*BE37 -> 0 | BH37: =AL37*BG37 -> 0 | BJ37: =AM37*BI37 -> 0 | BL37: =AN37*BK37 -> 0
A38: FY24 | AP38: =AC38*AO38 -> 0 | AR38: =AD38*AQ38 -> 0 | AT38: =AE38*AS38 -> 0 | AV38: =AF38*AU38 -> 0 | AX38: =AG38*AW38 -> 0 | AZ38: =AH38*AY38 -> 0 | BB38: =AI38*BA38 -> 0 | BD38: =AJ38*BC38 -> 0 | BF38: =AK38*BE38 -> 0 | BH38: =AL38*BG38 -> 0 | BJ38: =AM38*BI38 -> 0 | BL38: =AN38*BK38 -> 0
A39: FY24 | B39: Benson Chen | C39: Darfon | E39: NB | F39: Chromebook | G39: 2020 | H39: BULBUL/BULBULM6 | I39: NBL KB | J39: 14 | K39: Chalkboard Gray | L39: W China | M39: QUANTA | N39: 2.9 | O39: 3.5 | P39: 3.5 | Q39: 3.5 | R39: 3.5 | S39: 3.5 | T39: 3.5 | U39: 3.5 | V39: 3.5 | W39: 3.5 | X39: 3.5 | Y39: 3.5 | Z39: 3.5 | AA39: 3.5 | AB39: 0.5 | AC39: 0.5 | AD39: 0.5 | AE39: 0.6 | AF39: 0.6 | AG39: 0.6 | AH39: 0.6 | AI39: 0.6 | AJ39: 0.6 | AK39: 0.6 | AL39: 0.6 | AM39: 0.6 | AN39: 0.6 | AO39: 11840 | AP39: =AC39*AO39 -> 5920 | AQ39: 41720 | AR39: =AD39*AQ39 -> 20860 | AS39: 5800 | AT39: =AE39*AS39 -> 3480 | AU39: 28560 | AV39: =AF39*AU39 -> 17136 | AW39: 16120 | AX39: =AG39*AW39 -> 9672 | AY39: 37673 | AZ39: =AH39*AY39 -> 22603.8 | BA39: 52920 | BB39: =AI39*BA39 -> 31752 | BC39: 29960 | BD39: =AJ39*BC39 -> 17976 | BE39: 32840 | BF39: =AK39*BE39 -> 19704 | BH39: =AL39*BG39 -> 0 | BI39: 12280 | BJ39: =AM39*BI39 -> 7368 | BK39: 26760 | BL39: =AN39*BK39 -> 16056
A40: FY24 | B40: Benson Chen | C40: Darfon | E40: NB | G40: 2020 | H40: BULBUL/BULBULM6 | I40: BL KB | J40: 14 | K40: Chalkboard Gray | L40: W China | M40: QUANTA | N40: 9 | O40: 12.15 | P40: 12.15 | Q40: 12.15 | R40: 12.15 | S40: 12.15 | T40: 12.15 | U40: 12.15 | V40: 12.15 | W40: 12.15 | X40: 12.15 | Y40: 12.15 | Z40: 12.15 | AA40: 12.15 | AB40: 2 | AC40: 2 | AD40: 2 | AE40: 3.15 | AF40: 3.15 | AG40: 3.15 | AH40: 3.15 | AI40: 3.15 | AJ40: 3.15 | AK40: 3.15 | AL40: 3.15 | AM40: 3.15 | AN40: 3.15 | AO40: 120 | AP40: =AC40*AO40 -> 240 | AQ40: 840 | AR40: =AD40*AQ40 -> 1680 | AT40: =AE40*AS40 -> 0 | AV40: =AF40*AU40 -> 0 | AX40: =AG40*AW40 -> 0 | AZ40: =AH40*AY40 -> 0 | BB40: =AI40*BA40 -> 0 | BC40: 120 | BD40: =AJ40*BC40 -> 378 | BE40: 360 | BF40: =AK40*BE40 -> 1134 | BH40: =AL40*BG40 -> 0 | BJ40: =AM40*BI40 -> 0 | BL40: =AN40*BK40 -> 0
A41: FY24 | B41: Benson Chen | C41: Darfon | E41: NB | G41: 2021 | H41: BERGMAN | I41: NBL KB | J41: 14 | K41: Jack Black | L41: W China | M41: QUANTA | N41: 2.9 | O41: 3.5 | P41: 3.5 | Q41: 3.5 | R41: 3.5 | S41: 3.5 | T41: 3.5 | U41: 3.5 | V41: 3.5 | W41: 3.5 | X41: 3.5 | Y41: 3.5 | Z41: 3.5 | AA41: 3.5 | AB41: 0.5 | AC41: 0.5 | AD41: 0.5 | AE41: 0.6 | AF41: 0.6 | AG41: 0.6 | AH41: 0.6 | AI41: 0.6 | AJ41: 0.6 | AK41: 0.6 | AL41: 0.6 | AM41: 0.6 | AN41: 0.6 | AP41: =AC41*AO41 -> 0 | AR41: =AD41*AQ41 -> 0 | AS41: 12840 | AT41: =AE41*AS41 -> 7704 | AV41: =AF41*AU41 -> 0 | AW41: 15880 | AX41: =AG41*AW41 -> 9528 | AY41: 19040 | AZ41: =AH41*AY41 -> 11424 | BB41: =AI41*BA41 -> 0 | BD41: =AJ41*BC41 -> 0 | BF41: =AK41*BE41 -> 0 | BG41: 5240 | BH41: =AL41*BG41 -> 3144 | BI41: 2440 | BJ41: =AM41*BI41 -> 1464 | BK41: 800 | BL41: =AN41*BK41 -> 480
A42: FY24 | B42: Benson Chen | C42: Darfon | E42: NB | G42: 2021 | H42: BERGMAN | I42: BL KB | J42: 14 | K42: Jack Black | L42: W China | M42: QUANTA | N42: 9 | O42: 12.15 | P42: 12.15 | Q42: 12.15 | R42: 12.15 | S42: 12.15 | T42: 12.15 | U42: 12.15 | V42: 12.15 | W42: 12.15 | X42: 12.15 | Y42: 12.15 | Z42: 12.15 | AA42: 12.15 | AB42: 2 | AC42: 2 | AD42: 2 | AE42: 3.15 | AF42: 3.15 | AG42: 3.15 | AH42: 3.15 | AI42: 3.15 | AJ42: 3.15 | AK42: 3.15 | AL42: 3.15 | AM42: 3.15 | AN42: 3.15 | AP42: =AC42*AO42 -> 0 | AR42: =AD42*AQ42 -> 0 | AS42: 80 | AT42: =AE42*AS42 -> 252 | AV42: =AF42*AU42 -> 0 | AX42: =AG42*AW42 -> 0 | AY42: 638 | AZ42: =AH42*AY42 -> 2009.7 | BB42: =AI42*BA42 -> 0 | BD42: =AJ42*BC42 -> 0 | BF42: =AK42*BE42 -> 0 | BG42: 200 | BH42: =AL42*BG42 -> 630 | BJ42: =AM42*BI42 -> 0 | BL42: =AN42*BK42 -> 0
A43: FY24 | B43: Benson Chen | C43: Darfon | E43: NB | G43: 2021 | H43: HITCHCOCK/OZU/HITCHCOCK2 | I43: NBL KB | J43: 11 | K43: Jack Black/Nautical Teal | L43: W China | M43: QUANTA | N43: 2.95 | O43: 4.1 | P43: 4.1 | Q43: 4.1 | R43: 4.1 | S43: 4.1 | T43: 4.1 | U43: 4.1 | V43: 4.1 | W43: 4.1 | X43: 4.1 | Y43: 4.1 | Z43: 4.1 | AA43: 4.1 | AB43: 0.7 | AC43: 0.7 | AD43: 0.7 | AE43: 1.15 | AF43: 1.15 | AG43: 1.15 | AH43: 1.15 | AI43: 1.15 | AJ43: 1.15 | AK43: 1.15 | AL43: 1.15 | AM43: 1.15 | AN43: 1.15 | AO43: 1520 | AP43: =AC43*AO43 -> 1064 | AQ43: 48720 | AR43: =AD43*AQ43 -> 34104 | AS43: 15040 | AT43: =AE43*AS43 -> 17296 | AU43: 24000 | AV43: =AF43*AU43 -> 27600 | AW43: 111120 | AX43: =AG43*AW43 -> 127788 | AY43: 60890 | AZ43: =AH43*AY43 -> 70023.5 | BA43: 84680 | BB43: =AI43*BA43 -> 97382 | BC43: 20640 | BD43: =AJ43*BC43 -> 23736 | BE43: 1339 | BF43: =AK43*BE43 -> 1539.85 | BG43: 14880 | BH43: =AL43*BG43 -> 17112 | BI43: 6600 | BJ43: =AM43*BI43 -> 7590 | BL43: =AN43*BK43 -> 0
A44: FY24 | B44: Benson Chen | C44: Darfon | E44: NB | G44: 2022 | H44: RADIOHEAD | I44: BL KB | J44: 14 | K44: Flint Opaque | L44: W China | M44: QUANTA | N44: 9 | O44: 13.45 | P44: 13.45 | Q44: 13.45 | R44: 13.45 | S44: 13.45 | T44: 13.45 | U44: 13.45 | V44: 13.45 | W44: 13.45 | X44: 13.45 | Y44: 13.45 | Z44: 13.45 | AA44: 13.45 | AB44: 1.5 | AC44: 1.5 | AD44: 1.5 | AE44: 1.5 | AF44: 1.5 | AG44: 1.5 | AH44: 1.5 | AI44: 2.05 | AJ44: 2.05 | AK44: 2.05 | AL44: 2.05 | AM44: 2.05 | AN44: 2.05 | AO44: 1840 | AP44: =AC44*AO44 -> 2760 | AQ44: 810 | AR44: =AD44*AQ44 -> 1215 | AS44: 400 | AT44: =AE44*AS44 -> 600 | AU44: 1070 | AV44: =AF44*AU44 -> 1605 | AW44: 524 | AX44: =AG44*AW44 -> 786 | AY44: 2080 | AZ44: =AH44*AY44 -> 3120 | BA44: 1120 | BB44: =AI44*BA44 -> 2296 | BC44: 1960 | BD44: =AJ44*BC44 -> 4018 | BE44: 4587 | BF44: =AK44*BE44 -> 9403.35 | BG44: 2350 | BH44: =AL44*BG44 -> 4817.5 | BI44: 3360 | BJ44: =AM44*BI44 -> 6888 | BK44: 5040 | BL44: =AN44*BK44 -> 10332
A45: FY24 | B45: Benson Chen | C45: Darfon | E45: NB | G45: 2022 | H45: BJORK/SURVIVOR | I45: BL KB | J45: 14 | K45: Flint Opaque | L45: W China | M45: QUANTA | N45: 8.7 | O45: 12.45 | P45: 12.45 | Q45: 12.45 | R45: 12.45 | S45: 12.45 | T45: 12.45 | U45: 12.45 | V45: 12.45 | W45: 12.45 | X45: 12.45 | Y45: 12.45 | Z45: 12.45 | AA45: 12.45 | AB45: 1 | AC45: 1 | AD45: 1 | AE45: 1.5 | AF45: 1.5 | AG45: 1.5 | AH45: 1.5 | AI45: 3.96 | AJ45: 3.96 | AK45: 3.96 | AL45: 3.96 | AM45: 3.96 | AN45: 3.96 | AO45: 1120 | AP45: =AC45*AO45 -> 1120 | AQ45: 1280 | AR45: =AD45*AQ45 -> 1280 | AS45: 1200 | AT45: =AE45*AS45 -> 1800 | AU45: 1120 | AV45: =AF45*AU45 -> 1680 | AW45: 1120 | AX45: =AG45*AW45 -> 1680 | AY45: 1080 | AZ45: =AH45*AY45 -> 1620 | BA45: 1800 | BB45: =AI45*BA45 -> 7128 | BC45: 880 | BD45: =AJ45*BC45 -> 3484.8 | BE45: 1760 | BF45: =AK45*BE45 -> 6969.6 | BG45: 1800 | BH45: =AL45*BG45 -> 7128 | BI45: 600 | BJ45: =AM45*BI45 -> 2376 | BK45: 1440 | BL45: =AN45*BK45 -> 5702.4
A46: FY24 | B46: Benson Chen | C46: Darfon | E46: NB | G46: 2022 | H46: BJORK/SURVIVOR | I46: NBL KB | J46: 14 | K46: Flint Opaque | L46: W China | M46: QUANTA | N46: 5.25 | O46: 5.83 | P46: 5.83 | Q46: 5.83 | R46: 5.83 | S46: 5.83 | T46: 5.83 | U46: 5.83 | V46: 5.83 | W46: 5.83 | X46: 5.83 | Y46: 5.83 | Z46: 5.83 | AA46: 5.83 | AB46: 0.2 | AC46: 0.2 | AD46: 0.2 | AE46: 0.25 | AF46: 0.25 | AG46: 0.25 | AH46: 0.25 | AI46: 0.35 | AJ46: 0.35 | AK46: 0.35 | AL46: 0.35 | AM46: 0.35 | AN46: 0.35 | AO46: 680 | AP46: =AC46*AO46 -> 136 | AQ46: 120 | AR46: =AD46*AQ46 -> 24 | AS46: 200 | AT46: =AE46*AS46 -> 50 | AU46: 80 | AV46: =AF46*AU46 -> 20 | AW46: 80 | AX46: =AG46*AW46 -> 20 | AY46: 400 | AZ46: =AH46*AY46 -> 100 | BA46: 800 | BB46: =AI46*BA46 -> 280 | BD46: =AJ46*BC46 -> 0 | BE46: 40 | BF46: =AK46*BE46 -> 14 | BG46: 200 | BH46: =AL46*BG46 -> 70 | BI46: 1560 | BJ46: =AM46*BI46 -> 546 | BK46: 720 | BL46: =AN46*BK46 -> 252
A47: FY24 | B47: Benson Chen | C47: Darfon | E47: NB | G47: 2023 | H47: CARBINE | I47: BL KB | J47: 14 | K47: Mineral Silver | L47: W China | M47: WISTRON | N47: 8.7 | O47: 12.45 | P47: 12.45 | Q47: 12.45 | R47: 12.45 | S47: 12.45 | T47: 12.45 | U47: 12.45 | V47: 12.45 | W47: 12.45 | X47: 12.45 | Y47: 12.45 | Z47: 12.45 | AA47: 12.45 | AB47: 1 | AC47: 1 | AD47: 1 | AE47: 1.5 | AF47: 1.5 | AG47: 1.5 | AH47: 1.5 | AI47: 3.96 | AJ47: 3.96 | AK47: 3.96 | AL47: 3.96 | AM47: 3.96 | AN47: 3.96 | AO47: 920 | AP47: =AC47*AO47 -> 920 | AQ47: 2400 | AR47: =AD47*AQ47 -> 2400 | AS47: 1040 | AT47: =AE47*AS47 -> 1560 | AU47: 80 | AV47: =AF47*AU47 -> 120 | AW47: 760 | AX47: =AG47*AW47 -> 1140 | AY47: 2051 | AZ47: =AH47*AY47 -> 3076.5 | BA47: 1280 | BB47: =AI47*BA47 -> 5068.8 | BC47: 960 | BD47: =AJ47*BC47 -> 3801.6 | BE47: 2480 | BF47: =AK47*BE47 -> 9820.8 | BG47: 200 | BH47: =AL47*BG47 -> 792 | BI47: 160 | BJ47: =AM47*BI47 -> 633.6 | BL47: =AN47*BK47 -> 0
A48: FY24 | G48: 2024 | H48: Longbay | I48: NBL KB | J48: 14 | K48: Soft Grey/Darker Sky Blue/Lilac lavender | L48: W China | M48: WISTRON | N48: 3.37 | O48: 3.99 | P48: 3.99 | Q48: 3.99 | R48: 3.99 | S48: 3.99 | T48: 3.99 | U48: 3.99 | V48: 3.99 | W48: 3.99 | X48: 3.99 | Y48: 3.99 | Z48: 3.99 | AA48: 3.99 | AB48: 0 | AC48: 0 | AD48: 0 | AE48: 0 | AF48: 0 | AG48: 0.62 | AH48: 0.62 | AI48: 0.62 | AJ48: 0.62 | AK48: 0.62 | AL48: 0.62 | AM48: 0.62 | AN48: 0.62 | AP48: =AC48*AO48 -> 0 | AR48: =AD48*AQ48 -> 0 | AT48: =AE48*AS48 -> 0 | AV48: =AF48*AU48 -> 0 | AW48: 2800 | AX48: =AG48*AW48 -> 1736 | AY48: 18160 | AZ48: =AH48*AY48 -> 11259.2 | BA48: 6160 | BB48: =AI48*BA48 -> 3819.2 | BC48: 5280 | BD48: =AJ48*BC48 -> 3273.6 | BE48: 5560 | BF48: =AK48*BE48 -> 3447.2 | BG48: 3880 | BH48: =AL48*BG48 -> 2405.6 | BI48: 4920 | BJ48: =AM48*BI48 -> 3050.4 | BK48: 11080 | BL48: =AN48*BK48 -> 6869.6
A49: FY24 | G49: 2024 | H49: Longbay | I49: BL KB | J49: 14 | K49: Soft Grey | L49: W China | M49: WISTRON | N49: 8.49 | O49: 12.52 | P49: 12.52 | Q49: 12.52 | R49: 12.52 | S49: 12.52 | T49: 12.52 | U49: 12.52 | V49: 12.52 | W49: 12.52 | X49: 12.52 | Y49: 12.52 | Z49: 12.52 | AA49: 12.52 | AB49: 0 | AC49: 0 | AD49: 0 | AE49: 0 | AF49: 0 | AG49: 4.03 | AH49: 4.03 | AI49: 4.03 | AJ49: 4.03 | AK49: 4.03 | AL49: 4.03 | AM49: 4.03 | AN49: 4.03 | AP49: =AC49*AO49 -> 0 | AR49: =AD49*AQ49 -> 0 | AT49: =AE49*AS49 -> 0 | AV49: =AF49*AU49 -> 0 | AX49: =AG49*AW49 -> 0 | AZ49: =AH49*AY49 -> 0 | BA49: 1840 | BB49: =AI49*BA49 -> 7415.2 | BC49: 560 | BD49: =AJ49*BC49 -> 2256.8 | BE49: 800 | BF49: =AK49*BE49 -> 3224 | BG49: 1560 | BH49: =AL49*BG49 -> 6286.8 | BI49: 920 | BJ49: =AM49*BI49 -> 3707.6 | BK49: 4920 | BL49: =AN49*BK49 -> 19827.6
A50: FY24 | G50: 2024 | H50: Bomnay | I50: NBL KB | J50: 14 | K50: Soft Grey/Black Licorice/Darker Sky blue Opaque/Darker Lilac Lavender Opaque | L50: W China | M50: QUANTA | N50: 3.37 | O50: 3.99 | P50: 3.99 | Q50: 3.99 | R50: 3.99 | S50: 3.99 | T50: 3.99 | U50: 3.99 | V50: 3.99 | W50: 3.99 | X50: 3.99 | Y50: 3.99 | Z50: 3.99 | AA50: 3.99 | AB50: 0 | AC50: 0 | AD50: 0 | AE50: 0 | AF50: 0 | AG50: 0.62 | AH50: 0.62 | AI50: 0.62 | AJ50: 0.62 | AK50: 0.62 | AL50: 0.62 | AM50: 0.62 | AN50: 0.62 | AP50: =AC50*AO50 -> 0 | AR50: =AD50*AQ50 -> 0 | AT50: =AE50*AS50 -> 0 | AV50: =AF50*AU50 -> 0 | AW50: 9440 | AX50: =AG50*AW50 -> 5852.8 | AY50: 26920 | AZ50: =AH50*AY50 -> 16690.4 | BA50: 12520 | BB50: =AI50*BA50 -> 7762.4 | BC50: 4640 | BD50: =AJ50*BC50 -> 2876.8 | BE50: 13600 | BF50: =AK50*BE50 -> 8432 | BG50: 15200 | BH50: =AL50*BG50 -> 9424 | BI50: 18935 | BJ50: =AM50*BI50 -> 11739.7 | BK50: 20760 | BL50: =AN50*BK50 -> 12871.2
A51: FY24 | G51: 2024 | H51: Bomnay | I51: BL KB | J51: 14 | K51: Soft Grey | L51: W China | M51: QUANTA | N51: 8.49 | O51: 12.52 | P51: 12.52 | Q51: 12.52 | R51: 12.52 | S51: 12.52 | T51: 12.52 | U51: 12.52 | V51: 12.52 | W51: 12.52 | X51: 12.52 | Y51: 12.52 | Z51: 12.52 | AA51: 12.52 | AB51: 0 | AC51: 0 | AD51: 0 | AE51: 0 | AF51: 0 | AG51: 4.03 | AH51: 4.03 | AI51: 4.03 | AJ51: 4.03 | AK51: 4.03 | AL51: 4.03 | AM51: 4.03 | AN51: 4.03 | AP51: =AC51*AO51 -> 0 | AR51: =AD51*AQ51 -> 0 | AT51: =AE51*AS51 -> 0 | AV51: =AF51*AU51 -> 0 | AW51: 400 | AX51: =AG51*AW51 -> 1612 | AY51: 600 | AZ51: =AH51*AY51 -> 2418 | BA51: 680 | BB51: =AI51*BA51 -> 2740.4 | BC51: 80 | BD51: =AJ51*BC51 -> 322.4 | BE51: 200 | BF51: =AK51*BE51 -> 806 | BG51: 400 | BH51: =AL51*BG51 -> 1612 | BJ51: =AM51*BI51 -> 0 | BK51: 1000 | BL51: =AN51*BK51 -> 4030
A52: FY24 | G52: 2024 | H52: Bomnay | I52: BL KB | J52: 14 | K52: Darker Sky blue Opaque/Darker Lilac Lavender Opaque | L52: W China | M52: QUANTA | N52: 8.67 | O52: 13.52 | P52: 13.52 | Q52: 13.52 | R52: 13.52 | S52: 13.52 | T52: 13.52 | U52: 13.52 | V52: 13.52 | W52: 13.52 | X52: 13.52 | Y52: 13.52 | Z52: 13.52 | AA52: 13.52 | AB52: 0 | AC52: 0 | AD52: 0 | AE52: 0 | AF52: 0 | AG52: 4.85 | AH52: 4.85 | AI52: 4.85 | AJ52: 4.85 | AK52: 4.85 | AL52: 4.85 | AM52: 4.85 | AN52: 4.85 | AP52: =AC52*AO52 -> 0 | AR52: =AD52*AQ52 -> 0 | AT52: =AE52*AS52 -> 0 | AV52: =AF52*AU52 -> 0 | AW52: 320 | AX52: =AG52*AW52 -> 1552 | AZ52: =AH52*AY52 -> 0 | BA52: 3360 | BB52: =AI52*BA52 -> 16296 | BD52: =AJ52*BC52 -> 0 | BF52: =AK52*BE52 -> 0 | BH52: =AL52*BG52 -> 0 | BJ52: =AM52*BI52 -> 0 | BL52: =AN52*BK52 -> 0
A53: FY24 | B53: Chris Chang | C53: Darfon | E53: DT | F53: DT | G53: 2019 | H53: SKYLAB | I53: NBL KB | J53: NA | K53: NA | L53: W China | M53: OTHERS | N53: 5.18 | O53: 5.55 | P53: 5.55 | Q53: 5.55 | R53: 5.55 | S53: 5.55 | T53: 5.55 | U53: 5.55 | V53: 5.55 | W53: 5.55 | X53: 5.55 | Y53: 5.55 | Z53: 5.55 | AA53: 5.55 | AB53: 0.37 | AC53: 0.37 | AD53: 0.37 | AE53: 0.37 | AF53: 0.37 | AG53: 0.37 | AH53: 0.37 | AI53: 0.37 | AJ53: 0.37 | AK53: 0.37 | AL53: 0.37 | AM53: 0.37 | AN53: 0.37 | AO53: 3504 | AP53: =AC53*AO53 -> 1296.48 | AQ53: 432 | AR53: =AD53*AQ53 -> 159.84 | AS53: 252 | AT53: =AE53*AS53 -> 93.24 | AV53: =AF53*AU53 -> 0 | AW53: 716 | AX53: =AG53*AW53 -> 264.92 | AY53: 558 | AZ53: =AH53*AY53 -> 206.46 | BA53: 252 | BB53: =AI53*BA53 -> 93.24 | BC53: 456 | BD53: =AJ53*BC53 -> 168.72 | BE53: 240 | BF53: =AK53*BE53 -> 88.8 | BG53: 240 | BH53: =AL53*BG53 -> 88.8 | BI53: 24 | BJ53: =AM53*BI53 -> 8.88 | BK53: 252 | BL53: =AN53*BK53 -> 93.24
A54: FY24 | B54: Chris Chang | C54: Darfon | E54: DT | G54: 2021 | H54: HALLEY | I54: NBL KB | J54: NA | K54: NA | L54: W China | M54: OTHERS | N54: 4.5 | O54: 5.26 | P54: 5.26 | Q54: 5.26 | R54: 5.26 | S54: 5.26 | T54: 5.26 | U54: 5.26 | V54: 5.26 | W54: 5.26 | X54: 5.26 | Y54: 5.26 | Z54: 5.26 | AA54: 5.26 | AB54: 0.27 | AC54: 0.27 | AD54: 0.27 | AE54: 0.27 | AF54: 0.27 | AG54: 0.27 | AH54: 0.27 | AI54: 0.76 | AJ54: 0.76 | AK54: 0.76 | AL54: 0.76 | AM54: 0.76 | AN54: 0.76 | AO54: 121200 | AP54: =AC54*AO54 -> 32724 | AQ54: 147216 | AR54: =AD54*AQ54 -> 39748.32 | AS54: 58162 | AT54: =AE54*AS54 -> 15703.74 | AU54: 43596 | AV54: =AF54*AU54 -> 11770.92 | AW54: 182882 | AX54: =AG54*AW54 -> 49378.14 | AY54: 164700 | AZ54: =AH54*AY54 -> 44469 | BA54: 147272 | BB54: =AI54*BA54 -> 111926.72 | BC54: 81836 | BD54: =AJ54*BC54 -> 62195.36 | BE54: 137652 | BF54: =AK54*BE54 -> 104615.52 | BG54: 62776 | BH54: =AL54*BG54 -> 47709.76 | BI54: 141320 | BJ54: =AM54*BI54 -> 107403.2 | BK54: 155440 | BL54: =AN54*BK54 -> 118134.4
A55: FY24 | B55: Chris Chang | C55: Darfon | E55: DT | G55: 2021 | H55: HALLEY | I55: Mouse | J55: NA | K55: NA | L55: W China | M55: OTHERS | N55: 1.95 | O55: 2.15 | P55: 2.15 | Q55: 2.15 | R55: 2.15 | S55: 2.15 | T55: 2.15 | U55: 2.15 | V55: 2.15 | W55: 2.15 | X55: 2.15 | Y55: 2.15 | Z55: 2.15 | AA55: 2.15 | AB55: 0 | AC55: 0 | AD55: 0 | AE55: 0 | AF55: 0 | AG55: 0 | AH55: 0 | AI55: 0.2 | AJ55: 0.2 | AK55: 0.2 | AL55: 0.2 | AM55: 0.2 | AN55: 0.2 | AO55: 37080 | AP55: =AC55*AO55 -> 0 | AQ55: 37200 | AR55: =AD55*AQ55 -> 0 | AS55: 29280 | AT55: =AE55*AS55 -> 0 | AU55: 29880 | AV55: =AF55*AU55 -> 0 | AW55: 86000 | AX55: =AG55*AW55 -> 0 | AY55: 40800 | AZ55: =AH55*AY55 -> 0 | BA55: 55680 | BB55: =AI55*BA55 -> 11136 | BC55: 27840 | BD55: =AJ55*BC55 -> 5568 | BE55: 28120 | BF55: =AK55*BE55 -> 5624 | BG55: 41520 | BH55: =AL55*BG55 -> 8304 | BI55: 79360 | BJ55: =AM55*BI55 -> 15872 | BK55: 48600 | BL55: =AN55*BK55 -> 9720
A56: FY24 | B56: Chris Chang | C56: Darfon | E56: DT | G56: 2022 | H56: CAPTAIN CRUNCH | I56: NBL KB | J56: NA | K56: NA | L56: W China | M56: OTHERS | N56: 3.35 | O56: 3.81 | P56: 3.81 | Q56: 3.81 | R56: 3.81 | S56: 3.81 | T56: 3.81 | U56: 3.81 | V56: 3.81 | W56: 3.81 | X56: 3.81 | Y56: 3.81 | Z56: 3.81 | AA56: 3.81 | AB56: 0.05 | AC56: 0.05 | AD56: 0.05 | AE56: 0.05 | AF56: 0.05 | AG56: 0.05 | AH56: 0.05 | AI56: 0.46 | AJ56: 0.46 | AK56: 0.46 | AL56: 0.46 | AM56: 0.46 | AN56: 0.46 | AO56: 2692 | AP56: =AC56*AO56 -> 134.6 | AQ56: 14660 | AR56: =AD56*AQ56 -> 733 | AS56: 27120 | AT56: =AE56*AS56 -> 1356 | AU56: 38396 | AV56: =AF56*AU56 -> 1919.8 | AW56: 71892 | AX56: =AG56*AW56 -> 3594.6 | AY56: 66534 | AZ56: =AH56*AY56 -> 3326.7 | BA56: 82063 | BB56: =AI56*BA56 -> 37748.98 | BC56: 115012 | BD56: =AJ56*BC56 -> 52905.52 | BE56: 47140 | BF56: =AK56*BE56 -> 21684.4 | BG56: 115016 | BH56: =AL56*BG56 -> 52907.36 | BI56: 94910 | BJ56: =AM56*BI56 -> 43658.6 | BK56: 44384 | BL56: =AN56*BK56 -> 20416.64
A57: FY24 | B57: Chris Chang | C57: Darfon | E57: DT | G57: 2022 | H57: CAPTAIN CRUNCH | I57: Mouse | J57: NA | K57: NA | L57: W China | M57: OTHERS | N57: 1.45 | O57: 1.73 | P57: 1.73 | Q57: 1.73 | R57: 1.73 | S57: 1.73 | T57: 1.73 | U57: 1.73 | V57: 1.73 | W57: 1.73 | X57: 1.73 | Y57: 1.73 | Z57: 1.73 | AA57: 1.73 | AB57: 0.06 | AC57: 0.06 | AD57: 0.06 | AE57: 0.06 | AF57: 0.06 | AG57: 0.06 | AH57: 0.06 | AI57: 0.28 | AJ57: 0.28 | AK57: 0.28 | AL57: 0.28 | AM57: 0.28 | AN57: 0.28 | AP57: =AC57*AO57 -> 0 | AQ57: 23160 | AR57: =AD57*AQ57 -> 1389.6 | AS57: 40440 | AT57: =AE57*AS57 -> 2426.4 | AU57: 55440 | AV57: =AF57*AU57 -> 3326.4 | AW57: 55680 | AX57: =AG57*AW57 -> 3340.8 | AY57: 41640 | AZ57: =AH57*AY57 -> 2498.4 | BA57: 121760 | BB57: =AI57*BA57 -> 34092.8 | BC57: 203298 | BD57: =AJ57*BC57 -> 56923.44 | BE57: 67920 | BF57: =AK57*BE57 -> 19017.6 | BG57: 105080 | BH57: =AL57*BG57 -> 29422.4 | BI57: 102120 | BJ57: =AM57*BI57 -> 28593.6 | BK57: 51160 | BL57: =AN57*BK57 -> 14324.8
A58: FY24 | AP58: =AC58*AO58 -> 0 | AR58: =AD58*AQ58 -> 0 | AT58: =AE58*AS58 -> 0 | AV58: =AF58*AU58 -> 0 | AX58: =AG58*AW58 -> 0 | AZ58: =AH58*AY58 -> 0 | BB58: =AI58*BA58 -> 0 | BD58: =AJ58*BC58 -> 0 | BF58: =AK58*BE58 -> 0 | BH58: =AL58*BG58 -> 0 | BJ58: =AM58*BI58 -> 0 | BL58: =AN58*BK58 -> 0
A59: FY24 | AP59: =AC59*AO59 -> 0 | AR59: =AD59*AQ59 -> 0 | AT59: =AE59*AS59 -> 0 | AV59: =AF59*AU59 -> 0 | AX59: =AG59*AW59 -> 0 | AZ59: =AH59*AY59 -> 0 | BB59: =AI59*BA59 -> 0 | BD59: =AJ59*BC59 -> 0 | BF59: =AK59*BE59 -> 0 | BH59: =AL59*BG59 -> 0 | BJ59: =AM59*BI59 -> 0 | BL59: =AN59*BK59 -> 0
A60: FY24 | AP60: =AC60*AO60 -> 0 | AR60: =AD60*AQ60 -> 0 | AT60: =AE60*AS60 -> 0 | AV60: =AF60*AU60 -> 0 | AX60: =AG60*AW60 -> 0 | AZ60: =AH60*AY60 -> 0 | BB60: =AI60*BA60 -> 0 | BD60: =AJ60*BC60 -> 0 | BF60: =AK60*BE60 -> 0 | BH60: =AL60*BG60 -> 0 | BJ60: =AM60*BI60 -> 0 | BL60: =AN60*BK60 -> 0
A61: FY24 | AP61: =AC61*AO61 -> 0 | AR61: =AD61*AQ61 -> 0 | AT61: =AE61*AS61 -> 0 | AV61: =AF61*AU61 -> 0 | AX61: =AG61*AW61 -> 0 | AZ61: =AH61*AY61 -> 0 | BB61: =AI61*BA61 -> 0 | BD61: =AJ61*BC61 -> 0 | BF61: =AK61*BE61 -> 0 | BH61: =AL61*BG61 -> 0 | BJ61: =AM61*BI61 -> 0 | BL61: =AN61*BK61 -> 0
A62: FY24 | B62: Benson Chen | C62: Darfon | D62: Consumer | E62: NB | F62: OPP | G62: 2019 | H62: LANGKAWI/REBAK | I62: BL KB | J62: 15 | K62: Pike Silver | L62: W China | M62: QUANTA | N62: 10.4 | O62: 11.4 | P62: 13.2 | Q62: 13.2 | R62: 13.2 | S62: 13.2 | T62: 13.2 | U62: 13.2 | V62: 11.4 | W62: 11.4 | X62: 11.4 | Y62: 11.4 | Z62: 11.4 | AA62: 11.4 | AB62: 1.5 | AC62: 2.8 | AD62: 2.8 | AE62: 2.8 | AF62: 2.8 | AG62: 2.8 | AH62: 2.8 | AI62: 1.5 | AJ62: 1.5 | AK62: 1.5 | AL62: 1.5 | AM62: 1.5 | AN62: 1.5 | AO62: 31547 | AP62: =AC62*AO62 -> 88331.6 | AQ62: 119880 | AR62: =AD62*AQ62 -> 335664 | AS62: 20040 | AT62: =AE62*AS62 -> 56112 | AU62: 17855 | AV62: =AF62*AU62 -> 49994 | AW62: 58680 | AX62: =AG62*AW62 -> 164304 | AY62: 14160 | AZ62: =AH62*AY62 -> 39648 | BA62: 44959 | BB62: =AI62*BA62 -> 67438.5 | BC62: 22006 | BD62: =AJ62*BC62 -> 33009 | BE62: 25991 | BF62: =AK62*BE62 -> 38986.5 | BG62: 47664 | BH62: =AL62*BG62 -> 71496 | BI62: 20521 | BJ62: =AM62*BI62 -> 30781.5 | BK62: 14120 | BL62: =AN62*BK62 -> 21180
A63: FY24 | B63: Benson Chen | C63: Darfon | E63: NB | G63: 2019 | H63: LANGKAWI/REBAK | I63: NBL KB | J63: 15 | K63: Pike Silver | L63: W China | M63: QUANTA | N63: 5.58 | O63: 5.8 | P63: 6.35 | Q63: 6.35 | R63: 6.35 | S63: 6.35 | T63: 6.35 | U63: 6.35 | V63: 5.8 | W63: 5.8 | X63: 5.8 | Y63: 5.8 | Z63: 5.8 | AA63: 5.8 | AB63: 0.5 | AC63: 0.77 | AD63: 0.77 | AE63: 0.77 | AF63: 0.77 | AG63: 0.77 | AH63: 0.77 | AI63: 0.5 | AJ63: 0.5 | AK63: 0.5 | AL63: 0.5 | AM63: 0.5 | AN63: 0.5 | AO63: 35468 | AP63: =AC63*AO63 -> 27310.36 | AQ63: 37263 | AR63: =AD63*AQ63 -> 28692.51 | AS63: 70800 | AT63: =AE63*AS63 -> 54516 | AU63: 28304 | AV63: =AF63*AU63 -> 21794.08 | AW63: 39408 | AX63: =AG63*AW63 -> 30344.16 | AY63: 30786 | AZ63: =AH63*AY63 -> 23705.22 | BA63: 20885 | BB63: =AI63*BA63 -> 10442.5 | BC63: 16440 | BD63: =AJ63*BC63 -> 8220 | BE63: 26104 | BF63: =AK63*BE63 -> 13052 | BG63: 15556 | BH63: =AL63*BG63 -> 7778 | BI63: 14212 | BJ63: =AM63*BI63 -> 7106 | BK63: 10464 | BL63: =AN63*BK63 -> 5232
A64: FY24 | B64: Benson Chen | C64: Darfon | E64: NB | G64: 2019 | H64: LANGKAWI/REBAK | I64: BL KB | J64: 15 | K64: Ash Silver | L64: W China | M64: QUANTA | N64: 10.6 | O64: 11.4 | P64: 13.2 | Q64: 13.2 | R64: 13.2 | S64: 13.2 | T64: 13.2 | U64: 13.2 | V64: 11.4 | W64: 11.4 | X64: 11.4 | Y64: 11.4 | Z64: 11.4 | AA64: 11.4 | AB64: 1.5 | AC64: 2.6 | AD64: 2.6 | AE64: 2.6 | AF64: 2.6 | AG64: 2.6 | AH64: 2.6 | AI64: 1.5 | AJ64: 1.5 | AK64: 1.5 | AL64: 1.5 | AM64: 1.5 | AN64: 1.5 | AP64: =AC64*AO64 -> 0 | AR64: =AD64*AQ64 -> 0 | AT64: =AE64*AS64 -> 0 | AV64: =AF64*AU64 -> 0 | AX64: =AG64*AW64 -> 0 | AZ64: =AH64*AY64 -> 0 | BB64: =AI64*BA64 -> 0 | BD64: =AJ64*BC64 -> 0 | BF64: =AK64*BE64 -> 0 | BH64: =AL64*BG64 -> 0 | BJ64: =AM64*BI64 -> 0 | BL64: =AN64*BK64 -> 0
A65: FY24 | B65: Benson Chen | C65: Darfon | E65: NB | G65: 2019 | H65: LANGKAWI/REBAK | I65: NBL KB | J65: 15 | K65: Ash Silver | L65: W China | M65: QUANTA | N65: 4.08 | O65: 4 | P65: 4.35 | Q65: 4.35 | R65: 4.35 | S65: 4.35 | T65: 4.35 | U65: 4.35 | V65: 4 | W65: 4 | X65: 4 | Y65: 4 | Z65: 4 | AA65: 4 | AB65: 0.27 | AC65: 0.27 | AD65: 0.27 | AE65: 0.27 | AF65: 0.27 | AG65: 0.27 | AH65: 0.27 | AI65: 0.7 | AJ65: 0.7 | AK65: 0.7 | AL65: 0.7 | AM65: 0.7 | AN65: 0.7 | AP65: =AC65*AO65 -> 0 | AR65: =AD65*AQ65 -> 0 | AT65: =AE65*AS65 -> 0 | AV65: =AF65*AU65 -> 0 | AX65: =AG65*AW65 -> 0 | AZ65: =AH65*AY65 -> 0 | BB65: =AI65*BA65 -> 0 | BD65: =AJ65*BC65 -> 0 | BF65: =AK65*BE65 -> 0 | BH65: =AL65*BG65 -> 0 | BJ65: =AM65*BI65 -> 0 | BL65: =AN65*BK65 -> 0
A66: FY24 | B66: Benson Chen | C66: Darfon | E66: NB | G66: 2019 | H66: LANGKAWI/REBAK | I66: BL KB | J66: 15 | K66: Snow White | L66: W China | M66: QUANTA | N66: 10.4 | O66: 13.1 | P66: 14.8 | Q66: 14.8 | R66: 14.8 | S66: 14.8 | T66: 14.8 | U66: 14.8 | V66: 13.1 | W66: 13.1 | X66: 13.1 | Y66: 13.1 | Z66: 13.1 | AA66: 13.1 | AB66: 2.7 | AC66: 4.4 | AD66: 4.4 | AE66: 4.4 | AF66: 4.4 | AG66: 4.4 | AH66: 4.4 | AI66: 2.7 | AJ66: 2.7 | AK66: 2.7 | AL66: 2.7 | AM66: 2.7 | AN66: 2.7 | AO66: 80 | AP66: =AC66*AO66 -> 352 | AQ66: 1120 | AR66: =AD66*AQ66 -> 4928 | AS66: 80 | AT66: =AE66*AS66 -> 352 | AU66: 360 | AV66: =AF66*AU66 -> 1584 | AX66: =AG66*AW66 -> 0 | AZ66: =AH66*AY66 -> 0 | BA66: 80 | BB66: =AI66*BA66 -> 216 | BD66: =AJ66*BC66 -> 0 | BE66: 328 | BF66: =AK66*BE66 -> 885.6 | BH66: =AL66*BG66 -> 0 | BJ66: =AM66*BI66 -> 0 | BL66: =AN66*BK66 -> 0
A67: FY24 | B67: Benson Chen | C67: Darfon | E67: NB | G67: 2019 | H67: LANGKAWI/REBAK | I67: NBL KB | J67: 15 | K67: Snow White | L67: W China | M67: QUANTA | N67: 4.08 | O67: 4 | P67: 4.35 | Q67: 4.35 | R67: 4.35 | S67: 4.35 | T67: 4.35 | U67: 4.35 | V67: 4 | W67: 4 | X67: 4 | Y67: 4 | Z67: 4 | AA67: 4 | AB67: 0.27 | AC67: 0.27 | AD67: 0.27 | AE67: 0.27 | AF67: 0.27 | AG67: 0.27 | AH67: 0.27 | AI67: 0.7 | AJ67: 0.7 | AK67: 0.7 | AL67: 0.7 | AM67: 0.7 | AN67: 0.7 | AO67: 959 | AP67: =AC67*AO67 -> 258.93 | AQ67: 160 | AR67: =AD67*AQ67 -> 43.2 | AS67: 4200 | AT67: =AE67*AS67 -> 1134 | AV67: =AF67*AU67 -> 0 | AX67: =AG67*AW67 -> 0 | AZ67: =AH67*AY67 -> 0 | BB67: =AI67*BA67 -> 0 | BD67: =AJ67*BC67 -> 0 | BF67: =AK67*BE67 -> 0 | BH67: =AL67*BG67 -> 0 | BJ67: =AM67*BI67 -> 0 | BL67: =AN67*BK67 -> 0
A68: FY24 | B68: Benson Chen | C68: Darfon | E68: NB | G68: 2019 | H68: LANGKAWI/REBAK | I68: NBL KB | J68: 15 | K68: Jack Black | L68: W China | M68: QUANTA | N68: 4.08 | O68: 4 | P68: 4.35 | Q68: 4.35 | R68: 4.35 | S68: 4.35 | T68: 4.35 | U68: 4.35 | V68: 4 | W68: 4 | X68: 4 | Y68: 4 | Z68: 4 | AA68: 4 | AB68: 0.27 | AC68: 0.27 | AD68: 0.27 | AE68: 0.27 | AF68: 0.27 | AG68: 0.27 | AH68: 0.27 | AI68: 0.7 | AJ68: 0.7 | AK68: 0.7 | AL68: 0.7 | AM68: 0.7 | AN68: 0.7 | AP68: =AC68*AO68 -> 0 | AR68: =AD68*AQ68 -> 0 | AT68: =AE68*AS68 -> 0 | AV68: =AF68*AU68 -> 0 | AX68: =AG68*AW68 -> 0 | AZ68: =AH68*AY68 -> 0 | BB68: =AI68*BA68 -> 0 | BD68: =AJ68*BC68 -> 0 | BF68: =AK68*BE68 -> 0 | BH68: =AL68*BG68 -> 0 | BJ68: =AM68*BI68 -> 0 | BL68: =AN68*BK68 -> 0
A69: FY24 | B69: Benson Chen | C69: Darfon | E69: NB | G69: 2019 | H69: LANGKAWI/REBAK | I69: BL KB | J69: 15 | K69: Shadow Black | L69: W China | M69: QUANTA | N69: 10.9 | O69: 12.1 | P69: 13.9 | Q69: 13.9 | R69: 13.9 | S69: 13.9 | T69: 13.9 | U69: 13.9 | V69: 12.1 | W69: 12.1 | X69: 12.1 | Y69: 12.1 | Z69: 12.1 | AA69: 12.1 | AB69: 1.2 | AC69: 3 | AD69: 3 | AE69: 3 | AF69: 3 | AG69: 3 | AH69: 3 | AI69: 1.2 | AJ69: 1.2 | AK69: 1.2 | AL69: 1.2 | AM69: 1.2 | AN69: 1.2 | AP69: =AC69*AO69 -> 0 | AR69: =AD69*AQ69 -> 0 | AT69: =AE69*AS69 -> 0 | AV69: =AF69*AU69 -> 0 | AX69: =AG69*AW69 -> 0 | AZ69: =AH69*AY69 -> 0 | BB69: =AI69*BA69 -> 0 | BD69: =AJ69*BC69 -> 0 | BF69: =AK69*BE69 -> 0 | BH69: =AL69*BG69 -> 0 | BJ69: =AM69*BI69 -> 0 | BL69: =AN69*BK69 -> 0
A70: FY24 | B70: Benson Chen | C70: Darfon | E70: NB | G70: 2019 | H70: LANGKAWI/REBAK | I70: NBL KB | J70: 15 | K70: Shadow Black | L70: W China | M70: QUANTA | N70: 5.58 | O70: 5.8 | P70: 6.35 | Q70: 6.35 | R70: 6.35 | S70: 6.35 | T70: 6.35 | U70: 6.35 | V70: 5.8 | W70: 5.8 | X70: 5.8 | Y70: 5.8 | Z70: 5.8 | AA70: 5.8 | AB70: 0.5 | AC70: 0.77 | AD70: 0.77 | AE70: 0.77 | AF70: 0.77 | AG70: 0.77 | AH70: 0.77 | AI70: 0.5 | AJ70: 0.5 | AK70: 0.5 | AL70: 0.5 | AM70: 0.5 | AN70: 0.5 | AP70: =AC70*AO70 -> 0 | AR70: =AD70*AQ70 -> 0 | AT70: =AE70*AS70 -> 0 | AV70: =AF70*AU70 -> 0 | AX70: =AG70*AW70 -> 0 | AZ70: =AH70*AY70 -> 0 | BB70: =AI70*BA70 -> 0 | BD70: =AJ70*BC70 -> 0 | BF70: =AK70*BE70 -> 0 | BH70: =AL70*BG70 -> 0 | BJ70: =AM70*BI70 -> 0 | BL70: =AN70*BK70 -> 0
A71: FY24
A72: FY24
A73: FY24 | AP73: =AC73*AO73 -> 0 | AR73: =AD73*AQ73 -> 0 | AT73: =AE73*AS73 -> 0 | AV73: =AF73*AU73 -> 0 | AX73: =AG73*AW73 -> 0 | AZ73: =AH73*AY73 -> 0 | BB73: =AI73*BA73 -> 0 | BD73: =AJ73*BC73 -> 0 | BF73: =AK73*BE73 -> 0 | BH73: =AL73*BG73 -> 0 | BJ73: =AM73*BI73 -> 0 | BL73: =AN73*BK73 -> 0
A74: FY24 | AP74: =AC74*AO74 -> 0 | AR74: =AD74*AQ74 -> 0 | AT74: =AE74*AS74 -> 0 | AV74: =AF74*AU74 -> 0 | AX74: =AG74*AW74 -> 0 | AZ74: =AH74*AY74 -> 0 | BB74: =AI74*BA74 -> 0 | BD74: =AJ74*BC74 -> 0 | BF74: =AK74*BE74 -> 0 | BH74: =AL74*BG74 -> 0 | BJ74: =AM74*BI74 -> 0 | BL74: =AN74*BK74 -> 0
A75: FY24 | AP75: =AC75*AO75 -> 0 | AR75: =AD75*AQ75 -> 0 | AT75: =AE75*AS75 -> 0 | AV75: =AF75*AU75 -> 0 | AX75: =AG75*AW75 -> 0 | AZ75: =AH75*AY75 -> 0 | BB75: =AI75*BA75 -> 0 | BD75: =AJ75*BC75 -> 0 | BF75: =AK75*BE75 -> 0 | BH75: =AL75*BG75 -> 0 | BJ75: =AM75*BI75 -> 0 | BL75: =AN75*BK75 -> 0
A76: FY24 | AP76: =AC76*AO76 -> 0 | AR76: =AD76*AQ76 -> 0 | AT76: =AE76*AS76 -> 0 | AV76: =AF76*AU76 -> 0 | AX76: =AG76*AW76 -> 0 | AZ76: =AH76*AY76 -> 0 | BB76: =AI76*BA76 -> 0 | BD76: =AJ76*BC76 -> 0 | BF76: =AK76*BE76 -> 0 | BH76: =AL76*BG76 -> 0 | BJ76: =AM76*BI76 -> 0 | BL76: =AN76*BK76 -> 0
A77: FY24 | F77: Chromebook | AP77: =AC77*AO77 -> 0 | AR77: =AD77*AQ77 -> 0 | AT77: =AE77*AS77 -> 0 | AV77: =AF77*AU77 -> 0 | AX77: =AG77*AW77 -> 0 | AZ77: =AH77*AY77 -> 0 | BB77: =AI77*BA77 -> 0 | BD77: =AJ77*BC77 -> 0 | BF77: =AK77*BE77 -> 0 | BH77: =AL77*BG77 -> 0 | BJ77: =AM77*BI77 -> 0 | BL77: =AN77*BK77 -> 0
A78: FY24 | AP78: =AC78*AO78 -> 0 | AR78: =AD78*AQ78 -> 0 | AT78: =AE78*AS78 -> 0 | AV78: =AF78*AU78 -> 0 | AX78: =AG78*AW78 -> 0 | AZ78: =AH78*AY78 -> 0 | BB78: =AI78*BA78 -> 0 | BD78: =AJ78*BC78 -> 0 | BF78: =AK78*BE78 -> 0 | BH78: =AL78*BG78 -> 0 | BJ78: =AM78*BI78 -> 0 | BL78: =AN78*BK78 -> 0
A79: FY24 | AP79: =AC79*AO79 -> 0 | AR79: =AD79*AQ79 -> 0 | AT79: =AE79*AS79 -> 0 | AV79: =AF79*AU79 -> 0 | AX79: =AG79*AW79 -> 0 | AZ79: =AH79*AY79 -> 0 | BB79: =AI79*BA79 -> 0 | BD79: =AJ79*BC79 -> 0 | BF79: =AK79*BE79 -> 0 | BH79: =AL79*BG79 -> 0 | BJ79: =AM79*BI79 -> 0 | BL79: =AN79*BK79 -> 0
A80: FY24 | AP80: =AC80*AO80 -> 0 | AR80: =AD80*AQ80 -> 0 | AT80: =AE80*AS80 -> 0 | AV80: =AF80*AU80 -> 0 | AX80: =AG80*AW80 -> 0 | AZ80: =AH80*AY80 -> 0 | BB80: =AI80*BA80 -> 0 | BD80: =AJ80*BC80 -> 0 | BF80: =AK80*BE80 -> 0 | BH80: =AL80*BG80 -> 0 | BJ80: =AM80*BI80 -> 0 | BL80: =AN80*BK80 -> 0
A81: FY24 | AP81: =AC81*AO81 -> 0 | AR81: =AD81*AQ81 -> 0 | AT81: =AE81*AS81 -> 0 | AV81: =AF81*AU81 -> 0 | AX81: =AG81*AW81 -> 0 | AZ81: =AH81*AY81 -> 0 | BB81: =AI81*BA81 -> 0 | BD81: =AJ81*BC81 -> 0 | BF81: =AK81*BE81 -> 0 | BH81: =AL81*BG81 -> 0 | BJ81: =AM81*BI81 -> 0 | BL81: =AN81*BK81 -> 0
A82: FY24 | AP82: =AC82*AO82 -> 0 | AR82: =AD82*AQ82 -> 0 | AT82: =AE82*AS82 -> 0 | AV82: =AF82*AU82 -> 0 | AX82: =AG82*AW82 -> 0 | AZ82: =AH82*AY82 -> 0 | BB82: =AI82*BA82 -> 0 | BD82: =AJ82*BC82 -> 0 | BF82: =AK82*BE82 -> 0 | BH82: =AL82*BG82 -> 0 | BJ82: =AM82*BI82 -> 0 | BL82: =AN82*BK82 -> 0
A83: FY24 | AP83: =AC83*AO83 -> 0 | AR83: =AD83*AQ83 -> 0 | AT83: =AE83*AS83 -> 0 | AV83: =AF83*AU83 -> 0 | AX83: =AG83*AW83 -> 0 | AZ83: =AH83*AY83 -> 0 | BB83: =AI83*BA83 -> 0 | BD83: =AJ83*BC83 -> 0 | BF83: =AK83*BE83 -> 0 | BH83: =AL83*BG83 -> 0 | BJ83: =AM83*BI83 -> 0 | BL83: =AN83*BK83 -> 0
A84: FY24 | AP84: =AC84*AO84 -> 0 | AR84: =AD84*AQ84 -> 0 | AT84: =AE84*AS84 -> 0 | AV84: =AF84*AU84 -> 0 | AX84: =AG84*AW84 -> 0 | AZ84: =AH84*AY84 -> 0 | BB84: =AI84*BA84 -> 0 | BD84: =AJ84*BC84 -> 0 | BF84: =AK84*BE84 -> 0 | BH84: =AL84*BG84 -> 0 | BJ84: =AM84*BI84 -> 0 | BL84: =AN84*BK84 -> 0
A85: FY24 | AP85: =AC85*AO85 -> 0 | AR85: =AD85*AQ85 -> 0 | AT85: =AE85*AS85 -> 0 | AV85: =AF85*AU85 -> 0 | AX85: =AG85*AW85 -> 0 | AZ85: =AH85*AY85 -> 0 | BB85: =AI85*BA85 -> 0 | BD85: =AJ85*BC85 -> 0 | BF85: =AK85*BE85 -> 0 | BH85: =AL85*BG85 -> 0 | BJ85: =AM85*BI85 -> 0 | BL85: =AN85*BK85 -> 0
A86: FY24 | B86: Benson Chen | C86: Darfon | F86: Pavilion | G86: 2020 | H86: FELICETTE/STRELKA | I86: BL KB | J86: 15 | K86: Pike Silver | L86: W China | M86: QUANTA | N86: 8.6 | O86: 13.6 | P86: 13.6 | Q86: 13.6 | R86: 13.6 | S86: 13.6 | T86: 13.6 | U86: 13.6 | V86: 13.6 | W86: 13.6 | X86: 13.6 | Y86: 13.6 | Z86: 13.6 | AA86: 13.6 | AB86: 5 | AC86: 5 | AD86: 5 | AE86: 5 | AF86: 5 | AG86: 5 | AH86: 5 | AI86: 5 | AJ86: 5 | AK86: 5 | AL86: 5 | AM86: 5 | AN86: 5 | AO86: 640 | AP86: =AC86*AO86 -> 3200 | AQ86: 26044 | AR86: =AD86*AQ86 -> 130220 | AS86: 18836 | AT86: =AE86*AS86 -> 94180 | AU86: 18558 | AV86: =AF86*AU86 -> 92790 | AW86: 23519 | AX86: =AG86*AW86 -> 117595 | AY86: 21272 | AZ86: =AH86*AY86 -> 106360 | BA86: 16560 | BB86: =AI86*BA86 -> 82800 | BC86: 11960 | BD86: =AJ86*BC86 -> 59800 | BE86: 13640 | BF86: =AK86*BE86 -> 68200 | BG86: 15440 | BH86: =AL86*BG86 -> 77200 | BI86: 6760 | BJ86: =AM86*BI86 -> 33800 | BK86: 5600 | BL86: =AN86*BK86 -> 28000
A87: FY24 | B87: Benson Chen | C87: Darfon | G87: 2020 | H87: FELICETTE/STRELKA | I87: NBL KB | J87: 15 | K87: Pike Silver | L87: W China | M87: QUANTA | N87: 4.9 | O87: 6.4 | P87: 6.4 | Q87: 6.4 | R87: 6.4 | S87: 6.4 | T87: 6.4 | U87: 6.4 | V87: 6.4 | W87: 6.4 | X87: 6.4 | Y87: 6.4 | Z87: 6.4 | AA87: 6.4 | AB87: 1.5 | AC87: 1.5 | AD87: 1.5 | AE87: 1.5 | AF87: 1.5 | AG87: 1.5 | AH87: 1.5 | AI87: 1.5 | AJ87: 1.5 | AK87: 1.5 | AL87: 1.5 | AM87: 1.5 | AN87: 1.5 | AP87: =AC87*AO87 -> 0 | AR87: =AD87*AQ87 -> 0 | AT87: =AE87*AS87 -> 0 | AV87: =AF87*AU87 -> 0 | AX87: =AG87*AW87 -> 0 | AZ87: =AH87*AY87 -> 0 | BB87: =AI87*BA87 -> 0 | BD87: =AJ87*BC87 -> 0 | BF87: =AK87*BE87 -> 0 | BH87: =AL87*BG87 -> 0 | BJ87: =AM87*BI87 -> 0 | BL87: =AN87*BK87 -> 0
A88: FY24 | B88: Benson Chen | C88: Darfon | E88: NB | G88: 2020 | H88: FELICETTE/STRELKA | I88: BL KB | J88: 15 | K88: Cloud Blue | L88: W China | M88: QUANTA | N88: 8.8 | O88: 14.3 | P88: 14.3 | Q88: 14.3 | R88: 14.3 | S88: 14.3 | T88: 14.3 | U88: 14.3 | V88: 14.3 | W88: 14.3 | X88: 14.3 | Y88: 14.3 | Z88: 14.3 | AA88: 14.3 | AB88: 5.5 | AC88: 5.5 | AD88: 5.5 | AE88: 5.5 | AF88: 5.5 | AG88: 5.5 | AH88: 5.5 | AI88: 5.5 | AJ88: 5.5 | AK88: 5.5 | AL88: 5.5 | AM88: 5.5 | AN88: 5.5 | AP88: =AC88*AO88 -> 0 | AR88: =AD88*AQ88 -> 0 | AT88: =AE88*AS88 -> 0 | AV88: =AF88*AU88 -> 0 | AX88: =AG88*AW88 -> 0 | AZ88: =AH88*AY88 -> 0 | BB88: =AI88*BA88 -> 0 | BD88: =AJ88*BC88 -> 0 | BF88: =AK88*BE88 -> 0 | BH88: =AL88*BG88 -> 0 | BJ88: =AM88*BI88 -> 0 | BL88: =AN88*BK88 -> 0
A89: FY24 | B89: Benson Chen | C89: Darfon | E89: NB | G89: 2020 | H89: FELICETTE/STRELKA | I89: NBL KB | J89: 15 | K89: Cloud Blue | L89: W China | M89: QUANTA | N89: 4.9 | O89: 6.4 | P89: 6.4 | Q89: 6.4 | R89: 6.4 | S89: 6.4 | T89: 6.4 | U89: 6.4 | V89: 6.4 | W89: 6.4 | X89: 6.4 | Y89: 6.4 | Z89: 6.4 | AA89: 6.4 | AB89: 1.5 | AC89: 1.5 | AD89: 1.5 | AE89: 1.5 | AF89: 1.5 | AG89: 1.5 | AH89: 1.5 | AI89: 1.5 | AJ89: 1.5 | AK89: 1.5 | AL89: 1.5 | AM89: 1.5 | AN89: 1.5 | AP89: =AC89*AO89 -> 0 | AR89: =AD89*AQ89 -> 0 | AT89: =AE89*AS89 -> 0 | AV89: =AF89*AU89 -> 0 | AX89: =AG89*AW89 -> 0 | AZ89: =AH89*AY89 -> 0 | BB89: =AI89*BA89 -> 0 | BD89: =AJ89*BC89 -> 0 | BF89: =AK89*BE89 -> 0 | BH89: =AL89*BG89 -> 0 | BJ89: =AM89*BI89 -> 0 | BL89: =AN89*BK89 -> 0
A90: FY24 | B90: Benson Chen | C90: Darfon | E90: NB | G90: 2021 | H90: SLINKY | I90: BL KB | J90: 14 | K90: Warm Gold | L90: W China | M90: WISTRON | N90: 9.75 | O90: 15.6 | P90: 15.6 | Q90: 15.6 | R90: 15.6 | S90: 15.6 | T90: 15.6 | U90: 15.6 | V90: 15.6 | W90: 15.6 | X90: 15.6 | Y90: 15.6 | Z90: 15.6 | AA90: 15.6 | AB90: 5.7 | AC90: 5.7 | AD90: 5.7 | AE90: 5.7 | AF90: 5.7 | AG90: 5.7 | AH90: 5.7 | AI90: 5.7 | AJ90: 5.7 | AK90: 5.7 | AL90: 5.7 | AM90: 5.7 | AN90: 5.7 | AP90: =AC90*AO90 -> 0 | AR90: =AD90*AQ90 -> 0 | AT90: =AE90*AS90 -> 0 | AV90: =AF90*AU90 -> 0 | AX90: =AG90*AW90 -> 0 | AZ90: =AH90*AY90 -> 0 | BB90: =AI90*BA90 -> 0 | BD90: =AJ90*BC90 -> 0 | BF90: =AK90*BE90 -> 0 | BH90: =AL90*BG90 -> 0 | BJ90: =AM90*BI90 -> 0 | BL90: =AN90*BK90 -> 0
A91: FY24 | B91: Benson Chen | C91: Darfon | E91: NB | G91: 2021 | H91: SLINKY | I91: NBL KB | J91: 14 | K91: Warm Gold | L91: W China | M91: WISTRON | N91: 5.3 | O91: 6.65 | P91: 6.65 | Q91: 6.65 | R91: 6.65 | S91: 6.65 | T91: 6.65 | U91: 6.65 | V91: 6.65 | W91: 6.65 | X91: 6.65 | Y91: 6.65 | Z91: 6.65 | AA91: 6.65 | AB91: 1.2 | AC91: 1.2 | AD91: 1.2 | AE91: 1.2 | AF91: 1.2 | AG91: 1.2 | AH91: 1.2 | AI91: 1.2 | AJ91: 1.2 | AK91: 1.2 | AL91: 1.2 | AM91: 1.2 | AN91: 1.2 | AP91: =AC91*AO91 -> 0 | AR91: =AD91*AQ91 -> 0 | AT91: =AE91*AS91 -> 0 | AV91: =AF91*AU91 -> 0 | AX91: =AG91*AW91 -> 0 | AZ91: =AH91*AY91 -> 0 | BB91: =AI91*BA91 -> 0 | BD91: =AJ91*BC91 -> 0 | BF91: =AK91*BE91 -> 0 | BH91: =AL91*BG91 -> 0 | BJ91: =AM91*BI91 -> 0 | BL91: =AN91*BK91 -> 0
A92: FY24 | B92: Benson Chen | C92: Darfon | E92: NB | G92: 2021 | H92: SLINKY | I92: BL KB | J92: 14 | K92: Pike Silver | L92: W China | M92: WISTRON | N92: 9.75 | O92: 14.9 | P92: 14.9 | Q92: 14.9 | R92: 14.9 | S92: 14.9 | T92: 14.9 | U92: 14.9 | V92: 14.9 | W92: 14.9 | X92: 14.9 | Y92: 14.9 | Z92: 14.9 | AA92: 14.9 | AB92: 5 | AC92: 5 | AD92: 5 | AE92: 5 | AF92: 5 | AG92: 5 | AH92: 5 | AI92: 5 | AJ92: 5 | AK92: 5 | AL92: 5 | AM92: 5 | AN92: 5 | AP92: =AC92*AO92 -> 0 | AR92: =AD92*AQ92 -> 0 | AT92: =AE92*AS92 -> 0 | AV92: =AF92*AU92 -> 0 | AX92: =AG92*AW92 -> 0 | AZ92: =AH92*AY92 -> 0 | BB92: =AI92*BA92 -> 0 | BD92: =AJ92*BC92 -> 0 | BF92: =AK92*BE92 -> 0 | BH92: =AL92*BG92 -> 0 | BJ92: =AM92*BI92 -> 0 | BL92: =AN92*BK92 -> 0
A93: FY24 | B93: Benson Chen | C93: Darfon | E93: NB | G93: 2021 | H93: SLINKY | I93: NBL KB | J93: 14 | K93: Pike Silver | L93: W China | M93: WISTRON | N93: 5.3 | O93: 6.65 | P93: 6.65 | Q93: 6.65 | R93: 6.65 | S93: 6.65 | T93: 6.65 | U93: 6.65 | V93: 6.65 | W93: 6.65 | X93: 6.65 | Y93: 6.65 | Z93: 6.65 | AA93: 6.65 | AB93: 1.2 | AC93: 1.2 | AD93: 1.2 | AE93: 1.2 | AF93: 1.2 | AG93: 1.2 | AH93: 1.2 | AI93: 1.2 | AJ93: 1.2 | AK93: 1.2 | AL93: 1.2 | AM93: 1.2 | AN93: 1.2 | AP93: =AC93*AO93 -> 0 | AR93: =AD93*AQ93 -> 0 | AT93: =AE93*AS93 -> 0 | AV93: =AF93*AU93 -> 0 | AX93: =AG93*AW93 -> 0 | AZ93: =AH93*AY93 -> 0 | BB93: =AI93*BA93 -> 0 | BD93: =AJ93*BC93 -> 0 | BF93: =AK93*BE93 -> 0 | BH93: =AL93*BG93 -> 0 | BJ93: =AM93*BI93 -> 0 | BL93: =AN93*BK93 -> 0
A94: FY24 | B94: Benson Chen | C94: Darfon | E94: NB | G94: 2021 | H94: SLINKY | I94: BL KB | J94: 14 | K94: Spruce Blue | L94: W China | M94: WISTRON | N94: 10.15 | O94: 16.6 | P94: 16.6 | Q94: 16.6 | R94: 16.6 | S94: 16.6 | T94: 16.6 | U94: 16.6 | V94: 16.6 | W94: 16.6 | X94: 16.6 | Y94: 16.6 | Z94: 16.6 | AA94: 16.6 | AB94: 6.3 | AC94: 6.3 | AD94: 6.3 | AE94: 6.3 | AF94: 6.3 | AG94: 6.3 | AH94: 6.3 | AI94: 6.3 | AJ94: 6.3 | AK94: 6.3 | AL94: 6.3 | AM94: 6.3 | AN94: 6.3 | AP94: =AC94*AO94 -> 0 | AR94: =AD94*AQ94 -> 0 | AT94: =AE94*AS94 -> 0 | AV94: =AF94*AU94 -> 0 | AX94: =AG94*AW94 -> 0 | AZ94: =AH94*AY94 -> 0 | BB94: =AI94*BA94 -> 0 | BD94: =AJ94*BC94 -> 0 | BF94: =AK94*BE94 -> 0 | BH94: =AL94*BG94 -> 0 | BJ94: =AM94*BI94 -> 0 | BL94: =AN94*BK94 -> 0
A95: FY24 | B95: Benson Chen | C95: Darfon | E95: NB | G95: 2021 | H95: SLINKY | I95: NBL KB | J95: 14 | K95: Spruce Blue | L95: W China | M95: WISTRON | N95: 5.7 | O95: 7.65 | P95: 7.65 | Q95: 7.65 | R95: 7.65 | S95: 7.65 | T95: 7.65 | U95: 7.65 | V95: 7.65 | W95: 7.65 | X95: 7.65 | Y95: 7.65 | Z95: 7.65 | AA95: 7.65 | AB95: 1.8 | AC95: 1.8 | AD95: 1.8 | AE95: 1.8 | AF95: 1.8 | AG95: 1.8 | AH95: 1.8 | AI95: 1.8 | AJ95: 1.8 | AK95: 1.8 | AL95: 1.8 | AM95: 1.8 | AN95: 1.8 | AP95: =AC95*AO95 -> 0 | AR95: =AD95*AQ95 -> 0 | AT95: =AE95*AS95 -> 0 | AV95: =AF95*AU95 -> 0 | AX95: =AG95*AW95 -> 0 | AZ95: =AH95*AY95 -> 0 | BB95: =AI95*BA95 -> 0 | BD95: =AJ95*BC95 -> 0 | BF95: =AK95*BE95 -> 0 | BH95: =AL95*BG95 -> 0 | BJ95: =AM95*BI95 -> 0 | BL95: =AN95*BK95 -> 0
A96: FY24 | B96: Benson Chen | C96: Darfon | E96: NB | G96: 2022 | H96: RIESLING | I96: BL KB | J96: 14 | K96: Natural Silver | L96: W China | M96: WISTRON | N96: 8.9 | O96: 12.6 | P96: 14.4 | Q96: 14.4 | R96: 14.4 | S96: 14.4 | T96: 14.4 | U96: 14.4 | V96: 12.6 | W96: 12.6 | X96: 12.6 | Y96: 12.6 | Z96: 12.6 | AA96: 12.6 | AB96: 3.7 | AC96: 4 | AD96: 5.5 | AE96: 5.5 | AF96: 5.5 | AG96: 5.5 | AH96: 5.5 | AI96: 3.7 | AJ96: 3.7 | AK96: 3.7 | AL96: 3.7 | AM96: 3.7 | AN96: 3.7 | AO96: 8165 | AP96: =AC96*AO96 -> 32660 | AQ96: 12160 | AR96: =AD96*AQ96 -> 66880 | AS96: 3628 | AT96: =AE96*AS96 -> 19954 | AU96: 5960 | AV96: =AF96*AU96 -> 32780 | AW96: 12320 | AX96: =AG96*AW96 -> 67760 | AY96: 4598 | AZ96: =AH96*AY96 -> 25289 | BA96: 6155 | BB96: =AI96*BA96 -> 22773.5 | BC96: 9378 | BD96: =AJ96*BC96 -> 34698.6 | BE96: 4920 | BF96: =AK96*BE96 -> 18204 | BG96: 7596 | BH96: =AL96*BG96 -> 28105.2 | BI96: 5387 | BJ96: =AM96*BI96 -> 19931.9 | BK96: 3159 | BL96: =AN96*BK96 -> 11688.3
A97: FY24 | B97: Benson Chen | C97: Darfon | E97: NB | G97: 2021 | H97: DUCKY | I97: BL KB | J97: 15 | K97: Pike Silver | L97: W China | M97: WISTRON | N97: 8.4 | O97: 13.6 | P97: 13.6 | Q97: 13.6 | R97: 13.6 | S97: 13.6 | T97: 13.6 | U97: 13.6 | V97: 13.6 | W97: 13.6 | X97: 13.6 | Y97: 13.6 | Z97: 13.6 | AA97: 13.6 | AB97: 5.05 | AC97: 5.05 | AD97: 5.05 | AE97: 5.05 | AF97: 5.05 | AG97: 5.05 | AH97: 5.05 | AI97: 5.05 | AJ97: 5.05 | AK97: 5.05 | AL97: 5.05 | AM97: 5.05 | AN97: 5.05 | AP97: =AC97*AO97 -> 0 | AR97: =AD97*AQ97 -> 0 | AT97: =AE97*AS97 -> 0 | AV97: =AF97*AU97 -> 0 | AX97: =AG97*AW97 -> 0 | AZ97: =AH97*AY97 -> 0 | BB97: =AI97*BA97 -> 0 | BD97: =AJ97*BC97 -> 0 | BF97: =AK97*BE97 -> 0 | BH97: =AL97*BG97 -> 0 | BJ97: =AM97*BI97 -> 0 | BL97: =AN97*BK97 -> 0
A98: FY24 | B98: Benson Chen | C98: Darfon | E98: NB | G98: 2021 | H98: DUCKY | I98: NBL KB | J98: 15 | K98: Pike Silver | L98: W China | M98: WISTRON | N98: 4.4 | O98: 6.4 | P98: 6.4 | Q98: 6.4 | R98: 6.4 | S98: 6.4 | T98: 6.4 | U98: 6.4 | V98: 6.4 | W98: 6.4 | X98: 6.4 | Y98: 6.4 | Z98: 6.4 | AA98: 6.4 | AB98: 1.85 | AC98: 1.85 | AD98: 1.85 | AE98: 1.85 | AF98: 1.85 | AG98: 1.85 | AH98: 1.85 | AI98: 1.85 | AJ98: 1.85 | AK98: 1.85 | AL98: 1.85 | AM98: 1.85 | AN98: 1.85 | AP98: =AC98*AO98 -> 0 | AR98: =AD98*AQ98 -> 0 | AT98: =AE98*AS98 -> 0 | AV98: =AF98*AU98 -> 0 | AX98: =AG98*AW98 -> 0 | AZ98: =AH98*AY98 -> 0 | BB98: =AI98*BA98 -> 0 | BD98: =AJ98*BC98 -> 0 | BF98: =AK98*BE98 -> 0 | BH98: =AL98*BG98 -> 0 | BJ98: =AM98*BI98 -> 0 | BL98: =AN98*BK98 -> 0
A99: FY24 | B99: Benson Chen | C99: Darfon | E99: NB | G99: 2023 | H99: TUFFY | I99: BL KB | J99: 16 | K99: Soft Grey | L99: W China | M99: WISTRON | N99: 8.6 | O99: 12.5 | P99: 14.3 | Q99: 14.3 | R99: 14.3 | S99: 14.3 | T99: 14.3 | U99: 14.3 | V99: 12.5 | W99: 12.5 | X99: 12.5 | Y99: 12.5 | Z99: 12.5 | AA99: 12.5 | AB99: 1.5 | AC99: 1.5 | AD99: 3 | AE99: 3 | AF99: 3 | AG99: 3 | AH99: 3 | AI99: 3.1 | AJ99: 3.1 | AK99: 3.1 | AL99: 3.1 | AM99: 3.1 | AN99: 3.1 | AO99: 17120 | AP99: =AC99*AO99 -> 25680 | AQ99: 5760 | AR99: =AD99*AQ99 -> 17280 | AS99: 2240 | AT99: =AE99*AS99 -> 6720 | AU99: 1080 | AV99: =AF99*AU99 -> 3240 | AW99: 5120 | AX99: =AG99*AW99 -> 15360 | AY99: 5078 | AZ99: =AH99*AY99 -> 15234 | BA99: 4640 | BB99: =AI99*BA99 -> 14384 | BC99: 2600 | BD99: =AJ99*BC99 -> 8060 | BE99: 4320 | BF99: =AK99*BE99 -> 13392 | BG99: 6060 | BH99: =AL99*BG99 -> 18786 | BI99: 10400 | BJ99: =AM99*BI99 -> 32240 | BK99: 7120 | BL99: =AN99*BK99 -> 22072
A100: FY24 | B100: Benson Chen | C100: Darfon | E100: NB | G100: 2023 | H100: TUFFY | I100: BL KB | J100: 16 | K100: Sandstorm Grey | L100: W China | M100: WISTRON | N100: 9 | O100: 13.4 | P100: 15.2 | Q100: 15.2 | R100: 15.2 | S100: 15.2 | T100: 15.2 | U100: 15.2 | V100: 13.4 | W100: 13.4 | X100: 13.4 | Y100: 13.4 | Z100: 13.4 | AA100: 13.4 | AB100: 1.5 | AC100: 1.5 | AD100: 3 | AE100: 3 | AF100: 3 | AG100: 3 | AH100: 3 | AI100: 4 | AJ100: 4 | AK100: 4 | AL100: 4 | AM100: 4 | AN100: 4 | AP100: =AC100*AO100 -> 0 | AR100: =AD100*AQ100 -> 0 | AT100: =AE100*AS100 -> 0 | AU100: 40 | AV100: =AF100*AU100 -> 120 | AX100: =AG100*AW100 -> 0 | AY100: 200 | AZ100: =AH100*AY100 -> 600 | BB100: =AI100*BA100 -> 0 | BD100: =AJ100*BC100 -> 0 | BF100: =AK100*BE100 -> 0 | BG100: 40 | BH100: =AL100*BG100 -> 160 | BJ100: =AM100*BI100 -> 0 | BL100: =AN100*BK100 -> 0
...

Sheet FY25 Summary_1
B3: Supplier's name | C3: 2024 11 | D3: 2024 12 | E3: 2025 01 | F3: Total Q1
B4: Rebate amount | C4: =SUM('FY25'!AP1) -> 575736.99 | D4: =SUM('FY25'!AR1) -> 899411.86 | E4: =SUM('FY25'!AT1) -> 489460.9 | F4: =SUM(C4:E4) -> 1964609.8
B5: E&O reduction | C5: 0 | D5: 0 | E5: 10388.4 | F5: =SUM(C5:E5) -> 10388.4
B6: Complexity reduction | C6: 0 | D6: 0 | E6: 0 | F6: =SUM(C6:E6) -> 0 | H6: 1. 新增Summary_1, 原先的Summary重新命名為Summary_2
B7: Total amount | C7: =SUM(C4:C6) -> 575736.99 | D7: =SUM(D4:D6) -> 899411.86 | E7: =SUM(E4:E6) -> 499849.3 | F7: =SUM(F4:F6) -> 1974998.2
H8: 2.黃色部位為貴司名稱, 請整份報告都跟檔名貴司名稱撰寫方式一致
B10: Supplier's name | C10: 2025 02 | D10: 2025 03 | E10: 2025 04 | F10: Total Q2 | H10: 3. 這些欄位一定要固定, B3-B28, C3-C28, D3-D28, E3-E28, F3-F28都有賦予定義
B11: Rebate amount | C11: =SUM('FY25'!AV1) -> 596846.92 | D11: =SUM('FY25'!AX1) -> 1117691.8 | E11: =SUM('FY25'!AZ1) -> 1039626.5 | F11: =SUM(C11:E11) -> 2754165.2
B12: E&O reduction | C12: 0 | D12: 32832.89 | E12: 0 | F12: =SUM(C12:E12) -> 32832.89 | H12: 4. Rebate amount 指得是summary_2的page金額 (就是我們一直以來收集的金額)
B13: Complexity reduction | C13: 0 | D13: 0 | E13: 0 | F13: =SUM(C13:E13) -> 0
B14: Total amount | C14: =SUM(C11:C13) -> 596846.92 | D14: =SUM(D11:D13) -> 1150524.7 | E14: =SUM(E11:E13) -> 1039626.5 | F14: =SUM(F11:F13) -> 2786998.1 | H14: 5. 新增 E&O reduction 及complexity reduction品項, 先留足空間
H15: 若目前還未有此款項存在都先填0
B17: Supplier's name | C17: 2025 05 | D17: 2025 06 | E17: 2025 07 | F17: Total Q3 | H17: 6. 金額都放未經調整後的真實數字, 分析才具意義
B18: Rebate amount | C18: =SUM('FY25'!BB1) -> 1064109.8 | D18: =SUM('FY25'!BD1) -> 1157504.3 | E18: =SUM('FY25'!BF1) -> 1112718.7 | F18: =SUM(C18:E18) -> 3334332.8
B19: E&O reduction | C19: 0 | D19: 91172.63 | E19: 28639.79 | F19: =SUM(C19:E19) -> 119812.42
B20: Complexity reduction | C20: 0 | D20: 0 | E20: 0 | F20: =SUM(C20:E20) -> 0
B21: Total amount | C21: =SUM(C18:C20) -> 1064109.8 | D21: =SUM(D18:D20) -> 1248676.9 | E21: =SUM(E18:E20) -> 1141358.5 | F21: =SUM(F18:F20) -> 3454145.2
B24: Supplier's name | C24: 2025 08 | D24: 2025 09 | E24: 2025 10 | F24: Total Q4
B25: Rebate amount | C25: =SUM('FY25'!BH1) -> 1064241.9 | D25: =SUM('FY25'!BJ1) -> 1166386.9 | E25: =SUM('FY25'!BL1) -> 825994.7 | F25: =SUM(C25:E25) -> 3056623.5
B26: E&O reduction | C26: 0 | D26: 0 | E26: 21143.37 | F26: =SUM(C26:E26) -> 21143.37
B27: Complexity reduction | C27: 0 | D27: 0 | E27: 0 | F27: =SUM(C27:E27) -> 0
B28: Total amount | C28: =SUM(C25:C27) -> 1064241.9 | D28: =SUM(D25:D27) -> 1166386.9 | E28: =SUM(E25:E27) -> 847138.07 | F28: =SUM(F25:F27) -> 3077766.9

Sheet FY25 Summary_2
B3: Q1 Actual by Segment
C4: Segment | D4: 45597 | E4: 45627 | F4: 45658 | G4: Total Rebate in Q1 2025 (US$)
B5: CMIT Input Devices | C5: 200 series (6U) | D5: =SUM('FY25'!AP$276:AP$374)*0.25 -> 48492.525 | E5: =SUM('FY25'!AR276:AR374)*0.25 -> 123738.69 | F5: =SUM('FY25'!AT276:AT374)*0.25 -> 53862.763 | G5: =SUM(D5:F5) -> 226093.98
C6: 400 /600 series (S/B) | D6: =SUM('FY25'!AP$6:AP$19) -> 55790.12 | E6: =SUM('FY25'!AR6:AR19) -> 81240.88 | F6: =SUM('FY25'!AT6:AT19) -> 60397.35 | G6: =SUM(D6:F6) -> 197428.35
C7: 800 series (P) | D7: =SUM('FY25'!AP$20:AP$39) -> 0 | E7: =SUM('FY25'!AR20:AR39) -> 0 | F7: =SUM('FY25'!AT20:AT39) -> 0 | G7: =SUM(D7:F7) -> 0
C8: 1000 series (M | D8: =SUM('FY25'!AP$40:AP$48) -> 25741.76 | E8: =SUM('FY25'!AR40:AR48) -> 26996.3 | F8: =SUM('FY25'!AT40:AT48) -> 23963.98 | G8: =SUM(D8:F8) -> 76702.04
C9: MWS (Workstation) | D9: =SUM('FY25'!AP$66:AP$67) -> 0 | E9: =SUM('FY25'!AR66:AR67) -> 0 | F9: =SUM('FY25'!AT66:AT67) -> 0 | G9: =SUM(D9:F9) -> 0
C10: Soft Keyboard | D10: =SUM('FY25'!AP$68:AP$71) -> 0 | E10: =SUM('FY25'!AR68:AR71) -> 0 | F10: =SUM('FY25'!AT68:AT71) -> 0 | G10: =SUM(D10:F10) -> 0
C11: Chrome Book | D11: =SUM('FY25'!AP$72:AP$102)*0.7 -> 27914.04 | E11: =SUM('FY25'!AR72:AR102)*0.7 -> 26084.296 | F11: =SUM('FY25'!AT72:AT102)*0.7 -> 27566.42 | G11: =SUM(D11:F11) -> 81564.756
C12: Clickpad | D12: =SUM('FY25'!AP$49:AP$50) -> 0 | E12: =SUM('FY25'!AR49:AR50) -> 0 | F12: =SUM('FY25'!AT49:AT50) -> 0 | G12: =SUM(D12:F12) -> 0
C13: Education | D13: =SUM('FY25'!AP$51:AP$65) -> 3261.41 | E13: =SUM('FY25'!AR51:AR65) -> 25590.67 | F13: =SUM('FY25'!AT51:AT65) -> 3931.6 | G13: =SUM(D13:F13) -> 32783.68
C14: Peripherals/AMO | G14: =SUM(D14:F14) -> 0
C15: Desktop | D15: =SUM('FY25'!AP$103:AP$169) -> 110410.42 | E15: =SUM('FY25'!AR103:AR169) -> 114374.58 | F15: =SUM('FY25'!AT103:AT169) -> 82016.6 | G15: =SUM(D15:F15) -> 306801.6
B16: Consumer Input Devices | C16: OPP | D16: =SUM('FY25'!AP$276:AP$374)*0.75+SUM('FY25'!AP170:AP181) -> 148306.58 | E16: =SUM('FY25'!AR276:AR374)*0.75+SUM('FY25'!AR170:AR181) -> 371240.06 | F16: =SUM('FY25'!AT276:AT374)*0.75+SUM('FY25'!AT170:AT181) -> 161660.29 | G16: =SUM(D16:F16) -> 681206.93
C17: Chrome Book | D17: =SUM('FY25'!AP$72:AP$102)*0.3 -> 11963.16 | E17: =SUM('FY25'!AR72:AR102)*0.3 -> 11178.984 | F17: =SUM('FY25'!AT72:AT102)*0.3 -> 11814.18 | G17: =SUM(D17:F17) -> 34956.324
C18: Pavillion | D18: =SUM('FY25'!AP$186:AP$203) -> 63652.5 | E18: =SUM('FY25'!AR186:AR203) -> 52516.3 | F18: =SUM('FY25'!AT186:AT203) -> 18281.8 | G18: =SUM(D18:F18) -> 134450.6
C19: Spectre | D19: =SUM('FY25'!AP$204:AP$206) -> 9884 | E19: =SUM('FY25'!AR204:AR206) -> 12520 | F19: =SUM('FY25'!AT204:AT206) -> 10750 | G19: =SUM(D19:F19) -> 33154
C20: Envy | D20: =SUM('FY25'!AP$207:AP$221) -> 9421.2 | E20: =SUM('FY25'!AR207:AR221) -> 14851.2 | F20: =SUM('FY25'!AT207:AT221) -> 11228.1 | G20: =SUM(D20:F20) -> 35500.5
C21: Stream | D21: =SUM('FY25'!AP$222:AP$223) -> 0 | E21: =SUM('FY25'!AR222:AR223) -> 0 | F21: =SUM('FY25'!AT222:AT223) -> 0 | G21: =SUM(D21:F21) -> 0
C22: Omen | D22: =SUM('FY25'!AP$224:AP$249) -> 59494.8 | E22: =SUM('FY25'!AR224:AR249) -> 39003.1 | F22: =SUM('FY25'!AT224:AT249) -> 23515.5 | G22: =SUM(D22:F22) -> 122013.4
C23: Peripherals/AMO | D23: =SUM('FY25'!AP257:AP275) -> 1404.48 | E23: =SUM('FY25'!AR257:AR275) -> 76.8 | F23: =SUM('FY25'!AT257:AT275) -> 472.32 | G23: =SUM(D23:F23) -> 1953.6
C24: Desktop | D24: =SUM('FY25'!AP$250:AP$256) -> 0 | E24: =SUM('FY25'!AR250:AR256) -> 0 | F24: =SUM('FY25'!AT250:AT256) -> 0 | G24: =SUM(D24:F24) -> 0
G25: =SUM(G5:G24) -> 1964609.8
B27: Q1 Actual by Segment
C28: Supplier | D28: 45597 | E28: 45627 | F28: 45658 | G28: Total Rebate in Q1 2025 (US$)
B29: Input Devices | C29: Acrox
C30: Chicony
C31: Darfon | D31: =SUM(D5:D24) -> 575736.99 | E31: =SUM(E5:E24) -> 899411.86 | F31: =SUM(F5:F24) -> 489460.9 | G31: =SUM(D31:F31) -> 1964609.8
C32: Liteon
C33: Primax
C34: Sunrex
F35: Total Rebate Amount | G35: =SUM(G29:G34) -> 1964609.8
B38: Q2 Actual by Segment
C39: Segment | D39: 45689 | E39: 45717 | F39: 45748 | G39: Total Rebate in Q2 2025 (US$)
B40: CMIT Input Devices | C40: 200 series (6U) | D40: =SUM('FY25'!AV$276:AV$374)*0.25 -> 64072.163 | E40: =SUM('FY25'!AX$276:AX$374)*0.25 -> 136038.8 | F40: =SUM('FY25'!AZ$276:AZ$374)*0.25 -> 72675.888 | G40: =SUM(D40:F40) -> 272786.85
C41: 400 /600 series (S/B) | D41: =SUM('FY25'!AV$6:AV$19) -> 48888.85 | E41: =SUM('FY25'!AX$6:AX$19) -> 105022.95 | F41: =SUM('FY25'!AZ$6:AZ$19) -> 65178.91 | G41: =SUM(D41:F41) -> 219090.71
C42: 800 series (P) | D42: =SUM('FY25'!AV$20:AV$39) -> 0 | E42: =SUM('FY25'!AX$20:AX$39) -> 27744.5 | F42: =SUM('FY25'!AZ$20:AZ$39) -> 86587.6 | G42: =SUM(D42:F42) -> 114332.1
C43: 1000 series (M | D43: =SUM('FY25'!AV$40:AV$48) -> 37234.5 | E43: =SUM('FY25'!AX$40:AX$48) -> 31167.8 | F43: =SUM('FY25'!AZ$40:AZ$48) -> 40765.34 | G43: =SUM(D43:F43) -> 109167.64
C44: MWS (Workstation) | D44: =SUM('FY25'!AV$66:AV$67) -> 0 | E44: =SUM('FY25'!AX$66:AX$67) -> 0 | F44: =SUM('FY25'!AZ$66:AZ$67) -> 0 | G44: =SUM(D44:F44) -> 0
C45: Soft Keyboard | D45: =SUM('FY25'!AV$68:AV$71) -> 0 | E45: =SUM('FY25'!AX$68:AX$71) -> 0 | F45: =SUM('FY25'!AZ$68:AZ$71) -> 0 | G45: =SUM(D45:F45) -> 0
C46: Chrome Book | D46: =SUM('FY25'!AV$72:AV$102)*0.7 -> 19925.08 | E46: =SUM('FY25'!AX$72:AX$102)*0.7 -> 19825.603 | F46: =SUM('FY25'!AZ$72:AZ$102)*0.7 -> 28145.32 | G46: =SUM(D46:F46) -> 67896.003
C47: Clickpad | D47: =SUM('FY25'!AV$49:AV$50) -> 0 | E47: =SUM('FY25'!AX$49:AX$50) -> 0 | F47: =SUM('FY25'!AZ$49:AZ$50) -> 0 | G47: =SUM(D47:F47) -> 0
C48: Education | D48: =SUM('FY25'!AV$51:AV$65) -> 18958.28 | E48: =SUM('FY25'!AX$51:AX$65) -> 9640.2 | F48: =SUM('FY25'!AZ$51:AZ$65) -> 15280.8 | G48: =SUM(D48:F48) -> 43879.28
C49: Peripherals/AMO | G49: =SUM(D49:F49) -> 0
C50: Desktop | D50: =SUM('FY25'!AV$103:AV$169) -> 105192.52 | E50: =SUM('FY25'!AX$103:AX$169) -> 116630.6 | F50: =SUM('FY25'!AZ$103:AZ$169) -> 101462.38 | G50: =SUM(D50:F50) -> 323285.5
B51: Consumer Input Devices | C51: OPP | D51: =SUM('FY25'!AV$276:AV$374)*0.75+SUM('FY25'!AV170:AV181) -> 192228.49 | E51: =SUM('FY25'!AX$276:AX$374)*0.75+SUM('FY25'!AX170:AX181) -> 408116.4 | F51: =SUM('FY25'!AZ$276:AZ$374)*0.75+SUM('FY25'!AZ170:AZ181) -> 218027.66 | G51: =SUM(D51:F51) -> 818372.55
C52: Chrome Book | D52: =SUM('FY25'!AV$72:AV$102)*0.3 -> 8539.32 | E52: =SUM('FY25'!AX$72:AX$102)*0.3 -> 8496.687 | F52: =SUM('FY25'!AZ$72:AZ$102)*0.3 -> 12062.28 | G52: =SUM(D52:F52) -> 29098.287
C53: Pavillion | D53: =SUM('FY25'!AV$186:AV$203) -> 28057.1 | E53: =SUM('FY25'!AX$186:AX$203) -> 81165.4 | F53: =SUM('FY25'!AZ$186:AZ$203) -> 62708.6 | G53: =SUM(D53:F53) -> 171931.1
C54: Spectre | D54: =SUM('FY25'!AV$204:AV$206) -> 5600 | E54: =SUM('FY25'!AX$204:AX$206) -> 4800 | F54: =SUM('FY25'!AZ$204:AZ$206) -> 1500 | G54: =SUM(D54:F54) -> 11900
C55: Envy | D55: =SUM('FY25'!AV$207:AV$221) -> 2577.6 | E55: =SUM('FY25'!AX$207:AX$221) -> 79856 | F55: =SUM('FY25'!AZ$207:AZ$221) -> 146162 | G55: =SUM(D55:F55) -> 228595.6
C56: Stream | D56: =SUM('FY25'!AV$222:AV$223) -> 0 | E56: =SUM('FY25'!AX$222:AX$223) -> 0 | F56: =SUM('FY25'!AZ$222:AZ$223) -> 0 | G56: =SUM(D56:F56) -> 0
C57: Omen | D57: =SUM('FY25'!AV$224:AV$249) -> 65302.3 | E57: =SUM('FY25'!AX$224:AX$249) -> 89179.2 | F57: =SUM('FY25'!AZ$224:AZ$249) -> 188063.6 | G57: =SUM(D57:F57) -> 342545.1
C58: Peripherals/AMO | D58: =SUM('FY25'!AV257:AV275) -> 270.72 | E58: =SUM('FY25'!AX257:AX275) -> 7.68 | F58: =SUM('FY25'!AZ257:AZ275) -> 1006.08 | G58: =SUM(D58:F58) -> 1284.48
C59: Desktop | D59: =SUM('FY25'!AV$250:AV$256) -> 0 | E59: =SUM('FY25'!AX$250:AX$256) -> 0 | F59: =SUM('FY25'!AZ$250:AZ$256) -> 0 | G59: =SUM(D59:F59) -> 0
G60: =SUM(G40:G59) -> 2754165.2
B62: Q2 Actual by Segment
C63: Supplier | D63: 45689 | E63: 45717 | F63: 45748 | G63: Total Rebate in Q2 2025 (US$)
B64: Input Devices | C64: Acrox
B65: Input Devices | C65: Chicony
C66: Darfon | D66: =SUM(D40:D59) -> 596846.92 | E66: =SUM(E40:E59) -> 1117691.8 | F66: =SUM(F40:F59) -> 1039626.5 | G66: =SUM(D66:F66) -> 2754165.2
C67: Liteon
C68: Primax
C69: Sunrex
F70: Total Rebate Amount | G70: =SUM(G64:G69) -> 2754165.2
B73: Q3 Actual by Segment
C74: Segment | D74: 45778 | E74: 45809 | F74: 45839 | G74: Total Rebate in Q3 2025 (US$)
B75: CMIT Input Devices | C75: 200 series (6U) | D75: =SUM('FY25'!BB$276:BB$374)*0.25 -> 96696.525 | E75: =SUM('FY25'!BD$276:BD$374)*0.25 -> 109958.34 | F75: =SUM('FY25'!BF$276:BF$374)*0.25 -> 70226.85 | G75: =SUM(D75:F75) -> 276881.71
C76: 400 /600 series (S/B) | D76: =SUM('FY25'!BB$6:BB$19) -> 72697.66 | E76: =SUM('FY25'!BD$6:BD$19) -> 91289.42 | F76: =SUM('FY25'!BF$6:BF$19) -> 79325.45 | G76: =SUM(D76:F76) -> 243312.53
C77: 800 series (P) | D77: =SUM('FY25'!BB$20:BB$39) -> 55718.04 | E77: =SUM('FY25'!BD$20:BD$39) -> 113923.6 | F77: =SUM('FY25'!BF$20:BF$39) -> 200975.99 | G77: =SUM(D77:F77) -> 370617.63
C78: 1000 series (M | D78: =SUM('FY25'!BB$40:BB$48) -> 29087.2 | E78: =SUM('FY25'!BD$40:BD$48) -> 38975.2 | F78: =SUM('FY25'!BF$40:BF$48) -> 28308 | G78: =SUM(D78:F78) -> 96370.4
C79: MWS (Workstation) | D79: =SUM('FY25'!BB$66:BB$67) -> 0 | E79: =SUM('FY25'!BD$66:BD$67) -> 0 | F79: =SUM('FY25'!BF$66:BF$67) -> 0 | G79: =SUM(D79:F79) -> 0
C80: Soft Keyboard | D80: =SUM('FY25'!BB$68:BB$71) -> 0 | E80: =SUM('FY25'!BD$68:BD$71) -> 0 | F80: =SUM('FY25'!BF$68:BF$71) -> 0 | G80: =SUM(D80:F80) -> 0
C81: Chrome Book | D81: =SUM('FY25'!BB$72:BB$102)*0.7 -> 28942.172 | E81: =SUM('FY25'!BD$72:BD$102)*0.7 -> 21962.08 | F81: =SUM('FY25'!BF$72:BF$102)*0.7 -> 17137.512 | G81: =SUM(D81:F81) -> 68041.764
C82: Clickpad | D82: =SUM('FY25'!BB$49:BB$50) -> 0 | E82: =SUM('FY25'!BD$49:BD$50) -> 0 | F82: =SUM('FY25'!BF$49:BF$50) -> 0 | G82: =SUM(D82:F82) -> 0
C83: Education | D83: =SUM('FY25'!BB$51:BB$65) -> 12261.6 | E83: =SUM('FY25'!BD$51:BD$65) -> 9620.81 | F83: =SUM('FY25'!BF$51:BF$65) -> 13737.2 | G83: =SUM(D83:F83) -> 35619.61
C84: Peripherals/AMO | G84: =SUM(D84:F84) -> 0
C85: Desktop | D85: =SUM('FY25'!BB$103:BB$169) -> 67100.62 | E85: =SUM('FY25'!BD$103:BD$169) -> 114509.88 | F85: =SUM('FY25'!BF$103:BF$169) -> 45290.88 | G85: =SUM(D85:F85) -> 226901.38
B86: Consumer Input Devices | C86: OPP | D86: =SUM('FY25'!BB$276:BB$374)*0.75+SUM('FY25'!BB170:BB181) -> 290089.57 | E86: =SUM('FY25'!BD$276:BD$374)*0.75+SUM('FY25'!BD170:BD181) -> 329875.01 | F86: =SUM('FY25'!BF$276:BF$374)*0.75+SUM('FY25'!BF170:BF181) -> 210680.55 | G86: =SUM(D86:F86) -> 830645.14
C87: Chrome Book | D87: =SUM('FY25'!BB$72:BB$102)*0.3 -> 12403.788 | E87: =SUM('FY25'!BD$72:BD$102)*0.3 -> 9412.32 | F87: =SUM('FY25'!BF$72:BF$102)*0.3 -> 7344.648 | G87: =SUM(D87:F87) -> 29160.756
C88: Pavillion | D88: =SUM('FY25'!BB$186:BB$203) -> 88430.3 | E88: =SUM('FY25'!BD$186:BD$203) -> 104749.25 | F88: =SUM('FY25'!BF$186:BF$203) -> 96053.4 | G88: =SUM(D88:F88) -> 289232.95
C89: Spectre | D89: =SUM('FY25'!BB$204:BB$206) -> 2000 | E89: =SUM('FY25'!BD$204:BD$206) -> 3700 | F89: =SUM('FY25'!BF$204:BF$206) -> 1900 | G89: =SUM(D89:F89) -> 7600
C90: Envy | D90: =SUM('FY25'!BB$207:BB$221) -> 165747.55 | E90: =SUM('FY25'!BD$207:BD$221) -> 96088 | F90: =SUM('FY25'!BF$207:BF$221) -> 93172 | G90: =SUM(D90:F90) -> 355007.55
C91: Stream | D91: =SUM('FY25'!BB$222:BB$223) -> 0 | E91: =SUM('FY25'!BD$222:BD$223) -> 0 | F91: =SUM('FY25'!BF$222:BF$223) -> 0 | G91: =SUM(D91:F91) -> 0
C92: Omen | D92: =SUM('FY25'!BB$224:BB$249) -> 142641.05 | E92: =SUM('FY25'!BD$224:BD$249) -> 112758.75 | F92: =SUM('FY25'!BF$224:BF$249) -> 248566.2 | G92: =SUM(D92:F92) -> 503966
C93: Peripherals/AMO | D93: =SUM('FY25'!BB257:BB275) -> 293.76 | E93: =SUM('FY25'!BD257:BD275) -> 681.6 | F93: =SUM('FY25'!BF257:BF275) -> 0 | G93: =SUM(D93:F93) -> 975.36
C94: Desktop | D94: =SUM('FY25'!BB$250:BB$256) -> 0 | E94: =SUM('FY25'!BD$250:BD$256) -> 0 | F94: =SUM('FY25'!BF$250:BF$256) -> 0 | G94: =SUM(D94:F94) -> 0
G95: =SUM(G75:G94) -> 3334332.8
B97: Q3 Actual by Segment
C98: Supplier | D98: 45778 | E98: 45809 | F98: 45839 | G98: Total Rebate in Q3 2025 (US$)
B99: Input Devices | C99: Acrox
C100: Chicony
C101: Darfon | D101: =SUM(D75:D94) -> 1064109.8 | E101: =SUM(E75:E94) -> 1157504.3 | F101: =SUM(F75:F94) -> 1112718.7 | G101: =SUM(D101:F101) -> 3334332.8
C102: Liteon
C103: Primax
C104: Sunrex
F105: Total Rebate Amount | G105: =SUM(G99:G104) -> 3334332.8
B107: Q4 Actual by Segment
C108: Segment | D108: 45870 | E108: 45901 | F108: 45931 | G108: Total Rebate in Q4 2025 (US$)
B109: CMIT Input Devices | C109: 200 series (6U) | D109: =SUM('FY25'!BH$276:BH$374)*0.25 -> 87795.538 | E109: =SUM('FY25'!BJ$276:BJ$374)*0.25 -> 113440.62 | F109: =SUM('FY25'!BL$276:BL$374)*0.25 -> 75420.675 | G109: =SUM(D109:F109) -> 276656.84
C110: 400 /600 series (S/B) | D110: =SUM('FY25'!BH$6:BH$19) -> 77708.2 | E110: =SUM('FY25'!BJ$6:BJ$19) -> 51374.2 | F110: =SUM('FY25'!BL$6:BL$19) -> 60975.55 | G110: =SUM(D110:F110) -> 190057.95
...

Sheet FY25
D1: Consumer/Commercial/ Peripheral | E1: NB/DT/Peripheral | G1: 2009/2010/….2023/2024/2025 | H1: Platform name please strictly follow the LTF | I1: NBL KB/BL KB/Mouse /Combo/Clickpad/Dongle | J1: If no Size, fill in "NA/" | K1: If no Color, fill in "NA/" | L1: E China/W China/S China/Thailand/Vietnam | M1: COMPAL/QUANTA/INVENTEC/WISTRON/FOXCONN *If the ODM is not listed above, do not write 'OTHERS'. Please refer to the ODM or Regional site name as stated in the contract. | AP1: =SUM(AP3:AP1103) -> 575736.99 | AR1: =SUM(AR3:AR1103) -> 899411.86 | AT1: =SUM(AT3:AT1103) -> 489460.9 | AV1: =SUM(AV3:AV1103) -> 596846.92 | AX1: =SUM(AX3:AX1103) -> 1117691.8 | AZ1: =SUM(AZ3:AZ1103) -> 1039626.5 | BB1: =SUM(BB3:BB1103) -> 1064109.8 | BD1: =SUM(BD3:BD1103) -> 1157504.3 | BF1: =SUM(BF3:BF1103) -> 1112718.7 | BH1: =SUM(BH3:BH1103) -> 1064241.9 | BJ1: =SUM(BJ3:BJ1103) -> 1166386.9 | BL1: =SUM(BL3:BL1103) -> 825994.7 | BM1: Please fill in your supplier part# | BN1: Do not fill in ODM or Supplier part# at this column | BO1: APJ/EMEA/NA/ODM | BP1: If you don't have hp part#, pls fill in ODM part# without localization
A2: FY25 | B2: SPM (Project Owner) | C2: GTK Suppliers | D2: Category | E2: Segment | F2: Series | G2: Production Year | H2: Platforms | I2: Product | J2: Size | K2: Color | L2: Location | M2: ODM | N2: RFQ Final Cost | O2: The lowest unit table price (ODM cost) | P2: Table Price Nov | Q2: Table Price Dec | R2: Table Price Jan | S2: Table Price Feb | T2: Table Price Mar | U2: Table Price Apr | V2: Table Price May | W2: Table Price Jun | X2: Table Price Jul | Y2: Table Price Aug | Z2: Table Price Sep | AA2: Table Price Oct | AB2: The lowest unit rebate cost | AC2: Unit Rebate Nov | AD2: Unit Rebate Dec | AE2: Unit Rebate Jan | AF2: Unit Rebate Feb | AG2: Unit Rebate Mar | AH2: Unit Rebate Apr | AI2: Unit Rebate May | AJ2: Unit Rebate Jun | AK2: Unit Rebate Jul | AL2: Unit Rebate Aug | AM2: Unit Rebate Sep | AN2: Unit Rebate Oct | AO2: Nov Q'ty | AP2: Nov Rebate Amount | AQ2: Dec Q'ty | AR2: Dec Rebate Amount | AS2: Jan Q'ty | AT2: Jan Rebate Amount | AU2: Feb Q'ty | AV2: Feb Rebate Amount | AW2: Mar Q'ty | AX2: Mar Rebate Amount | AY2: Apr Q'ty | AZ2: Apr Rebate Amount | BA2: May Q'ty | BB2: May Rebate Amount | BC2: Jun Q'ty | BD2: Jun Rebate Amount | BE2: Jul Q'ty | BF2: Jul Rebate Amount | BG2: Aug Q'ty | BH2: Aug Rebate Amount | BI2: Sep Q'ty | BJ2: Sep Rebate Amount | BK2: Oct Q'ty | BL2: Oct Rebate Amount | BM2: Supplier Part# | BN2: Comment | BO2: Region | BP2: HP/ODM Part#
A3: FY25 | D3: Commercial | F3: 200 | AP3: =AC3*AO3 -> 0 | AR3: =AD3*AQ3 -> 0 | AT3: =AE3*AS3 -> 0 | AV3: =AF3*AU3 -> 0 | AX3: =AG3*AW3 -> 0 | AZ3: =AH3*AY3 -> 0 | BB3: =AI3*BA3 -> 0 | BD3: =AJ3*BC3 -> 0 | BF3: =AK3*BE3 -> 0 | BH3: =AL3*BG3 -> 0 | BJ3: =AM3*BI3 -> 0 | BL3: =AN3*BK3 -> 0
A4: FY25 | AP4: =AC4*AO4 -> 0 | AR4: =AD4*AQ4 -> 0 | AT4: =AE4*AS4 -> 0 | AV4: =AF4*AU4 -> 0 | AX4: =AG4*AW4 -> 0 | AZ4: =AH4*AY4 -> 0 | BB4: =AI4*BA4 -> 0 | BD4: =AJ4*BC4 -> 0 | BF4: =AK4*BE4 -> 0 | BH4: =AL4*BG4 -> 0 | BJ4: =AM4*BI4 -> 0 | BL4: =AN4*BK4 -> 0
A5: FY25 | AP5: =AC5*AO5 -> 0 | AR5: =AD5*AQ5 -> 0 | AT5: =AE5*AS5 -> 0 | AV5: =AF5*AU5 -> 0 | AX5: =AG5*AW5 -> 0 | AZ5: =AH5*AY5 -> 0 | BB5: =AI5*BA5 -> 0 | BD5: =AJ5*BC5 -> 0 | BF5: =AK5*BE5 -> 0 | BH5: =AL5*BG5 -> 0 | BJ5: =AM5*BI5 -> 0 | BL5: =AN5*BK5 -> 0
A6: FY25 | B6: Sandy Lu | C6: Darfon | E6: NB | F6: 400/600 | G6: 2024 | H6: ROZ 16/REX 16/ OAKEN 16/OLAF 16/LONGHORNZ | I6: NBL KB | J6: 16 | K6: Soft Grey | L6: W China | M6: QUANTA_CQ | N6: 3.25 | O6: 4.05 | P6: 4.23 | Q6: 4.23 | R6: 4.23 | S6: 4.23 | T6: 4.23 | U6: 4.23 | V6: 4.23 | W6: 4.23 | X6: 4.05 | Y6: 4.05 | Z6: 4.05 | AA6: 4.05 | AB6: 0.85 | AC6: 0.98 | AD6: 0.98 | AE6: 0.98 | AF6: 0.98 | AG6: 0.98 | AH6: 0.98 | AI6: 0.98 | AJ6: 0.98 | AK6: 0.85 | AL6: 0.85 | AM6: 0.85 | AN6: 0.85 | AO6: 2680 | AP6: =AC6*AO6 -> 2626.4 | AQ6: 2360 | AR6: =AD6*AQ6 -> 2312.8 | AS6: 3600 | AT6: =AE6*AS6 -> 3528 | AU6: 1360 | AV6: =AF6*AU6 -> 1332.8 | AW6: 6040 | AX6: =AG6*AW6 -> 5919.2 | AY6: 6338 | AZ6: =AH6*AY6 -> 6211.24 | BA6: 9840 | BB6: =AI6*BA6 -> 9643.2 | BC6: 8960 | BD6: =AJ6*BC6 -> 8780.8 | BE6: 12360 | BF6: =AK6*BE6 -> 10506 | BG6: 11160 | BH6: =AL6*BG6 -> 9486 | BI6: 15289 | BJ6: =AM6*BI6 -> 12995.65 | BK6: 6960 | BL6: =AN6*BK6 -> 5916 | BM6: 9Z.NN0SQ.0 | BO6: ODM | BP6: AEX8W**0210
A7: FY25 | B7: Sandy Lu | C7: Darfon | E7: NB | G7: 2024 | H7: ROZ 16/REX 16/ OAKEN 16/OLAF 16/LONGHORNZ | I7: BL KB | J7: 16 | K7: Soft Grey | L7: W China | M7: QUANTA_CQ | N7: 8.99 | O7: 9.2 | P7: 10.14 | Q7: 10.14 | R7: 10.14 | S7: 10.14 | T7: 10.14 | U7: 10.14 | V7: 10.14 | W7: 10.14 | X7: 9.2 | Y7: 9.2 | Z7: 9.2 | AA7: 9.2 | AB7: 1.15 | AC7: 1.15 | AD7: 1.15 | AE7: 1.15 | AF7: 1.15 | AG7: 1.15 | AH7: 1.15 | AI7: 1.15 | AJ7: 1.15 | AK7: 1.7 | AL7: 1.7 | AM7: 1.7 | AN7: 1.7 | AO7: 17480 | AP7: =AC7*AO7 -> 20102 | AQ7: 25714 | AR7: =AD7*AQ7 -> 29571.1 | AS7: 19000 | AT7: =AE7*AS7 -> 21850 | AU7: 16320 | AV7: =AF7*AU7 -> 18768 | AW7: 30769 | AX7: =AG7*AW7 -> 35384.35 | AY7: 18883 | AZ7: =AH7*AY7 -> 21715.45 | BA7: 27480 | BB7: =AI7*BA7 -> 31602 | BC7: 31640 | BD7: =AJ7*BC7 -> 36386 | BE7: 9879 | BF7: =AK7*BE7 -> 16794.3 | BG7: 10960 | BH7: =AL7*BG7 -> 18632 | BI7: 3066 | BJ7: =AM7*BI7 -> 5212.2 | BK7: 8160 | BL7: =AN7*BK7 -> 13872 | BM7: 9Z.NN0BQ.1 | BO7: ODM | BP7: AEX8W**1210
A8: FY25 | B8: Sandy Lu | C8: Darfon | E8: NB | G8: 2024 | H8: ROZ 16/REX 16/ OAKEN 16/OLAF 16/LONGHORNZ | I8: BL KB | J8: 16 | K8: Soft Grey | L8: W China | M8: QUANTA_CQ | N8: 8.99 | O8: 9.2 | P8: 10.14 | Q8: 10.14 | R8: 10.14 | S8: 10.14 | T8: 10.14 | U8: 10.14 | V8: 10.14 | W8: 10.14 | X8: 9.2 | Y8: 9.2 | Z8: 9.2 | AA8: 9.2 | AB8: 1.15 | AC8: 1.15 | AD8: 1.15 | AE8: 1.15 | AF8: 1.15 | AG8: 1.15 | AH8: 1.15 | AI8: 1.15 | AJ8: 1.15 | AK8: 1.7 | AL8: 1.7 | AM8: 1.7 | AN8: 1.7 | AO8: 200 | AP8: =AC8*AO8 -> 230 | AQ8: 160 | AR8: =AD8*AQ8 -> 184 | AS8: 265 | AT8: =AE8*AS8 -> 304.75 | AU8: 160 | AV8: =AF8*AU8 -> 184 | AW8: 182 | AX8: =AG8*AW8 -> 209.3 | AY8: 240 | AZ8: =AH8*AY8 -> 276 | BA8: 200 | BB8: =AI8*BA8 -> 230 | BC8: 136 | BD8: =AJ8*BC8 -> 156.4 | BE8: 320 | BF8: =AK8*BE8 -> 544 | BG8: 160 | BH8: =AL8*BG8 -> 272 | BJ8: =AM8*BI8 -> 0 | BK8: 120 | BL8: =AN8*BK8 -> 204 | BM8: 9Z.NN0BQ.2 | BN8: Privacy | BO8: ODM | BP8: AEX8W**2210
A9: FY25 | B9: Sandy Lu | C9: Darfon | E9: NB | G9: 2024 | H9: ROZ 16/REX 16/ OAKEN 16/OLAF 16/LONGHORNZ | I9: NBL KB | J9: 16 | K9: Soft Grey | L9: Thailand | M9: QUANTA_TH | N9: 3.25 | O9: 4.05 | P9: 4.23 | Q9: 4.23 | R9: 4.23 | S9: 4.23 | T9: 4.23 | U9: 4.23 | V9: 4.23 | W9: 4.23 | X9: 4.05 | Y9: 4.05 | Z9: 4.05 | AA9: 4.05 | AB9: 0.85 | AC9: 0.98 | AD9: 0.98 | AE9: 0.98 | AF9: 0.98 | AG9: 0.98 | AH9: 0.98 | AI9: 0.98 | AJ9: 0.98 | AK9: 0.85 | AL9: 0.85 | AM9: 0.85 | AN9: 0.85 | AO9: 15949 | AP9: =AC9*AO9 -> 15630.02 | AQ9: 18636 | AR9: =AD9*AQ9 -> 18263.28 | AS9: 15345 | AT9: =AE9*AS9 -> 15038.1 | AU9: 13840 | AV9: =AF9*AU9 -> 13563.2 | AW9: 25720 | AX9: =AG9*AW9 -> 25205.6 | AY9: 14359 | AZ9: =AH9*AY9 -> 14071.82 | BA9: 5397 | BB9: =AI9*BA9 -> 5289.06 | BC9: 5399 | BD9: =AJ9*BC9 -> 5291.02 | BE9: 6195 | BF9: =AK9*BE9 -> 5265.75 | BG9: 9268 | BH9: =AL9*BG9 -> 7877.8 | BI9: 120 | BJ9: =AM9*BI9 -> 102 | BK9: 560 | BL9: =AN9*BK9 -> 476 | BM9: 9Z.NN0SQ.0 | BO9: ODM | BP9: AEX8W**0210
A10: FY25 | B10: Sandy Lu | C10: Darfon | E10: NB | G10: 2024 | H10: ROZ 16/REX 16/ OAKEN 16/OLAF 16/LONGHORNZ | I10: BL KB | J10: 16 | K10: Soft Grey | L10: Thailand | M10: QUANTA_TH | N10: 8.99 | O10: 9.2 | P10: 10.14 | Q10: 10.14 | R10: 10.14 | S10: 10.14 | T10: 10.14 | U10: 10.14 | V10: 10.14 | W10: 10.14 | X10: 9.2 | Y10: 9.2 | Z10: 9.2 | AA10: 9.2 | AB10: 1.15 | AC10: 1.15 | AD10: 1.15 | AE10: 1.15 | AF10: 1.15 | AG10: 1.15 | AH10: 1.15 | AI10: 1.15 | AJ10: 1.15 | AK10: 1.7 | AL10: 1.7 | AM10: 1.7 | AN10: 1.7 | AO10: 14918 | AP10: =AC10*AO10 -> 17155.7 | AQ10: 26878 | AR10: =AD10*AQ10 -> 30909.7 | AS10: 17030 | AT10: =AE10*AS10 -> 19584.5 | AU10: 12999 | AV10: =AF10*AU10 -> 14948.85 | AW10: 32678 | AX10: =AG10*AW10 -> 37579.7 | AY10: 16560 | AZ10: =AH10*AY10 -> 19044 | BA10: 7840 | BB10: =AI10*BA10 -> 9016 | BC10: 9480 | BD10: =AJ10*BC10 -> 10902 | BE10: 9518 | BF10: =AK10*BE10 -> 16180.6 | BG10: 840 | BH10: =AL10*BG10 -> 1428 | BI10: 1520 | BJ10: =AM10*BI10 -> 2584 | BK10: 880 | BL10: =AN10*BK10 -> 1496 | BM10: 9Z.NN0BQ.1 | BO10: ODM | BP10: AEX8W**1210
A11: FY25 | B11: Sandy Lu | C11: Darfon | E11: NB | G11: 2024 | H11: ROZ 16/REX 16/ OAKEN 16/OLAF 16/LONGHORNZ | I11: BL KB | J11: 16 | K11: Soft Grey | L11: Thailand | M11: QUANTA_TH | N11: 8.99 | O11: 9.2 | P11: 10.14 | Q11: 10.14 | R11: 10.14 | S11: 10.14 | T11: 10.14 | U11: 10.14 | V11: 10.14 | W11: 10.14 | X11: 9.2 | Y11: 9.2 | Z11: 9.2 | AA11: 9.2 | AB11: 1.15 | AC11: 1.15 | AD11: 1.15 | AE11: 1.15 | AF11: 1.15 | AG11: 1.15 | AH11: 1.15 | AI11: 1.15 | AJ11: 1.15 | AK11: 1.7 | AL11: 1.7 | AM11: 1.7 | AN11: 1.7 | AO11: 40 | AP11: =AC11*AO11 -> 46 | AR11: =AD11*AQ11 -> 0 | AS11: 80 | AT11: =AE11*AS11 -> 92 | AU11: 80 | AV11: =AF11*AU11 -> 92 | AW11: 80 | AX11: =AG11*AW11 -> 92 | AY11: 1000 | AZ11: =AH11*AY11 -> 1150 | BA11: 80 | BB11: =AI11*BA11 -> 92 | BD11: =AJ11*BC11 -> 0 | BF11: =AK11*BE11 -> 0 | BH11: =AL11*BG11 -> 0 | BJ11: =AM11*BI11 -> 0 | BK11: 80 | BL11: =AN11*BK11 -> 136 | BM11: 9Z.NN0BQ.2 | BN11: Privacy | BO11: ODM | BP11: AEX8W**2210
A12: FY25 | B12: Sandy Lu | C12: Darfon | E12: NB | G12: 2025 | H12: WAFER16/WAFFLE16/PUDDING16/RAINBOWCAKE16/RUMCAKE16 | I12: NBL KB | J12: 16 | K12: Soft Grey | L12: W China | M12: QUANTA_CQ | N12: 3.15 | O12: 3.9 | P12: 4.08 | Q12: 4.08 | R12: 4.08 | S12: 4.08 | T12: 4.08 | U12: 4.08 | V12: 4.08 | W12: 4.08 | X12: 3.9 | Y12: 3.9 | Z12: 3.9 | AA12: 3.9 | AB12: 0.8 | AC12: 0.93 | AD12: 0.93 | AE12: 0.93 | AF12: 0.93 | AG12: 0.93 | AH12: 0.93 | AI12: 0.93 | AJ12: 0.93 | AK12: 0.8 | AL12: 0.8 | AM12: 0.8 | AN12: 0.8 | AP12: =AC12*AO12 -> 0 | AR12: =AD12*AQ12 -> 0 | AT12: =AE12*AS12 -> 0 | AV12: =AF12*AU12 -> 0 | AW12: 160 | AX12: =AG12*AW12 -> 148.8 | AY12: 880 | AZ12: =AH12*AY12 -> 818.4 | BA12: 880 | BB12: =AI12*BA12 -> 818.4 | BC12: 9880 | BD12: =AJ12*BC12 -> 9188.4 | BE12: 12796 | BF12: =AK12*BE12 -> 10236.8 | BG12: 31489 | BH12: =AL12*BG12 -> 25191.2 | BI12: 17375 | BJ12: =AM12*BI12 -> 13900 | BK12: 8754 | BL12: =AN12*BK12 -> 7003.2 | BM12: 9Z.NN0SQ.3 | BO12: ODM | BP12: AEX8W**3210
A13: FY25 | B13: Sandy Lu | C13: Darfon | E13: NB | G13: 2025 | H13: WAFER16/WAFFLE16/PUDDING16/RAINBOWCAKE16/RUMCAKE16 | I13: BL KB | J13: 16 | K13: Soft Grey | L13: W China | M13: QUANTA_CQ | N13: 8.89 | O13: 9.05 | P13: 9.99 | Q13: 9.99 | R13: 9.99 | S13: 9.99 | T13: 9.99 | U13: 9.99 | V13: 9.99 | W13: 9.99 | X13: 9.05 | Y13: 9.05 | Z13: 9.05 | AA13: 9.05 | AB13: 1.1 | AC13: 1.1 | AD13: 1.1 | AE13: 1.1 | AF13: 1.1 | AG13: 1.1 | AH13: 1.1 | AI13: 1.1 | AJ13: 1.1 | AK13: 1.65 | AL13: 1.65 | AM13: 1.65 | AN13: 1.65 | AP13: =AC13*AO13 -> 0 | AR13: =AD13*AQ13 -> 0 | AT13: =AE13*AS13 -> 0 | AV13: =AF13*AU13 -> 0 | AW13: 440 | AX13: =AG13*AW13 -> 484 | AY13: 1520 | AZ13: =AH13*AY13 -> 1672 | BA13: 5798 | BB13: =AI13*BA13 -> 6377.8 | BC13: 9040 | BD13: =AJ13*BC13 -> 9944 | BE13: 6520 | BF13: =AK13*BE13 -> 10758 | BG13: 5800 | BH13: =AL13*BG13 -> 9570 | BI13: 7039 | BJ13: =AM13*BI13 -> 11614.35 | BK13: 10079 | BL13: =AN13*BK13 -> 16630.35 | BM13: 9Z.NN0BQ.4 | BO13: ODM | BP13: AEX8W**4210
A14: FY25 | B14: Sandy Lu | C14: Darfon | E14: NB | G14: 2025 | H14: WAFER16/WAFFLE16/PUDDING16/RAINBOWCAKE16/RUMCAKE16 | I14: BL KB | J14: 16 | K14: Soft Grey | L14: W China | M14: QUANTA_CQ | N14: 8.89 | O14: 9.05 | P14: 9.99 | Q14: 9.99 | R14: 9.99 | S14: 9.99 | T14: 9.99 | U14: 9.99 | V14: 9.99 | W14: 9.99 | X14: 9.05 | Y14: 9.05 | Z14: 9.05 | AA14: 9.05 | AB14: 1.1 | AC14: 1.1 | AD14: 1.1 | AE14: 1.1 | AF14: 1.1 | AG14: 1.1 | AH14: 1.1 | AI14: 1.1 | AJ14: 1.1 | AK14: 1.65 | AL14: 1.65 | AM14: 1.65 | AN14: 1.65 | AP14: =AC14*AO14 -> 0 | AR14: =AD14*AQ14 -> 0 | AT14: =AE14*AS14 -> 0 | AV14: =AF14*AU14 -> 0 | AX14: =AG14*AW14 -> 0 | AZ14: =AH14*AY14 -> 0 | BB14: =AI14*BA14 -> 0 | BD14: =AJ14*BC14 -> 0 | BF14: =AK14*BE14 -> 0 | BH14: =AL14*BG14 -> 0 | BJ14: =AM14*BI14 -> 0 | BL14: =AN14*BK14 -> 0 | BM14: 9Z.NN0BQ.5 | BN14: Privacy | BO14: ODM | BP14: AEX8W**5210
A15: FY25 | B15: Sandy Lu | C15: Darfon | E15: NB | G15: 2025 | H15: WAFER16/WAFFLE16/PUDDING16/RAINBOWCAKE16/RUMCAKE16 | I15: NBL KB | J15: 16 | K15: Soft Grey | L15: Thailand | M15: QUANTA_TH | N15: 3.15 | O15: 3.9 | P15: 4.08 | Q15: 4.08 | R15: 4.08 | S15: 4.08 | T15: 4.08 | U15: 4.08 | V15: 4.08 | W15: 4.08 | X15: 3.9 | Y15: 3.9 | Z15: 3.9 | AA15: 3.9 | AB15: 0.8 | AC15: 0.93 | AD15: 0.93 | AE15: 0.93 | AF15: 0.93 | AG15: 0.93 | AH15: 0.93 | AI15: 0.93 | AJ15: 0.93 | AK15: 0.8 | AL15: 0.8 | AM15: 0.8 | AN15: 0.8 | AP15: =AC15*AO15 -> 0 | AR15: =AD15*AQ15 -> 0 | AT15: =AE15*AS15 -> 0 | AV15: =AF15*AU15 -> 0 | AX15: =AG15*AW15 -> 0 | AZ15: =AH15*AY15 -> 0 | BA15: 40 | BB15: =AI15*BA15 -> 37.2 | BC15: 560 | BD15: =AJ15*BC15 -> 520.8 | BE15: 4040 | BF15: =AK15*BE15 -> 3232 | BG15: 3759 | BH15: =AL15*BG15 -> 3007.2 | BI15: 4310 | BJ15: =AM15*BI15 -> 3448 | BK15: 3460 | BL15: =AN15*BK15 -> 2768 | BM15: 9Z.NN0SQ.3 | BO15: ODM | BP15: AEX8W**3210
A16: FY25 | B16: Sandy Lu | C16: Darfon | E16: NB | G16: 2025 | H16: WAFER16/WAFFLE16/PUDDING16/RAINBOWCAKE16/RUMCAKE16 | I16: BL KB | J16: 16 | K16: Soft Grey | L16: Thailand | M16: QUANTA_TH | N16: 8.89 | O16: 9.05 | P16: 9.99 | Q16: 9.99 | R16: 9.99 | S16: 9.99 | T16: 9.99 | U16: 9.99 | V16: 9.99 | W16: 9.99 | X16: 9.05 | Y16: 9.05 | Z16: 9.05 | AA16: 9.05 | AB16: 1.1 | AC16: 1.1 | AD16: 1.1 | AE16: 1.1 | AF16: 1.1 | AG16: 1.1 | AH16: 1.1 | AI16: 1.1 | AJ16: 1.1 | AK16: 1.65 | AL16: 1.65 | AM16: 1.65 | AN16: 1.65 | AP16: =AC16*AO16 -> 0 | AR16: =AD16*AQ16 -> 0 | AT16: =AE16*AS16 -> 0 | AV16: =AF16*AU16 -> 0 | AX16: =AG16*AW16 -> 0 | AY16: 160 | AZ16: =AH16*AY16 -> 176 | BA16: 8680 | BB16: =AI16*BA16 -> 9548 | BC16: 9200 | BD16: =AJ16*BC16 -> 10120 | BE16: 3520 | BF16: =AK16*BE16 -> 5808 | BG16: 1360 | BH16: =AL16*BG16 -> 2244 | BI16: 880 | BJ16: =AM16*BI16 -> 1452 | BK16: 7480 | BL16: =AN16*BK16 -> 12342 | BM16: 9Z.NN0BQ.4 | BO16: ODM | BP16: AEX8W**4210
A17: FY25 | B17: Sandy Lu | C17: Darfon | E17: NB | G17: 2025 | H17: WAFER16/WAFFLE16/PUDDING16/RAINBOWCAKE16/RUMCAKE16 | I17: BL KB | J17: 16 | K17: Soft Grey | L17: Thailand | M17: QUANTA_TH | N17: 8.89 | O17: 9.05 | P17: 9.99 | Q17: 9.99 | R17: 9.99 | S17: 9.99 | T17: 9.99 | U17: 9.99 | V17: 9.99 | W17: 9.99 | X17: 9.05 | Y17: 9.05 | Z17: 9.05 | AA17: 9.05 | AB17: 1.1 | AC17: 1.1 | AD17: 1.1 | AE17: 1.1 | AF17: 1.1 | AG17: 1.1 | AH17: 1.1 | AI17: 1.1 | AJ17: 1.1 | AK17: 1.65 | AL17: 1.65 | AM17: 1.65 | AN17: 1.65 | AP17: =AC17*AO17 -> 0 | AR17: =AD17*AQ17 -> 0 | AT17: =AE17*AS17 -> 0 | AV17: =AF17*AU17 -> 0 | AX17: =AG17*AW17 -> 0 | AY17: 40 | AZ17: =AH17*AY17 -> 44 | BA17: 40 | BB17: =AI17*BA17 -> 44 | BD17: =AJ17*BC17 -> 0 | BF17: =AK17*BE17 -> 0 | BH17: =AL17*BG17 -> 0 | BI17: 40 | BJ17: =AM17*BI17 -> 66 | BK17: 80 | BL17: =AN17*BK17 -> 132 | BM17: 9Z.NN0BQ.5 | BN17: Privacy | BO17: ODM | BP17: AEX8W**5210
AP18: =AC18*AO18 -> 0 | AR18: =AD18*AQ18 -> 0 | AT18: =AE18*AS18 -> 0 | AV18: =AF18*AU18 -> 0 | AX18: =AG18*AW18 -> 0 | AZ18: =AH18*AY18 -> 0 | BB18: =AI18*BA18 -> 0 | BD18: =AJ18*BC18 -> 0 | BF18: =AK18*BE18 -> 0 | BH18: =AL18*BG18 -> 0 | BJ18: =AM18*BI18 -> 0 | BL18: =AN18*BK18 -> 0
AP19: =AC19*AO19 -> 0 | AR19: =AD19*AQ19 -> 0 | AT19: =AE19*AS19 -> 0 | AV19: =AF19*AU19 -> 0 | AX19: =AG19*AW19 -> 0 | AZ19: =AH19*AY19 -> 0 | BB19: =AI19*BA19 -> 0 | BD19: =AJ19*BC19 -> 0 | BF19: =AK19*BE19 -> 0 | BH19: =AL19*BG19 -> 0 | BJ19: =AM19*BI19 -> 0 | BL19: =AN19*BK19 -> 0
A20: FY25 | B20: Sandy Lu | C20: Darfon | E20: NB | F20: 800 | G20: 2025 | H20: MACHU14/MACHU14N/MACHUW14/MACHU13/MACHU13X/LAPAZW14/LAPAZW14N/COLOSSEUMW14N | I20: BL KB | J20: 14 | K20: Soft Grey | L20: W China | M20: INVENTEC_CQ | N20: 7.2 | O20: 9.4 | P20: 9.82 | Q20: 9.82 | R20: 9.82 | S20: 9.82 | T20: 9.82 | U20: 9.82 | V20: 9.56 | W20: 9.56 | X20: 9.4 | Y20: 9.4 | Z20: 9.4 | AA20: 9.4 | AB20: 2.3 | AC20: 2.62 | AD20: 2.62 | AE20: 2.62 | AF20: 2.62 | AG20: 2.62 | AH20: 2.62 | AI20: 2.36 | AJ20: 2.36 | AK20: 2.3 | AL20: 2.3 | AM20: 2.3 | AN20: 2.3 | AP20: =AC20*AO20 -> 0 | AR20: =AD20*AQ20 -> 0 | AT20: =AE20*AS20 -> 0 | AV20: =AF20*AU20 -> 0 | AW20: 632 | AX20: =AG20*AW20 -> 1655.84 | AY20: 4640 | AZ20: =AH20*AY20 -> 12156.8 | BA20: 8199 | BB20: =AI20*BA20 -> 19349.64 | BC20: 18220 | BD20: =AJ20*BC20 -> 42999.2 | BE20: 14464 | BF20: =AK20*BE20 -> 33267.2 | BG20: 27560 | BH20: =AL20*BG20 -> 63388 | BI20: 12133 | BJ20: =AM20*BI20 -> 27905.9 | BK20: 19430 | BL20: =AN20*BK20 -> 44689 | BM20: 9Z.NNFBV.0 | BO20: ODM | BP20: 6037B02861**
A21: FY25 | B21: Sandy Lu | C21: Darfon | E21: NB | G21: 2025 | H21: MACHU14/MACHU14N/MACHUW14/MACHU13/MACHU13X/LAPAZW14/LAPAZW14N/COLOSSEUMW14N | I21: BL KB | J21: 14 | K21: Soft Grey | L21: W China | M21: INVENTEC_CQ | N21: 7.2 | O21: 9.4 | P21: 9.82 | Q21: 9.82 | R21: 9.82 | S21: 9.82 | T21: 9.82 | U21: 9.82 | V21: 9.56 | W21: 9.56 | X21: 9.4 | Y21: 9.4 | Z21: 9.4 | AA21: 9.4 | AB21: 2.3 | AC21: 2.62 | AD21: 2.62 | AE21: 2.62 | AF21: 2.62 | AG21: 2.62 | AH21: 2.62 | AI21: 2.36 | AJ21: 2.36 | AK21: 2.3 | AL21: 2.3 | AM21: 2.3 | AN21: 2.3 | AP21: =AC21*AO21 -> 0 | AR21: =AD21*AQ21 -> 0 | AT21: =AE21*AS21 -> 0 | AV21: =AF21*AU21 -> 0 | AW21: 253 | AX21: =AG21*AW21 -> 662.86 | AY21: 1080 | AZ21: =AH21*AY21 -> 2829.6 | BA21: 1320 | BB21: =AI21*BA21 -> 3115.2 | BC21: 1880 | BD21: =AJ21*BC21 -> 4436.8 | BE21: 4939 | BF21: =AK21*BE21 -> 11359.7 | BG21: 10439 | BH21: =AL21*BG21 -> 24009.7 | BI21: 2908 | BJ21: =AM21*BI21 -> 6688.4 | BK21: 7828 | BL21: =AN21*BK21 -> 18004.4 | BM21: 9Z.NNFBV.1 | BN21: Privacy | BO21: ODM | BP21: 6037B02860**
A22: FY25 | B22: Sandy Lu | C22: Darfon | E22: NB | G22: 2025 | H22: MACHU14/MACHU14N/MACHUW14/MACHU13/MACHU13X/LAPAZW14/LAPAZW14N/COLOSSEUMW14N | I22: NBL KB | J22: 14 | K22: Soft Grey | L22: W China | M22: INVENTEC_CQ | N22: 4.55 | O22: 5.94 | P22: 6.16 | Q22: 6.16 | R22: 6.16 | S22: 6.16 | T22: 6.16 | U22: 6.16 | V22: 5.99 | W22: 5.99 | X22: 5.94 | Y22: 5.94 | Z22: 5.94 | AA22: 5.94 | AB22: 1.44 | AC22: 1.61 | AD22: 1.61 | AE22: 1.61 | AF22: 1.61 | AG22: 1.61 | AH22: 1.61 | AI22: 1.44 | AJ22: 1.44 | AK22: 1.49 | AL22: 1.49 | AM22: 1.49 | AN22: 1.49 | AP22: =AC22*AO22 -> 0 | AR22: =AD22*AQ22 -> 0 | AT22: =AE22*AS22 -> 0 | AV22: =AF22*AU22 -> 0 | AW22: 168 | AX22: =AG22*AW22 -> 270.48 | AY22: 40 | AZ22: =AH22*AY22 -> 64.4 | BA22: 80 | BB22: =AI22*BA22 -> 115.2 | BC22: 320 | BD22: =AJ22*BC22 -> 460.8 | BE22: 880 | BF22: =AK22*BE22 -> 1311.2 | BG22: 1338 | BH22: =AL22*BG22 -> 1993.62 | BI22: 279 | BJ22: =AM22*BI22 -> 415.71 | BK22: 679 | BL22: =AN22*BK22 -> 1011.71 | BM22: 9Z.NNFPV.2 | BO22: ODM | BP22: 6037B02855**
A23: FY25 | B23: Sandy Lu | C23: Darfon | E23: NB | G23: 2025 | H23: MACHU16/MACHUW16 | I23: BL KB | J23: 16 | K23: Soft Grey | L23: W China | M23: INVENTEC_CQ | N23: 7.52 | O23: 9.53 | P23: 10.23 | Q23: 10.23 | R23: 10.23 | S23: 10.23 | T23: 10.23 | U23: 10.23 | V23: 9.97 | W23: 9.97 | X23: 9.53 | Y23: 9.53 | Z23: 9.53 | AA23: 9.53 | AB23: 2.11 | AC23: 2.71 | AD23: 2.71 | AE23: 2.71 | AF23: 2.71 | AG23: 2.71 | AH23: 2.71 | AI23: 2.45 | AJ23: 2.45 | AK23: 2.11 | AL23: 2.11 | AM23: 2.11 | AN23: 2.11 | AP23: =AC23*AO23 -> 0 | AR23: =AD23*AQ23 -> 0 | AT23: =AE23*AS23 -> 0 | AV23: =AF23*AU23 -> 0 | AX23: =AG23*AW23 -> 0 | AY23: 2000 | AZ23: =AH23*AY23 -> 5420 | BA23: 3360 | BB23: =AI23*BA23 -> 8232 | BC23: 5928 | BD23: =AJ23*BC23 -> 14523.6 | BE23: 6384 | BF23: =AK23*BE23 -> 13470.24 | BG23: 12638 | BH23: =AL23*BG23 -> 26666.18 | BI23: 7503 | BJ23: =AM23*BI23 -> 15831.33 | BK23: 500 | BL23: =AN23*BK23 -> 1055 | BM23: 9Z.NNGBV.0 | BO23: ODM | BP23: 6037B02857**
A24: FY25 | B24: Sandy Lu | C24: Darfon | E24: NB | G24: 2025 | H24: MACHU16/MACHUW16 | I24: BL KB | J24: 16 | K24: Soft Grey | L24: W China | M24: INVENTEC_CQ | N24: 7.52 | O24: 9.53 | P24: 10.23 | Q24: 10.23 | R24: 10.23 | S24: 10.23 | T24: 10.23 | U24: 10.23 | V24: 9.97 | W24: 9.97 | X24: 9.53 | Y24: 9.53 | Z24: 9.53 | AA24: 9.53 | AB24: 2.11 | AC24: 2.71 | AD24: 2.71 | AE24: 2.71 | AF24: 2.71 | AG24: 2.71 | AH24: 2.71 | AI24: 2.45 | AJ24: 2.45 | AK24: 2.11 | AL24: 2.11 | AM24: 2.11 | AN24: 2.11 | AP24: =AC24*AO24 -> 0 | AR24: =AD24*AQ24 -> 0 | AT24: =AE24*AS24 -> 0 | AV24: =AF24*AU24 -> 0 | AX24: =AG24*AW24 -> 0 | AY24: 360 | AZ24: =AH24*AY24 -> 975.6 | BA24: 200 | BB24: =AI24*BA24 -> 490 | BC24: 560 | BD24: =AJ24*BC24 -> 1372 | BE24: 575 | BF24: =AK24*BE24 -> 1213.25 | BG24: 960 | BH24: =AL24*BG24 -> 2025.6 | BI24: 520 | BJ24: =AM24*BI24 -> 1097.2 | BL24: =AN24*BK24 -> 0 | BM24: 9Z.NNGBV.1 | BN24: Privacy | BO24: ODM | BP24: 6037B02863**
A25: FY25 | B25: Sandy Lu | C25: Darfon | E25: NB | G25: 2025 | H25: MACHU16/MACHUW16 | I25: NBL KB | J25: 16 | K25: Soft Grey | L25: W China | M25: INVENTEC_CQ | N25: 4.87 | O25: 6.49 | P25: 6.71 | Q25: 6.71 | R25: 6.71 | S25: 6.71 | T25: 6.71 | U25: 6.71 | V25: 6.54 | W25: 6.54 | X25: 6.49 | Y25: 6.49 | Z25: 6.49 | AA25: 6.49 | AB25: 1.67 | AC25: 1.84 | AD25: 1.84 | AE25: 1.84 | AF25: 1.84 | AG25: 1.84 | AH25: 1.84 | AI25: 1.67 | AJ25: 1.67 | AK25: 1.72 | AL25: 1.72 | AM25: 1.72 | AN25: 1.72 | AP25: =AC25*AO25 -> 0 | AR25: =AD25*AQ25 -> 0 | AT25: =AE25*AS25 -> 0 | AV25: =AF25*AU25 -> 0 | AW25: 48 | AX25: =AG25*AW25 -> 88.32 | AZ25: =AH25*AY25 -> 0 | BA25: 160 | BB25: =AI25*BA25 -> 267.2 | BC25: 80 | BD25: =AJ25*BC25 -> 133.6 | BF25: =AK25*BE25 -> 0 | BG25: 720 | BH25: =AL25*BG25 -> 1238.4 | BI25: 404 | BJ25: =AM25*BI25 -> 694.88 | BL25: =AN25*BK25 -> 0 | BM25: 9Z.NNGPV.2 | BO25: ODM | BP25: 6037B02856**
A26: FY25 | B26: Sandy Lu | C26: Darfon | E26: NB | G26: 2025 | H26: MACHU14/MACHU14N/MACHUW14/MACHU13/MACHU13X/LAPAZW14/LAPAZW14N/COLOSSEUMW14N | I26: BL KB | J26: 14 | K26: Soft Grey | L26: Thailand | M26: INVENTEC_TH | N26: 7.2 | O26: 9.4 | P26: 9.82 | Q26: 9.82 | R26: 9.82 | S26: 9.82 | T26: 9.82 | U26: 9.82 | V26: 9.56 | W26: 9.56 | X26: 9.4 | Y26: 9.4 | Z26: 9.4 | AA26: 9.4 | AB26: 2.3 | AC26: 2.62 | AD26: 2.62 | AE26: 2.62 | AF26: 2.62 | AG26: 2.62 | AH26: 2.62 | AI26: 2.36 | AJ26: 2.36 | AK26: 2.3 | AL26: 2.3 | AM26: 2.3 | AN26: 2.3 | AP26: =AC26*AO26 -> 0 | AR26: =AD26*AQ26 -> 0 | AT26: =AE26*AS26 -> 0 | AV26: =AF26*AU26 -> 0 | AX26: =AG26*AW26 -> 0 | AZ26: =AH26*AY26 -> 0 | BB26: =AI26*BA26 -> 0 | BC26: 1320 | BD26: =AJ26*BC26 -> 3115.2 | BE26: 680 | BF26: =AK26*BE26 -> 1564 | BH26: =AL26*BG26 -> 0 | BJ26: =AM26*BI26 -> 0 | BL26: =AN26*BK26 -> 0 | BM26: 9Z.NNFBV.3 | BO26: ODM | BP26: 6037B02861**
A27: FY25 | B27: Sandy Lu | C27: Darfon | E27: NB | G27: 2025 | H27: MACHU14/MACHU14N/MACHUW14/MACHU13/MACHU13X/LAPAZW14/LAPAZW14N/COLOSSEUMW14N | I27: BL KB | J27: 14 | K27: Soft Grey | L27: Thailand | M27: INVENTEC_TH | N27: 7.2 | O27: 9.4 | P27: 9.82 | Q27: 9.82 | R27: 9.82 | S27: 9.82 | T27: 9.82 | U27: 9.82 | V27: 9.56 | W27: 9.56 | X27: 9.4 | Y27: 9.4 | Z27: 9.4 | AA27: 9.4 | AB27: 2.3 | AC27: 2.62 | AD27: 2.62 | AE27: 2.62 | AF27: 2.62 | AG27: 2.62 | AH27: 2.62 | AI27: 2.36 | AJ27: 2.36 | AK27: 2.3 | AL27: 2.3 | AM27: 2.3 | AN27: 2.3 | AP27: =AC27*AO27 -> 0 | AR27: =AD27*AQ27 -> 0 | AT27: =AE27*AS27 -> 0 | AV27: =AF27*AU27 -> 0 | AX27: =AG27*AW27 -> 0 | AZ27: =AH27*AY27 -> 0 | BB27: =AI27*BA27 -> 0 | BC27: 440 | BD27: =AJ27*BC27 -> 1038.4 | BE27: 240 | BF27: =AK27*BE27 -> 552 | BH27: =AL27*BG27 -> 0 | BJ27: =AM27*BI27 -> 0 | BL27: =AN27*BK27 -> 0 | BM27: 9Z.NNFBV.4 | BN27: Privacy | BO27: ODM | BP27: 6037B02860**
A28: FY25 | B28: Sandy Lu | C28: Darfon | E28: NB | G28: 2025 | H28: MACHU14/MACHU14N/MACHUW14/MACHU13/MACHU13X/LAPAZW14/LAPAZW14N/COLOSSEUMW14N | I28: NBL KB | J28: 14 | K28: Soft Grey | L28: Thailand | M28: INVENTEC_TH | N28: 4.55 | O28: 5.94 | P28: 6.16 | Q28: 6.16 | R28: 6.16 | S28: 6.16 | T28: 6.16 | U28: 6.16 | V28: 5.99 | W28: 5.99 | X28: 5.94 | Y28: 5.94 | Z28: 5.94 | AA28: 5.94 | AB28: 1.44 | AC28: 1.61 | AD28: 1.61 | AE28: 1.61 | AF28: 1.61 | AG28: 1.61 | AH28: 1.61 | AI28: 1.44 | AJ28: 1.44 | AK28: 1.49 | AL28: 1.49 | AM28: 1.49 | AN28: 1.49 | AP28: =AC28*AO28 -> 0 | AR28: =AD28*AQ28 -> 0 | AT28: =AE28*AS28 -> 0 | AV28: =AF28*AU28 -> 0 | AX28: =AG28*AW28 -> 0 | AZ28: =AH28*AY28 -> 0 | BB28: =AI28*BA28 -> 0 | BD28: =AJ28*BC28 -> 0 | BF28: =AK28*BE28 -> 0 | BH28: =AL28*BG28 -> 0 | BJ28: =AM28*BI28 -> 0 | BL28: =AN28*BK28 -> 0 | BM28: 9Z.NNFPV.5 | BO28: ODM | BP28: 6037B02855**
A29: FY25 | B29: Sandy Lu | C29: Darfon | E29: NB | G29: 2025 | H29: MACHU16/MACHUW16 | I29: BL KB | J29: 16 | K29: Soft Grey | L29: Thailand | M29: INVENTEC_TH | N29: 7.52 | O29: 9.53 | P29: 10.23 | Q29: 10.23 | R29: 10.23 | S29: 10.23 | T29: 10.23 | U29: 10.23 | V29: 9.97 | W29: 9.97 | X29: 9.53 | Y29: 9.53 | Z29: 9.53 | AA29: 9.53 | AB29: 2.11 | AC29: 2.71 | AD29: 2.71 | AE29: 2.71 | AF29: 2.71 | AG29: 2.71 | AH29: 2.71 | AI29: 2.45 | AJ29: 2.45 | AK29: 2.11 | AL29: 2.11 | AM29: 2.11 | AN29: 2.11 | AP29: =AC29*AO29 -> 0 | AR29: =AD29*AQ29 -> 0 | AT29: =AE29*AS29 -> 0 | AV29: =AF29*AU29 -> 0 | AX29: =AG29*AW29 -> 0 | AZ29: =AH29*AY29 -> 0 | BB29: =AI29*BA29 -> 0 | BC29: 2080 | BD29: =AJ29*BC29 -> 5096 | BE29: 920 | BF29: =AK29*BE29 -> 1941.2 | BG29: 280 | BH29: =AL29*BG29 -> 590.8 | BJ29: =AM29*BI29 -> 0 | BL29: =AN29*BK29 -> 0 | BM29: 9Z.NNGBV.3 | BO29: ODM | BP29: 6037B02857**
A30: FY25 | B30: Sandy Lu | C30: Darfon | E30: NB | G30: 2025 | H30: MACHU16/MACHUW16 | I30: BL KB | J30: 16 | K30: Soft Grey | L30: Thailand | M30: INVENTEC_TH | N30: 7.52 | O30: 9.53 | P30: 10.23 | Q30: 10.23 | R30: 10.23 | S30: 10.23 | T30: 10.23 | U30: 10.23 | V30: 9.97 | W30: 9.97 | X30: 9.53 | Y30: 9.53 | Z30: 9.53 | AA30: 9.53 | AB30: 2.11 | AC30: 2.71 | AD30: 2.71 | AE30: 2.71 | AF30: 2.71 | AG30: 2.71 | AH30: 2.71 | AI30: 2.45 | AJ30: 2.45 | AK30: 2.11 | AL30: 2.11 | AM30: 2.11 | AN30: 2.11 | AP30: =AC30*AO30 -> 0 | AR30: =AD30*AQ30 -> 0 | AT30: =AE30*AS30 -> 0 | AV30: =AF30*AU30 -> 0 | AX30: =AG30*AW30 -> 0 | AZ30: =AH30*AY30 -> 0 | BB30: =AI30*BA30 -> 0 | BD30: =AJ30*BC30 -> 0 | BE30: 40 | BF30: =AK30*BE30 -> 84.4 | BG30: 160 | BH30: =AL30*BG30 -> 337.6 | BJ30: =AM30*BI30 -> 0 | BL30: =AN30*BK30 -> 0 | BM30: 9Z.NNGBV.4 | BN30: Privacy | BO30: ODM | BP30: 6037B02863**
A31: FY25 | B31: Sandy Lu | C31: Darfon | E31: NB | G31: 2025 | H31: MACHU16/MACHUW16 | I31: NBL KB | J31: 16 | K31: Soft Grey | L31: Thailand | M31: INVENTEC_TH | N31: 4.87 | O31: 6.49 | P31: 6.71 | Q31: 6.71 | R31: 6.71 | S31: 6.71 | T31: 6.71 | U31: 6.71 | V31: 6.54 | W31: 6.54 | X31: 6.49 | Y31: 6.49 | Z31: 6.49 | AA31: 6.49 | AB31: 1.67 | AC31: 1.84 | AD31: 1.84 | AE31: 1.84 | AF31: 1.84 | AG31: 1.84 | AH31: 1.84 | AI31: 1.67 | AJ31: 1.67 | AK31: 1.72 | AL31: 1.72 | AM31: 1.72 | AN31: 1.72 | AP31: =AC31*AO31 -> 0 | AR31: =AD31*AQ31 -> 0 | AT31: =AE31*AS31 -> 0 | AV31: =AF31*AU31 -> 0 | AX31: =AG31*AW31 -> 0 | AZ31: =AH31*AY31 -> 0 | BB31: =AI31*BA31 -> 0 | BD31: =AJ31*BC31 -> 0 | BF31: =AK31*BE31 -> 0 | BH31: =AL31*BG31 -> 0 | BJ31: =AM31*BI31 -> 0 | BL31: =AN31*BK31 -> 0 | BM31: 9Z.NNGPV.5 | BO31: ODM | BP31: 6037B02856**
A32: FY25 | B32: Sandy Lu | C32: Darfon | E32: NB | G32: 2025 | H32: MACHU14/MACHU14N/MACHUW14/MACHU13/MACHU13X/LAPAZW14/LAPAZW14N/COLOSSEUMW14N | I32: BL KB | J32: 14 | K32: Soft Grey | L32: W China | M32: INVENTEC_CQ | N32: 7.22 | O32: 9.42 | P32: 9.84 | Q32: 9.84 | R32: 9.84 | S32: 9.84 | T32: 9.84 | U32: 9.84 | V32: 9.58 | W32: 9.58 | X32: 9.42 | Y32: 9.42 | Z32: 9.42 | AA32: 9.42 | AB32: 2.3 | AC32: 2.62 | AD32: 2.62 | AE32: 2.62 | AF32: 2.62 | AG32: 2.62 | AH32: 2.62 | AI32: 2.36 | AJ32: 2.36 | AK32: 2.3 | AL32: 2.3 | AM32: 2.3 | AN32: 2.3 | AP32: =AC32*AO32 -> 0 | AR32: =AD32*AQ32 -> 0 | AT32: =AE32*AS32 -> 0 | AV32: =AF32*AU32 -> 0 | AW32: 7540 | AX32: =AG32*AW32 -> 19754.8 | AY32: 15320 | AZ32: =AH32*AY32 -> 40138.4 | BA32: 6360 | BB32: =AI32*BA32 -> 15009.6 | BC32: 9560 | BD32: =AJ32*BC32 -> 22561.6 | BE32: 32840 | BF32: =AK32*BE32 -> 75532 | BG32: 21360 | BH32: =AL32*BG32 -> 49128 | BI32: 2760 | BJ32: =AM32*BI32 -> 6348 | BK32: 5000 | BL32: =AN32*BK32 -> 11500 | BM32: 9Z.NNFBV.6 | BN32: for Mexico | BO32: ODM | BP32: 6037B02861**
A33: FY25 | B33: Sandy Lu | C33: Darfon | E33: NB | G33: 2025 | H33: MACHU14/MACHU14N/MACHUW14/MACHU13/MACHU13X/LAPAZW14/LAPAZW14N/COLOSSEUMW14N | I33: BL KB | J33: 14 | K33: Soft Grey | L33: W China | M33: INVENTEC_CQ | N33: 7.22 | O33: 9.42 | P33: 9.84 | Q33: 9.84 | R33: 9.84 | S33: 9.84 | T33: 9.84 | U33: 9.84 | V33: 9.58 | W33: 9.58 | X33: 9.42 | Y33: 9.42 | Z33: 9.42 | AA33: 9.42 | AB33: 2.3 | AC33: 2.62 | AD33: 2.62 | AE33: 2.62 | AF33: 2.62 | AG33: 2.62 | AH33: 2.62 | AI33: 2.36 | AJ33: 2.36 | AK33: 2.3 | AL33: 2.3 | AM33: 2.3 | AN33: 2.3 | AP33: =AC33*AO33 -> 0 | AR33: =AD33*AQ33 -> 0 | AT33: =AE33*AS33 -> 0 | AV33: =AF33*AU33 -> 0 | AW33: 560 | AX33: =AG33*AW33 -> 1467.2 | AY33: 2720 | AZ33: =AH33*AY33 -> 7126.4 | BA33: 600 | BB33: =AI33*BA33 -> 1416 | BC33: 3920 | BD33: =AJ33*BC33 -> 9251.2 | BE33: 10320 | BF33: =AK33*BE33 -> 23736 | BG33: 480 | BH33: =AL33*BG33 -> 1104 | BI33: 640 | BJ33: =AM33*BI33 -> 1472 | BK33: 1198 | BL33: =AN33*BK33 -> 2755.4 | BM33: 9Z.NNFBV.7 | BN33: for Mexico | BO33: ODM | BP33: 6037B02860**
A34: FY25 | B34: Sandy Lu | C34: Darfon | E34: NB | G34: 2025 | H34: MACHU14/MACHU14N/MACHUW14/MACHU13/MACHU13X/LAPAZW14/LAPAZW14N/COLOSSEUMW14N | I34: NBL KB | J34: 14 | K34: Soft Grey | L34: W China | M34: INVENTEC_CQ | N34: 4.57 | O34: 5.96 | P34: 6.18 | Q34: 6.18 | R34: 6.18 | S34: 6.18 | T34: 6.18 | U34: 6.18 | V34: 6.01 | W34: 6.01 | X34: 5.96 | Y34: 5.96 | Z34: 5.96 | AA34: 5.96 | AB34: 1.44 | AC34: 1.61 | AD34: 1.61 | AE34: 1.61 | AF34: 1.61 | AG34: 1.61 | AH34: 1.61 | AI34: 1.44 | AJ34: 1.44 | AK34: 1.49 | AL34: 1.49 | AM34: 1.49 | AN34: 1.49 | AP34: =AC34*AO34 -> 0 | AR34: =AD34*AQ34 -> 0 | AT34: =AE34*AS34 -> 0 | AV34: =AF34*AU34 -> 0 | AW34: 200 | AX34: =AG34*AW34 -> 322 | AY34: 600 | AZ34: =AH34*AY34 -> 966 | BA34: 120 | BB34: =AI34*BA34 -> 172.8 | BC34: 80 | BD34: =AJ34*BC34 -> 115.2 | BE34: 480 | BF34: =AK34*BE34 -> 715.2 | BG34: 280 | BH34: =AL34*BG34 -> 417.2 | BI34: 320 | BJ34: =AM34*BI34 -> 476.8 | BK34: 80 | BL34: =AN34*BK34 -> 119.2 | BM34: 9Z.NNFPV.8 | BN34: for Mexico | BO34: ODM | BP34: 6037B02855**
A35: FY25 | B35: Sandy Lu | C35: Darfon | E35: NB | G35: 2025 | H35: MACHU16/MACHUW16 | I35: BL KB | J35: 16 | K35: Soft Grey | L35: W China | M35: INVENTEC_CQ | N35: 7.54 | O35: 9.55 | P35: 10.25 | Q35: 10.25 | R35: 10.25 | S35: 10.25 | T35: 10.25 | U35: 10.25 | V35: 9.99 | W35: 9.99 | X35: 9.55 | Y35: 9.55 | Z35: 9.55 | AA35: 9.55 | AB35: 2.11 | AC35: 2.71 | AD35: 2.71 | AE35: 2.71 | AF35: 2.71 | AG35: 2.71 | AH35: 2.71 | AI35: 2.45 | AJ35: 2.45 | AK35: 2.11 | AL35: 2.11 | AM35: 2.11 | AN35: 2.11 | AP35: =AC35*AO35 -> 0 | AR35: =AD35*AQ35 -> 0 | AT35: =AE35*AS35 -> 0 | AV35: =AF35*AU35 -> 0 | AW35: 1180 | AX35: =AG35*AW35 -> 3197.8 | AY35: 5720 | AZ35: =AH35*AY35 -> 15501.2 | BA35: 3000 | BB35: =AI35*BA35 -> 7350 | BC35: 3320 | BD35: =AJ35*BC35 -> 8134 | BE35: 16520 | BF35: =AK35*BE35 -> 34857.2 | BG35: 3000 | BH35: =AL35*BG35 -> 6330 | BI35: 5000 | BJ35: =AM35*BI35 -> 10550 | BL35: =AN35*BK35 -> 0 | BM35: 9Z.NNGBV.6 | BN35: for Mexico | BO35: ODM | BP35: 6037B02857**
A36: FY25 | B36: Sandy Lu | C36: Darfon | E36: NB | G36: 2025 | H36: MACHU16/MACHUW16 | I36: BL KB | J36: 16 | K36: Soft Grey | L36: W China | M36: INVENTEC_CQ | N36: 7.54 | O36: 9.55 | P36: 10.25 | Q36: 10.25 | R36: 10.25 | S36: 10.25 | T36: 10.25 | U36: 10.25 | V36: 9.99 | W36: 9.99 | X36: 9.55 | Y36: 9.55 | Z36: 9.55 | AA36: 9.55 | AB36: 2.11 | AC36: 2.71 | AD36: 2.71 | AE36: 2.71 | AF36: 2.71 | AG36: 2.71 | AH36: 2.71 | AI36: 2.45 | AJ36: 2.45 | AK36: 2.11 | AL36: 2.11 | AM36: 2.11 | AN36: 2.11 | AP36: =AC36*AO36 -> 0 | AR36: =AD36*AQ36 -> 0 | AT36: =AE36*AS36 -> 0 | AV36: =AF36*AU36 -> 0 | AW36: 120 | AX36: =AG36*AW36 -> 325.2 | AY36: 520 | AZ36: =AH36*AY36 -> 1409.2 | BB36: =AI36*BA36 -> 0 | BC36: 280 | BD36: =AJ36*BC36 -> 686 | BE36: 520 | BF36: =AK36*BE36 -> 1097.2 | BG36: 720 | BH36: =AL36*BG36 -> 1519.2 | BI36: 400 | BJ36: =AM36*BI36 -> 844 | BL36: =AN36*BK36 -> 0 | BM36: 9Z.NNGBV.7 | BN36: for Mexico | BO36: ODM | BP36: 6037B02863**
A37: FY25 | B37: Sandy Lu | C37: Darfon | E37: NB | G37: 2025 | H37: MACHU16/MACHUW16 | I37: NBL KB | J37: 16 | K37: Soft Grey | L37: W China | M37: INVENTEC_CQ | N37: 4.89 | O37: 6.51 | P37: 6.73 | Q37: 6.73 | R37: 6.73 | S37: 6.73 | T37: 6.73 | U37: 6.73 | V37: 6.56 | W37: 6.56 | X37: 6.51 | Y37: 6.51 | Z37: 6.51 | AA37: 6.51 | AB37: 1.67 | AC37: 1.84 | AD37: 1.84 | AE37: 1.84 | AF37: 1.84 | AG37: 1.84 | AH37: 1.84 | AI37: 1.67 | AJ37: 1.67 | AK37: 1.72 | AL37: 1.72 | AM37: 1.72 | AN37: 1.72 | AP37: =AC37*AO37 -> 0 | AR37: =AD37*AQ37 -> 0 | AT37: =AE37*AS37 -> 0 | AV37: =AF37*AU37 -> 0 | AX37: =AG37*AW37 -> 0 | AZ37: =AH37*AY37 -> 0 | BA37: 120 | BB37: =AI37*BA37 -> 200.4 | BD37: =AJ37*BC37 -> 0 | BE37: 160 | BF37: =AK37*BE37 -> 275.2 | BG37: 40 | BH37: =AL37*BG37 -> 68.8 | BI37: 80 | BJ37: =AM37*BI37 -> 137.6 | BL37: =AN37*BK37 -> 0 | BM37: 9Z.NNGPV.8 | BN37: for Mexico | BO37: ODM | BP37: 6037B02856**
AP38: =AC38*AO38 -> 0 | AR38: =AD38*AQ38 -> 0 | AT38: =AE38*AS38 -> 0 | AV38: =AF38*AU38 -> 0 | AX38: =AG38*AW38 -> 0 | AZ38: =AH38*AY38 -> 0 | BB38: =AI38*BA38 -> 0 | BD38: =AJ38*BC38 -> 0 | BF38: =AK38*BE38 -> 0 | BH38: =AL38*BG38 -> 0 | BJ38: =AM38*BI38 -> 0 | BL38: =AN38*BK38 -> 0
AP39: =AC39*AO39 -> 0 | AR39: =AD39*AQ39 -> 0 | AT39: =AE39*AS39 -> 0 | AV39: =AF39*AU39 -> 0 | AX39: =AG39*AW39 -> 0 | AZ39: =AH39*AY39 -> 0 | BB39: =AI39*BA39 -> 0 | BD39: =AJ39*BC39 -> 0 | BF39: =AK39*BE39 -> 0 | BH39: =AL39*BG39 -> 0 | BJ39: =AM39*BI39 -> 0 | BL39: =AN39*BK39 -> 0
A40: FY25 | B40: Sandy Lu | C40: Darfon | E40: NB | F40: 1000 | G40: 2024 | H40: ERNESTO/ERNESTOX/MASADAN/MASADANX | I40: BL KB | J40: 14 | K40: Soft Grey | L40: W China | M40: INVENTEC_CQ | N40: 9.45 | O40: 11 | P40: 11.51 | Q40: 11.51 | R40: 11.51 | S40: 11.51 | T40: 11.51 | U40: 11.51 | V40: 11.51 | W40: 11.51 | X40: 11 | Y40: 11 | Z40: 11 | AA40: 11 | AB40: 2.06 | AC40: 2.06 | AD40: 2.06 | AE40: 2.06 | AF40: 2.06 | AG40: 2.06 | AH40: 2.06 | AI40: 2.06 | AJ40: 2.06 | AK40: 2.1 | AL40: 2.1 | AM40: 2.1 | AN40: 2.1 | AO40: 7641 | AP40: =AC40*AO40 -> 15740.46 | AQ40: 8706 | AR40: =AD40*AQ40 -> 17934.36 | AS40: 6913 | AT40: =AE40*AS40 -> 14240.78 | AU40: 9239 | AV40: =AF40*AU40 -> 19032.34 | AW40: 9727 | AX40: =AG40*AW40 -> 20037.62 | AY40: 9029 | AZ40: =AH40*AY40 -> 18599.74 | BA40: 3360 | BB40: =AI40*BA40 -> 6921.6 | BC40: 3800 | BD40: =AJ40*BC40 -> 7828 | BE40: 3880 | BF40: =AK40*BE40 -> 8148 | BG40: 2880 | BH40: =AL40*BG40 -> 6048 | BI40: 4500 | BJ40: =AM40*BI40 -> 9450 | BK40: 2759 | BL40: =AN40*BK40 -> 5793.9 | BM40: 9Z.NMVBV.0 | BN40: Privacy | BO40: ODM | BP40: 6037B02723**
