Workbook
Name Region: #REF!

Sheet 工作表6 (2)
A3: 加總 - Aug Q'ty
A4: Platforms | B4: Comment | C4: Supplier Part# | D4: Table Price Aug | E4: 合計
A5: Brac | B5: Flextronics CZ | C5: 18H24AA#AC3 | D5: 9.01 | E5: 21280
C6: 1Y4D0AA#AC3 | D6: 9.16 | E6: 0
C7: 1Y4D0UT#AC3 | D7: 9.16 | E7: 25800
B8: Flextronics CZ 合計 | E8: 47080
B9: Foxconn Indy | C9: 1Y4D0AA#ABA | D9: 8.86 | E9: 0
C10: 1Y4D0AA#ABC | D10: 8.84 | E10: 0
C11: 1Y4D0UT#ABA | D11: 8.86 | E11: 6400
C12: 1Y4D0UT#ABC | D12: 8.84 | E12: 0
B13: Foxconn Indy 合計 | E13: 6400
B14: Foxconn LH | C14: 18H24AA#AB1 | D14: 8.85 | E14: 0
C15: 18H24AA#ABA | D15: 8.85 | E15: 23040
C16: 18H24AA#ABM | D16: 8.87 | E16: 3840
C17: 18H24AA#AC4 | D17: 8.87 | E17: 11520
C18: 18H24AA#UUF | D18: 8.85 | E18: 7680
C19: 1Y4D0AA#AB1 | D19: 9 | E19: 0
C20: 1Y4D0AA#ABM | D20: 9.02 | E20: 0
C21: 1Y4D0AA#AC4 | D21: 9.02 | E21: 0
C22: 1Y4D0AA#UUF | D22: 9 | E22: 0
C23: 1Y4D0UT#AB1 | D23: 9 | E23: 0
C24: 1Y4D0UT#ABM | D24: 9.02 | E24: 5120
C25: 1Y4D0UT#AC4 | D25: 9.02 | E25: 0
C26: 1Y4D0UT#UUF | D26: 9 | E26: 5120
B27: Foxconn LH 合計 | E27: 56320
B28: QUANTA | C28: M40045-161 | D28: 9.72 | E28: 4320
B29: QUANTA 合計 | E29: 4320
A30: Brac 合計 | E30: 114120
A31: 總計 | E31: 114120

Sheet 說明頁_更新版
A1: ID | B1: Action | C1: Remark
A2: 1 | B2: A-M欄及BM-BP欄照理來說不會更動只會新增
A3: 2 | B3: 檔名的部分請像這樣 "Rebate and Spending report Supplier’s name_2025 01"，勿加上其他說明，若有V2版本請寫 "Rebate and Spending report Supplier’s name_2025 01_V2"
A4: 3 | B4: 請全年度都放在同一個tab，Summary也是Q1-Q4都放在一起，若有更新的年度請一樣要加上對應的Summary
A5: 4 | B5: Title相關規範請看右方所示, 請按照此欄位進行填寫, 勿更改資料次序 *上面也附上Example, 參考的顏色表以及Mason的PDF instruction | C5: A欄位:打上年度，新年度記得要更新
C6: B欄位: SPM, 請填全名, ex Benson Chen, 而不是Benson，若SPM有異動也請更新
C7: C 欄位: 一律填自己公司名稱
C8: D欄位: 請照上方指示, 勿自創提詞, 須注意只有NB和DT才會有Consumer/Commercial之分, F欄位是Peripheral則D和E都是填Peripheral
C9: E欄位 : 請照上方指示, 勿自創提詞
C10: F欄位 : Peripheral只需填寫Peripheral
C11: G欄位 : 已更新到2025
C12: H欄位 : -請一定不能空白此欄位，不然後面的數字都會讀不到 -如果多個platforms共用同keyboard, 請用 '/' 去 group這些platforms，大小寫沒關係。 -請Platform name請跟LTF一模一樣，像是有些後面會加上尺寸也請加上( BAYMAX14/LUISA14/BAYMAXW14/BAYMAX13/BAYMAX13X) -請用"/"來 Grouping 不同 Platform (e.g. ANDAZ/ABU) ，勿用其他符號，錯誤範例如:ANDAZ&ABU
C13: I欄位 : 請照上方指示, 勿自創提詞
C14: J欄位 : 如果沒有Size，則填寫"NA/"，請注意不要只寫"NA"
C15: K欄 : -要注意勿將 Color grouping 在一起，像是Jet Black/Soft Grey，若有n個顏色需分成n筆資料去填 -如果沒有Color，則填寫"NA/"，請注意不要只寫"NA" -Color 需確保填寫正確，如 SEAFOAM TEAL PEARL 需完整打出來，避免填成 SEAFOAM TEAL -請確保在顏色中間加上空格，大小寫沒關係。 -關於灰色，請使用“Grey” 而非“Gray” -有些顏色後面可能需加上國家，請用"_"的方式加上，像是 : Pike Silver_JP, Ash Silver_INDIA。 -Color 欄位需保持正常format，像是 PERFORMANCE BLUE OPAQUE 請避免填成 PERFORMANCE BLUE OPAQUE-RGB -針對CNB Gaming，關於Numpad及RGB方面請遵照以下方式及右方的說明 : RGB Per Key_Soft Grey 1 Zone W Numpad_Soft Grey, 1 Zone Red W Numpad_Soft Grey 4 Zone RGB W Numpad_Soft Grey 1 Zone W/O Numpad_Soft Grey, 1 Zone Red W/O Numpad_Soft Grey 4 Zone RGB W/O Numpad_Soft Grey 1 Zone RGB W Numpad_Soft Grey 1 Zone RGB W/O Numpad_Soft Grey
C16: L欄 : 請照上方指示，勿自創提詞，注意NMC更新為Thailand/Vietnam
C17: M欄 : 請照上方指示，勿自創提詞或簡寫，後面多加 Site 等
... C22: BP欄 : 新增的欄位"HP Model"，需填上LTF中相對應的HP model (如下所示)，接下來會使用這欄去串連其他資料
A27: 5 | B27: 當月出貨的所有品項都必須填上, 即使rebate=0的項目, 定義為FCS之後, EOL前的platform 當月出貨都需要寫上(也就是不含service part)
A28: 6 | B28: 每個月10日固定上傳此份rebate and spending report，請注意目前的Share point已經與財務共用，因此有任何要更新的地方都請通知Jenny並且上傳V2/V3…版本，且舊檔案勿刪除
A29: 7 | B29: 在上傳此份檔案前針對數字的部分需再三確認，因為這些數字會直接當作日後開發票的金額
A30: 8 | B30: excel欄位有相乘的部分 (rebate amount), 請不要直接在公式以外做數字上的調整, 沒有邏輯性的數字, 程式會偵測異常
A31: 9 | B31: Summary_1不能有任何註記, 需要呈現最真實的數字, Summary_2貴司可有一些註記符號, 或是rebate抵扣等地紀錄是能夠被容許的

Sheet FY24 Summary_1
B3: Acrox | C3: 2023 11 | D3: 2023 12 | E3: 2024 01 | F3: Total Q1
B4: Rebate amount | C4: ='FY24'!AP1 -> 36153.6 | D4: ='FY24'!AR1 -> 24589.2 | E4: ='FY24'!AT1 -> 45935.6 | F4: =SUM(C4:E4) -> 106678.4
B5: E&O reduction | F5: =SUM(C5:E5) -> 0
B6: Complexity reduction | F6: =SUM(C6:E6) -> 0 | H6: 1. 新增Summary_1, 原先的Summary重新命名為Summary_2
B7: Total amount | C7: =SUM(C4:C6) -> 36153.6 | D7: =SUM(D4:D6) -> 24589.2 | E7: =SUM(E4:E6) -> 45935.6 | F7: =SUM(F4:F6) -> 106678.4
H8: 2.黃色部位為貴司名稱, 請整份報告都跟檔名貴司名稱撰寫方式一致
B10: Acrox | C10: 2024 02 | D10: 2024 03 | E10: 2024 04 | F10: Total Q2 | H10: 3. 這些欄位一定要固定, B3-B28, C3-C28, D3-D28, E3-E28, F3-F28都有賦予定義
B11: Rebate amount | C11: ='FY24'!AV1 -> 12514.2 | D11: ='FY24'!AX1 -> 37755 | E11: ='FY24'!AZ1 -> 54170 | F11: =SUM(C11:E11) -> 104439.2
B12: E&O reduction | F12: =SUM(C12:E12) -> 0 | H12: 4. Rebate amount 指得是summary_2的page金額 (就是我們一直以來收集的金額)
B13: Complexity reduction | F13: =SUM(C13:E13) -> 0
B14: Total amount | C14: =SUM(C11:C13) -> 12514.2 | D14: =SUM(D11:D13) -> 37755 | E14: =SUM(E11:E13) -> 54170 | F14: =SUM(F11:F13) -> 104439.2 | H14: 5. 新增 E&O reduction 及complexity reduction品項, 先留足空間
H15: 若目前還未有此款項存在都先填0
B17: Acrox | C17: 2024 05 | D17: 2024 06 | E17: 2024 07 | F17: Total Q3 | H17: 6. 金額都放未經調整後的真實數字, 分析才具意義
B18: Rebate amount | C18: ='FY24'!BB1 -> 58734.6 | D18: ='FY24'!BD1 -> 46686 | E18: ='FY24'!BF1 -> 40968.2 | F18: =SUM(C18:E18) -> 146388.8
B19: E&O reduction | F19: =SUM(C19:E19) -> 0
B20: Complexity reduction | F20: =SUM(C20:E20) -> 0
B21: Total amount | C21: =SUM(C18:C20) -> 58734.6 | D21: =SUM(D18:D20) -> 46686 | E21: =SUM(E18:E20) -> 40968.2 | F21: =SUM(F18:F20) -> 146388.8
B24: Acrox | C24: 2024 08 | D24: 2024 09 | E24: 2024 10 | F24: Total Q4
B25: Rebate amount | C25: ='FY24'!BH1 -> 43588.6 | D25: ='FY24'!BJ1 -> 70368.16 | E25: ='FY24'!BL1 -> 59608.44 | F25: =SUM(C25:E25) -> 173565.2
B26: E&O reduction
B27: Complexity reduction
B28: Total amount | C28: =SUM(C25:C27) -> 43588.6 | D28: =SUM(D25:D27) -> 70368.16 | E28: =SUM(E25:E27) -> 59608.44 | F28: =SUM(F25:F27) -> 173565.2

Sheet FY23 Summary_1
B3: Supplier's name | C3: 2022 11 | D3: 2022 12 | E3: 2023 01 | F3: Total Q1
B4: Rebate amount | C4: ='FY23'!AO1 -> 13543.84 | D4: ='FY23'!AQ1 -> 4205.76 | E4: ='FY23'!AS1 -> 18630.44 | F4: =SUM(C4:E4) -> 36380.04
B5: E&O reduction | F5: =SUM(C5:E5) -> 0
B6: Complexity reduction | F6: =SUM(C6:E6) -> 0 | H6: 1. 新增Summary_1, 原先的Summary重新命名為Summary_2
B7: Total amount | C7: =SUM(C4:C6) -> 13543.84 | D7: =SUM(D4:D6) -> 4205.76 | E7: =SUM(E4:E6) -> 18630.44 | F7: =SUM(F4:F6) -> 36380.04
H8: 2.黃色部位為貴司名稱, 請整份報告都跟檔名貴司名稱撰寫方式一致
B10: Supplier's name | C10: 2023 02 | D10: 2023 03 | E10: 2023 04 | F10: Total Q2 | H10: 3. 這些欄位一定要固定, B3-B28, C3-C28, D3-D28, E3-E28, F3-F28都有賦予定義
B11: Rebate amount | C11: ='FY23'!AU1 -> 11427.6 | D11: ='FY23'!AW1 -> 16572.6 | E11: ='FY23'!AY1 -> 10147 | F11: =SUM(C11:E11) -> 38147.2
B12: E&O reduction | F12: =SUM(C12:E12) -> 0 | H12: 4. Rebate amount 指得是summary_2的page金額 (就是我們一直以來收集的金額)
B13: Complexity reduction | F13: =SUM(C13:E13) -> 0
B14: Total amount | C14: =SUM(C11:C13) -> 11427.6 | D14: =SUM(D11:D13) -> 16572.6 | E14: =SUM(E11:E13) -> 10147 | F14: =SUM(F11:F13) -> 38147.2 | H14: 5. 新增 E&O reduction 及complexity reduction品項, 先留足空間
H15: 若目前還未有此款項存在都先填0
B17: Supplier's name | C17: 2023 05 | D17: 2023 06 | E17: 2023 07 | F17: Total Q3 | H17: 6. 金額都放未經調整後的真實數字, 分析才具意義
B18: Rebate amount | C18: ='FY23'!BA1 -> 15430.8 | D18: ='FY23'!BC1 -> 9727.4 | E18: ='FY23'!BE1 -> 18492.2 | F18: =SUM(C18:E18) -> 43650.4
B19: E&O reduction | F19: =SUM(C19:E19) -> 0
B20: Complexity reduction | F20: =SUM(C20:E20) -> 0
B21: Total amount | C21: =SUM(C18:C20) -> 15430.8 | D21: =SUM(D18:D20) -> 9727.4 | E21: =SUM(E18:E20) -> 18492.2 | F21: =SUM(F18:F20) -> 43650.4
B24: Supplier's name | C24: 2023 08 | D24: 2023 09 | E24: 2023 10 | F24: Total Q4
B25: Rebate amount | C25: ='FY23'!BG1 -> 15672.2 | D25: ='FY23'!BI1 -> 8242 | E25: ='FY23'!BK1 -> 6241.2 | F25: =SUM(C25:E25) -> 30155.4
B26: E&O reduction | F26: =SUM(C26:E26) -> 0
B27: Complexity reduction | F27: =SUM(C27:E27) -> 0
B28: Total amount | C28: =SUM(C25:C27) -> 15672.2 | D28: =SUM(D25:D27) -> 8242 | E28: =SUM(E25:E27) -> 6241.2 | F28: =SUM(F25:F27) -> 30155.4

Sheet FY23 Summary_2
B3: Q1 Actual by Segment
C4: Segment | D4: 44866 | E4: 44896 | F4: 44927 | G4: Total Rebate in Q1 2023 (US$)
B5: CMIT Input Devices | C5: 200 series (6U)
C6: 400 series (S)
C7: 600 series (B)
C8: 800 series (P)
C9: 1000 series (M
C10: MWS (Workstation)
C11: Soft Keyboard
C12: Chrome Book
C13: Clickpad
C14: Education
C15: Peripherals/AMO
C16: Desktop
B17: Consumer Input Devices | C17: OPP
C18: Chrome Book
C19: Pavillion
C20: Spectre
C21: Envy
C22: Stream
C23: Omen
C24: Peripherals/AMO
C25: Desktop
B28: Q1 Actual by Segment
C29: Supplier | D29: 44866 | E29: 44896 | F29: 44927 | G29: Total Rebate in Q1 2023 (US$)
B30: Input Devices | C30: Acrox | D30: 13543.84 | E30: 4205.76 | F30: 18630.44 | G30: 36380.04
C31: Chicony
C32: Darfon
C33: Liteon
C34: Primax
C35: Sunrex
F36: Total Rebate Amount
B39: Q2 Actual by Segment
C40: Segment | D40: 44958 | E40: 44986 | F40: 45017 | G40: Total Rebate in Q2 2023 (US$)
B41: CMIT Input Devices | C41: 200 series (6U)
C42: 400 series (S)
C43: 600 series (B)
C44: 800 series (P)
C45: 1000 series (M
C46: MWS (Workstation)
C47: Soft Keyboard
C48: Chrome Book
C49: Clickpad
C50: Education
C51: Peripherals/AMO
C52: Desktop
B53: Consumer Input Devices | C53: OPP
C54: Chrome Book
C55: Pavillion
C56: Spectre
C57: Envy
C58: Stream
C59: Omen
C60: Peripherals/AMO
C61: Desktop
B64: Q2 Actual by Segment
C65: Supplier | D65: 44958 | E65: 44986 | F65: 45017 | G65: Total Rebate in Q2 2023 (US$)
B66: Input Devices | C66: Acrox | D66: 11427.6 | E66: 16572.6 | F66: 10147 | G66: 38147.2
B67: Input Devices | C67: Chicony
C68: Darfon
C69: Liteon
C70: Primax
C71: Sunrex
F72: Total Rebate Amount
B75: Q3 Actual by Segment
C76: Segment | D76: 45047 | E76: 45078 | F76: 45108 | G76: Total Rebate in Q3 2023 (US$)
B77: CMIT Input Devices | C77: 200 series (6U)
C78: 400 series (S)
C79: 600 series (B)
C80: 800 series (P)
C81: 1000 series (M
C82: MWS (Workstation)
C83: Soft Keyboard
C84: Chrome Book
C85: Clickpad
C86: Education
C87: Peripherals/AMO
C88: Desktop
B89: Consumer Input Devices | C89: OPP
C90: Chrome Book
C91: Pavillion
C92: Spectre
C93: Envy
C94: Stream
C95: Omen
C96: Peripherals/AMO
C97: Desktop
B100: Q3 Actual by Segment
C101: Supplier | D101: 45047 | E101: 45078 | F101: 45108 | G101: Total Rebate in Q3 2023 (US$)
B102: Input Devices | C102: Acrox | D102: ='FY23'!BA1 -> 15430.8 | E102: ='FY23'!BC1 -> 9727.4 | F102: ='FY23'!BE1 -> 18492.2 | G102: =D102+E102+F102 -> 43650.4
C103: Chicony
C104: Darfon
C105: Liteon
C106: Primax
C107: Sunrex
F108: Total Rebate Amount
B110: Q4 Actual by Segment
C111: Segment | D111: 45139 | E111: 45170 | F111: 45200 | G111: Total Rebate in Q4 2023 (US$)
B112: CMIT Input Devices | C112: 200 series (6U)
C113: 400 series (S)
...

Sheet FY23
D1: Consumer/Commercial/ Peripheral | E1: NB/DT/Peripheral | G1: 2020/2021/2022 | H1: Remove Size/Color, define Platform naming Hagrid/Hedwig/Granger/Ashmore/Ramla (follow naming rule of product list) | I1: NBL KB/BL KB/Mouse /Combo/Clickpad/Others | J1: NA/ | K1: NA/ | L1: (E China/W China/S China/NMC) | M1: COMPAL/ QUANTA /INVENTEC /WISTRON/ FOXCONN/ OTHERS | AO1: =SUM(AO3:AO1028) -> 13543.84 | AQ1: =SUM(AQ3:AQ1028) -> 4205.76 | AS1: =SUM(AS3:AS1028) -> 18630.44 | AU1: =SUM(AU3:AU1028) -> 11427.6 | AW1: =SUM(AW3:AW1028) -> 16572.6 | AY1: =SUM(AY3:AY1028) -> 10147 | BA1: =SUM(BA3:BA1028) -> 15430.8 | BC1: =SUM(BC3:BC1028) -> 9727.4 | BE1: =SUM(BE3:BE1028) -> 18492.2 | BG1: =SUM(BG3:BG1028) -> 15672.2 | BI1: =SUM(BI3:BI1028) -> 8242 | BK1: =SUM(BK3:BK1028) -> 6241.2
A2: FY23 | B2: SPM (Project Owner) | C2: GTK Suppliers | D2: Category | E2: Segment | F2: Series | G2: Production Year | H2: Platforms | I2: Product | J2: Size | K2: Color | L2: Location | M2: ODM | N2: The lowest unit table price (ODM cost) | O2: Table Price Nov | P2: Table Price Dec | Q2: Table Price Jan | R2: Table Price Feb | S2: Table Price Mar | T2: Table Price Apr | U2: Table Price May | V2: Table Price Jun | W2: Table Price Jul | X2: Table Price Aug | Y2: Table Price Sep | Z2: Table Price Oct | AA2: The lowest unit rebate cost | AB2: Unit Rebate Nov | AC2: Unit Rebate Dec | AD2: Unit Rebate Jan | AE2: Unit Rebate Feb | AF2: Unit Rebate Mar | AG2: Unit Rebate Apr | AH2: Unit Rebate May | AI2: Unit Rebate Jun | AJ2: Unit Rebate Jul | AK2: Unit Rebate Aug | AL2: Unit Rebate Sep | AM2: Unit Rebate Oct | AN2: Nov Q'ty | AO2: Nov Rebate Amount | AP2: Dec Q'ty | AQ2: Dec Rebate Amount | AR2: Jan Q'ty | AS2: Jan Rebate Amount | AT2: Feb Q'ty | AU2: Feb Rebate Amount | AV2: Mar Q'ty | AW2: Mar Rebate Amount | AX2: Apr Q'ty | AY2: Apr Rebate Amount | AZ2: May Q'ty | BA2: May Rebate Amount | BB2: Jun Q'ty | BC2: Jun Rebate Amount | BD2: Jul Q'ty | BE2: Jul Rebate Amount | BF2: Aug Q'ty | BG2: Aug Rebate Amount | BH2: Sep Q'ty | BI2: Sep Rebate Amount | BJ2: Oct Q'ty | BK2: Oct Rebate Amount | BL2: Supplier Part# | BM2: Comment | BN2: REMARK1
A3: FY23 | B3: Allen Chen | C3: Acrox | D3: Peripheral | E3: Peripheral | F3: Peripherals | G3: 2018 | H3: BOGOTA | I3: Mouse | J3: NA | K3: Black | L3: S China | M3: OTHERS | N3: 1.86 | O3: 1.86 | P3: 1.86 | Q3: 1.86 | R3: 1.86 | S3: 1.86 | T3: 1.86 | U3: 1.86 | V3: 1.86 | W3: 1.86 | X3: 1.86 | Y3: 1.86 | Z3: 1.86 | AA3: 0 | AB3: 0 | AC3: 0 | AD3: 0 | AE3: 0 | AF3: 0 | AG3: 0 | AH3: 0 | AI3: 0 | AJ3: 0 | AK3: 0 | AL3: 0 | AM3: 0 | AN3: 5760 | AO3: =AB3*AN3 -> 0 | AP3: 0 | AQ3: =AC3*AP3 -> 0 | AR3: 0 | AS3: =AD3*AR3 -> 0 | AT3: 0 | AU3: =AE3*AT3 -> 0 | AV3: 5760 | AW3: =AF3*AV3 -> 0 | AX3: 2880 | AY3: =AG3*AX3 -> 0 | AZ3: 2880 | BA3: =AH3*AZ3 -> 0 | BB3: 11520 | BC3: =AI3*BB3 -> 0 | BD3: 0 | BE3: =AJ3*BD3 -> 0 | BF3: 5760 | BG3: =AK3*BF3 -> 0 | BH3: 0 | BI3: =AL3*BH3 -> 0 | BJ3: 0 | BK3: =AM3*BJ3 -> 0 | BM3: 4QM14AA#ACJ/CPS/2880/EM
A4: FY23 | B4: Allen Chen | G4: 2018 | H4: BOGOTA | I4: Mouse | J4: NA | K4: Black | L4: S China | M4: OTHERS | N4: 2 | O4: 2 | P4: 2 | Q4: 2 | R4: 2 | S4: 2 | T4: 2 | U4: 2 | V4: 2 | W4: 2 | X4: 2 | Y4: 2 | Z4: 2 | AA4: 0 | AB4: 0 | AC4: 0 | AD4: 0 | AE4: 0 | AF4: 0 | AG4: 0 | AH4: 0 | AI4: 0 | AJ4: 0 | AK4: 0 | AL4: 0 | AM4: 0 | AN4: 2880 | AO4: =AB4*AN4 -> 0 | AP4: 0 | AQ4: =AC4*AP4 -> 0 | AR4: 5760 | AS4: =AD4*AR4 -> 0 | AT4: 2880 | AU4: =AE4*AT4 -> 0 | AV4: 14400 | AW4: =AF4*AV4 -> 0 | AX4: 0 | AY4: =AG4*AX4 -> 0 | AZ4: 8640 | BA4: =AH4*AZ4 -> 0 | BB4: 0 | BC4: =AI4*BB4 -> 0 | BD4: 2880 | BE4: =AJ4*BD4 -> 0 | BF4: 0 | BG4: =AK4*BF4 -> 0 | BH4: 0 | BI4: =AL4*BH4 -> 0 | BJ4: 2880 | BK4: =AM4*BJ4 -> 0 | BM4: 4QM14AA#UUF/CPS/2880/EM
A5: FY23 | B5: Simon Yang | G5: 2020 | H5: BRAC | I5: Combo | J5: NA | K5: Black | L5: S China | M5: OTHERS | N5: 8.85 | O5: 8.85 | P5: 8.85 | Q5: 8.85 | R5: 8.85 | S5: 8.85 | T5: 8.85 | U5: 8.85 | V5: 8.85 | W5: 8.85 | X5: 8.85 | Y5: 8.85 | Z5: 8.85 | AA5: 0 | AB5: 0 | AC5: 0 | AD5: 0 | AE5: 0 | AF5: 0 | AG5: 0 | AH5: 0 | AI5: 0 | AJ5: 0 | AK5: 0 | AL5: 0 | AM5: 0 | AN5: 8960 | AO5: =AB5*AN5 -> 0 | AP5: 0 | AQ5: =AC5*AP5 -> 0 | AR5: 0 | AS5: =AD5*AR5 -> 0 | AT5: 2560 | AU5: =AE5*AT5 -> 0 | AV5: 1280 | AW5: =AF5*AV5 -> 0 | AX5: 0 | AY5: =AG5*AX5 -> 0 | AZ5: 1280 | BA5: =AH5*AZ5 -> 0 | BB5: 2560 | BC5: =AI5*BB5 -> 0 | BD5: 32000 | BE5: =AJ5*BD5 -> 0 | BF5: 0 | BG5: =AK5*BF5 -> 0 | BH5: 0 | BI5: =AL5*BH5 -> 0 | BJ5: 1280 | BK5: =AM5*BJ5 -> 0 | BM5: 18H24AA#UUF/CPS/1280/GBU
A6: FY23 | B6: Simon Yang | G6: 2020 | H6: BRAC | I6: Combo | J6: NA | K6: Black | L6: S China | M6: OTHERS | N6: 9 | O6: 9 | P6: 9 | Q6: 9 | R6: 9 | S6: 9 | T6: 9 | U6: 9 | V6: 9 | W6: 9 | X6: 9 | Y6: 9 | Z6: 9 | AA6: 0 | AB6: 0 | AC6: 0 | AD6: 0 | AE6: 0 | AF6: 0 | AG6: 0 | AH6: 0 | AI6: 0 | AJ6: 0 | AK6: 0 | AL6: 0 | AM6: 0 | AN6: 20480 | AO6: =AB6*AN6 -> 0 | AP6: 33280 | AQ6: =AC6*AP6 -> 0 | AR6: 28160 | AS6: =AD6*AR6 -> 0 | AT6: 24320 | AU6: =AE6*AT6 -> 0 | AV6: 8960 | AW6: =AF6*AV6 -> 0 | AX6: 0 | AY6: =AG6*AX6 -> 0 | AZ6: 0 | BA6: =AH6*AZ6 -> 0 | BB6: 0 | BC6: =AI6*BB6 -> 0 | BD6: 2560 | BE6: =AJ6*BD6 -> 0 | BF6: 7680 | BG6: =AK6*BF6 -> 0 | BH6: 10240 | BI6: =AL6*BH6 -> 0 | BJ6: 1280 | BK6: =AM6*BJ6 -> 0 | BM6: 1Y4D0AA#UUF/BPS/1280/GBU
A7: FY23 | B7: Simon Yang | G7: 2020 | H7: BRAC | I7: Combo | J7: NA | K7: Black | L7: S China | M7: OTHERS | N7: 9.72 | O7: 9.72 | P7: 9.72 | Q7: 9.72 | R7: 9.72 | S7: 9.72 | T7: 9.72 | U7: 9.72 | V7: 9.72 | W7: 9.72 | X7: 9.72 | Y7: 9.72 | Z7: 9.72 | AA7: 0 | AB7: 0 | AC7: 0 | AD7: 0 | AE7: 0 | AF7: 0 | AG7: 0 | AH7: 0 | AI7: 0 | AJ7: 0 | AK7: 0 | AL7: 0 | AM7: 0 | AN7: 1360 | AO7: =AB7*AN7 -> 0 | AP7: 10190 | AQ7: =AC7*AP7 -> 0 | AR7: 6480 | AS7: =AD7*AR7 -> 0 | AT7: 1080 | AU7: =AE7*AT7 -> 0 | AV7: 2160 | AW7: =AF7*AV7 -> 0 | AX7: 1080 | AY7: =AG7*AX7 -> 0 | AZ7: 4320 | BA7: =AH7*AZ7 -> 0 | BB7: 8640 | BC7: =AI7*BB7 -> 0 | BD7: 3240 | BE7: =AJ7*BD7 -> 0 | BF7: 3240 | BG7: =AK7*BF7 -> 0 | BH7: 4320 | BI7: =AL7*BH7 -> 0 | BJ7: 2160 | BK7: =AM7*BJ7 -> 0 | BM7: M40045-161/DIB/1080/Brown box
A8: FY23 | B8: Simon Yang | G8: 2020 | H8: BRAC | I8: Combo | J8: NA | K8: Black | L8: S China | M8: OTHERS | N8: 9.16 | O8: 9.16 | P8: 9.16 | Q8: 9.16 | R8: 9.16 | S8: 9.16 | T8: 9.16 | U8: 9.16 | V8: 9.16 | W8: 9.16 | X8: 9.16 | Y8: 9.16 | Z8: 9.16 | AA8: 0 | AB8: 0 | AC8: 0 | AD8: 0 | AE8: 0 | AF8: 0 | AG8: 0 | AH8: 0 | AI8: 0 | AJ8: 0 | AK8: 0 | AL8: 0 | AM8: 0 | AN8: 9300 | AO8: =AB8*AN8 -> 0 | AP8: 19000 | AQ8: =AC8*AP8 -> 0 | AR8: 28000 | AS8: =AD8*AR8 -> 0 | AT8: 0 | AU8: =AE8*AT8 -> 0 | AV8: 22000 | AW8: =AF8*AV8 -> 0 | AX8: 11500 | AY8: =AG8*AX8 -> 0 | AZ8: 32000 | BA8: =AH8*AZ8 -> 0 | BB8: 25000 | BC8: =AI8*BB8 -> 0 | BD8: 12060 | BE8: =AJ8*BD8 -> 0 | BF8: 19000 | BG8: =AK8*BF8 -> 0 | BH8: 23000 | BI8: =AL8*BH8 -> 0 | BJ8: 27800 | BK8: =AM8*BJ8 -> 0 | BM8: 1Y4D0AA#AC3/BPS/1280/GBU
A9: FY23 | B9: Simon Yang | G9: 2020 | H9: BRAC | I9: Combo | J9: NA | K9: Black | L9: S China | M9: OTHERS | N9: 8.87 | O9: 8.87 | P9: 8.87 | Q9: 8.87 | R9: 8.87 | S9: 8.87 | T9: 8.87 | U9: 8.87 | V9: 8.87 | W9: 8.87 | X9: 8.87 | Y9: 8.87 | Z9: 8.87 | AA9: 0 | AB9: 0 | AC9: 0 | AD9: 0 | AE9: 0 | AF9: 0 | AG9: 0 | AH9: 0 | AI9: 0 | AJ9: 0 | AK9: 0 | AL9: 0 | AM9: 0 | AN9: 2560 | AO9: =AB9*AN9 -> 0 | AP9: 2560 | AQ9: =AC9*AP9 -> 0 | AR9: 2560 | AS9: =AD9*AR9 -> 0 | AT9: 1280 | AU9: =AE9*AT9 -> 0 | AV9: 3840 | AW9: =AF9*AV9 -> 0 | AX9: 2560 | AY9: =AG9*AX9 -> 0 | AZ9: 7680 | BA9: =AH9*AZ9 -> 0 | BB9: 3840 | BC9: =AI9*BB9 -> 0 | BD9: 0 | BE9: =AJ9*BD9 -> 0 | BF9: 6400 | BG9: =AK9*BF9 -> 0 | BH9: 1280 | BI9: =AL9*BH9 -> 0 | BJ9: 0 | BK9: =AM9*BJ9 -> 0 | BM9: 18H24AA#ABM/CPS/1280/GBU
A10: FY23 | B10: Simon Yang | G10: 2020 | H10: BRAC | I10: Combo | J10: NA | K10: Black | L10: S China | M10: OTHERS | N10: 9.02 | O10: 9.02 | P10: 9.02 | Q10: 9.02 | R10: 9.02 | S10: 9.02 | T10: 9.02 | U10: 9.02 | V10: 9.02 | W10: 9.02 | X10: 9.02 | Y10: 9.02 | Z10: 9.02 | AA10: 0 | AB10: 0 | AC10: 0 | AD10: 0 | AE10: 0 | AF10: 0 | AG10: 0 | AH10: 0 | AI10: 0 | AJ10: 0 | AK10: 0 | AL10: 0 | AM10: 0 | AN10: 0 | AO10: =AB10*AN10 -> 0 | AP10: 3840 | AQ10: =AC10*AP10 -> 0 | AR10: 2560 | AS10: =AD10*AR10 -> 0 | AT10: 8960 | AU10: =AE10*AT10 -> 0 | AV10: 3840 | AW10: =AF10*AV10 -> 0 | AX10: 3840 | AY10: =AG10*AX10 -> 0 | AZ10: 2560 | BA10: =AH10*AZ10 -> 0 | BB10: 0 | BC10: =AI10*BB10 -> 0 | BD10: 0 | BE10: =AJ10*BD10 -> 0 | BF10: 0 | BG10: =AK10*BF10 -> 0 | BH10: 2560 | BI10: =AL10*BH10 -> 0 | BJ10: 1280 | BK10: =AM10*BJ10 -> 0 | BM10: 1Y4D0AA#ABM/BPS/1280/GBU
A11: FY23 | B11: Simon Yang | G11: 2021 | H11: BRAC WHITE | I11: Combo | J11: NA | K11: White | L11: S China | M11: OTHERS | N11: 11.28 | O11: 11.28 | P11: 11.28 | Q11: 11.28 | R11: 11.28 | S11: 11.28 | T11: 11.28 | U11: 11.28 | V11: 11.28 | W11: 11.28 | X11: 11.28 | Y11: 11.28 | Z11: 11.28 | AA11: 0 | AB11: 0 | AC11: 0 | AD11: 0 | AE11: 0 | AF11: 0 | AG11: 0 | AH11: 0 | AI11: 0 | AJ11: 0 | AK11: 0 | AL11: 0 | AM11: 0 | AN11: 0 | AO11: =AB11*AN11 -> 0 | AP11: 2520 | AQ11: =AC11*AP11 -> 0 | AR11: 5040 | AS11: =AD11*AR11 -> 0 | AT11: 2520 | AU11: =AE11*AT11 -> 0 | AV11: 2520 | AW11: =AF11*AV11 -> 0 | AX11: 2520 | AY11: =AG11*AX11 -> 0 | AZ11: 7560 | BA11: =AH11*AZ11 -> 0 | BB11: 0 | BC11: =AI11*BB11 -> 0 | BD11: 0 | BE11: =AJ11*BD11 -> 0 | BF11: 2520 | BG11: =AK11*BF11 -> 0 | BH11: 2520 | BI11: =AL11*BH11 -> 0 | BJ11: 10080 | BK11: =AM11*BJ11 -> 0 | BM11: M40043-161/DIB/2520/Brown box
A12: FY23 | B12: Simon Yang | G12: 2021 | H12: BRAC WLKB | I12: NBL KB | J12: NA | K12: Black | L12: S China | M12: OTHERS | N12: 7.58 | O12: 7.58 | P12: 7.58 | Q12: 7.58 | R12: 7.58 | S12: 7.58 | T12: 7.58 | U12: 7.58 | V12: 7.58 | W12: 7.58 | X12: 7.58 | Y12: 7.58 | Z12: 7.58 | AA12: 0 | AB12: 0 | AC12: 0 | AD12: 0 | AE12: 0 | AF12: 0 | AG12: 0 | AH12: 0 | AI12: 0 | AJ12: 0 | AK12: 0 | AL12: 0 | AM12: 0 | AN12: 3500 | AO12: =AB12*AN12 -> 0 | AP12: 0 | AQ12: =AC12*AP12 -> 0 | AR12: 3680 | AS12: =AD12*AR12 -> 0 | AT12: 0 | AU12: =AE12*AT12 -> 0 | AV12: 11800 | AW12: =AF12*AV12 -> 0 | AX12: 0 | AY12: =AG12*AX12 -> 0 | AZ12: 1280 | BA12: =AH12*AZ12 -> 0 | BB12: 1280 | BC12: =AI12*BB12 -> 0 | BD12: 4000 | BE12: =AJ12*BD12 -> 0 | BF12: 0 | BG12: =AK12*BF12 -> 0 | BH12: 2560 | BI12: =AL12*BH12 -> 0 | BJ12: 6060 | BK12: =AM12*BJ12 -> 0 | BM12: 3L1E7AA#AC3/CPS/1200/GBU
A13: FY23 | B13: Simon Yang | G13: 2021 | H13: BRAC WLKB | I13: NBL KB | J13: NA | K13: Black | L13: S China | M13: OTHERS | N13: 7.46 | O13: 7.46 | P13: 7.46 | Q13: 7.46 | R13: 7.46 | S13: 7.46 | T13: 7.46 | U13: 7.46 | V13: 7.46 | W13: 7.46 | X13: 7.46 | Y13: 7.46 | Z13: 7.46 | AA13: 0 | AB13: 0 | AC13: 0 | AD13: 0 | AE13: 0 | AF13: 0 | AG13: 0 | AH13: 0 | AI13: 0 | AJ13: 0 | AK13: 0 | AL13: 0 | AM13: 0 | AN13: 0 | AO13: =AB13*AN13 -> 0 | AP13: 2400 | AQ13: =AC13*AP13 -> 0 | AR13: 1200 | AS13: =AD13*AR13 -> 0 | AT13: 1200 | AU13: =AE13*AT13 -> 0 | AV13: 1200 | AW13: =AF13*AV13 -> 0 | AX13: 1200 | AY13: =AG13*AX13 -> 0 | AZ13: 4800 | BA13: =AH13*AZ13 -> 0 | BB13: 0 | BC13: =AI13*BB13 -> 0 | BD13: 0 | BE13: =AJ13*BD13 -> 0 | BF13: 0 | BG13: =AK13*BF13 -> 0 | BH13: 0 | BI13: =AL13*BH13 -> 0 | BJ13: 1200 | BK13: =AM13*BJ13 -> 0 | BM13: 3L1E7AA#ABM/CPS/1200/GBU
A14: FY23 | B14: Allen Chen | G14: 2020 | H14: BRAIN | I14: Mouse | J14: NA | K14: Nightfull black | L14: S China | M14: OTHERS | N14: 30.42 | O14: 30.42 | P14: 30.42 | Q14: 30.42 | R14: 30.42 | S14: 30.42 | T14: 30.42 | U14: 30.42 | V14: 30.42 | W14: 30.42 | X14: 30.42 | Y14: 30.42 | Z14: 30.42 | AA14: 0 | AB14: 0 | AC14: 0 | AD14: 0 | AE14: 0 | AF14: 0 | AG14: 0 | AH14: 0 | AI14: 0 | AJ14: 0 | AK14: 0 | AL14: 0 | AM14: 0 | AN14: 1008 | AO14: =AB14*AN14 -> 0 | AP14: 0 | AQ14: =AC14*AP14 -> 0 | AR14: 0 | AS14: =AD14*AR14 -> 0 | AT14: 0 | AU14: =AE14*AT14 -> 0 | AV14: 1008 | AW14: =AF14*AV14 -> 0 | AX14: 0 | AY14: =AG14*AX14 -> 0 | AZ14: 0 | BA14: =AH14*AZ14 -> 0 | BB14: 0 | BC14: =AI14*BB14 -> 0 | BD14: 0 | BE14: =AJ14*BD14 -> 0 | BF14: 0 | BG14: =AK14*BF14 -> 0 | BH14: 0 | BI14: =AL14*BH14 -> 0 | BJ14: 0 | BK14: =AM14*BJ14 -> 0 | BM14: 1D0K8AA#ABA/BPS/1008/BOX
A15: FY23 | B15: Allen Chen | G15: 2020 | H15: BRAIN | I15: Mouse | J15: NA | K15: Natural Silver | L15: S China | M15: OTHERS | N15: 30.52 | O15: 30.52 | P15: 30.52 | Q15: 30.52 | R15: 30.52 | S15: 30.52 | T15: 30.52 | U15: 30.52 | V15: 30.52 | W15: 30.52 | X15: 30.52 | Y15: 30.52 | Z15: 30.52 | AA15: 0 | AB15: 0 | AC15: 0 | AD15: 0 | AE15: 0 | AF15: 0 | AG15: 0 | AH15: 0 | AI15: 0 | AJ15: 0 | AK15: 0 | AL15: 0 | AM15: 0 | AN15: 0 | AO15: =AB15*AN15 -> 0 | AP15: 1008 | AQ15: =AC15*AP15 -> 0 | AR15: 1008 | AS15: =AD15*AR15 -> 0 | AT15: 0 | AU15: =AE15*AT15 -> 0 | AV15: 0 | AW15: =AF15*AV15 -> 0 | AX15: 0 | AY15: =AG15*AX15 -> 0 | AZ15: 0 | BA15: =AH15*AZ15 -> 0 | BB15: 1008 | BC15: =AI15*BB15 -> 0 | BD15: 0 | BE15: =AJ15*BD15 -> 0 | BF15: 0 | BG15: =AK15*BF15 -> 0 | BH15: 0 | BI15: =AL15*BH15 -> 0 | BJ15: 0 | BK15: =AM15*BJ15 -> 0 | BM15: 1D0K9AA#ABB/CPS/1008/BOX
... A22: FY23 | B22: Simon Yang | G22: 2022 | H22: ELEPHANTA KB | I22: NBL KB | J22: NA | K22: Black | L22: S China | M22: OTHERS | N22: 3.75 | O22: 3.75 | P22: 3.75 | Q22: 3.75 | R22: 3.75 | S22: 3.75 | T22: 3.75 | U22: 3.75 | V22: 3.75 | W22: 3.75 | X22: 3.75 | Y22: 3.75 | Z22: 3.75 | AA22: 0.21 | AB22: 0.21 | AC22: 0.21 | AD22: 0.21 | AE22: 0.21 | AF22: 0.21 | AG22: 0.21 | AH22: 0.21 | AI22: 0.21 | AJ22: 0.21 | AK22: 0.21 | AL22: 0.21 | AM22: 0.21 | AN22: 15000 | AO22: =AB22*AN22 -> 3150 | AP22: 0 | AQ22: =AC22*AP22 -> 0 | AR22: 10000 | AS22: =AD22*AR22 -> 2100 | AT22: 0 | AU22: =AE22*AT22 -> 0 | AV22: 0 | AW22: =AF22*AV22 -> 0 | AX22: 0 | AY22: =AG22*AX22 -> 0 | AZ22: 0 | BA22: =AH22*AZ22 -> 0 | BB22: 0 | BC22: =AI22*BB22 -> 0 | BD22: 16800 | BE22: =AJ22*BD22 -> 3528 | BF22: 5600 | BG22: =AK22*BF22 -> 1176 | BH22: 0 | BI22: =AL22*BH22 -> 0 | BJ22: 0 | BK22: =AM22*BJ22 -> 0 | BM22: 664R5AA#UUF/CPS/5600/GBU
A23: FY23 | B23: Allen Chen | G23: 2016 | H23: GADGET | I23: Mouse | J23: NA | K23: Black | L23: S China | M23: OTHERS | N23: 5.95 | O23: 5.95 | P23: 5.95 | Q23: 5.95 | R23: 5.95 | S23: 5.95 | T23: 5.95 | U23: 5.95 | V23: 5.95 | W23: 5.95 | X23: 5.95 | Y23: 5.95 | Z23: 5.95 | AA23: 0 | AB23: 0.05 | AC23: 0.05 | AD23: 0.05 | AE23: 0.05 | AF23: 0.05 | AG23: 0.05 | AH23: 0.05 | AI23: 0.05 | AJ23: 0.05 | AK23: 0.05 | AL23: 0.05 | AM23: 0.05 | AN23: 864 | AO23: =AB23*AN23 -> 43.2 | AP23: 0 | AQ23: =AC23*AP23 -> 0 | AR23: 0 | AS23: =AD23*AR23 -> 0 | AT23: 0 | AU23: =AE23*AT23 -> 0 | AV23: 0 | AW23: =AF23*AV23 -> 0 | AX23: 0 | AY23: =AG23*AX23 -> 0 | AZ23: 0 | BA23: =AH23*AZ23 -> 0 | BB23: 0 | BC23: =AI23*BB23 -> 0 | BD23: 0 | BE23: =AJ23*BD23 -> 0 | BF23: 0 | BG23: =AK23*BF23 -> 0 | BH23: 0 | BI23: =AL23*BH23 -> 0 | BJ23: 0 | BK23: =AM23*BJ23 -> 0 | BM23: V0L79AA#UUF/CPS/1560/GBU | BN23: (上海)
A24: FY23 | B24: Allen Chen | G24: 2016 | H24: GADGET | I24: Mouse | J24: NA | K24: White | L24: S China | M24: OTHERS | N24: 6.05 | O24: 6.05 | P24: 6.05 | Q24: 6.05 | R24: 6.05 | S24: 6.05 | T24: 6.05 | U24: 6.05 | V24: 6.05 | W24: 6.05 | X24: 6.05 | Y24: 6.05 | Z24: 6.05 | AA24: 0 | AB24: 0.05 | AC24: 0.05 | AD24: 0.05 | AE24: 0.05 | AF24: 0.05 | AG24: 0.05 | AH24: 0.05 | AI24: 0.05 | AJ24: 0.05 | AK24: 0.05 | AL24: 0.05 | AM24: 0.05 | AN24: 864 | AO24: =AB24*AN24 -> 43.2 | AP24: 0 | AQ24: =AC24*AP24 -> 0 | AR24: 0 | AS24: =AD24*AR24 -> 0 | AT24: 0 | AU24: =AE24*AT24 -> 0 | AV24: 0 | AW24: =AF24*AV24 -> 0 | AX24: 0 | AY24: =AG24*AX24 -> 0 | AZ24: 1728 | BA24: =AH24*AZ24 -> 86.4 | BB24: 0 | BC24: =AI24*BB24 -> 0 | BD24: 0 | BE24: =AJ24*BD24 -> 0 | BF24: 0 | BG24: =AK24*BF24 -> 0 | BH24: 0 | BI24: =AL24*BH24 -> 0 | BJ24: 0 | BK24: =AM24*BJ24 -> 0 | BM24: V0L80AA#UUF/CPS/1560/GBU/Shanghai
A25: FY23 | B25: Allen Chen | G25: 2016 | H25: GADGET | I25: Mouse | J25: NA | K25: Rose Gold | L25: S China | M25: OTHERS | N25: 5.34 | O25: 5.34 | P25: 5.34 | Q25: 5.34 | R25: 5.34 | S25: 5.34 | T25: 5.34 | U25: 5.34 | V25: 5.34 | W25: 5.34 | X25: 5.34 | Y25: 5.34 | Z25: 5.34 | AA25: 0 | AB25: 0.05 | AC25: 0.05 | AD25: 0.05 | AE25: 0.05 | AF25: 0.05 | AG25: 0.05 | AH25: 0.05 | AI25: 0.05 | AJ25: 0.05 | AK25: 0.05 | AL25: 0.05 | AM25: 0.05 | AN25: 1000 | AO25: =AB25*AN25 -> 50 | AP25: 0 | AQ25: =AC25*AP25 -> 0 | AR25: 0 | AS25: =AD25*AR25 -> 0 | AT25: 800 | AU25: =AE25*AT25 -> 40 | AV25: 0 | AW25: =AF25*AV25 -> 0 | AX25: 0 | AY25: =AG25*AX25 -> 0 | AZ25: 0 | BA25: =AH25*AZ25 -> 0 | BB25: 0 | BC25: =AI25*BB25 -> 0 | BD25: 0 | BE25: =AJ25*BD25 -> 0 | BF25: 0 | BG25: =AK25*BF25 -> 0 | BH25: 0 | BI25: =AL25*BH25 -> 0 | BJ25: 0 | BK25: =AM25*BJ25 -> 0 | BM25: L77931-001/DIB/1000/bulk pack
A26: FY23 | B26: Allen Chen | G26: 2016 | H26: GADGET | I26: Mouse | J26: NA | K26: Ceramic White | L26: S China | M26: OTHERS | N26: 6.17 | O26: 6.17 | P26: 6.17 | Q26: 6.17 | R26: 6.17 | S26: 6.17 | T26: 6.17 | U26: 6.17 | V26: 6.17 | W26: 6.17 | X26: 6.17 | Y26: 6.17 | Z26: 6.17 | AA26: 0 | AB26: 0.05 | AC26: 0.05 | AD26: 0.05 | AE26: 0.05 | AF26: 0.05 | AG26: 0.05 | AH26: 0.05 | AI26: 0.05 | AJ26: 0.05 | AK26: 0.05 | AL26: 0.05 | AM26: 0.05 | AN26: 1560 | AO26: =AB26*AN26 -> 78 | AP26: 0 | AQ26: =AC26*AP26 -> 0 | AR26: 0 | AS26: =AD26*AR26 -> 0 | AT26: 1560 | AU26: =AE26*AT26 -> 78 | AV26: 1560 | AW26: =AF26*AV26 -> 78 | AX26: 0 | AY26: =AG26*AX26 -> 0 | AZ26: 3120 | BA26: =AH26*AZ26 -> 156 | BB26: 0 | BC26: =AI26*BB26 -> 0 | BD26: 0 | BE26: =AJ26*BD26 -> 0 | BF26: 0 | BG26: =AK26*BF26 -> 0 | BH26: 0 | BI26: =AL26*BH26 -> 0 | BJ26: 0 | BK26: =AM26*BJ26 -> 0 | BM26: 171D8AA#ABB/CPS/1560/GBU
A27: FY23 | B27: Allen Chen | G27: 2016 | H27: GADGET | I27: Mouse | J27: NA | K27: Tranquil Pink(painting) | L27: S China | M27: OTHERS | N27: 5.95 | O27: 5.95 | P27: 5.95 | Q27: 5.95 | R27: 5.95 | S27: 5.95 | T27: 5.95 | U27: 5.95 | V27: 5.95 | W27: 5.95 | X27: 5.95 | Y27: 5.95 | Z27: 5.95 | AA27: 0 | AB27: 0.05 | AC27: 0.05 | AD27: 0.05 | AE27: 0.05 | AF27: 0.05 | AG27: 0.05 | AH27: 0.05 | AI27: 0.05 | AJ27: 0.05 | AK27: 0.05 | AL27: 0.05 | AM27: 0.05 | AN27: 1560 | AO27: =AB27*AN27 -> 78 | AP27: 0 | AQ27: =AC27*AP27 -> 0 | AR27: 1560 | AS27: =AD27*AR27 -> 78 | AT27: 1560 | AU27: =AE27*AT27 -> 78 | AV27: 0 | AW27: =AF27*AV27 -> 0 | AX27: 1560 | AY27: =AG27*AX27 -> 78 | AZ27: 0 | BA27: =AH27*AZ27 -> 0 | BB27: 4320 | BC27: =AI27*BB27 -> 216 | BD27: 0 | BE27: =AJ27*BD27 -> 0 | BF27: 0 | BG27: =AK27*BF27 -> 0 | BH27: 0 | BI27: =AL27*BH27 -> 0 | BJ27: 0 | BK27: =AM27*BJ27 -> 0 | BM27: 4VY82AA#ABB/CPS/1560/GBU
A28: FY23 | B28: Allen Chen | G28: 2016 | H28: GADGET | I28: Mouse | J28: NA | K28: Black | L28: S China | M28: OTHERS | N28: 5.15 | O28: 5.15 | P28: 5.15 | Q28: 5.15 | R28: 5.15 | S28: 5.15 | T28: 5.15 | U28: 5.15 | V28: 5.15 | W28: 5.15 | X28: 5.15 | Y28: 5.15 | Z28: 5.15 | AA28: 0 | AB28: 0.05 | AC28: 0.05 | AD28: 0.05 | AE28: 0.05 | AF28: 0.05 | AG28: 0.05 | AH28: 0.05 | AI28: 0.05 | AJ28: 0.05 | AK28: 0.05 | AL28: 0.05 | AM28: 0.05 | AN28: 7800 | AO28: =AB28*AN28 -> 390 | AP28: 1560 | AQ28: =AC28*AP28 -> 78 | AR28: 7800 | AS28: =AD28*AR28 -> 390 | AT28: 0 | AU28: =AE28*AT28 -> 0 | AV28: 3120 | AW28: =AF28*AV28 -> 156 | AX28: 6240 | AY28: =AG28*AX28 -> 312 | AZ28: 7800 | BA28: =AH28*AZ28 -> 390 | BB28: 0 | BC28: =AI28*BB28 -> 0 | BD28: 0 | BE28: =AJ28*BD28 -> 0 | BF28: 0 | BG28: =AK28*BF28 -> 0 | BH28: 0 | BI28: =AL28*BH28 -> 0 | BJ28: 0 | BK28: =AM28*BJ28 -> 0 | BM28: V0L79AA#ABB/CPS/1560/GBU
A29: FY23 | B29: Allen Chen | G29: 2016 | H29: GADGET | I29: Mouse | J29: NA | K29: White | L29: S China | M29: OTHERS | N29: 5.23 | O29: 5.23 | P29: 5.23 | Q29: 5.23 | R29: 5.23 | S29: 5.23 | T29: 5.23 | U29: 5.23 | V29: 5.23 | W29: 5.23 | X29: 5.23 | Y29: 5.23 | Z29: 5.23 | AA29: 0 | AB29: 0.05 | AC29: 0.05 | AD29: 0.05 | AE29: 0.05 | AF29: 0.05 | AG29: 0.05 | AH29: 0.05 | AI29: 0.05 | AJ29: 0.05 | AK29: 0.05 | AL29: 0.05 | AM29: 0.05 | AN29: 6240 | AO29: =AB29*AN29 -> 312 | AP29: 1560 | AQ29: =AC29*AP29 -> 78 | AR29: 1560 | AS29: =AD29*AR29 -> 78 | AT29: 0 | AU29: =AE29*AT29 -> 0 | AV29: 0 | AW29: =AF29*AV29 -> 0 | AX29: 0 | AY29: =AG29*AX29 -> 0 | AZ29: 0 | BA29: =AH29*AZ29 -> 0 | BB29: 0 | BC29: =AI29*BB29 -> 0 | BD29: 0 | BE29: =AJ29*BD29 -> 0 | BF29: 0 | BG29: =AK29*BF29 -> 0 | BH29: 0 | BI29: =AL29*BH29 -> 0 | BJ29: 0 | BK29: =AM29*BJ29 -> 0 | BM29: V0L80AA#ABB/CPS/1560/GBU
A30: FY23 | B30: Allen Chen | G30: 2016 | H30: GADGET | I30: Mouse | J30: NA | K30: Blue | L30: S China | M30: OTHERS | N30: 5.23 | O30: 5.23 | P30: 5.23 | Q30: 5.23 | R30: 5.23 | S30: 5.23 | T30: 5.23 | U30: 5.23 | V30: 5.23 | W30: 5.23 | X30: 5.23 | Y30: 5.23 | Z30: 5.23 | AA30: 0 | AB30: 0.05 | AC30: 0.05 | AD30: 0.05 | AE30: 0.05 | AF30: 0.05 | AG30: 0.05 | AH30: 0.05 | AI30: 0.05 | AJ30: 0.05 | AK30: 0.05 | AL30: 0.05 | AM30: 0.05 | AN30: 1560 | AO30: =AB30*AN30 -> 78 | AP30: 0 | AQ30: =AC30*AP30 -> 0 | AR30: 0 | AS30: =AD30*AR30 -> 0 | AT30: 0 | AU30: =AE30*AT30 -> 0 | AV30: 0 | AW30: =AF30*AV30 -> 0 | AX30: 0 | AY30: =AG30*AX30 -> 0 | AZ30: 1560 | BA30: =AH30*AZ30 -> 78 | BB30: 0 | BC30: =AI30*BB30 -> 0 | BD30: 0 | BE30: =AJ30*BD30 -> 0 | BF30: 0 | BG30: =AK30*BF30 -> 0 | BH30: 0 | BI30: =AL30*BH30 -> 0 | BJ30: 0 | BK30: =AM30*BJ30 -> 0 | BM30: V0L81AA#ABB/CPS/1560/GBU
A31: FY23 | B31: Allen Chen | G31: 2016 | H31: GADGET | I31: Mouse | J31: NA | K31: Gold(painting) | L31: S China | M31: OTHERS | N31: 5.53 | O31: 5.53 | P31: 5.53 | Q31: 5.53 | R31: 5.53 | S31: 5.53 | T31: 5.53 | U31: 5.53 | V31: 5.53 | W31: 5.53 | X31: 5.53 | Y31: 5.53 | Z31: 5.53 | AA31: 0 | AB31: 0.05 | AC31: 0.05 | AD31: 0.05 | AE31: 0.05 | AF31: 0.05 | AG31: 0.05 | AH31: 0.05 | AI31: 0.05 | AJ31: 0.05 | AK31: 0.05 | AL31: 0.05 | AM31: 0.05 | AN31: 1560 | AO31: =AB31*AN31 -> 78 | AP31: 0 | AQ31: =AC31*AP31 -> 0 | AR31: 0 | AS31: =AD31*AR31 -> 0 | AT31: 0 | AU31: =AE31*AT31 -> 0 | AV31: 0 | AW31: =AF31*AV31 -> 0 | AX31: 0 | AY31: =AG31*AX31 -> 0 | AZ31: 3120 | BA31: =AH31*AZ31 -> 156 | BB31: 0 | BC31: =AI31*BB31 -> 0 | BD31: 0 | BE31: =AJ31*BD31 -> 0 | BF31: 0 | BG31: =AK31*BF31 -> 0 | BH31: 0 | BI31: =AL31*BH31 -> 0 | BJ31: 0 | BK31: =AM31*BJ31 -> 0 | BM31: X7Q43AA#ABB/CPS/1560/GBU
A32: FY23 | B32: Allen Chen | G32: 2016 | H32: GADGET | I32: Mouse | J32: NA | K32: NSilver(painting) | L32: S China | M32: OTHERS | N32: 5.34 | O32: 5.34 | P32: 5.34 | Q32: 5.34 | R32: 5.34 | S32: 5.34 | T32: 5.34 | U32: 5.34 | V32: 5.34 | W32: 5.34 | X32: 5.34 | Y32: 5.34 | Z32: 5.34 | AA32: 0 | AB32: 0.05 | AC32: 0.05 | AD32: 0.05 | AE32: 0.05 | AF32: 0.05 | AG32: 0.05 | AH32: 0.05 | AI32: 0.05 | AJ32: 0.05 | AK32: 0.05 | AL32: 0.05 | AM32: 0.05 | AN32: 0 | AO32: =AB32*AN32 -> 0 | AP32: 1000 | AQ32: =AC32*AP32 -> 50 | AR32: 1000 | AS32: =AD32*AR32 -> 50 | AT32: 5000 | AU32: =AE32*AT32 -> 250 | AV32: 6000 | AW32: =AF32*AV32 -> 300 | AX32: 3000 | AY32: =AG32*AX32 -> 150 | AZ32: 0 | BA32: =AH32*AZ32 -> 0 | BB32: 0 | BC32: =AI32*BB32 -> 0 | BD32: 0 | BE32: =AJ32*BD32 -> 0 | BF32: 0 | BG32: =AK32*BF32 -> 0 | BH32: 0 | BI32: =AL32*BH32 -> 0 | BJ32: 0 | BK32: =AM32*BJ32 -> 0 | BM32: L73781-201/DIB/1000/bulk pack
A33: FY23 | B33: Allen Chen | G33: 2016 | H33: GADGET | I33: Mouse | J33: NA | K33: Silver(painting) | L33: S China | M33: OTHERS | N33: 6.4062308 | O33: 6.4062308 | P33: 6.4062308 | Q33: 6.4062308 | R33: 6.4062308 | S33: 6.4062308 | T33: 6.4062308 | U33: 6.4062308 | V33: 6.4062308 | W33: 6.4062308 | X33: 6.4062308 | Y33: 6.4062308 | Z33: 6.4062308 | AA33: 0 | AB33: 0.05 | AC33: 0.05 | AD33: 0.05 | AE33: 0.05 | AF33: 0.05 | AG33: 0.05 | AH33: 0.05 | AI33: 0.05 | AJ33: 0.05 | AK33: 0.05 | AL33: 0.05 | AM33: 0.05 | AN33: 0 | AO33: =AB33*AN33 -> 0 | AP33: 864 | AQ33: =AC33*AP33 -> 43.2 | AR33: 0 | AS33: =AD33*AR33 -> 0 | AT33: 0 | AU33: =AE33*AT33 -> 0 | AV33: 0 | AW33: =AF33*AV33 -> 0 | AX33: 0 | AY33: =AG33*AX33 -> 0 | AZ33: 0 | BA33: =AH33*AZ33 -> 0 | BB33: 0 | BC33: =AI33*BB33 -> 0 | BD33: 0 | BE33: =AJ33*BD33 -> 0 | BF33: 0 | BG33: =AK33*BF33 -> 0 | BH33: 0 | BI33: =AL33*BH33 -> 0 | BJ33: 0 | BK33: =AM33*BJ33 -> 0 | BM33: X7Q44AA#UUF/CPS/1560/GBUShanghai
A34: FY23 | B34: Allen Chen | G34: 2019 | H34: GALAPAGOS | I34: Mouse | J34: NA | K34: Black | L34: S China | M34: OTHERS | N34: 1.72 | O34: 1.72 | P34: 1.72 | Q34: 1.72 | R34: 1.72 | S34: 1.72 | T34: 1.72 | U34: 1.72 | V34: 1.72 | W34: 1.72 | X34: 1.72 | Y34: 1.72 | Z34: 1.72 | AA34: 0 | AB34: 0 | AC34: 0 | AD34: 0 | AE34: 0 | AF34: 0 | AG34: 0 | AH34: 0 | AI34: 0 | AJ34: 0 | AK34: 0 | AL34: 0 | AM34: 0 | AN34: 10000 | AO34: =AB34*AN34 -> 0 | AP34: 0 | AQ34: =AC34*AP34 -> 0 | AR34: 0 | AS34: =AD34*AR34 -> 0 | AT34: 0 | AU34: =AE34*AT34 -> 0 | AV34: 10000 | AW34: =AF34*AV34 -> 0 | AX34: 10000 | AY34: =AG34*AX34 -> 0 | AZ34: 10000 | BA34: =AH34*AZ34 -> 0 | BB34: 10000 | BC34: =AI34*BB34 -> 0 | BD34: 0 | BE34: =AJ34*BD34 -> 0 | BF34: 0 | BG34: =AK34*BF34 -> 0 | BH34: 0 | BI34: =AL34*BH34 -> 0 | BJ34: 0 | BK34: =AM34*BJ34 -> 0 | BM34: 6VY96AA#ACJ/CPS/6720/EM
A35: FY23 | B35: Allen Chen | G35: 2019 | H35: GALAPAGOS | I35: Mouse | J35: NA | K35: Black | L35: S China | M35: OTHERS | N35: 1.89 | O35: 1.89 | P35: 1.89 | Q35: 1.89 | R35: 1.89 | S35: 1.89 | T35: 1.89 | U35: 1.89 | V35: 1.89 | W35: 1.89 | X35: 1.89 | Y35: 1.89 | Z35: 1.89 | AA35: 0 | AB35: 0 | AC35: 0 | AD35: 0 | AE35: 0 | AF35: 0 | AG35: 0 | AH35: 0 | AI35: 0 | AJ35: 0 | AK35: 0 | AL35: 0 | AM35: 0 | AN35: 2880 | AO35: =AB35*AN35 -> 0 | AP35: 0 | AQ35: =AC35*AP35 -> 0 | AR35: 0 | AS35: =AD35*AR35 -> 0 | AT35: 2880 | AU35: =AE35*AT35 -> 0 | AV35: 0 | AW35: =AF35*AV35 -> 0 | AX35: 2880 | AY35: =AG35*AX35 -> 0 | AZ35: 0 | BA35: =AH35*AZ35 -> 0 | BB35: 8640 | BC35: =AI35*BB35 -> 0 | BD35: 5760 | BE35: =AJ35*BD35 -> 0 | BF35: 2880 | BG35: =AK35*BF35 -> 0 | BH35: 2880 | BI35: =AL35*BH35 -> 0 | BJ35: 2880 | BK35: =AM35*BJ35 -> 0 | BM35: 6VY96AA#UUF/CPS/2880/EM
... A39: FY23 | B39: Simon Yang | G39: 2020 | H39: HAVELOCK | I39: Combo | J39: NA | K39: Black | L39: S China | M39: OTHERS | N39: 7.8 | O39: 7.8 | P39: 7.8 | Q39: 7.8 | R39: 7.8 | S39: 7.8 | T39: 7.8 | U39: 7.8 | V39: 7.8 | W39: 7.8 | X39: 7.8 | Y39: 7.8 | Z39: 7.8 | AA39: 0 | AB39: 0 | AC39: 0 | AD39: 0 | AE39: 0 | AF39: 0 | AG39: 0 | AH39: 0 | AI39: 0 | AJ39: 0 | AK39: 0 | AL39: 0 | AM39: 0 | AN39: 10000 | AO39: =AB39*AN39 -> 0 | AP39: 10000 | AQ39: =AC39*AP39 -> 0 | AR39: 0 | AS39: =AD39*AR39 -> 0 | AT39: 0 | AU39: =AE39*AT39 -> 0 | AV39: 10000 | AW39: =AF39*AV39 -> 0 | AX39: 0 | AY39: =AG39*AX39 -> 0 | AZ39: 10000 | BA39: =AH39*AZ39 -> 0 | BB39: 10000 | BC39: =AI39*BB39 -> 0 | BD39: 0 | BE39: =AJ39*BD39 -> 0 | BF39: 10560 | BG39: =AK39*BF39 -> 0 | BH39: 0 | BI39: =AL39*BH39 -> 0 | BJ39: 5280 | BK39: =AM39*BJ39 -> 0 | BM39: 2V9E6AA#ACJ/CPS/5280/GBU
A40: FY23 | G40: 2021 | H40: IVY DONGLE | I40: Others | J40: NA | K40: Black | L40: S China | M40: OTHERS | N40: 3.26 | O40: 3.26 | P40: 3.26 | Q40: 3.26 | R40: 3.26 | S40: 3.26 | T40: 3.26 | U40: 3.26 | V40: 3.26 | W40: 3.26 | X40: 3.26 | Y40: 3.26 | Z40: 3.26 | AA40: 0 | AB40: 0 | AC40: 0 | AD40: 0 | AE40: 0 | AF40: 0 | AG40: 0 | AH40: 0 | AI40: 0 | AJ40: 0 | AK40: 0 | AL40: 0 | AM40: 0 | AN40: 5000 | AO40: =AB40*AN40 -> 0 | AP40: 0 | AQ40: =AC40*AP40 -> 0 | AR40: 0 | AS40: =AD40*AR40 -> 0 | AT40: 1000 | AU40: =AE40*AT40 -> 0 | AV40: 2000 | AW40: =AF40*AV40 -> 0 | AX40: 0 | AY40: =AG40*AX40 -> 0 | AZ40: 1000 | BA40: =AH40*AZ40 -> 0 | BB40: 0 | BC40: =AI40*BB40 -> 0 | BD40: 3000 | BE40: =AJ40*BD40 -> 0 | BF40: 1000 | BG40: =AK40*BF40 -> 0 | BH40: 0 | BI40: =AL40*BH40 -> 0 | BJ40: 0 | BK40: =AM40*BJ40 -> 0 | BM40: 6E+P8C01.001/1000/Tray
A41: FY23 | B41: Allen Chen | G41: 2020 | H41: JERRY | I41: Mouse | J41: NA | K41: Nightfull black | L41: S China | M41: OTHERS | N41: 22.78 | O41: 22.78 | P41: 22.78 | Q41: 22.78 | R41: 22.78 | S41: 22.78 | T41: 22.78 | U41: 22.78 | V41: 22.78 | W41: 22.78 | X41: 22.78 | Y41: 22.78 | Z41: 22.78 | AA41: 0 | AB41: 0 | AC41: 0 | AD41: 0 | AE41: 0 | AF41: 0 | AG41: 0 | AH41: 0 | AI41: 0 | AJ41: 0 | AK41: 0 | AL41: 0 | AM41: 0 | AN41: 0 | AO41: =AB41*AN41 -> 0 | AP41: 1008 | AQ41: =AC41*AP41 -> 0 | AR41: 0 | AS41: =AD41*AR41 -> 0 | AT41: 0 | AU41: =AE41*AT41 -> 0 | AV41: 0 | AW41: =AF41*AV41 -> 0 | AX41: 1008 | AY41: =AG41*AX41 -> 0 | AZ41: 0 | BA41: =AH41*AZ41 -> 0 | BB41: 1008 | BC41: =AI41*BB41 -> 0 | BD41: 0 | BE41: =AJ41*BD41 -> 0 | BF41: 1008 | BG41: =AK41*BF41 -> 0 | BH41: 0 | BI41: =AL41*BH41 -> 0 | BJ41: 0 | BK41: =AM41*BJ41 -> 0 | BM41: 1D0K2AA#AC3/BPS/1008/BOX
A42: FY23 | B42: Allen Chen | G42: 2021 | H42: KENTING PLUS | I42: Mouse | J42: NA | K42: Black | L42: S China | M42: OTHERS | N42: 5.11 | O42: 5.11 | P42: 5.11 | Q42: 5.11 | R42: 5.11 | S42: 5.11 | T42: 5.11 | U42: 5.11 | V42: 5.11 | W42: 5.11 | X42: 5.11 | Y42: 5.11 | Z42: 5.11 | AA42: 0 | AB42: 0 | AC42: 0 | AD42: 0 | AE42: 0 | AF42: 0 | AG42: 0 | AH42: 0 | AI42: 0 | AJ42: 0 | AK42: 0 | AL42: 0 | AM42: 0 | AN42: 2880 | AO42: =AB42*AN42 -> 0 | AP42: 2880 | AQ42: =AC42*AP42 -> 0 | AR42: 0 | AS42: =AD42*AR42 -> 0 | AT42: 0 | AU42: =AE42*AT42 -> 0 | AV42: 0 | AW42: =AF42*AV42 -> 0 | AX42: 0 | AY42: =AG42*AX42 -> 0 | AZ42: 0 | BA42: =AH42*AZ42 -> 0 | BB42: 0 | BC42: =AI42*BB42 -> 0 | BD42: 0 | BE42: =AJ42*BD42 -> 0 | BF42: 0 | BG42: =AK42*BF42 -> 0 | BH42: 0 | BI42: =AL42*BH42 -> 0 | BJ42: 0 | BK42: =AM42*BJ42 -> 0 | BM42: 4E407AA#AB2/BPS/2880/EM | BN42: (上海)
A43: FY23 | B43: Allen Chen | G43: 2021 | H43: KENTING PLUS | I43: Mouse | J43: NA | K43: Black | L43: S China | M43: OTHERS | N43: 4.43 | O43: 4.43 | P43: 4.43 | Q43: 4.43 | R43: 4.43 | S43: 4.43 | T43: 4.43 | U43: 4.43 | V43: 4.43 | W43: 4.43 | X43: 4.43 | Y43: 4.43 | Z43: 4.43 | AA43: 0 | AB43: 0 | AC43: 0 | AD43: 0 | AE43: 0 | AF43: 0 | AG43: 0 | AH43: 0 | AI43: 0 | AJ43: 0 | AK43: 0 | AL43: 0 | AM43: 0 | AN43: 2880 | AO43: =AB43*AN43 -> 0 | AP43: 0 | AQ43: =AC43*AP43 -> 0 | AR43: 2880 | AS43: =AD43*AR43 -> 0 | AT43: 0 | AU43: =AE43*AT43 -> 0 | AV43: 0 | AW43: =AF43*AV43 -> 0 | AX43: 0 | AY43: =AG43*AX43 -> 0 | AZ43: 0 | BA43: =AH43*AZ43 -> 0 | BB43: 0 | BC43: =AI43*BB43 -> 0 | BD43: 0 | BE43: =AJ43*BD43 -> 0 | BF43: 2880 | BG43: =AK43*BF43 -> 0 | BH43: 0 | BI43: =AL43*BH43 -> 0 | BJ43: 0 | BK43: =AM43*BJ43 -> 0 | BM43: 4E407AA#ACJ/BPS/2880/EM
A44: FY23 | B44: Allen Chen | G44: 2021 | H44: KENTING PLUS | I44: Mouse | J44: NA | K44: Black | L44: S China | M44: OTHERS | N44: 4.39 | O44: 4.39 | P44: 4.39 | Q44: 4.39 | R44: 4.39 | S44: 4.39 | T44: 4.39 | U44: 4.39 | V44: 4.39 | W44: 4.39 | X44: 4.39 | Y44: 4.39 | Z44: 4.39 | AA44: 0 | AB44: 0 | AC44: 0 | AD44: 0 | AE44: 0 | AF44: 0 | AG44: 0 | AH44: 0 | AI44: 0 | AJ44: 0 | AK44: 0 | AL44: 0 | AM44: 0 | AN44: 2880 | AO44: =AB44*AN44 -> 0 | AP44: 0 | AQ44: =AC44*AP44 -> 0 | AR44: 0 | AS44: =AD44*AR44 -> 0 | AT44: 0 | AU44: =AE44*AT44 -> 0 | AV44: 0 | AW44: =AF44*AV44 -> 0 | AX44: 0 | AY44: =AG44*AX44 -> 0 | AZ44: 0 | BA44: =AH44*AZ44 -> 0 | BB44: 0 | BC44: =AI44*BB44 -> 0 | BD44: 0 | BE44: =AJ44*BD44 -> 0 | BF44: 0 | BG44: =AK44*BF44 -> 0 | BH44: 0 | BI44: =AL44*BH44 -> 0 | BJ44: 0 | BK44: =AM44*BJ44 -> 0 | BM44: 4E407AA#ABL/BPS/2880/Brown box
A45: FY23 | B45: Simon Yang | G45: 2019 | H45: KINGKONG | I45: Combo | J45: NA | K45: Black | L45: S China | M45: OTHERS | N45: 10.23 | O45: 10.23 | P45: 10.23 | Q45: 10.23 | R45: 10.23 | S45: 10.23 | T45: 10.23 | U45: 10.23 | V45: 10.23 | W45: 10.23 | X45: 10.23 | Y45: 10.23 | Z45: 10.23 | AA45: 0 | AB45: 0 | AC45: 0 | AD45: 0 | AE45: 0 | AF45: 0 | AG45: 0 | AH45: 0 | AI45: 0 | AJ45: 0 | AK45: 0 | AL45: 0 | AM45: 0 | AN45: 0 | AO45: =AB45*AN45 -> 0 | AP45: 5120 | AQ45: =AC45*AP45 -> 0 | AR45: 0 | AS45: =AD45*AR45 -> 0 | AT45: 0 | AU45: =AE45*AT45 -> 0 | AV45: 0 | AW45: =AF45*AV45 -> 0 | AX45: 5120 | AY45: =AG45*AX45 -> 0 | AZ45: 7680 | BA45: =AH45*AZ45 -> 0 | BB45: 0 | BC45: =AI45*BB45 -> 0 | BD45: 14080 | BE45: =AJ45*BD45 -> 0 | BF45: 16640 | BG45: =AK45*BF45 -> 0 | BH45: 0 | BI45: =AL45*BH45 -> 0 | BJ45: 0 | BK45: =AM45*BJ45 -> 0 | BM45: 3ML04AA#UUF/CPS/1280/GBU
A46: FY23 | B46: Allen Chen | G46: 2020 | H46: KITKAT | I46: Mouse | J46: NA | K46: Black | L46: S China | M46: OTHERS | N46: 3.33 | O46: 3.33 | P46: 3.33 | Q46: 3.33 | R46: 3.33 | S46: 3.33 | T46: 3.33 | U46: 3.33 | V46: 3.33 | W46: 3.33 | X46: 3.33 | Y46: 3.33 | Z46: 3.33 | AA46: 0 | AB46: 0 | AC46: 0 | AD46: 0 | AE46: 0 | AF46: 0 | AG46: 0 | AH46: 0 | AI46: 0 | AJ46: 0 | AK46: 0 | AL46: 0 | AM46: 0 | AN46: 10000 | AO46: =AB46*AN46 -> 0 | AP46: 10000 | AQ46: =AC46*AP46 -> 0 | AR46: 0 | AS46: =AD46*AR46 -> 0 | AT46: 0 | AU46: =AE46*AT46 -> 0 | AV46: 10000 | AW46: =AF46*AV46 -> 0 | AX46: 0 | AY46: =AG46*AX46 -> 0 | AZ46: 20000 | BA46: =AH46*AZ46 -> 0 | BB46: 10000 | BC46: =AI46*BB46 -> 0 | BD46: 0 | BE46: =AJ46*BD46 -> 0 | BF46: 16720 | BG46: =AK46*BF46 -> 0 | BH46: 0 | BI46: =AL46*BH46 -> 0 | BJ46: 6720 | BK46: =AM46*BJ46 -> 0 | BM46: 2S9L1AA#ABM/CPS/6720/EM
A47: FY23 | B47: Allen Chen | G47: 2020 | H47: KITKAT | I47: Mouse | J47: NA | K47: Black | L47: S China | M47: OTHERS | N47: 3.28 | O47: 3.28 | P47: 3.28 | Q47: 3.28 | R47: 3.28 | S47: 3.28 | T47: 3.28 | U47: 3.28 | V47: 3.28 | W47: 3.28 | X47: 3.28 | Y47: 3.28 | Z47: 3.28 | AA47: 0 | AB47: 0 | AC47: 0 | AD47: 0 | AE47: 0 | AF47: 0 | AG47: 0 | AH47: 0 | AI47: 0 | AJ47: 0 | AK47: 0 | AL47: 0 | AM47: 0 | AN47: 30000 | AO47: =AB47*AN47 -> 0 | AP47: 10000 | AQ47: =AC47*AP47 -> 0 | AR47: 10000 | AS47: =AD47*AR47 -> 0 | AT47: 0 | AU47: =AE47*AT47 -> 0 | AV47: 0 | AW47: =AF47*AV47 -> 0 | AX47: 0 | AY47: =AG47*AX47 -> 0 | AZ47: 0 | BA47: =AH47*AZ47 -> 0 | BB47: 10000 | BC47: =AI47*BB47 -> 0 | BD47: 13440 | BE47: =AJ47*BD47 -> 0 | BF47: 6720 | BG47: =AK47*BF47 -> 0 | BH47: 20160 | BI47: =AL47*BH47 -> 0 | BJ47: 13440 | BK47: =AM47*BJ47 -> 0 | BM47: 2S9L1AA#ABB/CPS/6720/EM
A48: FY23 | B48: Allen Chen | G48: 2020 | H48: KITKAT | I48: Mouse | J48: NA | K48: Black | L48: S China | M48: OTHERS | N48: 3.29 | O48: 3.29 | P48: 3.29 | Q48: 3.29 | R48: 3.29 | S48: 3.29 | T48: 3.29 | U48: 3.29 | V48: 3.29 | W48: 3.29 | X48: 3.29 | Y48: 3.29 | Z48: 3.29 | AA48: 0 | AB48: 0 | AC48: 0 | AD48: 0 | AE48: 0 | AF48: 0 | AG48: 0 | AH48: 0 | AI48: 0 | AJ48: 0 | AK48: 0 | AL48: 0 | AM48: 0 | AN48: 10000 | AO48: =AB48*AN48 -> 0 | AP48: 20000 | AQ48: =AC48*AP48 -> 0 | AR48: 10000 | AS48: =AD48*AR48 -> 0 | AT48: 0 | AU48: =AE48*AT48 -> 0 | AV48: 10000 | AW48: =AF48*AV48 -> 0 | AX48: 0 | AY48: =AG48*AX48 -> 0 | AZ48: 0 | BA48: =AH48*AZ48 -> 0 | BB48: 10000 | BC48: =AI48*BB48 -> 0 | BD48: 0 | BE48: =AJ48*BD48 -> 0 | BF48: 10000 | BG48: =AK48*BF48 -> 0 | BH48: 6720 | BI48: =AL48*BH48 -> 0 | BJ48: 6720 | BK48: =AM48*BJ48 -> 0 | BM48: 2S9L1AA#UUF/CPS/6720/EM
A49: FY23 | B49: Allen Chen | G49: 2020 | H49: KITKAT | I49: Mouse | J49: NA | K49: Black | L49: S China | M49: OTHERS | N49: 3.28 | O49: 3.28 | P49: 3.28 | Q49: 3.28 | R49: 3.28 | S49: 3.28 | T49: 3.28 | U49: 3.28 | V49: 3.28 | W49: 3.28 | X49: 3.28 | Y49: 3.28 | Z49: 3.28 | AA49: 0 | AB49: 0 | AC49: 0 | AD49: 0 | AE49: 0 | AF49: 0 | AG49: 0 | AH49: 0 | AI49: 0 | AJ49: 0 | AK49: 0 | AL49: 0 | AM49: 0 | AN49: 0 | AO49: =AB49*AN49 -> 0 | AP49: 10000 | AQ49: =AC49*AP49 -> 0 | AR49: 0 | AS49: =AD49*AR49 -> 0 | AT49: 10000 | AU49: =AE49*AT49 -> 0 | AV49: 16720 | AW49: =AF49*AV49 -> 0 | AX49: 3280 | AY49: =AG49*AX49 -> 0 | AZ49: 10000 | BA49: =AH49*AZ49 -> 0 | BB49: 10000 | BC49: =AI49*BB49 -> 0 | BD49: 10000 | BE49: =AJ49*BD49 -> 0 | BF49: 0 | BG49: =AK49*BF49 -> 0 | BH49: 0 | BI49: =AL49*BH49 -> 0 | BJ49: 6720 | BK49: =AM49*BJ49 -> 0 | BM49: 2S9L1AA#ACJ/CPS/6720/EM
A50: FY23 | B50: Allen Chen | G50: 2022 | H50: MICKEY | I50: Mouse | J50: NA | K50: Black | L50: S China | M50: OTHERS | N50: 24.31 | O50: 24.31 | P50: 24.31 | Q50: 24.31 | R50: 24.31 | S50: 24.31 | T50: 24.31 | U50: 24.31 | V50: 24.31 | W50: 24.31 | X50: 24.31 | Y50: 24.31 | Z50: 24.31 | AA50: 0.48 | AB50: 0.48 | AC50: 0.48 | AD50: 0.48 | AE50: 0.48 | AF50: 0.48 | AG50: 0.48 | AH50: 0.48 | AI50: 0.48 | AJ50: 0.48 | AK50: 0.48 | AL50: 0.48 | AM50: 0.48 | AN50: 0 | AO50: =AB50*AN50 -> 0 | AP50: 1200 | AQ50: =AC50*AP50 -> 576 | AR50: 0 | AS50: =AD50*AR50 -> 0 | AT50: 0 | AU50: =AE50*AT50 -> 0 | AV50: 0 | AW50: =AF50*AV50 -> 0 | AX50: 0 | AY50: =AG50*AX50 -> 0 | AZ50: 0 | BA50: =AH50*AZ50 -> 0 | BB50: 0 | BC50: =AI50*BB50 -> 0 | BD50: 0 | BE50: =AJ50*BD50 -> 0 | BF50: 0 | BG50: =AK50*BF50 -> 0 | BH50: 0 | BI50: =AL50*BH50 -> 0 | BJ50: 0 | BK50: =AM50*BJ50 -> 0 | BM50: 6E6F0AA#ABL/BPS/1200/BOX
A51: FY23 | B51: Allen Chen | G51: 2022 | H51: MICKEY | I51: Mouse | J51: NA | K51: Black | L51: S China | M51: OTHERS | N51: 24.31 | O51: 24.31 | P51: 24.31 | Q51: 24.31 | R51: 24.31 | S51: 24.31 | T51: 24.31 | U51: 24.31 | V51: 24.31 | W51: 24.31 | X51: 24.31 | Y51: 24.31 | Z51: 24.31 | AA51: 0.48 | AB51: 0.48 | AC51: 0.48 | AD51: 0.48 | AE51: 0.48 | AF51: 0.48 | AG51: 0.48 | AH51: 0.48 | AI51: 0.48 | AJ51: 0.48 | AK51: 0.48 | AL51: 0.48 | AM51: 0.48 | AN51: 0 | AO51: =AB51*AN51 -> 0 | AP51: 1200 | AQ51: =AC51*AP51 -> 576 | AR51: 0 | AS51: =AD51*AR51 -> 0 | AT51: 0 | AU51: =AE51*AT51 -> 0 | AV51: 0 | AW51: =AF51*AV51 -> 0 | AX51: 0 | AY51: =AG51*AX51 -> 0 | AZ51: 0 | BA51: =AH51*AZ51 -> 0 | BB51: 0 | BC51: =AI51*BB51 -> 0 | BD51: 0 | BE51: =AJ51*BD51 -> 0 | BF51: 2400 | BG51: =AK51*BF51 -> 1152 | BH51: 1200 | BI51: =AL51*BH51 -> 576 | BJ51: 1200 | BK51: =AM51*BJ51 -> 576 | BM51: 6E6F2AA#ABL/CPS/1200/BOX
A52: FY23 | B52: Allen Chen | G52: 2021 | H52: MILKA B | I52: Mouse | J52: NA | K52: Pike silver | L52: S China | M52: OTHERS | N52: 4.61 | O52: 4.61 | P52: 4.61 | Q52: 4.61 | R52: 4.61 | S52: 4.61 | T52: 4.61 | U52: 4.61 | V52: 4.61 | W52: 4.61 | X52: 4.61 | Y52: 4.61 | Z52: 4.61 | AA52: 0 | AB52: 0 | AC52: 0 | AD52: 0 | AE52: 0 | AF52: 0 | AG52: 0 | AH52: 0 | AI52: 0 | AJ52: 0 | AK52: 0 | AL52: 0 | AM52: 0 | AN52: 5760 | AO52: =AB52*AN52 -> 0 | AP52: 2880 | AQ52: =AC52*AP52 -> 0 | AR52: 5760 | AS52: =AD52*AR52 -> 0 | AT52: 2880 | AU52: =AE52*AT52 -> 0 | AV52: 2880 | AW52: =AF52*AV52 -> 0 | AX52: 2880 | AY52: =AG52*AX52 -> 0 | AZ52: 0 | BA52: =AH52*AZ52 -> 0 | BB52: 0 | BC52: =AI52*BB52 -> 0 | BD52: 0 | BE52: =AJ52*BD52 -> 0 | BF52: 23040 | BG52: =AK52*BF52 -> 0 | BH52: 2880 | BI52: =AL52*BH52 -> 0 | BJ52: 2880 | BK52: =AM52*BJ52 -> 0 | BM52: 43N04AA#ABB/CPS/2880/EM
A53: FY23 | B53: Allen Chen | G53: 2021 | H53: MILKA B | I53: Mouse | J53: NA | K53: RED | L53: S China | M53: OTHERS | N53: 4.41 | O53: 4.41 | P53: 4.41 | Q53: 4.41 | R53: 4.41 | S53: 4.41 | T53: 4.41 | U53: 4.41 | V53: 4.41 | W53: 4.41 | X53: 4.41 | Y53: 4.41 | Z53: 4.41 | AA53: 0 | AB53: 0 | AC53: 0 | AD53: 0 | AE53: 0 | AF53: 0 | AG53: 0 | AH53: 0 | AI53: 0 | AJ53: 0 | AK53: 0 | AL53: 0 | AM53: 0 | AN53: 2880 | AO53: =AB53*AN53 -> 0 | AP53: 0 | AQ53: =AC53*AP53 -> 0 | AR53: 0 | AS53: =AD53*AR53 -> 0 | AT53: 0 | AU53: =AE53*AT53 -> 0 | AV53: 2880 | AW53: =AF53*AV53 -> 0 | AX53: 0 | AY53: =AG53*AX53 -> 0 | AZ53: 2880 | BA53: =AH53*AZ53 -> 0 | BB53: 0 | BC53: =AI53*BB53 -> 0 | BD53: 0 | BE53: =AJ53*BD53 -> 0 | BF53: 2880 | BG53: =AK53*BF53 -> 0 | BH53: 0 | BI53: =AL53*BH53 -> 0 | BJ53: 0 | BK53: =AM53*BJ53 -> 0 | BM53: 43N05AA#ABB/CPS/2880/EM
A54: FY23 | B54: Allen Chen | G54: 2022 | H54: MILKA B | I54: Mouse | J54: NA | K54: White | L54: S China | M54: OTHERS | N54: 4.36 | O54: 4.36 | P54: 4.36 | Q54: 4.36 | R54: 4.36 | S54: 4.36 | T54: 4.36 | U54: 4.36 | V54: 4.36 | W54: 4.36 | X54: 4.36 | Y54: 4.36 | Z54: 4.36 | AA54: 0 | AB54: 0 | AC54: 0 | AD54: 0 | AE54: 0 | AF54: 0 | AG54: 0 | AH54: 0 | AI54: 0 | AJ54: 0 | AK54: 0 | AL54: 0 | AM54: 0 | AN54: 0 | AO54: =AB54*AN54 -> 0 | AP54: 8640 | AQ54: =AC54*AP54 -> 0 | AR54: 2880 | AS54: =AD54*AR54 -> 0 | AT54: 0 | AU54: =AE54*AT54 -> 0 | AV54: 0 | AW54: =AF54*AV54 -> 0 | AX54: 0 | AY54: =AG54*AX54 -> 0 | AZ54: 0 | BA54: =AH54*AZ54 -> 0 | BB54: 0 | BC54: =AI54*BB54 -> 0 | BD54: 0 | BE54: =AJ54*BD54 -> 0 | BF54: 0 | BG54: =AK54*BF54 -> 0 | BH54: 0 | BI54: =AL54*BH54 -> 0 | BJ54: 0 | BK54: =AM54*BJ54 -> 0 | BM54: 793F9AA#ABB/CPS/2880/EM
... A64: FY23 | B64: Allen Chen | G64: 2018 | H64: MOSCOW2 BLUE LED | I64: Mouse | J64: NA | K64: Black | L64: S China | M64: OTHERS | N64: 5.63 | O64: 5.63 | P64: 5.63 | Q64: 5.63 | R64: 5.63 | S64: 5.63 | T64: 5.63 | U64: 5.63 | V64: 5.63 | W64: 5.63 | X64: 5.63 | Y64: 5.63 | Z64: 5.63 | AA64: 0 | AB64: 0 | AC64: 0 | AD64: 0 | AE64: 0 | AF64: 0 | AG64: 0 | AH64: 0 | AI64: 0 | AJ64: 0 | AK64: 0 | AL64: 0 | AM64: 0 | AN64: 4212 | AO64: =AB64*AN64 -> 0 | AP64: 0 | AQ64: =AC64*AP64 -> 0 | AR64: 1404 | AS64: =AD64*AR64 -> 0 | AT64: 2808 | AU64: =AE64*AT64 -> 0 | AV64: 1404 | AW64: =AF64*AV64 -> 0 | AX64: 0 | AY64: =AG64*AX64 -> 0 | AZ64: 0 | BA64: =AH64*AZ64 -> 0 | BB64: 0 | BC64: =AI64*BB64 -> 0 | BD64: 0 | BE64: =AJ64*BD64 -> 0 | BF64: 0 | BG64: =AK64*BF64 -> 0 | BH64: 0 | BI64: =AL64*BH64 -> 0 | BJ64: 0 | BK64: =AM64*BJ64 -> 0 | BM64: 3FV67AA#ABL/CPS/1404/GBU
A65: FY23 | B65: Simon Yang | G65: 2018 | H65: NANJING | I65: NBL KB | J65: NA | K65: Black | L65: S China | M65: OTHERS | N65: 3.65 | O65: 3.65 | P65: 3.65 | Q65: 3.65 | R65: 3.65 | S65: 3.65 | T65: 3.65 | U65: 3.65 | V65: 3.65 | W65: 3.65 | X65: 3.65 | Y65: 3.65 | Z65: 3.65 | AA65: 0 | AB65: 0 | AC65: 0 | AD65: 0 | AE65: 0 | AF65: 0 | AG65: 0 | AH65: 0 | AI65: 0 | AJ65: 0 | AK65: 0 | AL65: 0 | AM65: 0 | AN65: 1890 | AO65: =AB65*AN65 -> 0 | AP65: 3780 | AQ65: =AC65*AP65 -> 0 | AR65: 0 | AS65: =AD65*AR65 -> 0 | AT65: 0 | AU65: =AE65*AT65 -> 0 | AV65: 0 | AW65: =AF65*AV65 -> 0 | AX65: 0 | AY65: =AG65*AX65 -> 0 | AZ65: 0 | BA65: =AH65*AZ65 -> 0 | BB65: 1890 | BC65: =AI65*BB65 -> 0 | BD65: 0 | BE65: =AJ65*BD65 -> 0 | BF65: 0 | BG65: =AK65*BF65 -> 0 | BH65: 0 | BI65: =AL65*BH65 -> 0 | BJ65: 3780 | BK65: =AM65*BJ65 -> 0 | BM65: 2UN30AA#AB2/1260/GBU | BN65: (上海)
A66: FY23 | B66: Simon Yang | G66: 2018 | H66: NANJING | I66: NBL KB | J66: NA | K66: Black | L66: S China | M66: OTHERS | N66: 3.88 | O66: 3.88 | P66: 3.88 | Q66: 3.88 | R66: 3.88 | S66: 3.88 | T66: 3.88 | U66: 3.88 | V66: 3.88 | W66: 3.88 | X66: 3.88 | Y66: 3.88 | Z66: 3.88 | AA66: 0 | AB66: 0 | AC66: 0 | AD66: 0 | AE66: 0 | AF66: 0 | AG66: 0 | AH66: 0 | AI66: 0 | AJ66: 0 | AK66: 0 | AL66: 0 | AM66: 0 | AN66: 1000 | AO66: =AB66*AN66 -> 0 | AP66: 0 | AQ66: =AC66*AP66 -> 0 | AR66: 1000 | AS66: =AD66*AR66 -> 0 | AT66: 0 | AU66: =AE66*AT66 -> 0 | AV66: 0 | AW66: =AF66*AV66 -> 0 | AX66: 0 | AY66: =AG66*AX66 -> 0 | AZ66: 0 | BA66: =AH66*AZ66 -> 0 | BB66: 0 | BC66: =AI66*BB66 -> 0 | BD66: 0 | BE66: =AJ66*BD66 -> 0 | BF66: 0 | BG66: =AK66*BF66 -> 0 | BH66: 0 | BI66: =AL66*BH66 -> 0 | BJ66: 0 | BK66: =AM66*BJ66 -> 0 | BM66: L07896-DB1/DIB/1000/Brown box
A67: FY23 | B67: Allen Chen | G67: 2016 | H67: OMAN | I67: Mouse | J67: NA | K67: Empress red | L67: S China | M67: OTHERS | N67: 4.4 | O67: 4.4 | P67: 4.4 | Q67: 4.4 | R67: 4.4 | S67: 4.4 | T67: 4.4 | U67: 4.4 | V67: 4.4 | W67: 4.4 | X67: 4.4 | Y67: 4.4 | Z67: 4.4 | AA67: 0 | AB67: 0.04 | AC67: 0.04 | AD67: 0.04 | AE67: 0.04 | AF67: 0.04 | AG67: 0.04 | AH67: 0.04 | AI67: 0.04 | AJ67: 0.04 | AK67: 0.04 | AL67: 0.04 | AM67: 0.04 | AN67: 0 | AO67: =AB67*AN67 -> 0 | AP67: 2808 | AQ67: =AC67*AP67 -> 112.32 | AR67: 2808 | AS67: =AD67*AR67 -> 112.32 | AT67: 0 | AU67: =AE67*AT67 -> 0 | AV67: 0 | AW67: =AF67*AV67 -> 0 | AX67: 0 | AY67: =AG67*AX67 -> 0 | AZ67: 4320 | BA67: =AH67*AZ67 -> 172.8 | BB67: 0 | BC67: =AI67*BB67 -> 0 | BD67: 0 | BE67: =AJ67*BD67 -> 0 | BF67: 0 | BG67: =AK67*BF67 -> 0 | BH67: 0 | BI67: =AL67*BH67 -> 0 | BJ67: 0 | BK67: =AM67*BJ67 -> 0 | BM67: 2HU82AA#ABB/CPS/1404/GBU
A68: FY23 | B68: Allen Chen | G68: 2016 | H68: OMAN | I68: Mouse | J68: NA | K68: Black | L68: S China | M68: OTHERS | N68: 4.81 | O68: 4.81 | P68: 4.81 | Q68: 4.81 | R68: 4.81 | S68: 4.81 | T68: 4.81 | U68: 4.81 | V68: 4.81 | W68: 4.81 | X68: 4.81 | Y68: 4.81 | Z68: 4.81 | AA68: 0 | AB68: 0.04 | AC68: 0.04 | AD68: 0.04 | AE68: 0.04 | AF68: 0.04 | AG68: 0.04 | AH68: 0.04 | AI68: 0.04 | AJ68: 0.04 | AK68: 0.04 | AL68: 0.04 | AM68: 0.04 | AN68: 5600 | AO68: =AB68*AN68 -> 224 | AP68: 19600 | AQ68: =AC68*AP68 -> 784 | AR68: 12300 | AS68: =AD68*AR68 -> 492 | AT68: 1000 | AU68: =AE68*AT68 -> 40 | AV68: 23600 | AW68: =AF68*AV68 -> 944 | AX68: 0 | AY68: =AG68*AX68 -> 0 | AZ68: 0 | BA68: =AH68*AZ68 -> 0 | BB68: 0 | BC68: =AI68*BB68 -> 0 | BD68: 0 | BE68: =AJ68*BD68 -> 0 | BF68: 0 | BG68: =AK68*BF68 -> 0 | BH68: 0 | BI68: =AL68*BH68 -> 0 | BJ68: 0 | BK68: =AM68*BJ68 -> 0 | BM68: 902786-001/DIB/1000/bulk pack
A69: FY23 | B69: Allen Chen | G69: 2016 | H69: OMAN | I69: Mouse | J69: NA | K69: Black | L69: S China | M69: OTHERS | N69: 4.67 | O69: 4.67 | P69: 4.67 | Q69: 4.67 | R69: 4.67 | S69: 4.67 | T69: 4.67 | U69: 4.67 | V69: 4.67 | W69: 4.67 | X69: 4.67 | Y69: 4.67 | Z69: 4.67 | AA69: 0 | AB69: 0.04 | AC69: 0.04 | AD69: 0.04 | AE69: 0.04 | AF69: 0.04 | AG69: 0.04 | AH69: 0.04 | AI69: 0.04 | AJ69: 0.04 | AK69: 0.04 | AL69: 0.04 | AM69: 0.04 | AN69: 3000 | AO69: =AB69*AN69 -> 120 | AP69: 0 | AQ69: =AC69*AP69 -> 0 | AR69: 0 | AS69: =AD69*AR69 -> 0 | AT69: 0 | AU69: =AE69*AT69 -> 0 | AV69: 0 | AW69: =AF69*AV69 -> 0 | AX69: 0 | AY69: =AG69*AX69 -> 0 | AZ69: 0 | BA69: =AH69*AZ69 -> 0 | BB69: 0 | BC69: =AI69*BB69 -> 0 | BD69: 0 | BE69: =AJ69*BD69 -> 0 | BF69: 0 | BG69: =AK69*BF69 -> 0 | BH69: 0 | BI69: =AL69*BH69 -> 0 | BJ69: 0 | BK69: =AM69*BJ69 -> 0 | BM69: M53402-001/DIB/3000/bulk pack
A70: FY23 | B70: Allen Chen | G70: 2016 | H70: OMAN | I70: Mouse | J70: NA | K70: PIKE SILVER | L70: S China | M70: OTHERS | N70: 4.74 | O70: 4.74 | P70: 4.74 | Q70: 4.74 | R70: 4.74 | S70: 4.74 | T70: 4.74 | U70: 4.74 | V70: 4.74 | W70: 4.74 | X70: 4.74 | Y70: 4.74 | Z70: 4.74 | AA70: 0 | AB70: 0.04 | AC70: 0.04 | AD70: 0.04 | AE70: 0.04 | AF70: 0.04 | AG70: 0.04 | AH70: 0.04 | AI70: 0.04 | AJ70: 0.04 | AK70: 0.04 | AL70: 0.04 | AM70: 0.04 | AN70: 1404 | AO70: =AB70*AN70 -> 56.16 | AP70: 4212 | AQ70: =AC70*AP70 -> 168.48 | AR70: 4212 | AS70: =AD70*AR70 -> 168.48 | AT70: 0 | AU70: =AE70*AT70 -> 0 | AV70: 0 | AW70: =AF70*AV70 -> 0 | AX70: 4320 | AY70: =AG70*AX70 -> 172.8 | AZ70: 0 | BA70: =AH70*AZ70 -> 0 | BB70: 0 | BC70: =AI70*BB70 -> 0 | BD70: 0 | BE70: =AJ70*BD70 -> 0 | BF70: 0 | BG70: =AK70*BF70 -> 0 | BH70: 0 | BI70: =AL70*BH70 -> 0 | BJ70: 0 | BK70: =AM70*BJ70 -> 0 | BM70: 2HU84AA#ABB/CPS/1404/GBU
A71: FY23 | B71: Allen Chen | G71: 2016 | H71: OMAN | I71: Mouse | J71: NA | K71: PIKE SILVER | L71: S China | M71: OTHERS | N71: 4.53 | O71: 4.53 | P71: 4.53 | Q71: 4.53 | R71: 4.53 | S71: 4.53 | T71: 4.53 | U71: 4.53 | V71: 4.53 | W71: 4.53 | X71: 4.53 | Y71: 4.53 | Z71: 4.53 | AA71: 0 | AB71: 0.04 | AC71: 0.04 | AD71: 0.04 | AE71: 0.04 | AF71: 0.04 | AG71: 0.04 | AH71: 0.04 | AI71: 0.12 | AJ71: 0.12 | AK71: 0.12 | AL71: 0.12 | AM71: 0.12 | AN71: 0 | AO71: =AB71*AN71 -> 0 | AP71: 2880 | AQ71: =AC71*AP71 -> 115.2 | AR71: 2880 | AS71: =AD71*AR71 -> 115.2 | AT71: 2880 | AU71: =AE71*AT71 -> 115.2 | AV71: 0 | AW71: =AF71*AV71 -> 0 | AX71: 0 | AY71: =AG71*AX71 -> 0 | AZ71: 0 | BA71: =AH71*AZ71 -> 0 | BB71: 5760 | BC71: =AI71*BB71 -> 691.2 | BD71: 0 | BE71: =AJ71*BD71 -> 0 | BF71: 0 | BG71: =AK71*BF71 -> 0 | BH71: 0 | BI71: =AL71*BH71 -> 0 | BJ71: 0 | BK71: =AM71*BJ71 -> 0 | BM71: 2HU84AA#ABL/CPS/2880/EM
A72: FY23 | B72: Allen Chen | G72: 2016 | H72: OMAN | I72: Mouse | J72: NA | K72: Black | L72: S China | M72: OTHERS | N72: 4.24 | O72: 4.24 | P72: 4.24 | Q72: 4.24 | R72: 4.24 | S72: 4.24 | T72: 4.24 | U72: 4.24 | V72: 4.24 | W72: 4.24 | X72: 4.24 | Y72: 4.24 | Z72: 4.24 | AA72: 0 | AB72: 0.04 | AC72: 0.04 | AD72: 0.04 | AE72: 0.04 | AF72: 0.04 | AG72: 0.04 | AH72: 0.04 | AI72: 0.04 | AJ72: 0.04 | AK72: 0.04 | AL72: 0.04 | AM72: 0.04 | AN72: 11232 | AO72: =AB72*AN72 -> 449.28 | AP72: 22464 | AQ72: =AC72*AP72 -> 898.56 | AR72: 11232 | AS72: =AD72*AR72 -> 449.28 | AT72: 0 | AU72: =AE72*AT72 -> 0 | AV72: 0 | AW72: =AF72*AV72 -> 0 | AX72: 0 | AY72: =AG72*AX72 -> 0 | AZ72: 0 | BA72: =AH72*AZ72 -> 0 | BB72: 0 | BC72: =AI72*BB72 -> 0 | BD72: 0 | BE72: =AJ72*BD72 -> 0 | BF72: 0 | BG72: =AK72*BF72 -> 0 | BH72: 0 | BI72: =AL72*BH72 -> 0 | BJ72: 0 | BK72: =AM72*BJ72 -> 0 | BM72: X6W31AA#ABB/CPS/11232/GBU | BN72: (G3K)
A73: FY23 | B73: Allen Chen | G73: 2016 | H73: OMAN | I73: Mouse | J73: NA | K73: Silk Gold | L73: S China | M73: OTHERS | N73: 4.53 | O73: 4.53 | P73: 4.53 | Q73: 4.53 | R73: 4.53 | S73: 4.53 | T73: 4.53 | U73: 4.53 | V73: 4.53 | W73: 4.53 | X73: 4.53 | Y73: 4.53 | Z73: 4.53 | AA73: 0 | AB73: 0.04 | AC73: 0.04 | AD73: 0.04 | AE73: 0.04 | AF73: 0.04 | AG73: 0.04 | AH73: 0.04 | AI73: 0.12 | AJ73: 0.12 | AK73: 0.12 | AL73: 0.12 | AM73: 0.12 | AN73: 5760 | AO73: =AB73*AN73 -> 230.4 | AP73: 0 | AQ73: =AC73*AP73 -> 0 | AR73: 0 | AS73: =AD73*AR73 -> 0 | AT73: 0 | AU73: =AE73*AT73 -> 0 | AV73: 0 | AW73: =AF73*AV73 -> 0 | AX73: 2880 | AY73: =AG73*AX73 -> 115.2 | AZ73: 0 | BA73: =AH73*AZ73 -> 0 | BB73: 2880 | BC73: =AI73*BB73 -> 345.6 | BD73: 5760 | BE73: =AJ73*BD73 -> 691.2 | BF73: 0 | BG73: =AK73*BF73 -> 0 | BH73: 0 | BI73: =AL73*BH73 -> 0 | BJ73: 0 | BK73: =AM73*BJ73 -> 0 | BM73: 2HU83AA#ABL/CPS/2880/EM
A74: FY23 | B74: Allen Chen | G74: 2020 | H74: OREO | I74: Mouse | J74: NA | K74: Black | L74: S China | M74: OTHERS | N74: 1.65 | O74: 1.65 | P74: 1.65 | Q74: 1.65 | R74: 1.65 | S74: 1.65 | T74: 1.65 | U74: 1.65 | V74: 1.65 | W74: 1.65 | X74: 1.65 | Y74: 1.65 | Z74: 1.65 | AA74: 0 | AB74: 0 | AC74: 0 | AD74: 0 | AE74: 0 | AF74: 0 | AG74: 0 | AH74: 0 | AI74: 0 | AJ74: 0 | AK74: 0 | AL74: 0 | AM74: 0 | AN74: 11520 | AO74: =AB74*AN74 -> 0 | AP74: 0 | AQ74: =AC74*AP74 -> 0 | AR74: 11520 | AS74: =AD74*AR74 -> 0 | AT74: 11520 | AU74: =AE74*AT74 -> 0 | AV74: 0 | AW74: =AF74*AV74 -> 0 | AX74: 11520 | AY74: =AG74*AX74 -> 0 | AZ74: 11520 | BA74: =AH74*AZ74 -> 0 | BB74: 11520 | BC74: =AI74*BB74 -> 0 | BD74: 0 | BE74: =AJ74*BD74 -> 0 | BF74: 13440 | BG74: =AK74*BF74 -> 0 | BH74: 0 | BI74: =AL74*BH74 -> 0 | BJ74: 6720 | BK74: =AM74*BJ74 -> 0 | BM74: 240J6AA#ACJ/CPS/6720/EM
A75: FY23 | B75: Allen Chen | G75: 2020 | H75: OREO | I75: Mouse | J75: NA | K75: Black | L75: S China | M75: OTHERS | N75: 1.66 | O75: 1.66 | P75: 1.66 | Q75: 1.66 | R75: 1.66 | S75: 1.66 | T75: 1.66 | U75: 1.66 | V75: 1.66 | W75: 1.66 | X75: 1.66 | Y75: 1.66 | Z75: 1.66 | AA75: 0 | AB75: 0 | AC75: 0 | AD75: 0 | AE75: 0 | AF75: 0 | AG75: 0 | AH75: 0 | AI75: 0 | AJ75: 0 | AK75: 0 | AL75: 0 | AM75: 0 | AN75: 14400 | AO75: =AB75*AN75 -> 0 | AP75: 8640 | AQ75: =AC75*AP75 -> 0 | AR75: 0 | AS75: =AD75*AR75 -> 0 | AT75: 11520 | AU75: =AE75*AT75 -> 0 | AV75: 0 | AW75: =AF75*AV75 -> 0 | AX75: 0 | AY75: =AG75*AX75 -> 0 | AZ75: 0 | BA75: =AH75*AZ75 -> 0 | BB75: 0 | BC75: =AI75*BB75 -> 0 | BD75: 0 | BE75: =AJ75*BD75 -> 0 | BF75: 0 | BG75: =AK75*BF75 -> 0 | BH75: 11520 | BI75: =AL75*BH75 -> 0 | BJ75: 6720 | BK75: =AM75*BJ75 -> 0 | BM75: 240J6AA#UUF/CPS/6720/EM
A76: FY23 | B76: Allen Chen | G76: 2020 | H76: OREO | I76: Mouse | J76: NA | K76: Black | L76: S China | M76: OTHERS | N76: 1.61 | O76: 1.61 | P76: 1.61 | Q76: 1.61 | R76: 1.61 | S76: 1.61 | T76: 1.61 | U76: 1.61 | V76: 1.61 | W76: 1.61 | X76: 1.61 | Y76: 1.61 | Z76: 1.61 | AA76: 0 | AB76: 0 | AC76: 0 | AD76: 0 | AE76: 0 | AF76: 0 | AG76: 0 | AH76: 0 | AI76: 0 | AJ76: 0 | AK76: 0 | AL76: 0 | AM76: 0 | AN76: 11520 | AO76: =AB76*AN76 -> 0 | AP76: 0 | AQ76: =AC76*AP76 -> 0 | AR76: 0 | AS76: =AD76*AR76 -> 0 | AT76: 0 | AU76: =AE76*AT76 -> 0 | AV76: 0 | AW76: =AF76*AV76 -> 0 | AX76: 0 | AY76: =AG76*AX76 -> 0 | AZ76: 23040 | BA76: =AH76*AZ76 -> 0 | BB76: 0 | BC76: =AI76*BB76 -> 0 | BD76: 11520 | BE76: =AJ76*BD76 -> 0 | BF76: 13440 | BG76: =AK76*BF76 -> 0 | BH76: 0 | BI76: =AL76*BH76 -> 0 | BJ76: 6720 | BK76: =AM76*BJ76 -> 0 | BM76: 240J6AA#ABB/CPS/6720/EM
A77: FY23 | G77: 2022 | H77: VAL VENTURA | I77: Others | J77: NA | K77: Black | L77: S China | M77: OTHERS | N77: 6.36 | O77: 6.36 | P77: 6.36 | Q77: 6.36 | R77: 6.36 | S77: 6.36 | T77: 6.36 | U77: 6.36 | V77: 6.36 | W77: 6.36 | X77: 6.36 | Y77: 6.36 | Z77: 6.36 | AA77: 0 | AB77: 0 | AC77: 0 | AD77: 0 | AE77: 0 | AF77: 0 | AG77: 0 | AH77: 0 | AI77: 0 | AJ77: 0 | AK77: 0 | AL77: 0 | AM77: 0 | AN77: 0 | AO77: =AB77*AN77 -> 0 | AP77: 3000 | AQ77: =AC77*AP77 -> 0 | AR77: 8000 | AS77: =AD77*AR77 -> 0 | AT77: 2000 | AU77: =AE77*AT77 -> 0 | AV77: 0 | AW77: =AF77*AV77 -> 0 | AX77: 0 | AY77: =AG77*AX77 -> 0 | AZ77: 0 | BA77: =AH77*AZ77 -> 0 | BB77: 11000 | BC77: =AI77*BB77 -> 0 | BD77: 13000 | BE77: =AJ77*BD77 -> 0 | BF77: 2000 | BG77: =AK77*BF77 -> 0 | BH77: 17000 | BI77: =AL77*BH77 -> 0 | BJ77: 11000 | BK77: =AM77*BJ77 -> 0 | BM77: M89938-001/DIB/1000/Brown box
A78: FY23 | B78: Simon Yang | G78: 2020 | H78: BRAC | I78: Combo | J78: NA | K78: Black | L78: S China | M78: OTHERS | N78: 8.85 | O78: 8.85 | P78: 8.85 | Q78: 8.85 | R78: 8.85 | S78: 8.85 | T78: 8.85 | U78: 8.85 | V78: 8.85 | W78: 8.85 | X78: 8.85 | Y78: 8.85 | Z78: 8.85 | AA78: 0 | AB78: 0 | AC78: 0 | AD78: 0 | AE78: 0 | AF78: 0 | AG78: 0 | AH78: 0 | AI78: 0 | AJ78: 0 | AK78: 0 | AL78: 0 | AM78: 0 | AN78: 0 | AO78: =AB78*AN78 -> 0 | AP78: 0 | AQ78: =AC78*AP78 -> 0 | AR78: 6400 | AS78: =AD78*AR78 -> 0 | AT78: 0 | AU78: =AE78*AT78 -> 0 | AV78: 0 | AW78: =AF78*AV78 -> 0 | AX78: 6400 | AY78: =AG78*AX78 -> 0 | AZ78: 0 | BA78: =AH78*AZ78 -> 0 | BB78: 6400 | BC78: =AI78*BB78 -> 0 | BD78: 3840 | BE78: =AJ78*BD78 -> 0 | BF78: 20480 | BG78: =AK78*BF78 -> 0 | BH78: 17920 | BI78: =AL78*BH78 -> 0 | BJ78: 0 | BK78: =AM78*BJ78 -> 0 | BM78: 18H24AA#ABA/CPS/1280/GBU
A79: FY23 | B79: Simon Yang | G79: 2020 | H79: BRAC | I79: Combo | J79: NA | K79: Black | L79: S China | M79: OTHERS | N79: 9.01 | O79: 9.01 | P79: 9.01 | Q79: 9.01 | R79: 9.01 | S79: 9.01 | T79: 9.01 | U79: 9.01 | V79: 9.01 | W79: 9.01 | X79: 9.01 | Y79: 9.01 | Z79: 9.01 | AA79: 0 | AB79: 0 | AC79: 0 | AD79: 0 | AE79: 0 | AF79: 0 | AG79: 0 | AH79: 0 | AI79: 0 | AJ79: 0 | AK79: 0 | AL79: 0 | AM79: 0 | AN79: 0 | AO79: =AB79*AN79 -> 0 | AP79: 0 | AQ79: =AC79*AP79 -> 0 | AR79: 5000 | AS79: =AD79*AR79 -> 0 | AT79: 4000 | AU79: =AE79*AT79 -> 0 | AV79: 14840 | AW79: =AF79*AV79 -> 0 | AX79: 7600 | AY79: =AG79*AX79 -> 0 | AZ79: 10800 | BA79: =AH79*AZ79 -> 0 | BB79: 24900 | BC79: =AI79*BB79 -> 0 | BD79: 11000 | BE79: =AJ79*BD79 -> 0 | BF79: 6000 | BG79: =AK79*BF79 -> 0 | BH79: 13300 | BI79: =AL79*BH79 -> 0 | BJ79: 21000 | BK79: =AM79*BJ79 -> 0 | BM79: 18H24AA#AC3/CPS/1280/GBU
A80: FY23 | B80: Allen Chen | G80: 2016 | H80: GADGET | I80: Mouse | J80: NA | K80: NSilver(painting) | L80: S China | M80: OTHERS | N80: 6.34 | O80: 6.34 | P80: 6.34 | Q80: 6.34 | R80: 6.34 | S80: 6.34 | T80: 6.34 | U80: 6.34 | V80: 6.34 | W80: 6.34 | X80: 6.34 | Y80: 6.34 | Z80: 6.34 | AA80: 0 | AB80: 0.05 | AC80: 0.05 | AD80: 0.05 | AE80: 0.05 | AF80: 0.05 | AG80: 0.05 | AH80: 0.05 | AI80: 0.05 | AJ80: 0.05 | AK80: 0.05 | AL80: 0.05 | AM80: 0.05 | AN80: 0 | AO80: =AB80*AN80 -> 0 | AP80: 0 | AQ80: =AC80*AP80 -> 0 | AR80: 1000 | AS80: =AD80*AR80 -> 50 | AT80: 0 | AU80: =AE80*AT80 -> 0 | AV80: 3000 | AW80: =AF80*AV80 -> 150 | AX80: 1000 | AY80: =AG80*AX80 -> 50 | AZ80: 3100 | BA80: =AH80*AZ80 -> 155 | BB80: 900 | BC80: =AI80*BB80 -> 45 | BD80: 0 | BE80: =AJ80*BD80 -> 0 | BF80: 0 | BG80: =AK80*BF80 -> 0 | BH80: 0 | BI80: =AL80*BH80 -> 0 | BJ80: 0 | BK80: =AM80*BJ80 -> 0 | BM80: L73781-201/DIB/1000/bulk pack
A81: FY23 | B81: Allen Chen | G81: 2016 | H81: GADGET | I81: Mouse | J81: NA | K81: Silver(painting) | L81: S China | M81: OTHERS | N81: 5.53 | O81: 5.53 | P81: 5.53 | Q81: 5.53 | R81: 5.53 | S81: 5.53 | T81: 5.53 | U81: 5.53 | V81: 5.53 | W81: 5.53 | X81: 5.53 | Y81: 5.53 | Z81: 5.53 | AA81: 0 | AB81: 0.05 | AC81: 0.05 | AD81: 0.05 | AE81: 0.05 | AF81: 0.05 | AG81: 0.05 | AH81: 0.05 | AI81: 0.05 | AJ81: 0.05 | AK81: 0.05 | AL81: 0.05 | AM81: 0.05 | AN81: 0 | AO81: =AB81*AN81 -> 0 | AP81: 0 | AQ81: =AC81*AP81 -> 0 | AR81: 7800 | AS81: =AD81*AR81 -> 390 | AT81: 0 | AU81: =AE81*AT81 -> 0 | AV81: 0 | AW81: =AF81*AV81 -> 0 | AX81: 3120 | AY81: =AG81*AX81 -> 156 | AZ81: 6240 | BA81: =AH81*AZ81 -> 312 | BB81: 0 | BC81: =AI81*BB81 -> 0 | BD81: 0 | BE81: =AJ81*BD81 -> 0 | BF81: 0 | BG81: =AK81*BF81 -> 0 | BH81: 0 | BI81: =AL81*BH81 -> 0 | BJ81: 0 | BK81: =AM81*BJ81 -> 0 | BM81: X7Q44AA#ABB/CPS/1560/GBU
A82: FY23 | B82: Allen Chen | G82: 2023 | H82: GADGET DUAL | I82: Mouse | J82: NA | K82: Black | L82: S China | M82: OTHERS | N82: 6.31 | O82: 6.31 | P82: 6.31 | Q82: 6.31 | R82: 6.31 | S82: 6.31 | T82: 6.31 | U82: 6.31 | V82: 6.31 | W82: 6.31 | X82: 6.31 | Y82: 6.31 | Z82: 6.31 | AA82: 0 | AB82: 0.3 | AC82: 0.3 | AD82: 0.3 | AE82: 0.3 | AF82: 0.3 | AG82: 0.3 | AH82: 0.3 | AI82: 0.3 | AJ82: 0.3 | AK82: 0.3 | AL82: 0.3 | AM82: 0.3 | AN82: 0 | AO82: =AB82*AN82 -> 0 | AP82: 0 | AQ82: =AC82*AP82 -> 0 | AR82: 12960 | AS82: =AD82*AR82 -> 3888 | AT82: 3060 | AU82: =AE82*AT82 -> 918 | AV82: 6120 | AW82: =AF82*AV82 -> 1836 | AX82: 0 | AY82: =AG82*AX82 -> 0 | AZ82: 0 | BA82: =AH82*AZ82 -> 0 | BB82: 0 | BC82: =AI82*BB82 -> 0 | BD82: 0 | BE82: =AJ82*BD82 -> 0 | BF82: 0 | BG82: =AK82*BF82 -> 0 | BH82: 0 | BI82: =AL82*BH82 -> 0 | BJ82: 0 | BK82: =AM82*BJ82 -> 0 | BM82: 758A8AA#ABB/CPS/1020/EM
A83: FY23 | B83: Allen Chen | G83: 2023 | H83: GADGET DUAL | I83: Mouse | J83: NA | K83: Silver | L83: S China | M83: OTHERS | N83: 6.31 | O83: 6.31 | P83: 6.31 | Q83: 6.31 | R83: 6.31 | S83: 6.31 | T83: 6.31 | U83: 6.31 | V83: 6.31 | W83: 6.31 | X83: 6.31 | Y83: 6.31 | Z83: 6.31 | AA83: 0 | AB83: 0.3 | AC83: 0.3 | AD83: 0.3 | AE83: 0.3 | AF83: 0.3 | AG83: 0.3 | AH83: 0.3 | AI83: 0.3 | AJ83: 0.3 | AK83: 0.3 | AL83: 0.3 | AM83: 0.3 | AN83: 0 | AO83: =AB83*AN83 -> 0 | AP83: 0 | AQ83: =AC83*AP83 -> 0 | AR83: 8640 | AS83: =AD83*AR83 -> 2592 | AT83: 4080 | AU83: =AE83*AT83 -> 1224 | AV83: 3060 | AW83: =AF83*AV83 -> 918 | AX83: 3060 | AY83: =AG83*AX83 -> 918 | AZ83: 0 | BA83: =AH83*AZ83 -> 0 | BB83: 0 | BC83: =AI83*BB83 -> 0 | BD83: 0 | BE83: =AJ83*BD83 -> 0 | BF83: 0 | BG83: =AK83*BF83 -> 0 | BH83: 0 | BI83: =AL83*BH83 -> 0 | BJ83: 0 | BK83: =AM83*BJ83 -> 0 | BM83: 758A9AA#ABB/CPS/1020/EM
A84: FY23 | B84: Allen Chen | G84: 2020 | H84: JAIPUR | I84: Mouse | J84: NA | K84: Black | L84: S China | M84: OTHERS | N84: 2.07 | O84: 2.07 | P84: 2.07 | Q84: 2.07 | R84: 2.07 | S84: 2.07 | T84: 2.07 | U84: 2.07 | V84: 2.07 | W84: 2.07 | X84: 2.07 | Y84: 2.07 | Z84: 2.07 | AA84: 0 | AB84: 0 | AC84: 0 | AD84: 0 | AE84: 0 | AF84: 0 | AG84: 0 | AH84: 0 | AI84: 0 | AJ84: 0 | AK84: 0 | AL84: 0 | AM84: 0 | AN84: 0 | AO84: =AB84*AN84 -> 0 | AP84: 0 | AQ84: =AC84*AP84 -> 0 | AR84: 1000 | AS84: =AD84*AR84 -> 0 | AT84: 0 | AU84: =AE84*AT84 -> 0 | AV84: 0 | AW84: =AF84*AV84 -> 0 | AX84: 0 | AY84: =AG84*AX84 -> 0 | AZ84: 0 | BA84: =AH84*AZ84 -> 0 | BB84: 0 | BC84: =AI84*BB84 -> 0 | BD84: 0 | BE84: =AJ84*BD84 -> 0 | BF84: 0 | BG84: =AK84*BF84 -> 0 | BH84: 0 | BI84: =AL84*BH84 -> 0 | BJ84: 0 | BK84: =AM84*BJ84 -> 0 | BM84: 850633-001/DIB/1000/Brown box
A85: FY23 | B85: Allen Chen | G85: 2020 | H85: JERRY | I85: Mouse | J85: NA | K85: Nightfull black | L85: S China | M85: OTHERS | N85: 22.78 | O85: 22.78 | P85: 22.78 | Q85: 22.78 | R85: 22.78 | S85: 22.78 | T85: 22.78 | U85: 22.78 | V85: 22.78 | W85: 22.78 | X85: 22.78 | Y85: 22.78 | Z85: 22.78 | AA85: 0 | AB85: 0 | AC85: 0 | AD85: 0 | AE85: 0 | AF85: 0 | AG85: 0 | AH85: 0 | AI85: 0 | AJ85: 0 | AK85: 0 | AL85: 0 | AM85: 0 | AN85: 0 | AO85: =AB85*AN85 -> 0 | AP85: 0 | AQ85: =AC85*AP85 -> 0 | AR85: 1008 | AS85: =AD85*AR85 -> 0 | AT85: 0 | AU85: =AE85*AT85 -> 0 | AV85: 0 | AW85: =AF85*AV85 -> 0 | AX85: 0 | AY85: =AG85*AX85 -> 0 | AZ85: 0 | BA85: =AH85*AZ85 -> 0 | BB85: 0 | BC85: =AI85*BB85 -> 0 | BD85: 0 | BE85: =AJ85*BD85 -> 0 | BF85: 0 | BG85: =AK85*BF85 -> 0 | BH85: 0 | BI85: =AL85*BH85 -> 0 | BJ85: 0 | BK85: =AM85*BJ85 -> 0 | BM85: 1D0K2AA#ABA/BPS/1008/BOX
A86: FY23 | B86: Allen Chen | G86: 2020 | H86: JERRY | I86: Mouse | J86: NA | K86: Nightfull black | L86: S China | M86: OTHERS | N86: 22.84 | O86: 22.84 | P86: 22.84 | Q86: 22.84 | R86: 22.84 | S86: 22.84 | T86: 22.84 | U86: 22.84 | V86: 22.84 | W86: 22.84 | X86: 22.84 | Y86: 22.84 | Z86: 22.84 | AA86: 0 | AB86: 0 | AC86: 0 | AD86: 0 | AE86: 0 | AF86: 0 | AG86: 0 | AH86: 0 | AI86: 0 | AJ86: 0 | AK86: 0 | AL86: 0 | AM86: 0 | AN86: 0 | AO86: =AB86*AN86 -> 0 | AP86: 0 | AQ86: =AC86*AP86 -> 0 | AR86: 1008 | AS86: =AD86*AR86 -> 0 | AT86: 0 | AU86: =AE86*AT86 -> 0 | AV86: 0 | AW86: =AF86*AV86 -> 0 | AX86: 0 | AY86: =AG86*AX86 -> 0 | AZ86: 0 | BA86: =AH86*AZ86 -> 0 | BB86: 0 | BC86: =AI86*BB86 -> 0 | BD86: 0 | BE86: =AJ86*BD86 -> 0 | BF86: 0 | BG86: =AK86*BF86 -> 0 | BH86: 0 | BI86: =AL86*BH86 -> 0 | BJ86: 0 | BK86: =AM86*BJ86 -> 0 | BM86: 1D0K2AA#UUF/BPS/1008/BOX
A87: FY23 | B87: Allen Chen | G87: 2023 | H87: MICKEY | I87: Mouse | J87: NA | K87: Black | L87: S China | M87: OTHERS | N87: 24.16 | O87: 24.16 | P87: 24.16 | Q87: 24.16 | R87: 24.16 | S87: 24.16 | T87: 24.16 | U87: 24.16 | V87: 24.16 | W87: 24.16 | X87: 24.16 | Y87: 24.16 | Z87: 24.16 | AA87: 0.48 | AB87: 0.48 | AC87: 0.48 | AD87: 0.48 | AE87: 0.48 | AF87: 0.48 | AG87: 0.48 | AH87: 0.48 | AI87: 0.48 | AJ87: 0.48 | AK87: 0.48 | AL87: 0.48 | AM87: 0.48 | AN87: 0 | AO87: =AB87*AN87 -> 0 | AP87: 0 | AQ87: =AC87*AP87 -> 0 | AR87: 1200 | AS87: =AD87*AR87 -> 576 | AT87: 0 | AU87: =AE87*AT87 -> 0 | AV87: 1200 | AW87: =AF87*AV87 -> 576 | AX87: 0 | AY87: =AG87*AX87 -> 0 | AZ87: 0 | BA87: =AH87*AZ87 -> 0 | BB87: 0 | BC87: =AI87*BB87 -> 0 | BD87: 0 | BE87: =AJ87*BD87 -> 0 | BF87: 0 | BG87: =AK87*BF87 -> 0 | BH87: 0 | BI87: =AL87*BH87 -> 0 | BJ87: 0 | BK87: =AM87*BJ87 -> 0 | BM87: 6E6F0AA#ABB/BPS/1200/BOX
A88: FY23 | B88: Allen Chen | G88: 2023 | H88: MICKEY | I88: Mouse | J88: NA | K88: Black | L88: S China | M88: OTHERS | N88: 24.31 | O88: 24.31 | P88: 24.31 | Q88: 24.31 | R88: 24.31 | S88: 24.31 | T88: 24.31 | U88: 24.31 | V88: 24.31 | W88: 24.31 | X88: 24.31 | Y88: 24.31 | Z88: 24.31 | AA88: 0.48 | AB88: 0.48 | AC88: 0.48 | AD88: 0.48 | AE88: 0.48 | AF88: 0.48 | AG88: 0.48 | AH88: 0.48 | AI88: 0.48 | AJ88: 0.48 | AK88: 0.48 | AL88: 0.48 | AM88: 0.48 | AN88: 0 | AO88: =AB88*AN88 -> 0 | AP88: 0 | AQ88: =AC88*AP88 -> 0 | AR88: 1200 | AS88: =AD88*AR88 -> 576 | AT88: 0 | AU88: =AE88*AT88 -> 0 | AV88: 0 | AW88: =AF88*AV88 -> 0 | AX88: 0 | AY88: =AG88*AX88 -> 0 | AZ88: 0 | BA88: =AH88*AZ88 -> 0 | BB88: 0 | BC88: =AI88*BB88 -> 0 | BD88: 0 | BE88: =AJ88*BD88 -> 0 | BF88: 1200 | BG88: =AK88*BF88 -> 576 | BH88: 0 | BI88: =AL88*BH88 -> 0 | BJ88: 0 | BK88: =AM88*BJ88 -> 0 | BM88: 6E6F0AA#UUF/BPS/1200/BOX
A89: FY23 | B89: Allen Chen | G89: 2023 | H89: MICKEY | I89: Mouse | J89: NA | K89: Black | L89: S China | M89: OTHERS | N89: 24.16 | O89: 24.16 | P89: 24.16 | Q89: 24.16 | R89: 24.16 | S89: 24.16 | T89: 24.16 | U89: 24.16 | V89: 24.16 | W89: 24.16 | X89: 24.16 | Y89: 24.16 | Z89: 24.16 | AA89: 0.48 | AB89: 0.48 | AC89: 0.48 | AD89: 0.48 | AE89: 0.48 | AF89: 0.48 | AG89: 0.48 | AH89: 0.48 | AI89: 0.48 | AJ89: 0.48 | AK89: 0.48 | AL89: 0.48 | AM89: 0.48 | AN89: 0 | AO89: =AB89*AN89 -> 0 | AP89: 0 | AQ89: =AC89*AP89 -> 0 | AR89: 2400 | AS89: =AD89*AR89 -> 1152 | AT89: 0 | AU89: =AE89*AT89 -> 0 | AV89: 1200 | AW89: =AF89*AV89 -> 576 | AX89: 0 | AY89: =AG89*AX89 -> 0 | AZ89: 0 | BA89: =AH89*AZ89 -> 0 | BB89: 0 | BC89: =AI89*BB89 -> 0 | BD89: 0 | BE89: =AJ89*BD89 -> 0 | BF89: 0 | BG89: =AK89*BF89 -> 0 | BH89: 0 | BI89: =AL89*BH89 -> 0 | BJ89: 0 | BK89: =AM89*BJ89 -> 0 | BM89: 6E6F2AA#ABB/CPS/1200/BOX
... A106: FY23 | B106: Allen Chen | G106: 2020 | H106: KENTING | I106: Mouse | J106: NA | K106: Jack Black | L106: S China | M106: OTHERS | N106: 4.72 | O106: 4.72 | P106: 4.72 | Q106: 4.72 | R106: 4.72 | S106: 4.72 | T106: 4.72 | U106: 4.72 | V106: 4.72 | W106: 4.72 | X106: 4.72 | Y106: 4.72 | Z106: 4.72 | AA106: 0 | AB106: 0 | AC106: 0 | AD106: 0 | AE106: 0 | AF106: 0 | AG106: 0 | AH106: 0 | AI106: 0 | AJ106: 0 | AK106: 0 | AL106: 0 | AM106: 0 | AN106: 0 | AO106: =AB106*AN106 -> 0 | AP106: 0 | AQ106: =AC106*AP106 -> 0 | AR106: 0 | AS106: =AD106*AR106 -> 0 | AT106: 2808 | AU106: =AE106*AT106 -> 0 | AV106: 0 | AW106: =AF106*AV106 -> 0 | AX106: 0 | AY106: =AG106*AX106 -> 0 | AZ106: 1404 | BA106: =AH106*AZ106 -> 0 | BB106: 4212 | BC106: =AI106*BB106 -> 0 | BD106: 0 | BE106: =AJ106*BD106 -> 0 | BF106: 1404 | BG106: =AK106*BF106 -> 0 | BH106: 0 | BI106: =AL106*BH106 -> 0 | BJ106: 0 | BK106: =AM106*BJ106 -> 0 | BM106: 6VY95AA#ABM/CPS/1404/GBU
A107: FY23 | B107: Allen Chen | G107: 2018 | H107: MOSCOW BLUE LED | I107: Mouse | J107: NA | K107: NA | L107: S China | M107: OTHERS | AA107: 0 | AB107: 0.05 | AC107: 0.05 | AD107: 0.05 | AE107: 0.05 | AF107: 0.05 | AG107: 0.05 | AH107: 0.05 | AI107: 0.05 | AJ107: 0.05 | AK107: 0.05 | AL107: 0.05 | AM107: 0.05 | AN107: 0 | AO107: =AB107*AN107 -> 0 | AP107: 0 | AQ107: =AC107*AP107 -> 0 | AR107: 0 | AS107: =AD107*AR107 -> 0 | AT107: 0 | AU107: =AE107*AT107 -> 0 | AV107: 0 | AW107: =AF107*AV107 -> 0 | AX107: 0 | AY107: =AG107*AX107 -> 0 | AZ107: 0 | BA107: =AH107*AZ107 -> 0 | BB107: 0 | BC107: =AI107*BB107 -> 0 | BD107: 0 | BE107: =AJ107*BD107 -> 0 | BF107: 0 | BG107: =AK107*BF107 -> 0 | BH107: 0 | BI107: =AL107*BH107 -> 0 | BJ107: 0 | BK107: =AM107*BJ107 -> 0 | BM107: 683N/CPS/2880/EM
A108: FY23 | B108: Allen Chen | G108: 2016 | H108: GADGET | I108: Mouse | J108: NA | K108: NA | L108: S China | M108: OTHERS | AA108: 0 | AB108: 0.05 | AC108: 0.05 | AD108: 0.05 | AE108: 0.05 | AF108: 0.05 | AG108: 0.05 | AH108: 0.05 | AI108: 0.05 | AJ108: 0.05 | AK108: 0.05 | AL108: 0.05 | AM108: 0.05 | AN108: 0 | AO108: =AB108*AN108 -> 0 | AP108: 0 | AQ108: =AC108*AP108 -> 0 | AR108: 0 | AS108: =AD108*AR108 -> 0 | AT108: 0 | AU108: =AE108*AT108 -> 0 | AV108: 0 | AW108: =AF108*AV108 -> 0 | AX108: 0 | AY108: =AG108*AX108 -> 0 | AZ108: 0 | BA108: =AH108*AZ108 -> 0 | BB108: 0 | BC108: =AI108*BB108 -> 0 | BD108: 0 | BE108: =AJ108*BD108 -> 0 | BF108: 0 | BG108: =AK108*BF108 -> 0 | BH108: 0 | BI108: =AL108*BH108 -> 0 | BJ108: 0 | BK108: =AM108*BJ108 -> 0 | BM108: Gadget/CPS/EM
A109: FY23 | B109: Allen Chen | G109: 2021 | H109: MOSCOW BLUE LED | I109: Mouse | J109: NA | K109: Black | L109: S China | M109: OTHERS | N109: 5.05 | O109: 5.05 | P109: 5.05 | Q109: 5.05 | R109: 5.05 | S109: 5.05 | T109: 5.05 | U109: 5.05 | V109: 5.05 | W109: 5.05 | X109: 5.05 | Y109: 5.05 | Z109: 5.05 | AA109: 0 | AB109: 0.05 | AC109: 0.05 | AD109: 0.05 | AE109: 0.05 | AF109: 0.05 | AG109: 0.05 | AH109: 0.05 | AI109: 0.05 | AJ109: 0.05 | AK109: 0.05 | AL109: 0.05 | AM109: 0.05 | AN109: 0 | AO109: =AB109*AN109 -> 0 | AP109: 0 | AQ109: =AC109*AP109 -> 0 | AR109: 0 | AS109: =AD109*AR109 -> 0 | AT109: 0 | AU109: =AE109*AT109 -> 0 | AV109: 0 | AW109: =AF109*AV109 -> 0 | AX109: 0 | AY109: =AG109*AX109 -> 0 | AZ109: 0 | BA109: =AH109*AZ109 -> 0 | BB109: 0 | BC109: =AI109*BB109 -> 0 | BD109: 0 | BE109: =AJ109*BD109 -> 0 | BF109: 0 | BG109: =AK109*BF109 -> 0 | BH109: 0 | BI109: =AL109*BH109 -> 0 | BJ109: 0 | BK109: =AM109*BJ109 -> 0 | BM109: 391R4AA#ABB/CPS/1404/GBU
A110: FY23 | B110: Allen Chen | G110: 2022 | H110: OREO BPS | I110: Mouse | J110: NA | K110: Black | L110: S China | M110: OTHERS | N110: 1.65 | O110: 1.65 | P110: 1.65 | Q110: 1.65 | R110: 1.65 | S110: 1.65 | T110: 1.65 | U110: 1.65 | V110: 1.65 | W110: 1.65 | X110: 1.65 | Y110: 1.65 | Z110: 1.65 | AA110: 0 | AB110: 0 | AC110: 0 | AD110: 0 | AE110: 0 | AF110: 0 | AG110: 0 | AH110: 0 | AI110: 0 | AJ110: 0 | AK110: 0 | AL110: 0 | AM110: 0 | AN110: 0 | AO110: =AB110*AN110 -> 0 | AP110: 0 | AQ110: =AC110*AP110 -> 0 | AR110: 0 | AS110: =AD110*AR110 -> 0 | AT110: 0 | AU110: =AE110*AT110 -> 0 | AV110: 0 | AW110: =AF110*AV110 -> 0 | AX110: 0 | AY110: =AG110*AX110 -> 0 | AZ110: 0 | BA110: =AH110*AZ110 -> 0 | BB110: 11520 | BC110: =AI110*BB110 -> 0 | BD110: 0 | BE110: =AJ110*BD110 -> 0 | BF110: 0 | BG110: =AK110*BF110 -> 0 | BH110: 0 | BI110: =AL110*BH110 -> 0 | BJ110: 0 | BK110: =AM110*BJ110 -> 0 | BM110: 5B8B7AA#ACJ/BPS/6720/Brown box
A111: FY23 | B111: Simon Yang | G111: 2020 | H111: BRAC WHITE | I111: Combo | J111: NA | K111: White | L111: S China | M111: OTHERS | AA111: 0 | AB111: 0 | AC111: 0 | AD111: 0 | AE111: 0 | AF111: 0 | AG111: 0 | AH111: 0 | AI111: 0 | AJ111: 0 | AK111: 0 | AL111: 0 | AM111: 0 | AN111: 0 | AO111: =AB111*AN111 -> 0 | AP111: 0 | AQ111: =AC111*AP111 -> 0 | AR111: 0 | AS111: =AD111*AR111 -> 0 | AT111: 0 | AU111: =AE111*AT111 -> 0 | AV111: 0 | AW111: =AF111*AV111 -> 0 | AX111: 0 | AY111: =AG111*AX111 -> 0 | AZ111: 0 | BA111: =AH111*AZ111 -> 0 | BB111: 0 | BC111: =AI111*BB111 -> 0 | BD111: 0 | BE111: =AJ111*BD111 -> 0 | BF111: 0 | BG111: =AK111*BF111 -> 0 | BH111: 0 | BI111: =AL111*BH111 -> 0 | BJ111: 0 | BK111: =AM111*BJ111 -> 0 | BM111: 3L1F0AA#
A112: FY23 | B112: Simon Yang | G112: 2020 | H112: ELEPHANTA | I112: Combo | J112: NA | K112: Black | L112: S China | M112: OTHERS | N112: 4.93 | O112: 4.93 | P112: 4.93 | Q112: 4.93 | R112: 4.93 | S112: 4.93 | T112: 4.93 | U112: 4.93 | V112: 4.93 | W112: 4.93 | X112: 4.93 | Y112: 4.93 | Z112: 4.93 | AA112: 0 | AB112: 0 | AC112: 0 | AD112: 0 | AE112: 0 | AF112: 0 | AG112: 0 | AH112: 0 | AI112: 0 | AJ112: 0 | AK112: 0 | AL112: 0 | AM112: 0 | AN112: 0 | AO112: =AB112*AN112 -> 0 | AP112: 0 | AQ112: =AC112*AP112 -> 0 | AR112: 0 | AS112: =AD112*AR112 -> 0 | AT112: 0 | AU112: =AE112*AT112 -> 0 | AV112: 0 | AW112: =AF112*AV112 -> 0 | AX112: 0 | AY112: =AG112*AX112 -> 0 | AZ112: 0 | BA112: =AH112*AZ112 -> 0 | BB112: 0 | BC112: =AI112*BB112 -> 0 | BD112: 0 | BE112: =AJ112*BD112 -> 0 | BF112: 0 | BG112: =AK112*BF112 -> 0 | BH112: 0 | BI112: =AL112*BH112 -> 0 | BJ112: 0 | BK112: =AM112*BJ112 -> 0 | BM112: 5B8C0AA#ACJ/BPS/5200/Brown box
A113: FY23 | B113: Simon Yang | G113: 2019 | H113: KINGKONG | I113: Combo | J113: NA | K113: Black | L113: S China | M113: OTHERS | N113: 10.31 | O113: 10.31 | P113: 10.31 | Q113: 10.31 | R113: 10.31 | S113: 10.31 | T113: 10.31 | U113: 10.31 | V113: 10.31 | W113: 10.31 | X113: 10.31 | Y113: 10.31 | Z113: 10.31 | AA113: 0 | AB113: 0 | AC113: 0 | AD113: 0 | AE113: 0 | AF113: 0 | AG113: 0 | AH113: 0 | AI113: 0 | AJ113: 0 | AK113: 0 | AL113: 0 | AM113: 0 | AN113: 0 | AO113: =AB113*AN113 -> 0 | AP113: 0 | AQ113: =AC113*AP113 -> 0 | AR113: 0 | AS113: =AD113*AR113 -> 0 | AT113: 0 | AU113: =AE113*AT113 -> 0 | AV113: 0 | AW113: =AF113*AV113 -> 0 | AX113: 3200 | AY113: =AG113*AX113 -> 0 | AZ113: 4560 | BA113: =AH113*AZ113 -> 0 | BB113: 1280 | BC113: =AI113*BB113 -> 0 | BD113: 2400 | BE113: =AJ113*BD113 -> 0 | BF113: 1500 | BG113: =AK113*BF113 -> 0 | BH113: 3780 | BI113: =AL113*BH113 -> 0 | BJ113: 0 | BK113: =AM113*BJ113 -> 0 | BM113: 3ML04AA#AC3/CPS/1280/GBU
A114: FY23 | B114: Simon Yang | G114: 2020 | H114: CAPRI | I114: Combo | J114: NA | K114: Black | L114: S China | M114: OTHERS | N114: 5.86 | O114: 5.86 | P114: 5.86 | Q114: 5.86 | R114: 5.86 | S114: 5.86 | T114: 5.86 | U114: 5.86 | V114: 5.86 | W114: 5.86 | X114: 5.86 | Y114: 5.86 | Z114: 5.86 | AA114: 0 | AB114: 0 | AC114: 0 | AD114: 0 | AE114: 0 | AF114: 0 | AG114: 0 | AH114: 0 | AI114: 0 | AJ114: 0 | AK114: 0 | AL114: 0 | AM114: 0 | AN114: 0 | AO114: =AB114*AN114 -> 0 | AP114: 0 | AQ114: =AC114*AP114 -> 0 | AR114: 0 | AS114: =AD114*AR114 -> 0 | AT114: 0 | AU114: =AE114*AT114 -> 0 | AV114: 0 | AW114: =AF114*AV114 -> 0 | AX114: 0 | AY114: =AG114*AX114 -> 0 | AZ114: 0 | BA114: =AH114*AZ114 -> 0 | BB114: 0 | BC114: =AI114*BB114 -> 0 | BD114: 0 | BE114: =AJ114*BD114 -> 0 | BF114: 0 | BG114: =AK114*BF114 -> 0 | BH114: 0 | BI114: =AL114*BH114 -> 0 | BJ114: 0 | BK114: =AM114*BJ114 -> 0 | BM114: 9DF28AA#AC3/CPS/1440/GBU
A115: FY23 | B115: Simon Yang | G115: 2020 | H115: BRAC | I115: Combo | J115: NA | K115: Black | L115: S China | M115: OTHERS | N115: 8.85 | O115: 8.85 | P115: 8.85 | Q115: 8.85 | R115: 8.85 | S115: 8.85 | T115: 8.85 | U115: 8.85 | V115: 8.85 | W115: 8.85 | X115: 8.85 | Y115: 8.85 | Z115: 8.85 | AA115: 0 | AB115: 0 | AC115: 0 | AD115: 0 | AE115: 0 | AF115: 0 | AG115: 0 | AH115: 0 | AI115: 0 | AJ115: 0 | AK115: 0 | AL115: 0 | AM115: 0 | AN115: 0 | AO115: =AB115*AN115 -> 0 | AP115: 0 | AQ115: =AC115*AP115 -> 0 | AR115: 0 | AS115: =AD115*AR115 -> 0 | AT115: 0 | AU115: =AE115*AT115 -> 0 | AV115: 0 | AW115: =AF115*AV115 -> 0 | AX115: 0 | AY115: =AG115*AX115 -> 0 | AZ115: 0 | BA115: =AH115*AZ115 -> 0 | BB115: 0 | BC115: =AI115*BB115 -> 0 | BD115: 0 | BE115: =AJ115*BD115 -> 0 | BF115: 1280 | BG115: =AK115*BF115 -> 0 | BH115: 1280 | BI115: =AL115*BH115 -> 0 | BJ115: 0 | BK115: =AM115*BJ115 -> 0 | BM115: 18H24AA#AB1/CPS/1280/GBU
A116: FY23 | B116: Simon Yang | G116: 2020 | H116: BRAC | I116: Combo | J116: NA | K116: Black | L116: S China | M116: OTHERS | N116: 8.86 | O116: 8.86 | P116: 8.86 | Q116: 8.86 | R116: 8.86 | S116: 8.86 | T116: 8.86 | U116: 8.86 | V116: 8.86 | W116: 8.86 | X116: 8.86 | Y116: 8.86 | Z116: 8.86 | AA116: 0 | AB116: 0 | AC116: 0 | AD116: 0 | AE116: 0 | AF116: 0 | AG116: 0 | AH116: 0 | AI116: 0 | AJ116: 0 | AK116: 0 | AL116: 0 | AM116: 0 | AN116: 0 | AO116: =AB116*AN116 -> 0 | AP116: 0 | AQ116: =AC116*AP116 -> 0 | AR116: 0 | AS116: =AD116*AR116 -> 0 | AT116: 0 | AU116: =AE116*AT116 -> 0 | AV116: 0 | AW116: =AF116*AV116 -> 0 | AX116: 0 | AY116: =AG116*AX116 -> 0 | AZ116: 0 | BA116: =AH116*AZ116 -> 0 | BB116: 0 | BC116: =AI116*BB116 -> 0 | BD116: 0 | BE116: =AJ116*BD116 -> 0 | BF116: 14720 | BG116: =AK116*BF116 -> 0 | BH116: 16640 | BI116: =AL116*BH116 -> 0 | BJ116: 0 | BK116: =AM116*BJ116 -> 0 | BM116: 1Y4D0AA#ABA/BPS/1280/GBU
A117: FY23 | B117: Simon Yang | G117: 2020 | H117: BRAC | I117: Combo | J117: NA | K117: Black | L117: S China | M117: OTHERS | N117: 9 | O117: 9 | P117: 9 | Q117: 9 | R117: 9 | S117: 9 | T117: 9 | U117: 9 | V117: 9 | W117: 9 | X117: 9 | Y117: 9 | Z117: 9 | AA117: 0 | AB117: 0 | AC117: 0 | AD117: 0 | AE117: 0 | AF117: 0 | AG117: 0 | AH117: 0 | AI117: 0 | AJ117: 0 | AK117: 0 | AL117: 0 | AM117: 0 | AN117: 0 | AO117: =AB117*AN117 -> 0 | AP117: 0 | AQ117: =AC117*AP117 -> 0 | AR117: 0 | AS117: =AD117*AR117 -> 0 | AT117: 0 | AU117: =AE117*AT117 -> 0 | AV117: 0 | AW117: =AF117*AV117 -> 0 | AX117: 0 | AY117: =AG117*AX117 -> 0 | AZ117: 0 | BA117: =AH117*AZ117 -> 0 | BB117: 0 | BC117: =AI117*BB117 -> 0 | BD117: 1280 | BE117: =AJ117*BD117 -> 0 | BF117: 0 | BG117: =AK117*BF117 -> 0 | BH117: 0 | BI117: =AL117*BH117 -> 0 | BJ117: 0 | BK117: =AM117*BJ117 -> 0 | BM117: 1Y4D0AA#AB1/BPS/1280/GBU
A118: FY23 | B118: Simon Yang | G118: 2020 | H118: BRAC WHITE | I118: Combo | J118: NA | K118: White | L118: S China | M118: OTHERS | N118: 10.73 | O118: 10.73 | P118: 10.73 | Q118: 10.73 | R118: 10.73 | S118: 10.73 | T118: 10.73 | U118: 10.73 | V118: 10.73 | W118: 10.73 | X118: 10.73 | Y118: 10.73 | Z118: 10.73 | AA118: 0 | AB118: 0 | AC118: 0 | AD118: 0 | AE118: 0 | AF118: 0 | AG118: 0 | AH118: 0 | AI118: 0 | AJ118: 0 | AK118: 0 | AL118: 0 | AM118: 0 | AN118: 0 | AO118: =AB118*AN118 -> 0 | AP118: 0 | AQ118: =AC118*AP118 -> 0 | AR118: 0 | AS118: =AD118*AR118 -> 0 | AT118: 0 | AU118: =AE118*AT118 -> 0 | AV118: 8640 | AW118: =AF118*AV118 -> 0 | AX118: 2880 | AY118: =AG118*AX118 -> 0 | AZ118: 2880 | BA118: =AH118*AZ118 -> 0 | BB118: 0 | BC118: =AI118*BB118 -> 0 | BD118: 2880 | BE118: =AJ118*BD118 -> 0 | BF118: 0 | BG118: =AK118*BF118 -> 0 | BH118: 0 | BI118: =AL118*BH118 -> 0 | BJ118: 0 | BK118: =AM118*BJ118 -> 0 | BM118: 3L1F0AA#UUF/CPS/2880/GBU
A119: FY23 | B119: Simon Yang | G119: 2020 | H119: BRAC WHITE | I119: Combo | J119: NA | K119: White | L119: S China | M119: OTHERS | N119: 10.77 | O119: 10.77 | P119: 10.77 | Q119: 10.77 | R119: 10.77 | S119: 10.77 | T119: 10.77 | U119: 10.77 | V119: 10.77 | W119: 10.77 | X119: 10.77 | Y119: 10.77 | Z119: 10.77 | AA119: 0 | AB119: 0 | AC119: 0 | AD119: 0 | AE119: 0 | AF119: 0 | AG119: 0 | AH119: 0 | AI119: 0 | AJ119: 0 | AK119: 0 | AL119: 0 | AM119: 0 | AN119: 0 | AO119: =AB119*AN119 -> 0 | AP119: 0 | AQ119: =AC119*AP119 -> 0 | AR119: 0 | AS119: =AD119*AR119 -> 0 | AT119: 0 | AU119: =AE119*AT119 -> 0 | AV119: 0 | AW119: =AF119*AV119 -> 0 | AX119: 2880 | AY119: =AG119*AX119 -> 0 | AZ119: 0 | BA119: =AH119*AZ119 -> 0 | BB119: 2880 | BC119: =AI119*BB119 -> 0 | BD119: 0 | BE119: =AJ119*BD119 -> 0 | BF119: 0 | BG119: =AK119*BF119 -> 0 | BH119: 0 | BI119: =AL119*BH119 -> 0 | BJ119: 0 | BK119: =AM119*BJ119 -> 0 | BM119: 3L1F0AA#ABM/CPS/2880/GBU
A120: FY23 | B120: Simon Yang | G120: 2020 | H120: BRAC WHITE | I120: Combo | J120: NA | K120: White | L120: S China | M120: OTHERS | N120: 10.92 | O120: 10.92 | P120: 10.92 | Q120: 10.92 | R120: 10.92 | S120: 10.92 | T120: 10.92 | U120: 10.92 | V120: 10.92 | W120: 10.92 | X120: 10.92 | Y120: 10.92 | Z120: 10.92 | AA120: 0 | AB120: 0 | AC120: 0 | AD120: 0 | AE120: 0 | AF120: 0 | AG120: 0 | AH120: 0 | AI120: 0 | AJ120: 0 | AK120: 0 | AL120: 0 | AM120: 0 | AN120: 0 | AO120: =AB120*AN120 -> 0 | AP120: 0 | AQ120: =AC120*AP120 -> 0 | AR120: 0 | AS120: =AD120*AR120 -> 0 | AT120: 0 | AU120: =AE120*AT120 -> 0 | AV120: 0 | AW120: =AF120*AV120 -> 0 | AX120: 0 | AY120: =AG120*AX120 -> 0 | AZ120: 2880 | BA120: =AH120*AZ120 -> 0 | BB120: 5760 | BC120: =AI120*BB120 -> 0 | BD120: 2880 | BE120: =AJ120*BD120 -> 0 | BF120: 0 | BG120: =AK120*BF120 -> 0 | BH120: 2880 | BI120: =AL120*BH120 -> 0 | BJ120: 4320 | BK120: =AM120*BJ120 -> 0 | BM120: 3L1F0AA#AC3/CPS/2880/GBU
A121: FY23 | B121: Simon Yang | G121: 2021 | H121: BRAC WLKB | I121: NBL KB | J121: NA | K121: Black | L121: S China | M121: OTHERS | N121: 7.4 | O121: 7.4 | P121: 7.4 | Q121: 7.4 | R121: 7.4 | S121: 7.4 | T121: 7.4 | U121: 7.4 | V121: 7.4 | W121: 7.4 | X121: 7.4 | Y121: 7.4 | Z121: 7.4 | AA121: 0 | AB121: 0 | AC121: 0 | AD121: 0 | AE121: 0 | AF121: 0 | AG121: 0 | AH121: 0 | AI121: 0 | AJ121: 0 | AK121: 0 | AL121: 0 | AM121: 0 | AN121: 0 | AO121: =AB121*AN121 -> 0 | AP121: 0 | AQ121: =AC121*AP121 -> 0 | AR121: 0 | AS121: =AD121*AR121 -> 0 | AT121: 0 | AU121: =AE121*AT121 -> 0 | AV121: 0 | AW121: =AF121*AV121 -> 0 | AX121: 0 | AY121: =AG121*AX121 -> 0 | AZ121: 0 | BA121: =AH121*AZ121 -> 0 | BB121: 0 | BC121: =AI121*BB121 -> 0 | BD121: 0 | BE121: =AJ121*BD121 -> 0 | BF121: 0 | BG121: =AK121*BF121 -> 0 | BH121: 0 | BI121: =AL121*BH121 -> 0 | BJ121: 0 | BK121: =AM121*BJ121 -> 0 | BM121: 3L1E7AA#UUF/CPS/1200/GBU
A122: FY23 | B122: Simon Yang | G122: 2020 | H122: ELEPHANTA | I122: Combo | J122: NA | K122: Black | L122: S China | M122: OTHERS | N122: 4.99 | O122: 4.99 | P122: 4.99 | Q122: 4.99 | R122: 4.99 | S122: 4.99 | T122: 4.99 | U122: 4.99 | V122: 4.99 | W122: 4.99 | X122: 4.99 | Y122: 4.99 | Z122: 4.99 | AA122: 0 | AB122: 0 | AC122: 0 | AD122: 0 | AE122: 0 | AF122: 0 | AG122: 0 | AH122: 0 | AI122: 0 | AJ122: 0 | AK122: 0 | AL122: 0 | AM122: 0 | AN122: 0 | AO122: =AB122*AN122 -> 0 | AP122: 0 | AQ122: =AC122*AP122 -> 0 | AR122: 0 | AS122: =AD122*AR122 -> 0 | AT122: 0 | AU122: =AE122*AT122 -> 0 | AV122: 0 | AW122: =AF122*AV122 -> 0 | AX122: 0 | AY122: =AG122*AX122 -> 0 | AZ122: 0 | BA122: =AH122*AZ122 -> 0 | BB122: 0 | BC122: =AI122*BB122 -> 0 | BD122: 0 | BE122: =AJ122*BD122 -> 0 | BF122: 0 | BG122: =AK122*BF122 -> 0 | BH122: 10000 | BI122: =AL122*BH122 -> 0 | BJ122: 0 | BK122: =AM122*BJ122 -> 0 | BM122: 240J7AA#UUF/CPS/5200/GBU
A123: FY23 | B123: Simon Yang | G123: 2022 | H123: ELEPHANTA KB | I123: NBL KB | J123: NA | K123: Black | L123: S China | M123: OTHERS | N123: 3.9 | O123: 3.9 | P123: 3.9 | Q123: 3.9 | R123: 3.9 | S123: 3.9 | T123: 3.9 | U123: 3.9 | V123: 3.9 | W123: 3.9 | X123: 3.9 | Y123: 3.9 | Z123: 3.9 | AA123: 0.21 | AB123: 0.21 | AC123: 0.21 | AD123: 0.21 | AE123: 0.21 | AF123: 0.21 | AG123: 0.21 | AH123: 0.21 | AI123: 0.21 | AJ123: 0.21 | AK123: 0.21 | AL123: 0.21 | AM123: 0.21 | AN123: 0 | AO123: =AB123*AN123 -> 0 | AP123: 0 | AQ123: =AC123*AP123 -> 0 | AR123: 0 | AS123: =AD123*AR123 -> 0 | AT123: 0 | AU123: =AE123*AT123 -> 0 | AV123: 0 | AW123: =AF123*AV123 -> 0 | AX123: 0 | AY123: =AG123*AX123 -> 0 | AZ123: 0 | BA123: =AH123*AZ123 -> 0 | BB123: 0 | BC123: =AI123*BB123 -> 0 | BD123: 0 | BE123: =AJ123*BD123 -> 0 | BF123: 0 | BG123: =AK123*BF123 -> 0 | BH123: 0 | BI123: =AL123*BH123 -> 0 | BJ123: 0 | BK123: =AM123*BJ123 -> 0 | BM123: 664R5AA#AC3/CPS/5600/GBU
... A133: FY23 | B133: Allen Chen | G133: 2016 | H133: GADGET | I133: Mouse | J133: NA | K133: Forest | L133: S China | M133: OTHERS | N133: 6.17 | O133: 6.17 | P133: 6.17 | Q133: 6.17 | R133: 6.17 | S133: 6.17 | T133: 6.17 | U133: 6.17 | V133: 6.17 | W133: 6.17 | X133: 6.17 | Y133: 6.17 | Z133: 6.17 | AA133: 0 | AB133: 0.05 | AC133: 0.05 | AD133: 0.05 | AE133: 0.05 | AF133: 0.05 | AG133: 0.05 | AH133: 0.05 | AI133: 0.05 | AJ133: 0.05 | AK133: 0.05 | AL133: 0.05 | AM133: 0.05 | AN133: 0 | AO133: =AB133*AN133 -> 0 | AP133: 0 | AQ133: =AC133*AP133 -> 0 | AR133: 0 | AS133: =AD133*AR133 -> 0 | AT133: 0 | AU133: =AE133*AT133 -> 0 | AV133: 0 | AW133: =AF133*AV133 -> 0 | AX133: 0 | AY133: =AG133*AX133 -> 0 | AZ133: 0 | BA133: =AH133*AZ133 -> 0 | BB133: 0 | BC133: =AI133*BB133 -> 0 | BD133: 0 | BE133: =AJ133*BD133 -> 0 | BF133: 0 | BG133: =AK133*BF133 -> 0 | BH133: 0 | BI133: =AL133*BH133 -> 0 | BJ133: 0 | BK133: =AM133*BJ133 -> 0 | BM133: 171D9AA#ABB/CPS/1560/GBU
A134: FY23 | B134: Allen Chen | G134: 2016 | H134: OMAN | I134: Mouse | J134: NA | K134: Black | L134: S China | M134: OTHERS | N134: 4.04 | O134: 4.04 | P134: 4.04 | Q134: 4.04 | R134: 4.04 | S134: 4.04 | T134: 4.04 | U134: 4.04 | V134: 4.04 | W134: 4.04 | X134: 4.04 | Y134: 4.04 | Z134: 4.04 | AA134: 0 | AB134: 0.04 | AC134: 0.04 | AD134: 0.04 | AE134: 0.04 | AF134: 0.04 | AG134: 0.04 | AH134: 0.04 | AI134: 0.12 | AJ134: 0.12 | AK134: 0.12 | AL134: 0.12 | AM134: 0.12 | AN134: 0 | AO134: =AB134*AN134 -> 0 | AP134: 0 | AQ134: =AC134*AP134 -> 0 | AR134: 0 | AS134: =AD134*AR134 -> 0 | AT134: 0 | AU134: =AE134*AT134 -> 0 | AV134: 0 | AW134: =AF134*AV134 -> 0 | AX134: 0 | AY134: =AG134*AX134 -> 0 | AZ134: 0 | BA134: =AH134*AZ134 -> 0 | BB134: 0 | BC134: =AI134*BB134 -> 0 | BD134: 0 | BE134: =AJ134*BD134 -> 0 | BF134: 0 | BG134: =AK134*BF134 -> 0 | BH134: 0 | BI134: =AL134*BH134 -> 0 | BJ134: 0 | BK134: =AM134*BJ134 -> 0 | BM134: X6W31AA#UUF/CPS/2880/EM | BN134: (G7A)
A135: FY23 | B135: Allen Chen | G135: 2016 | H135: OMAN | I135: Mouse | J135: NA | K135: Empress red | L135: S China | M135: OTHERS | N135: 4.18 | O135: 4.18 | P135: 4.18 | Q135: 4.18 | R135: 4.18 | S135: 4.18 | T135: 4.18 | U135: 4.18 | V135: 4.18 | W135: 4.18 | X135: 4.18 | Y135: 4.18 | Z135: 4.18 | AA135: 0 | AB135: 0.04 | AC135: 0.04 | AD135: 0.04 | AE135: 0.04 | AF135: 0.04 | AG135: 0.04 | AH135: 0.04 | AI135: 0.12 | AJ135: 0.12 | AK135: 0.12 | AL135: 0.12 | AM135: 0.12 | AN135: 0 | AO135: =AB135*AN135 -> 0 | AP135: 0 | AQ135: =AC135*AP135 -> 0 | AR135: 0 | AS135: =AD135*AR135 -> 0 | AT135: 0 | AU135: =AE135*AT135 -> 0 | AV135: 0 | AW135: =AF135*AV135 -> 0 | AX135: 0 | AY135: =AG135*AX135 -> 0 | AZ135: 5760 | BA135: =AH135*AZ135 -> 230.4 | BB135: 8640 | BC135: =AI135*BB135 -> 1036.8 | BD135: 0 | BE135: =AJ135*BD135 -> 0 | BF135: 0 | BG135: =AK135*BF135 -> 0 | BH135: 0 | BI135: =AL135*BH135 -> 0 | BJ135: 0 | BK135: =AM135*BJ135 -> 0 | BM135: 2HU82AA#ABL/CPS/2880/EM
A136: FY23 | B136: Allen Chen | G136: 2016 | H136: OMAN | I136: Mouse | J136: NA | K136: Empress red | L136: S China | M136: OTHERS | N136: 4.14 | O136: 4.14 | P136: 4.14 | Q136: 4.14 | R136: 4.14 | S136: 4.14 | T136: 4.14 | U136: 4.14 | V136: 4.14 | W136: 4.14 | X136: 4.14 | Y136: 4.14 | Z136: 4.14 | AA136: 0 | AB136: 0.04 | AC136: 0.04 | AD136: 0.04 | AE136: 0.04 | AF136: 0.04 | AG136: 0.04 | AH136: 0.04 | AI136: 0.12 | AJ136: 0.12 | AK136: 0.12 | AL136: 0.12 | AM136: 0.12 | AN136: 0 | AO136: =AB136*AN136 -> 0 | AP136: 0 | AQ136: =AC136*AP136 -> 0 | AR136: 0 | AS136: =AD136*AR136 -> 0 | AT136: 0 | AU136: =AE136*AT136 -> 0 | AV136: 0 | AW136: =AF136*AV136 -> 0 | AX136: 0 | AY136: =AG136*AX136 -> 0 | AZ136: 0 | BA136: =AH136*AZ136 -> 0 | BB136: 0 | BC136: =AI136*BB136 -> 0 | BD136: 0 | BE136: =AJ136*BD136 -> 0 | BF136: 0 | BG136: =AK136*BF136 -> 0 | BH136: 0 | BI136: =AL136*BH136 -> 0 | BJ136: 0 | BK136: =AM136*BJ136 -> 0 | BM136: 2HU82AA#UUF/CPS/2880/EM | BN136: (G7A)
A137: FY23 | B137: Allen Chen | G137: 2016 | H137: OMAN | I137: Mouse | J137: NA | K137: PIKE SILVER | L137: S China | M137: OTHERS | N137: 4.3 | O137: 4.3 | P137: 4.3 | Q137: 4.3 | R137: 4.3 | S137: 4.3 | T137: 4.3 | U137: 4.3 | V137: 4.3 | W137: 4.3 | X137: 4.3 | Y137: 4.3 | Z137: 4.3 | AA137: 0 | AB137: 0.04 | AC137: 0.04 | AD137: 0.04 | AE137: 0.04 | AF137: 0.04 | AG137: 0.04 | AH137: 0.04 | AI137: 0.12 | AJ137: 0.12 | AK137: 0.12 | AL137: 0.12 | AM137: 0.12 | AN137: 0 | AO137: =AB137*AN137 -> 0 | AP137: 0 | AQ137: =AC137*AP137 -> 0 | AR137: 0 | AS137: =AD137*AR137 -> 0 | AT137: 0 | AU137: =AE137*AT137 -> 0 | AV137: 0 | AW137: =AF137*AV137 -> 0 | AX137: 11520 | AY137: =AG137*AX137 -> 460.8 | AZ137: 0 | BA137: =AH137*AZ137 -> 0 | BB137: 0 | BC137: =AI137*BB137 -> 0 | BD137: 0 | BE137: =AJ137*BD137 -> 0 | BF137: 0 | BG137: =AK137*BF137 -> 0 | BH137: 0 | BI137: =AL137*BH137 -> 0 | BJ137: 0 | BK137: =AM137*BJ137 -> 0 | BM137: 2HU84AA#UUF/CPS/2880/EM
A138: FY23 | B138: Allen Chen | G138: 2016 | H138: OMAN | I138: Mouse | J138: NA | K138: Mrn Blue | L138: S China | M138: OTHERS | N138: 4.18 | O138: 4.18 | P138: 4.18 | Q138: 4.18 | R138: 4.18 | S138: 4.18 | T138: 4.18 | U138: 4.18 | V138: 4.18 | W138: 4.18 | X138: 4.18 | Y138: 4.18 | Z138: 4.18 | AA138: 0 | AB138: 0.04 | AC138: 0.04 | AD138: 0.04 | AE138: 0.04 | AF138: 0.04 | AG138: 0.04 | AH138: 0.04 | AI138: 0.12 | AJ138: 0.12 | AK138: 0.12 | AL138: 0.12 | AM138: 0.12 | AN138: 0 | AO138: =AB138*AN138 -> 0 | AP138: 0 | AQ138: =AC138*AP138 -> 0 | AR138: 0 | AS138: =AD138*AR138 -> 0 | AT138: 0 | AU138: =AE138*AT138 -> 0 | AV138: 0 | AW138: =AF138*AV138 -> 0 | AX138: 0 | AY138: =AG138*AX138 -> 0 | AZ138: 0 | BA138: =AH138*AZ138 -> 0 | BB138: 0 | BC138: =AI138*BB138 -> 0 | BD138: 2880 | BE138: =AJ138*BD138 -> 345.6 | BF138: 0 | BG138: =AK138*BF138 -> 0 | BH138: 0 | BI138: =AL138*BH138 -> 0 | BJ138: 0 | BK138: =AM138*BJ138 -> 0 | BM138: 2HU85AA#ABL/CPS/2880/EM
A139: FY23 | B139: Allen Chen | G139: 2016 | H139: OMAN | I139: Mouse | J139: NA | K139: Mrn Blue | L139: S China | M139: OTHERS | N139: 4.14 | O139: 4.14 | P139: 4.14 | Q139: 4.14 | R139: 4.14 | S139: 4.14 | T139: 4.14 | U139: 4.14 | V139: 4.14 | W139: 4.14 | X139: 4.14 | Y139: 4.14 | Z139: 4.14 | AA139: 0 | AB139: 0.04 | AC139: 0.04 | AD139: 0.04 | AE139: 0.04 | AF139: 0.04 | AG139: 0.04 | AH139: 0.04 | AI139: 0.12 | AJ139: 0.12 | AK139: 0.12 | AL139: 0.12 | AM139: 0.12 | AN139: 0 | AO139: =AB139*AN139 -> 0 | AP139: 0 | AQ139: =AC139*AP139 -> 0 | AR139: 0 | AS139: =AD139*AR139 -> 0 | AT139: 0 | AU139: =AE139*AT139 -> 0 | AV139: 0 | AW139: =AF139*AV139 -> 0 | AX139: 0 | AY139: =AG139*AX139 -> 0 | AZ139: 0 | BA139: =AH139*AZ139 -> 0 | BB139: 0 | BC139: =AI139*BB139 -> 0 | BD139: 0 | BE139: =AJ139*BD139 -> 0 | BF139: 0 | BG139: =AK139*BF139 -> 0 | BH139: 2880 | BI139: =AL139*BH139 -> 345.6 | BJ139: 0 | BK139: =AM139*BJ139 -> 0 | BM139: 2HU85AA#UUF/CPS/2880/EM | BN139: (G7A)
A140: FY23 | B140: Allen Chen | G140: 2016 | H140: OMAN | I140: Mouse | J140: NA | K140: Black | L140: S China | M140: OTHERS | N140: 4.04 | O140: 4.04 | P140: 4.04 | Q140: 4.04 | R140: 4.04 | S140: 4.04 | T140: 4.04 | U140: 4.04 | V140: 4.04 | W140: 4.04 | X140: 4.04 | Y140: 4.04 | Z140: 4.04 | AA140: 0 | AB140: 0.04 | AC140: 0.04 | AD140: 0.04 | AE140: 0.04 | AF140: 0.04 | AG140: 0.04 | AH140: 0.04 | AI140: 0.04 | AJ140: 0.04 | AK140: 0.04 | AL140: 0.04 | AM140: 0.04 | AN140: 0 | AO140: =AB140*AN140 -> 0 | AP140: 0 | AQ140: =AC140*AP140 -> 0 | AR140: 0 | AS140: =AD140*AR140 -> 0 | AT140: 0 | AU140: =AE140*AT140 -> 0 | AV140: 0 | AW140: =AF140*AV140 -> 0 | AX140: 0 | AY140: =AG140*AX140 -> 0 | AZ140: 0 | BA140: =AH140*AZ140 -> 0 | BB140: 0 | BC140: =AI140*BB140 -> 0 | BD140: 0 | BE140: =AJ140*BD140 -> 0 | BF140: 2880 | BG140: =AK140*BF140 -> 115.2 | BH140: 0 | BI140: =AL140*BH140 -> 0 | BJ140: 2880 | BK140: =AM140*BJ140 -> 115.2 | BM140: X6W31AA#UUF/CPS/2880/EM
A141: FY23 | B141: Allen Chen | G141: 2018 | H141: BOGOTA | I141: Mouse | J141: NA | K141: Black | L141: S China | M141: OTHERS | N141: 1.79 | O141: 1.79 | P141: 1.79 | Q141: 1.79 | R141: 1.79 | S141: 1.79 | T141: 1.79 | U141: 1.79 | V141: 1.79 | W141: 1.79 | X141: 1.79 | Y141: 1.79 | Z141: 1.79 | AA141: 0 | AB141: 0 | AC141: 0 | AD141: 0 | AE141: 0 | AF141: 0 | AG141: 0 | AH141: 0 | AI141: 0 | AJ141: 0 | AK141: 0 | AL141: 0 | AM141: 0 | AN141: 0 | AO141: =AB141*AN141 -> 0 | AP141: 0 | AQ141: =AC141*AP141 -> 0 | AR141: 0 | AS141: =AD141*AR141 -> 0 | AT141: 0 | AU141: =AE141*AT141 -> 0 | AV141: 0 | AW141: =AF141*AV141 -> 0 | AX141: 0 | AY141: =AG141*AX141 -> 0 | AZ141: 0 | BA141: =AH141*AZ141 -> 0 | BB141: 0 | BC141: =AI141*BB141 -> 0 | BD141: 0 | BE141: =AJ141*BD141 -> 0 | BF141: 26880 | BG141: =AK141*BF141 -> 0 | BH141: 0 | BI141: =AL141*BH141 -> 0 | BJ141: 0 | BK141: =AM141*BJ141 -> 0 | BM141: 4QM14AA#ABB/CPS/6720/EM
A142: FY23 | B142: Allen Chen | G142: 2020 | H142: KENTING | I142: Mouse | J142: NA | K142: Jack Black | L142: S China | M142: OTHERS | N142: 3.87 | O142: 3.87 | P142: 3.87 | Q142: 3.87 | R142: 3.87 | S142: 3.87 | T142: 3.87 | U142: 3.87 | V142: 3.87 | W142: 3.87 | X142: 3.87 | Y142: 3.87 | Z142: 3.87 | AA142: 0 | AB142: 0 | AC142: 0 | AD142: 0 | AE142: 0 | AF142: 0 | AG142: 0 | AH142: 0 | AI142: 0 | AJ142: 0 | AK142: 0 | AL142: 0 | AM142: 0 | AN142: 0 | AO142: =AB142*AN142 -> 0 | AP142: 0 | AQ142: =AC142*AP142 -> 0 | AR142: 0 | AS142: =AD142*AR142 -> 0 | AT142: 0 | AU142: =AE142*AT142 -> 0 | AV142: 11520 | AW142: =AF142*AV142 -> 0 | AX142: 5760 | AY142: =AG142*AX142 -> 0 | AZ142: 2880 | BA142: =AH142*AZ142 -> 0 | BB142: 11520 | BC142: =AI142*BB142 -> 0 | BD142: 0 | BE142: =AJ142*BD142 -> 0 | BF142: 2880 | BG142: =AK142*BF142 -> 0 | BH142: 0 | BI142: =AL142*BH142 -> 0 | BJ142: 2880 | BK142: =AM142*BJ142 -> 0 | BM142: 6VY95AA#ACJ/CPS/2880/EM
A143: FY23 | B143: Allen Chen | G143: 2020 | H143: KENTING | I143: Mouse | J143: NA | K143: Jack Black | L143: S China | M143: OTHERS | N143: 4.05 | O143: 4.05 | P143: 4.05 | Q143: 4.05 | R143: 4.05 | S143: 4.05 | T143: 4.05 | U143: 4.05 | V143: 4.05 | W143: 4.05 | X143: 4.05 | Y143: 4.05 | Z143: 4.05 | AA143: 0 | AB143: 0 | AC143: 0 | AD143: 0 | AE143: 0 | AF143: 0 | AG143: 0 | AH143: 0 | AI143: 0 | AJ143: 0 | AK143: 0 | AL143: 0 | AM143: 0 | AN143: 0 | AO143: =AB143*AN143 -> 0 | AP143: 0 | AQ143: =AC143*AP143 -> 0 | AR143: 0 | AS143: =AD143*AR143 -> 0 | AT143: 0 | AU143: =AE143*AT143 -> 0 | AV143: 0 | AW143: =AF143*AV143 -> 0 | AX143: 0 | AY143: =AG143*AX143 -> 0 | AZ143: 0 | BA143: =AH143*AZ143 -> 0 | BB143: 0 | BC143: =AI143*BB143 -> 0 | BD143: 0 | BE143: =AJ143*BD143 -> 0 | BF143: 0 | BG143: =AK143*BF143 -> 0 | BH143: 0 | BI143: =AL143*BH143 -> 0 | BJ143: 0 | BK143: =AM143*BJ143 -> 0 | BM143: 6VY95AA#UUF/CPS/2880/EM
...

Sheet FY24 Summary_2
B3: Q1 Actual by Segment
C4: Segment | D4: 45231 | E4: 45261 | F4: 45292 | G4: Total Rebate in Q1 2024 (US$)
B5: CMIT Input Devices | C5: 200 series (6U)
C6: 400 series (S)
C7: 600 series (B)
C8: 800 series (P)
C9: 1000 series (M
C10: MWS (Workstation)
C11: Soft Keyboard
C12: Chrome Book
C13: Clickpad
C14: Education
C15: Peripherals/AMO
C16: Desktop
B17: Consumer Input Devices | C17: OPP
C18: Chrome Book
C19: Pavillion
C20: Spectre
C21: Envy
C22: Stream
C23: Omen
C24: Peripherals/AMO
C25: Desktop
B28: Q1 Actual by Segment
C29: Supplier | D29: 45231 | E29: 45261 | F29: 45292 | G29: Total Rebate in Q1 2024 (US$)
B30: Input Devices | C30: Acrox | D30: ='FY24 Summary_1'!C4 -> 36153.6 | E30: ='FY24 Summary_1'!D4 -> 24589.2 | F30: ='FY24 Summary_1'!E4 -> 45935.6 | G30: =SUM(D30:F30) -> 106678.4
C31: Chicony
C32: Darfon
C33: Liteon
C34: Primax
C35: Sunrex
F36: Total Rebate Amount
B39: Q2 Actual by Segment
C40: Segment | D40: 45323 | E40: 45352 | F40: 45383 | G40: Total Rebate in Q2 2024 (US$)
B41: CMIT Input Devices | C41: 200 series (6U)
C42: 400 series (S)
C43: 600 series (B)
C44: 800 series (P)
C45: 1000 series (M
C46: MWS (Workstation)
C47: Soft Keyboard
C48: Chrome Book
C49: Clickpad
C50: Education
C51: Peripherals/AMO
C52: Desktop
B53: Consumer Input Devices | C53: OPP
C54: Chrome Book
C55: Pavillion
C56: Spectre
C57: Envy
C58: Stream
C59: Omen
C60: Peripherals/AMO
C61: Desktop
B64: Q2 Actual by Segment
C65: Supplier | D65: 45323 | E65: 45352 | F65: 45383 | G65: Total Rebate in Q2 2024 (US$)
B66: Input Devices | C66: Acrox | D66: ='FY24 Summary_1'!C11 -> 12514.2 | E66: ='FY24 Summary_1'!D11 -> 37755 | F66: ='FY24 Summary_1'!E11 -> 54170 | G66: =SUM(D66:F66) -> 104439.2
B67: Input Devices | C67: Chicony
C68: Darfon
C69: Liteon
C70: Primax
C71: Sunrex
F72: Total Rebate Amount
B75: Q3 Actual by Segment
C76: Segment | D76: 45413 | E76: 45444 | F76: 45474 | G76: Total Rebate in Q3 2024 (US$)
B77: CMIT Input Devices | C77: 200 series (6U)
C78: 400 series (S)
C79: 600 series (B)
C80: 800 series (P)
C81: 1000 series (M
C82: MWS (Workstation)
C83: Soft Keyboard
C84: Chrome Book
C85: Clickpad
C86: Education
C87: Peripherals/AMO
C88: Desktop
B89: Consumer Input Devices | C89: OPP
C90: Chrome Book
C91: Pavillion
C92: Spectre
C93: Envy
C94: Stream
C95: Omen
C96: Peripherals/AMO
C97: Desktop
B100: Q3 Actual by Segment
C101: Supplier | D101: 45413 | E101: 45444 | F101: 45474 | G101: Total Rebate in Q3 2024 (US$)
B102: Input Devices | C102: Acrox | D102: ='FY24 Summary_1'!C18 -> 58734.6 | E102: ='FY24 Summary_1'!D18 -> 46686 | F102: ='FY24 Summary_1'!E18 -> 40968.2 | G102: =SUM(D102:F102) -> 146388.8
C103: Chicony
C104: Darfon
C105: Liteon
C106: Primax
C107: Sunrex
F108: Total Rebate Amount
B110: Q4 Actual by Segment
C111: Segment | D111: 45505 | E111: 45536 | F111: 45566 | G111: Total Rebate in Q4 2024 (US$)
B112: CMIT Input Devices | C112: 200 series (6U)
C113: 400 series (S)
...

Sheet 工作表1
D4: Compal | E4: 3000
D5: Flextronics CZ | E5: 63980
D6: FOX CQ | E6: 10800
D7: Foxconn CZ | E7: 58476
D8: Foxconn Indy | E8: 28378
D9: Foxconn LH | E9: 210900
D10: HP India | E10: 16560
D11: Inventec | E11: 3000
D12: QUANTA | E12: 23640
D13: Ryder Indy | E13: 43200
D14: Shanghai | E14: 1890
D15: 總計 | E15: 463824

Sheet 工作表3
A3: 加總 - Jul Q'ty
A4: 3214709.9 | C4: =_xlfn.XLOOKUP(A4,[1]工作表3!$A:$A,[1]工作表3!$B:$B,"0") -> 0 | E4: 0 | F4: 0 | G4: =E4-F4 -> 0
C5: =_xlfn.XLOOKUP(A5,[1]工作表3!$A:$A,[1]工作表3!$B:$B,"0") -> 0 | E5: 0 | F5: 0 | G5: =E5-F5 -> 0
C6: =_xlfn.XLOOKUP(A6,[1]工作表3!$A:$A,[1]工作表3!$B:$B,"0") -> 0 | E6: 11520 | F6: 11520 | G6: =E6-F6 -> 0
C7: =_xlfn.XLOOKUP(A7,[1]工作表3!$A:$A,[1]工作表3!$B:$B,"0") -> 0 | E7: 0 | F7: 0 | G7: =E7-F7 -> 0
C8: =_xlfn.XLOOKUP(A8,[1]工作表3!$A:$A,[1]工作表3!$B:$B,"0") -> 0 | E8: 25280 | F8: 25280 | G8: =E8-F8 -> 0
C9: =_xlfn.XLOOKUP(A9,[1]工作表3!$A:$A,[1]工作表3!$B:$B,"0") -> 0 | E9: 3840 | F9: 1280 | G9: =E9-F9 -> 2560
C10: =_xlfn.XLOOKUP(A10,[1]工作表3!$A:$A,[1]工作表3!$B:$B,"0") -> 0 | E10: 6400 | F10: 6400 | G10: =E10-F10 -> 0
C11: =_xlfn.XLOOKUP(A11,[1]工作表3!$A:$A,[1]工作表3!$B:$B,"0") -> 0 | E11: 1008 | F11: 1008 | G11: =E11-F11 -> 0
C12: =_xlfn.XLOOKUP(A12,[1]工作表3!$A:$A,[1]工作表3!$B:$B,"0") -> 0 | E12: 1008 | F12: 1008 | G12: =E12-F12 -> 0
C13: =_xlfn.XLOOKUP(A13,[1]工作表3!$A:$A,[1]工作表3!$B:$B,"0") -> 0 | E13: 0 | F13: 0 | G13: =E13-F13 -> 0
C14: =_xlfn.XLOOKUP(A14,[1]工作表3!$A:$A,[1]工作表3!$B:$B,"0") -> 0 | E14: 0 | F14: 0 | G14: =E14-F14 -> 0
C15: =_xlfn.XLOOKUP(A15,[1]工作表3!$A:$A,[1]工作表3!$B:$B,"0") -> 0 | E15: 1008 | F15: 1008 | G15: =E15-F15 -> 0
C16: =_xlfn.XLOOKUP(A16,[1]工作表3!$A:$A,[1]工作表3!$B:$B,"0") -> 0 | E16: 0 | F16: 0 | G16: =E16-F16 -> 0
... C97: =_xlfn.XLOOKUP(A97,[1]工作表3!$A:$A,[1]工作表3!$B:$B,"0") -> 0 | E97: 0 | F97: 0 | G97: =E97-F97 -> 0
C98: =_xlfn.XLOOKUP(A98,[1]工作表3!$A:$A,[1]工作表3!$B:$B,"0") -> 0 | E98: 0 | F98: 0 | G98: =E98-F98 -> 0
C99: =_xlfn.XLOOKUP(A99,[1]工作表3!$A:$A,[1]工作表3!$B:$B,"0") -> 0 | E99: 2880 | F99: 2880 | G99: =E99-F99 -> 0
C100: =_xlfn.XLOOKUP(A100,[1]工作表3!$A:$A,[1]工作表3!$B:$B,"0") -> 0 | E100: 5760 | F100: 5760 | G100: =E100-F100 -> 0
C101: =_xlfn.XLOOKUP(A101,[1]工作表3!$A:$A,[1]工作表3!$B:$B,"0") -> 0 | E101: 8640 | F101: 5760 | G101: =E101-F101 -> 2880
C102: =_xlfn.XLOOKUP(A102,[1]工作表3!$A:$A,[1]工作表3!$B:$B,"0") -> 0 | E102: 6720 | F102: 6720 | G102: =E102-F102 -> 0
C103: =_xlfn.XLOOKUP(A103,[1]工作表3!$A:$A,[1]工作表3!$B:$B,"0") -> 0 | E103: 2880 | F103: 2880 | G103: =E103-F103 -> 0
C104: =_xlfn.XLOOKUP(A104,[1]工作表3!$A:$A,[1]工作表3!$B:$B,"0") -> 0 | E104: 0 | F104: 0 | G104: =E104-F104 -> 0
C105: =_xlfn.XLOOKUP(A105,[1]工作表3!$A:$A,[1]工作表3!$B:$B,"0") -> 0 | E105: 4320 | F105: 4320 | G105: =E105-F105 -> 0
C106: =_xlfn.XLOOKUP(A106,[1]工作表3!$A:$A,[1]工作表3!$B:$B,"0") -> 0 | E106: 0 | F106: 0 | G106: =E106-F106 -> 0
C107: =_xlfn.XLOOKUP(A107,[1]工作表3!$A:$A,[1]工作表3!$B:$B,"0") -> 0 | E107: 0 | F107: 0 | G107: =E107-F107 -> 0
C108: =_xlfn.XLOOKUP(A108,[1]工作表3!$A:$A,[1]工作表3!$B:$B,"0") -> 0 | E108: 0 | F108: 0 | G108: =E108-F108 -> 0
C109: =_xlfn.XLOOKUP(A109,[1]工作表3!$A:$A,[1]工作表3!$B:$B,"0") -> 0 | E109: 0 | F109: 0 | G109: =E109-F109 -> 0
C110: =_xlfn.XLOOKUP(A110,[1]工作表3!$A:$A,[1]工作表3!$B:$B,"0") -> 0 | E110: 2800 | F110: 2800 | G110: =E110-F110 -> 0
... C166: =_xlfn.XLOOKUP(A166,[1]工作表3!$A:$A,[1]工作表3!$B:$B,"0") -> 0 | E166: 0 | F166: 0 | G166: =E166-F166 -> 0
C167: =_xlfn.XLOOKUP(A167,[1]工作表3!$A:$A,[1]工作表3!$B:$B,"0") -> 0 | E167: 0 | F167: 0 | G167: =E167-F167 -> 0
C168: =_xlfn.XLOOKUP(A168,[1]工作表3!$A:$A,[1]工作表3!$B:$B,"0") -> 0 | E168: 2880 | F168: 2880 | G168: =E168-F168 -> 0
C169: =_xlfn.XLOOKUP(A169,[1]工作表3!$A:$A,[1]工作表3!$B:$B,"0") -> 0 | E169: 0 | F169: 0 | G169: =E169-F169 -> 0
C170: =_xlfn.XLOOKUP(A170,[1]工作表3!$A:$A,[1]工作表3!$B:$B,"0") -> 0 | E170: 0 | F170: 0 | G170: =E170-F170 -> 0
C171: =_xlfn.XLOOKUP(A171,[1]工作表3!$A:$A,[1]工作表3!$B:$B,"0") -> 0 | E171: 0 | F171: 0 | G171: =E171-F171 -> 0
C172: =_xlfn.XLOOKUP(A172,[1]工作表3!$A:$A,[1]工作表3!$B:$B,"0") -> 0 | E172: 0 | F172: 0 | G172: =E172-F172 -> 0
C173: =_xlfn.XLOOKUP(A173,[1]工作表3!$A:$A,[1]工作表3!$B:$B,"0") -> 0 | E173: 0 | F173: 0 | G173: =E173-F173 -> 0
C174: =_xlfn.XLOOKUP(A174,[1]工作表3!$A:$A,[1]工作表3!$B:$B,"0") -> 0 | E174: 0 | F174: 0 | G174: =E174-F174 -> 0
C175: =_xlfn.XLOOKUP(A175,[1]工作表3!$A:$A,[1]工作表3!$B:$B,"0") -> 0 | E175: 0 | F175: 0 | G175: =E175-F175 -> 0
C176: =_xlfn.XLOOKUP(A176,[1]工作表3!$A:$A,[1]工作表3!$B:$B,"0") -> 0 | E176: 2880 | F176: 2880 | G176: =E176-F176 -> 0
C177: =_xlfn.XLOOKUP(A177,[1]工作表3!$A:$A,[1]工作表3!$B:$B,"0") -> 0 | E177: 1440 | F177: 1440 | G177: =E177-F177 -> 0
C178: =_xlfn.XLOOKUP(A178,[1]工作表3!$A:$A,[1]工作表3!$B:$B,"0") -> 0 | E178: 0 | F178: 0 | G178: =E178-F178 -> 0
C179: =_xlfn.XLOOKUP(A179,[1]工作表3!$A:$A,[1]工作表3!$B:$B,"0") -> 0 | E179: 0 | F179: 0 | G179: =E179-F179 -> 0
C180: =_xlfn.XLOOKUP(A180,[1]工作表3!$A:$A,[1]工作表3!$B:$B,"0") -> 0 | E180: 1440 | F180: 1440 | G180: =E180-F180 -> 0
C181: =_xlfn.XLOOKUP(A181,[1]工作表3!$A:$A,[1]工作表3!$B:$B,"0") -> 0 | E181: 0 | F181: 0 | G181: =E181-F181 -> 0
C182: =_xlfn.XLOOKUP(A182,[1]工作表3!$A:$A,[1]工作表3!$B:$B,"0") -> 0 | E182: 0 | F182: 0 | G182: =E182-F182 -> 0
C183: =_xlfn.XLOOKUP(A183,[1]工作表3!$A:$A,[1]工作表3!$B:$B,"0") -> 0 | E183: 0 | F183: 0 | G183: =E183-F183 -> 0
C184: =_xlfn.XLOOKUP(A184,[1]工作表3!$A:$A,[1]工作表3!$B:$B,"0") -> 0 | E184: 4320 | F184: 2880 | G184: =E184-F184 -> 1440
C185: =_xlfn.XLOOKUP(A185,[1]工作表3!$A:$A,[1]工作表3!$B:$B,"0") -> 0 | E185: 0 | F185: 0 | G185: =E185-F185 -> 0
C186: =_xlfn.XLOOKUP(A186,[1]工作表3!$A:$A,[1]工作表3!$B:$B,"0") -> 0 | E186: 0 | F186: 0 | G186: =E186-F186 -> 0
C187: =_xlfn.XLOOKUP(A187,[1]工作表3!$A:$A,[1]工作表3!$B:$B,"0") -> 0 | E187: 0 | F187: 0 | G187: =E187-F187 -> 0
... C202: =_xlfn.XLOOKUP(A202,[1]工作表3!$A:$A,[1]工作表3!$B:$B,"0") -> 0 | E202: 0 | F202: 0 | G202: =E202-F202 -> 0
C203: =_xlfn.XLOOKUP(A203,[1]工作表3!$A:$A,[1]工作表3!$B:$B,"0") -> 0 | E203: 0 | F203: 0 | G203: =E203-F203 -> 0
C204: =_xlfn.XLOOKUP(A204,[1]工作表3!$A:$A,[1]工作表3!$B:$B,"0") -> 0 | E204: 0 | F204: 0 | G204: =E204-F204 -> 0
C205: =_xlfn.XLOOKUP(A205,[1]工作表3!$A:$A,[1]工作表3!$B:$B,"0") -> 0 | E205: 0 | F205: 0 | G205: =E205-F205 -> 0
C206: =_xlfn.XLOOKUP(A206,[1]工作表3!$A:$A,[1]工作表3!$B:$B,"0") -> 0 | E206: 0 | F206: 0 | G206: =E206-F206 -> 0
C207: =_xlfn.XLOOKUP(A207,[1]工作表3!$A:$A,[1]工作表3!$B:$B,"0") -> 0 | E207: 0 | F207: 0 | G207: =E207-F207 -> 0
C208: =_xlfn.XLOOKUP(A208,[1]工作表3!$A:$A,[1]工作表3!$B:$B,"0") -> 0 | E208: 0 | F208: 0 | G208: =E208-F208 -> 0
C209: =_xlfn.XLOOKUP(A209,[1]工作表3!$A:$A,[1]工作表3!$B:$B,"0") -> 0 | E209: 2520 | F209: 2520 | G209: =E209-F209 -> 0
C210: =_xlfn.XLOOKUP(A210,[1]工作表3!$A:$A,[1]工作表3!$B:$B,"0") -> 0 | E210: 4320 | F210: 4320 | G210: =E210-F210 -> 0
C211: =_xlfn.XLOOKUP(A211,[1]工作表3!$A:$A,[1]工作表3!$B:$B,"0") -> 0 | E211: 10800 | F211: 10800 | G211: =E211-F211 -> 0
C212: =_xlfn.XLOOKUP(A212,[1]工作表3!$A:$A,[1]工作表3!$B:$B,"0") -> 0 | E212: 0 | F212: 0 | G212: =E212-F212 -> 0
C213: =_xlfn.XLOOKUP(A213,[1]工作表3!$A:$A,[1]工作表3!$B:$B,"0") -> 0 | E213: 3600 | F213: 3600 | G213: =E213-F213 -> 0
C214: =_xlfn.XLOOKUP(A214,[1]工作表3!$A:$A,[1]工作表3!$B:$B,"0") -> 0 | E214: 0 | F214: 0 | G214: =E214-F214 -> 0
C215: =_xlfn.XLOOKUP(A215,[1]工作表3!$A:$A,[1]工作表3!$B:$B,"0") -> 0 | E215: 0 | F215: 0 | G215: =E215-F215 -> 0
... C232: =_xlfn.XLOOKUP(A232,[1]工作表3!$A:$A,[1]工作表3!$B:$B,"0") -> 0 | E232: 0 | F232: 0 | G232: =E232-F232 -> 0
C233: =_xlfn.XLOOKUP(A233,[1]工作表3!$A:$A,[1]工作表3!$B:$B,"0") -> 0 | E233: 0 | F233: 0 | G233: =E233-F233 -> 0
C234: =_xlfn.XLOOKUP(A234,[1]工作表3!$A:$A,[1]工作表3!$B:$B,"0") -> 0 | E234: 0 | F234: 120 | G234: =E234-F234 -> -120
C235: =_xlfn.XLOOKUP(A235,[1]工作表3!$A:$A,[1]工作表3!$B:$B,"0") -> 0 | E235: 3000 | F235: 3000 | G235: =E235-F235 -> 0
C236: =_xlfn.XLOOKUP(A236,[1]工作表3!$A:$A,[1]工作表3!$B:$B,"0") -> 0 | E236: 3000 | F236: 3000 | G236: =E236-F236 -> 0
C237: =_xlfn.XLOOKUP(A237,[1]工作表3!$A:$A,[1]工作表3!$B:$B,"0") -> 0 | E237: 4320 | F237: 4320 | G237: =E237-F237 -> 0
C238: =_xlfn.XLOOKUP(A238,[1]工作表3!$A:$A,[1]工作表3!$B:$B,"0") -> 0 | E238: 3120 | F238: 3120 | G238: =E238-F238 -> 0
C239: =_xlfn.XLOOKUP(A239,[1]工作表3!$A:$A,[1]工作表3!$B:$B,"0") -> 0 | E239: 0 | F239: 0 | G239: =E239-F239 -> 0
C240: =_xlfn.XLOOKUP(A240,[1]工作表3!$A:$A,[1]工作表3!$B:$B,"0") -> 0 | E240: 0 | F240: 0 | G240: =E240-F240 -> 0
C241: =_xlfn.XLOOKUP(A241,[1]工作表3!$A:$A,[1]工作表3!$B:$B,"0") -> 0 | E241: 0 | F241: 0 | G241: =E241-F241 -> 0
C242: =_xlfn.XLOOKUP(A242,[1]工作表3!$A:$A,[1]工作表3!$B:$B,"0") -> 0 | E242: 0 | F242: 0 | G242: =E242-F242 -> 0
C243: =_xlfn.XLOOKUP(A243,[1]工作表3!$A:$A,[1]工作表3!$B:$B,"0") -> 0 | E243: 0 | F243: 0 | G243: =E243-F243 -> 0
C244: =_xlfn.XLOOKUP(A244,[1]工作表3!$A:$A,[1]工作表3!$B:$B,"0") -> 0 | E244: 8640 | F244: 8640 | G244: =E244-F244 -> 0
C245: =_xlfn.XLOOKUP(A245,[1]工作表3!$A:$A,[1]工作表3!$B:$B,"0") -> 0 | E245: 5760 | F245: 5760 | G245: =E245-F245 -> 0
... C249: =_xlfn.XLOOKUP(A249,[1]工作表3!$A:$A,[1]工作表3!$B:$B,"0") -> 0 | E249: 1560 | F249: 1560 | G249: =E249-F249 -> 0
C250: =_xlfn.XLOOKUP(A250,[1]工作表3!$A:$A,[1]工作表3!$B:$B,"0") -> 0
C251: =_xlfn.XLOOKUP(A251,[1]工作表3!$A:$A,[1]工作表3!$B:$B,"0") -> 0 | E251: =SUM(E4:E250) -> 463824 | F251: =SUM(F4:F250) -> 458064 | G251: =SUM(G4:G250) -> 5760

Sheet 工作表4
A3: 加總 - Aug Q'ty
A4: 3610759.1 | C4: =_xlfn.XLOOKUP(A4,[2]工作表1!$A:$A,[2]工作表1!$B:$B,"0") -> 0 | E4: 0 | F4: 0 | G4: =E4-F4 -> 0
C5: =_xlfn.XLOOKUP(A5,[2]工作表1!$A:$A,[2]工作表1!$B:$B,"0") -> 0 | E5: 0 | F5: 0 | G5: =E5-F5 -> 0
C6: =_xlfn.XLOOKUP(A6,[2]工作表1!$A:$A,[2]工作表1!$B:$B,"0") -> 0 | E6: 23040 | F6: 23040 | G6: =E6-F6 -> 0
C7: =_xlfn.XLOOKUP(A7,[2]工作表1!$A:$A,[2]工作表1!$B:$B,"0") -> 0 | E7: 3840 | F7: 3840 | G7: =E7-F7 -> 0
C8: =_xlfn.XLOOKUP(A8,[2]工作表1!$A:$A,[2]工作表1!$B:$B,"0") -> 0 | E8: 21280 | F8: 21280 | G8: =E8-F8 -> 0
C9: =_xlfn.XLOOKUP(A9,[2]工作表1!$A:$A,[2]工作表1!$B:$B,"0") -> 0 | E9: 8960 | F9: 8960 | G9: =E9-F9 -> 0
C10: =_xlfn.XLOOKUP(A10,[2]工作表1!$A:$A,[2]工作表1!$B:$B,"0") -> 0 | E10: 7680 | F10: 7680 | G10: =E10-F10 -> 0
C11: =_xlfn.XLOOKUP(A11,[2]工作表1!$A:$A,[2]工作表1!$B:$B,"0") -> 0 | E11: 0 | F11: 0 | G11: =E11-F11 -> 0
C12: =_xlfn.XLOOKUP(A12,[2]工作表1!$A:$A,[2]工作表1!$B:$B,"0") -> 0 | E12: 0 | F12: 0 | G12: =E12-F12 -> 0
C13: =_xlfn.XLOOKUP(A13,[2]工作表1!$A:$A,[2]工作表1!$B:$B,"0") -> 0 | E13: 0 | F13: 0 | G13: =E13-F13 -> 0
C14: =_xlfn.XLOOKUP(A14,[2]工作表1!$A:$A,[2]工作表1!$B:$B,"0") -> 0 | E14: 0 | F14: 0 | G14: =E14-F14 -> 0
C15: =_xlfn.XLOOKUP(A15,[2]工作表1!$A:$A,[2]工作表1!$B:$B,"0") -> 0 | E15: 0 | F15: 0 | G15: =E15-F15 -> 0
C16: =_xlfn.XLOOKUP(A16,[2]工作表1!$A:$A,[2]工作表1!$B:$B,"0") -> 0 | E16: 0 | F16: 0 | G16: =E16-F16 -> 0
... C38: =_xlfn.XLOOKUP(A38,[2]工作表1!$A:$A,[2]工作表1!$B:$B,"0") -> 0 | E38: 4800 | F38: 4800 | G38: =E38-F38 -> 0
C39: =_xlfn.XLOOKUP(A39,[2]工作表1!$A:$A,[2]工作表1!$B:$B,"0") -> 0 | E39: 0 | F39: 0 | G39: =E39-F39 -> 0
C40: =_xlfn.XLOOKUP(A40,[2]工作表1!$A:$A,[2]工作表1!$B:$B,"0") -> 0 | E40: 2600 | F40: 2600 | G40: =E40-F40 -> 0
C41: =_xlfn.XLOOKUP(A41,[2]工作表1!$A:$A,[2]工作表1!$B:$B,"0") -> 0 | E41: 10400 | F41: 0 | G41: =E41-F41 -> 10400
C42: =_xlfn.XLOOKUP(A42,[2]工作表1!$A:$A,[2]工作表1!$B:$B,"0") -> 0 | E42: 0 | F42: 0 | G42: =E42-F42 -> 0
C43: =_xlfn.XLOOKUP(A43,[2]工作表1!$A:$A,[2]工作表1!$B:$B,"0") -> 0 | E43: 5200 | F43: 5200 | G43: =E43-F43 -> 0
C44: =_xlfn.XLOOKUP(A44,[2]工作表1!$A:$A,[2]工作表1!$B:$B,"0") -> 0 | E44: 0 | F44: 0 | G44: =E44-F44 -> 0
C45: =_xlfn.XLOOKUP(A45,[2]工作表1!$A:$A,[2]工作表1!$B:$B,"0") -> 0 | E45: 2880 | F45: 2880 | G45: =E45-F45 -> 0
C46: =_xlfn.XLOOKUP(A46,[2]工作表1!$A:$A,[2]工作表1!$B:$B,"0") -> 0 | E46: 0 | F46: 0 | G46: =E46-F46 -> 0
C47: =_xlfn.XLOOKUP(A47,[2]工作表1!$A:$A,[2]工作表1!$B:$B,"0") -> 0 | E47: 0 | F47: 0 | G47: =E47-F47 -> 0
C48: =_xlfn.XLOOKUP(A48,[2]工作表1!$A:$A,[2]工作表1!$B:$B,"0") -> 0 | E48: 2880 | F48: 2880 | G48: =E48-F48 -> 0
C49: =_xlfn.XLOOKUP(A49,[2]工作表1!$A:$A,[2]工作表1!$B:$B,"0") -> 0 | E49: 0 | F49: 0 | G49: =E49-F49 -> 0
C50: =_xlfn.XLOOKUP(A50,[2]工作表1!$A:$A,[2]工作表1!$B:$B,"0") -> 0 | E50: 11520 | F50: 11520 | G50: =E50-F50 -> 0
C51: =_xlfn.XLOOKUP(A51,[2]工作表1!$A:$A,[2]工作表1!$B:$B,"0") -> 0 | E51: 0 | F51: 0 | G51: =E51-F51 -> 0
C52: =_xlfn.XLOOKUP(A52,[2]工作表1!$A:$A,[2]工作表1!$B:$B,"0") -> 0 | E52: 5760 | F52: 5760 | G52: =E52-F52 -> 0
C53: =_xlfn.XLOOKUP(A53,[2]工作表1!$A:$A,[2]工作表1!$B:$B,"0") -> 0 | E53: 0 | F53: 0 | G53: =E53-F53 -> 0
C54: =_xlfn.XLOOKUP(A54,[2]工作表1!$A:$A,[2]工作表1!$B:$B,"0") -> 0 | E54: 25920 | F54: 25920 | G54: =E54-F54 -> 0
... C58: =_xlfn.XLOOKUP(A58,[2]工作表1!$A:$A,[2]工作表1!$B:$B,"0") -> 0 | E58: 0 | F58: 0 | G58: =E58-F58 -> 0
C59: =_xlfn.XLOOKUP(A59,[2]工作表1!$A:$A,[2]工作表1!$B:$B,"0") -> 0 | E59: 1890 | F59: 0 | G59: =E59-F59 -> 1890
C60: =_xlfn.XLOOKUP(A60,[2]工作表1!$A:$A,[2]工作表1!$B:$B,"0") -> 0 | E60: 0 | F60: 0 | G60: =E60-F60 -> 0
C61: =_xlfn.XLOOKUP(A61,[2]工作表1!$A:$A,[2]工作表1!$B:$B,"0") -> 0 | E61: 5280 | F61: 0 | G61: =E61-F61 -> 5280
C62: =_xlfn.XLOOKUP(A62,[2]工作表1!$A:$A,[2]工作表1!$B:$B,"0") -> 0 | E62: 11500 | F62: 11500 | G62: =E62-F62 -> 0
C63: =_xlfn.XLOOKUP(A63,[2]工作表1!$A:$A,[2]工作表1!$B:$B,"0") -> 0 | E63: 5280 | F63: 0 | G63: =E63-F63 -> 5280
C64: =_xlfn.XLOOKUP(A64,[2]工作表1!$A:$A,[2]工作表1!$B:$B,"0") -> 0 | E64: 2640 | F64: 0 | G64: =E64-F64 -> 2640
C65: =_xlfn.XLOOKUP(A65,[2]工作表1!$A:$A,[2]工作表1!$B:$B,"0") -> 0 | E65: 5280 | F65: 0 | G65: =E65-F65 -> 5280
C66: =_xlfn.XLOOKUP(A66,[2]工作表1!$A:$A,[2]工作表1!$B:$B,"0") -> 0 | E66: 8640 | F66: 8640 | G66: =E66-F66 -> 0
C67: =_xlfn.XLOOKUP(A67,[2]工作表1!$A:$A,[2]工作表1!$B:$B,"0") -> 0 | E67: 0 | F67: 0 | G67: =E67-F67 -> 0
C68: =_xlfn.XLOOKUP(A68,[2]工作表1!$A:$A,[2]工作表1!$B:$B,"0") -> 0 | E68: 7200 | F68: 7200 | G68: =E68-F68 -> 0
C69: =_xlfn.XLOOKUP(A69,[2]工作表1!$A:$A,[2]工作表1!$B:$B,"0") -> 0 | E69: 0 | F69: 0 | G69: =E69-F69 -> 0
C70: =_xlfn.XLOOKUP(A70,[2]工作表1!$A:$A,[2]工作表1!$B:$B,"0") -> 0 | E70: 0 | F70: 0 | G70: =E70-F70 -> 0
C71: =_xlfn.XLOOKUP(A71,[2]工作表1!$A:$A,[2]工作表1!$B:$B,"0") -> 0 | E71: 1280 | F71: 1280 | G71: =E71-F71 -> 0
C72: =_xlfn.XLOOKUP(A72,[2]工作表1!$A:$A,[2]工作表1!$B:$B,"0") -> 0 | E72: 0 | F72: 0 | G72: =E72-F72 -> 0
C73: =_xlfn.XLOOKUP(A73,[2]工作表1!$A:$A,[2]工作表1!$B:$B,"0") -> 0 | E73: 0 | F73: 0 | G73: =E73-F73 -> 0
C74: =_xlfn.XLOOKUP(A74,[2]工作表1!$A:$A,[2]工作表1!$B:$B,"0") -> 0 | E74: 0 | F74: 0 | G74: =E74-F74 -> 0
C75: =_xlfn.XLOOKUP(A75,[2]工作表1!$A:$A,[2]工作表1!$B:$B,"0") -> 0 | E75: 5760 | F75: 5760 | G75: =E75-F75 -> 0
... C106: =_xlfn.XLOOKUP(A106,[2]工作表1!$A:$A,[2]工作表1!$B:$B,"0") -> 0 | E106: 0 | F106: 0 | G106: =E106-F106 -> 0
C107: =_xlfn.XLOOKUP(A107,[2]工作表1!$A:$A,[2]工作表1!$B:$B,"0") -> 0 | E107: 0 | F107: 0 | G107: =E107-F107 -> 0
C108: =_xlfn.XLOOKUP(A108,[2]工作表1!$A:$A,[2]工作表1!$B:$B,"0") -> 0 | E108: 5600 | F108: 5600 | G108: =E108-F108 -> 0
C109: =_xlfn.XLOOKUP(A109,[2]工作表1!$A:$A,[2]工作表1!$B:$B,"0") -> 0 | E109: 0 | F109: 0 | G109: =E109-F109 -> 0
C110: =_xlfn.XLOOKUP(A110,[2]工作表1!$A:$A,[2]工作表1!$B:$B,"0") -> 0 | E110: 5600 | F110: 5600 | G110: =E110-F110 -> 0
C111: =_xlfn.XLOOKUP(A111,[2]工作表1!$A:$A,[2]工作表1!$B:$B,"0") -> 0 | E111: 0 | F111: 0 | G111: =E111-F111 -> 0
C112: =_xlfn.XLOOKUP(A112,[2]工作表1!$A:$A,[2]工作表1!$B:$B,"0") -> 0 | E112: 0 | F112: 0 | G112: =E112-F112 -> 0
C113: =_xlfn.XLOOKUP(A113,[2]工作表1!$A:$A,[2]工作表1!$B:$B,"0") -> 0 | E113: 0 | F113: 0 | G113: =E113-F113 -> 0
C114: =_xlfn.XLOOKUP(A114,[2]工作表1!$A:$A,[2]工作表1!$B:$B,"0") -> 0 | E114: 0 | F114: 0 | G114: =E114-F114 -> 0
C115: =_xlfn.XLOOKUP(A115,[2]工作表1!$A:$A,[2]工作表1!$B:$B,"0") -> 0 | E115: 0 | F115: 0 | G115: =E115-F115 -> 0
C116: =_xlfn.XLOOKUP(A116,[2]工作表1!$A:$A,[2]工作表1!$B:$B,"0") -> 0 | E116: 0 | F116: 0 | G116: =E116-F116 -> 0
C117: =_xlfn.XLOOKUP(A117,[2]工作表1!$A:$A,[2]工作表1!$B:$B,"0") -> 0 | E117: 0 | F117: 0 | G117: =E117-F117 -> 0
C118: =_xlfn.XLOOKUP(A118,[2]工作表1!$A:$A,[2]工作表1!$B:$B,"0") -> 0 | E118: 0 | F118: 0 | G118: =E118-F118 -> 0
C119: =_xlfn.XLOOKUP(A119,[2]工作表1!$A:$A,[2]工作表1!$B:$B,"0") -> 0 | E119: 0 | F119: 0 | G119: =E119-F119 -> 0
... C166: =_xlfn.XLOOKUP(A166,[2]工作表1!$A:$A,[2]工作表1!$B:$B,"0") -> 0 | E166: 0 | F166: 0 | G166: =E166-F166 -> 0
C167: =_xlfn.XLOOKUP(A167,[2]工作表1!$A:$A,[2]工作表1!$B:$B,"0") -> 0 | E167: 2880 | F167: 0 | G167: =E167-F167 -> 2880
C168: =_xlfn.XLOOKUP(A168,[2]工作表1!$A:$A,[2]工作表1!$B:$B,"0") -> 0 | E168: 2880 | F168: 2880 | G168: =E168-F168 -> 0
C169: =_xlfn.XLOOKUP(A169,[2]工作表1!$A:$A,[2]工作表1!$B:$B,"0") -> 0 | E169: 0 | F169: 0 | G169: =E169-F169 -> 0
C170: =_xlfn.XLOOKUP(A170,[2]工作表1!$A:$A,[2]工作表1!$B:$B,"0") -> 0 | E170: 0 | F170: 0 | G170: =E170-F170 -> 0
C171: =_xlfn.XLOOKUP(A171,[2]工作表1!$A:$A,[2]工作表1!$B:$B,"0") -> 0 | E171: 0 | F171: 0 | G171: =E171-F171 -> 0
C172: =_xlfn.XLOOKUP(A172,[2]工作表1!$A:$A,[2]工作表1!$B:$B,"0") -> 0 | E172: 0 | F172: 0 | G172: =E172-F172 -> 0
C173: =_xlfn.XLOOKUP(A173,[2]工作表1!$A:$A,[2]工作表1!$B:$B,"0") -> 0 | E173: 0 | F173: 0 | G173: =E173-F173 -> 0
C174: =_xlfn.XLOOKUP(A174,[2]工作表1!$A:$A,[2]工作表1!$B:$B,"0") -> 0 | E174: 3200 | F174: 0 | G174: =E174-F174 -> 3200
C175: =_xlfn.XLOOKUP(A175,[2]工作表1!$A:$A,[2]工作表1!$B:$B,"0") -> 0 | E175: 0 | F175: 0 | G175: =E175-F175 -> 0
C176: =_xlfn.XLOOKUP(A176,[2]工作表1!$A:$A,[2]工作表1!$B:$B,"0") -> 0 | E176: 1440 | F176: 1440 | G176: =E176-F176 -> 0
C177: =_xlfn.XLOOKUP(A177,[2]工作表1!$A:$A,[2]工作表1!$B:$B,"0") -> 0 | E177: 0 | F177: 0 | G177: =E177-F177 -> 0
C178: =_xlfn.XLOOKUP(A178,[2]工作表1!$A:$A,[2]工作表1!$B:$B,"0") -> 0 | E178: 1440 | F178: 1440 | G178: =E178-F178 -> 0
C179: =_xlfn.XLOOKUP(A179,[2]工作表1!$A:$A,[2]工作表1!$B:$B,"0") -> 0 | E179: 1440 | F179: 1440 | G179: =E179-F179 -> 0
C180: =_xlfn.XLOOKUP(A180,[2]工作表1!$A:$A,[2]工作表1!$B:$B,"0") -> 0 | E180: 14400 | F180: 14400 | G180: =E180-F180 -> 0
C181: =_xlfn.XLOOKUP(A181,[2]工作表1!$A:$A,[2]工作表1!$B:$B,"0") -> 0 | E181: 1440 | F181: 1440 | G181: =E181-F181 -> 0
C182: =_xlfn.XLOOKUP(A182,[2]工作表1!$A:$A,[2]工作表1!$B:$B,"0") -> 0 | E182: 0 | F182: 0 | G182: =E182-F182 -> 0
C183: =_xlfn.XLOOKUP(A183,[2]工作表1!$A:$A,[2]工作表1!$B:$B,"0") -> 0 | E183: 0 | F183: 0 | G183: =E183-F183 -> 0
C184: =_xlfn.XLOOKUP(A184,[2]工作表1!$A:$A,[2]工作表1!$B:$B,"0") -> 0 | E184: 0 | F184: 0 | G184: =E184-F184 -> 0
C185: =_xlfn.XLOOKUP(A185,[2]工作表1!$A:$A,[2]工作表1!$B:$B,"0") -> 0 | E185: 0 | F185: 0 | G185: =E185-F185 -> 0
C186: =_xlfn.XLOOKUP(A186,[2]工作表1!$A:$A,[2]工作表1!$B:$B,"0") -> 0 | E186: 0 | F186: 0 | G186: =E186-F186 -> 0
C187: =_xlfn.XLOOKUP(A187,[2]工作表1!$A:$A,[2]工作表1!$B:$B,"0") -> 0 | E187: 0 | F187: 0 | G187: =E187-F187 -> 0
... C203: =_xlfn.XLOOKUP(A203,[2]工作表1!$A:$A,[2]工作表1!$B:$B,"0") -> 0 | E203: 0 | F203: 0 | G203: =E203-F203 -> 0
C204: =_xlfn.XLOOKUP(A204,[2]工作表1!$A:$A,[2]工作表1!$B:$B,"0") -> 0 | E204: 0 | F204: 0 | G204: =E204-F204 -> 0
C205: =_xlfn.XLOOKUP(A205,[2]工作表1!$A:$A,[2]工作表1!$B:$B,"0") -> 0 | E205: 0 | F205: 0 | G205: =E205-F205 -> 0
C206: =_xlfn.XLOOKUP(A206,[2]工作表1!$A:$A,[2]工作表1!$B:$B,"0") -> 0 | E206: 0 | F206: 0 | G206: =E206-F206 -> 0
C207: =_xlfn.XLOOKUP(A207,[2]工作表1!$A:$A,[2]工作表1!$B:$B,"0") -> 0 | E207: 0 | F207: 0 | G207: =E207-F207 -> 0
C208: =_xlfn.XLOOKUP(A208,[2]工作表1!$A:$A,[2]工作表1!$B:$B,"0") -> 0 | E208: 0 | F208: 0 | G208: =E208-F208 -> 0
C209: =_xlfn.XLOOKUP(A209,[2]工作表1!$A:$A,[2]工作表1!$B:$B,"0") -> 0 | E209: 2520 | F209: 2520 | G209: =E209-F209 -> 0
C210: =_xlfn.XLOOKUP(A210,[2]工作表1!$A:$A,[2]工作表1!$B:$B,"0") -> 0 | E210: 4320 | F210: 4320 | G210: =E210-F210 -> 0
C211: =_xlfn.XLOOKUP(A211,[2]工作表1!$A:$A,[2]工作表1!$B:$B,"0") -> 0 | E211: 7200 | F211: 7200 | G211: =E211-F211 -> 0
C212: =_xlfn.XLOOKUP(A212,[2]工作表1!$A:$A,[2]工作表1!$B:$B,"0") -> 0 | E212: 0 | F212: 0 | G212: =E212-F212 -> 0
C213: =_xlfn.XLOOKUP(A213,[2]工作表1!$A:$A,[2]工作表1!$B:$B,"0") -> 0 | E213: 0 | F213: 0 | G213: =E213-F213 -> 0
C214: =_xlfn.XLOOKUP(A214,[2]工作表1!$A:$A,[2]工作表1!$B:$B,"0") -> 0 | E214: 0 | F214: 0 | G214: =E214-F214 -> 0
C215: =_xlfn.XLOOKUP(A215,[2]工作表1!$A:$A,[2]工作表1!$B:$B,"0") -> 0 | E215: 0 | F215: 0 | G215: =E215-F215 -> 0
C216: =_xlfn.XLOOKUP(A216,[2]工作表1!$A:$A,[2]工作表1!$B:$B,"0") -> 0 | E216: 20400 | F216: 20400 | G216: =E216-F216 -> 0
C217: =_xlfn.XLOOKUP(A217,[2]工作表1!$A:$A,[2]工作表1!$B:$B,"0") -> 0 | E217: 0 | F217: 0 | G217: =E217-F217 -> 0
...

Sheet 工作表2
A3: 列標籤 | B3: 加總 - Sep Rebate Amount
A4: Bogota | B4: 0 | C4: =_xlfn.XLOOKUP(A4,#REF!,#REF!) -> #REF!
A5: Brac | B5: 30621.6 | C5: =_xlfn.XLOOKUP(A5,#REF!,#REF!) -> #REF!
A6: Brain | B6: 70.56 | C6: =_xlfn.XLOOKUP(A6,#REF!,#REF!) -> #REF!
A7: Brazilia | B7: 0 | C7: =_xlfn.XLOOKUP(A7,#REF!,#REF!) -> #REF!
A8: Buble 2 | B8: 1296 | C8: =_xlfn.XLOOKUP(A8,#REF!,#REF!) -> #REF!
A9: Capri | B9: 0 | C9: =_xlfn.XLOOKUP(A9,#REF!,#REF!) -> #REF!
A10: Elephanta | B10: 0 | C10: =_xlfn.XLOOKUP(A10,#REF!,#REF!) -> #REF!
A11: Gadget | B11: 4335.6 | C11: =_xlfn.XLOOKUP(A11,#REF!,#REF!) -> #REF!
A12: Gadget dual | B12: 2466 | C12: =_xlfn.XLOOKUP(A12,#REF!,#REF!) -> #REF!
A13: Galapagos | B13: 0 | C13: =_xlfn.XLOOKUP(A13,#REF!,#REF!) -> #REF!
A14: Havelock | B14: 1267.2 | C14: =_xlfn.XLOOKUP(A14,#REF!,#REF!) -> #REF!
A15: Havelock KB | B15: 324 | C15: =_xlfn.XLOOKUP(A15,#REF!,#REF!) -> #REF!
... A38: 總計 | B38: 70368.16 | C38: =_xlfn.XLOOKUP(A38,#REF!,#REF!) -> #REF!

Sheet 工作表5
A1: Platforms | B1: Brac
A3: 列標籤 | B3: 加總 - Sep Rebate Amount
A4: 18H24AA#AB1 | B4: 0
A5: 18H24AA#ABA | B5: 6220.8
A6: 18H24AA#ABM | B6: 460.8
A7: 18H24AA#AC3 | B7: 8460
A8: 18H24AA#AC4 | B8: 0
A9: 18H24AA#UUF | B9: 2304
A10: 1Y4D0AA#AB1 | B10: 0
A11: 1Y4D0AA#ABA | B11: 0
A12: 1Y4D0AA#ABC | B12: 0
A13: 1Y4D0AA#ABM | B13: 0
A14: 1Y4D0AA#AC3 | B14: 0
A15: 1Y4D0AA#AC4 | B15: 0
... A25: 總計 | B25: 30621.6

Sheet 工作表7
A3: 加總 - Nov Q'ty
A4: 3033552.6

Sheet 工作表6
A3: 列標籤
A4: Bogota | C4: =_xlfn.XLOOKUP(A4,'[3]工作表1 (2)'!$A:$A,'[3]工作表1 (2)'!$B:$B) -> #N/A | D4: =B4-C4 -> #N/A
A5: Brac | C5: =_xlfn.XLOOKUP(A5,'[3]工作表1 (2)'!$A:$A,'[3]工作表1 (2)'!$B:$B) -> Flextronics CZ | D5: =B5-C5 -> #VALUE!
A6: Brain | C6: =_xlfn.XLOOKUP(A6,'[3]工作表1 (2)'!$A:$A,'[3]工作表1 (2)'!$B:$B) -> #N/A | D6: =B6-C6 -> #N/A
A7: Brazilia | C7: =_xlfn.XLOOKUP(A7,'[3]工作表1 (2)'!$A:$A,'[3]工作表1 (2)'!$B:$B) -> #N/A | D7: =B7-C7 -> #N/A
A8: Buble 2 | C8: =_xlfn.XLOOKUP(A8,'[3]工作表1 (2)'!$A:$A,'[3]工作表1 (2)'!$B:$B) -> #N/A | D8: =B8-C8 -> #N/A
A9: Capri | C9: =_xlfn.XLOOKUP(A9,'[3]工作表1 (2)'!$A:$A,'[3]工作表1 (2)'!$B:$B) -> #N/A | D9: =B9-C9 -> #N/A
A10: Elephanta | C10: =_xlfn.XLOOKUP(A10,'[3]工作表1 (2)'!$A:$A,'[3]工作表1 (2)'!$B:$B) -> #N/A | D10: =B10-C10 -> #N/A
A11: Gadget | C11: =_xlfn.XLOOKUP(A11,'[3]工作表1 (2)'!$A:$A,'[3]工作表1 (2)'!$B:$B) -> #N/A | D11: =B11-C11 -> #N/A
A12: Gadget dual | C12: =_xlfn.XLOOKUP(A12,'[3]工作表1 (2)'!$A:$A,'[3]工作表1 (2)'!$B:$B) -> #N/A | D12: =B12-C12 -> #N/A
A13: Galapagos | C13: =_xlfn.XLOOKUP(A13,'[3]工作表1 (2)'!$A:$A,'[3]工作表1 (2)'!$B:$B) -> #N/A | D13: =B13-C13 -> #N/A
A14: Havelock | C14: =_xlfn.XLOOKUP(A14,'[3]工作表1 (2)'!$A:$A,'[3]工作表1 (2)'!$B:$B) -> #N/A | D14: =B14-C14 -> #N/A
A15: Havelock KB | C15: =_xlfn.XLOOKUP(A15,'[3]工作表1 (2)'!$A:$A,'[3]工作表1 (2)'!$B:$B) -> #N/A | D15: =B15-C15 -> #N/A
... A38: 總計 | C38: =_xlfn.XLOOKUP(A38,'[3]工作表1 (2)'!$A:$A,'[3]工作表1 (2)'!$B:$B) -> 0 | D38: =B38-C38 -> 0

Sheet FY25 Summary_1
B3: Acrox | C3: 2024 11 | D3: 2024 12 | E3: 2025 01 | F3: Total Q1
B4: Rebate amount | C4: ='FY25'!AM1 -> 74615.32 | D4: ='FY25'!AO1 -> 63833.84 | E4: ='FY25'!AQ1 -> 64307.24 | F4: =SUM(C4:E4) -> 202756.4
B5: E&O reduction | F5: =SUM(C5:E5) -> 0
B6: Complexity reduction | F6: =SUM(C6:E6) -> 0 | H6: 1. 新增Summary_1, 原先的Summary重新命名為Summary_2
B7: Total amount | C7: =SUM(C4:C6) -> 74615.32 | D7: =SUM(D4:D6) -> 63833.84 | E7: =SUM(E4:E6) -> 64307.24 | F7: =SUM(F4:F6) -> 202756.4
H8: 2.黃色部位為貴司名稱, 請整份報告都跟檔名貴司名稱撰寫方式一致
B10: Acrox | C10: 2025 02 | D10: 2025 03 | E10: 2025 04 | F10: Total Q2 | H10: 3. 這些欄位一定要固定, B3-B28, C3-C28, D3-D28, E3-E28, F3-F28都有賦予定義
B11: Rebate amount | C11: ='FY25'!AS1 -> 39786 | D11: ='FY25'!AU1 -> 56274.5 | E11: ='FY25'!AW1 -> 71609.2 | F11: =SUM(C11:E11) -> 167669.7
B12: E&O reduction | F12: =SUM(C12:E12) -> 0 | H12: 4. Rebate amount 指得是summary_2的page金額 (就是我們一直以來收集的金額)
B13: Complexity reduction | F13: =SUM(C13:E13) -> 0
B14: Total amount | C14: =SUM(C11:C13) -> 39786 | D14: =SUM(D11:D13) -> 56274.5 | E14: =SUM(E11:E13) -> 71609.2 | F14: =SUM(F11:F13) -> 167669.7 | H14: 5. 新增 E&O reduction 及complexity reduction品項, 先留足空間
H15: 若目前還未有此款項存在都先填0
B17: Acrox | C17: 2025 05 | D17: 2025 06 | E17: 2025 07 | F17: Total Q3 | H17: 6. 金額都放未經調整後的真實數字, 分析才具意義
B18: Rebate amount | C18: ='FY25'!AY1 -> 37898.04 | D18: ='FY25'!BA1 -> 81459.4 | E18: ='FY25'!BC1 -> 90405.6 | F18: =SUM(C18:E18) -> 209763.04
B19: E&O reduction | F19: =SUM(C19:E19) -> 0
B20: Complexity reduction | F20: =SUM(C20:E20) -> 0
B21: Total amount | C21: =SUM(C18:C20) -> 37898.04 | D21: =SUM(D18:D20) -> 81459.4 | E21: =SUM(E18:E20) -> 90405.6 | F21: =SUM(F18:F20) -> 209763.04
B24: Acrox | C24: 2025 08 | D24: 2025 09 | E24: 2025 10 | F24: Total Q4
B25: Rebate amount | C25: ='FY25'!BE1 -> 75666.9 | D25: ='FY25'!BG1 -> 105555.92 | E25: ='FY25'!BI1 -> 60563.08 | F25: =SUM(C25:E25) -> 241785.9
B26: E&O reduction
B27: Complexity reduction
B28: Total amount | C28: =SUM(C25:C27) -> 75666.9 | D28: =SUM(D25:D27) -> 105555.92 | E28: =SUM(E25:E27) -> 60563.08 | F28: =SUM(F25:F27) -> 241785.9

Sheet FY25 Summary_2
B3: Q1 Actual by Segment
C4: Segment | D4: 45597 | E4: 45627 | F4: 45658 | G4: Total Rebate in Q1 2025 (US$)
B5: CMIT Input Devices | C5: 200 series (6U)
C6: 400 series (S)
C7: 600 series (B)
C8: 800 series (P)
C9: 1000 series (M
C10: MWS (Workstation)
C11: Soft Keyboard
C12: Chrome Book
C13: Clickpad
C14: Education
C15: Peripherals/AMO
C16: Desktop
B17: Consumer Input Devices | C17: OPP
C18: Chrome Book
C19: Pavillion
C20: Spectre
C21: Envy
C22: Stream
C23: Omen
C24: Peripherals/AMO
C25: Desktop
B28: Q1 Actual by Segment
C29: Supplier | D29: 45597 | E29: 45627 | F29: 45658 | G29: Total Rebate in Q1 2025 (US$)
B30: Input Devices | C30: Acrox | D30: ='FY25 Summary_1'!C4 -> 74615.32 | E30: ='FY25 Summary_1'!D4 -> 63833.84 | F30: ='FY25 Summary_1'!E4 -> 64307.24 | G30: =SUM(D30:F30) -> 202756.4
C31: Chicony
C32: Darfon
C33: Liteon
C34: Primax
C35: Sunrex
F36: Total Rebate Amount
B39: Q2 Actual by Segment
C40: Segment | D40: 45689 | E40: 45717 | F40: 45748 | G40: Total Rebate in Q2 2025 (US$)
B41: CMIT Input Devices | C41: 200 series (6U)
C42: 400 series (S)
C43: 600 series (B)
C44: 800 series (P)
C45: 1000 series (M
C46: MWS (Workstation)
C47: Soft Keyboard
C48: Chrome Book
C49: Clickpad
C50: Education
C51: Peripherals/AMO
C52: Desktop
B53: Consumer Input Devices | C53: OPP
C54: Chrome Book
C55: Pavillion
C56: Spectre
C57: Envy
C58: Stream
C59: Omen
C60: Peripherals/AMO
C61: Desktop
B64: Q2 Actual by Segment
C65: Supplier | D65: 45689 | E65: 45717 | F65: 45748 | G65: Total Rebate in Q2 2025 (US$)
B66: Input Devices | C66: Acrox | D66: ='FY25 Summary_1'!C11 -> 39786 | E66: ='FY25 Summary_1'!D11 -> 56274.5 | F66: ='FY25 Summary_1'!E11 -> 71609.2 | G66: =SUM(D66:F66) -> 167669.7
B67: Input Devices | C67: Chicony
C68: Darfon
C69: Liteon
C70: Primax
C71: Sunrex
F72: Total Rebate Amount
B75: Q3 Actual by Segment
C76: Segment | D76: 45778 | E76: 45809 | F76: 45839 | G76: Total Rebate in Q3 2025 (US$)
B77: CMIT Input Devices | C77: 200 series (6U)
C78: 400 series (S)
C79: 600 series (B)
C80: 800 series (P)
C81: 1000 series (M
C82: MWS (Workstation)
C83: Soft Keyboard
C84: Chrome Book
C85: Clickpad
C86: Education
C87: Peripherals/AMO
C88: Desktop
B89: Consumer Input Devices | C89: OPP
C90: Chrome Book
C91: Pavillion
C92: Spectre
C93: Envy
C94: Stream
C95: Omen
C96: Peripherals/AMO
C97: Desktop
B100: Q3 Actual by Segment
C101: Supplier | D101: 45778 | E101: 45809 | F101: 45839 | G101: Total Rebate in Q3 2025 (US$)
B102: Input Devices | C102: Acrox | D102: ='FY25 Summary_1'!C18 -> 37898.04 | E102: ='FY25'!BA1 -> 81459.4 | F102: ='FY25'!BC1 -> 90405.6 | G102: =SUM(D102:F102) -> 209763.04
C103: Chicony
C104: Darfon
C105: Liteon
C106: Primax
C107: Sunrex
F108: Total Rebate Amount
B110: Q4 Actual by Segment
C111: Segment | D111: 45870 | E111: 45901 | F111: 45931 | G111: Total Rebate in Q4 2025 (US$)
B112: CMIT Input Devices | C112: 200 series (6U)
C113: 400 series (S)
...

Sheet FY26 Summary_1
B3: Acrox | C3: 2025 11 | D3: 2025 12 | E3: 2026 01 | F3: Total Q1
B4: Rebate amount | C4: ='FY26'!AM1 -> 69515.3 | D4: ='FY26'!AO1 -> 66742.3 | F4: =SUM(C4:E4) -> 136257.6
B5: E&O reduction | F5: =SUM(C5:E5) -> 0
B6: Complexity reduction | F6: =SUM(C6:E6) -> 0 | H6: 1. 新增Summary_1, 原先的Summary重新命名為Summary_2
B7: Total amount | C7: =SUM(C4:C6) -> 69515.3 | D7: =SUM(D4:D6) -> 66742.3 | E7: =SUM(E4:E6) -> 0 | F7: =SUM(F4:F6) -> 136257.6
H8: 2.黃色部位為貴司名稱, 請整份報告都跟檔名貴司名稱撰寫方式一致
B10: Acrox | C10: 2026 02 | D10: 2026 03 | E10: 2026 04 | F10: Total Q2 | H10: 3. 這些欄位一定要固定, B3-B28, C3-C28, D3-D28, E3-E28, F3-F28都有賦予定義
B11: Rebate amount | F11: =SUM(C11:E11) -> 0
B12: E&O reduction | F12: =SUM(C12:E12) -> 0 | H12: 4. Rebate amount 指得是summary_2的page金額 (就是我們一直以來收集的金額)
B13: Complexity reduction | F13: =SUM(C13:E13) -> 0
B14: Total amount | C14: =SUM(C11:C13) -> 0 | D14: =SUM(D11:D13) -> 0 | E14: =SUM(E11:E13) -> 0 | F14: =SUM(F11:F13) -> 0 | H14: 5. 新增 E&O reduction 及complexity reduction品項, 先留足空間
H15: 若目前還未有此款項存在都先填0
B17: Acrox | C17: 2026 05 | D17: 2026 06 | E17: 2026 07 | F17: Total Q3 | H17: 6. 金額都放未經調整後的真實數字, 分析才具意義
B18: Rebate amount | F18: =SUM(C18:E18) -> 0
B19: E&O reduction | F19: =SUM(C19:E19) -> 0
B20: Complexity reduction | F20: =SUM(C20:E20) -> 0
B21: Total amount | C21: =SUM(C18:C20) -> 0 | D21: =SUM(D18:D20) -> 0 | E21: =SUM(E18:E20) -> 0 | F21: =SUM(F18:F20) -> 0
B24: Acrox | C24: 2026 08 | D24: 2026 09 | E24: 2026 10 | F24: Total Q4
B25: Rebate amount | F25: =SUM(C25:E25) -> 0
B26: E&O reduction
B27: Complexity reduction
B28: Total amount | C28: =SUM(C25:C27) -> 0 | D28: =SUM(D25:D27) -> 0 | E28: =SUM(E25:E27) -> 0 | F28: =SUM(F25:F27) -> 0

Sheet FY26 Summary_2
B3: Q1 Actual by Segment
C4: Segment | D4: 2025 11 | E4: 2025 12 | F4: 2026 01 | G4: Total Rebate in Q1 2026 (US$)
B5: CMIT Input Devices | C5: 200 series (6U)
C6: 400 series (S)
C7: 600 series (B)
C8: 800 series (P)
C9: 1000 series (M
C10: MWS (Workstation)
C11: Soft Keyboard
C12: Chrome Book
C13: Clickpad
C14: Education
C15: Peripherals/AMO
C16: Desktop
B17: Consumer Input Devices | C17: OPP
C18: Chrome Book
C19: Pavillion
C20: Spectre
C21: Envy
C22: Stream
C23: Omen
C24: Peripherals/AMO
C25: Desktop
B28: Q1 Actual by Segment
C29: Supplier | D29: 2025 11 | E29: 2025 12 | F29: 2026 01 | G29: Total Rebate in Q1 2026 (US$)
B30: Input Devices | C30: Acrox | D30: ='FY26 Summary_1'!C4 -> 69515.3 | E30: ='FY26 Summary_1'!D4 -> 66742.3 | G30: =SUM(D30:F30) -> 136257.6
C31: Chicony
C32: Darfon
C33: Liteon
C34: Primax
C35: Sunrex
F36: Total Rebate Amount
B39: Q2 Actual by Segment
C40: Segment | D40: 2026 02 | E40: 2026 03 | F40: 2026 04 | G40: Total Rebate in Q2 2026 (US$)
B41: CMIT Input Devices | C41: 200 series (6U)
C42: 400 series (S)
C43: 600 series (B)
C44: 800 series (P)
C45: 1000 series (M
C46: MWS (Workstation)
C47: Soft Keyboard
C48: Chrome Book
C49: Clickpad
C50: Education
C51: Peripherals/AMO
C52: Desktop
B53: Consumer Input Devices | C53: OPP
C54: Chrome Book
C55: Pavillion
C56: Spectre
C57: Envy
C58: Stream
C59: Omen
C60: Peripherals/AMO
C61: Desktop
B64: Q2 Actual by Segment
C65: Supplier | D65: 2026 02 | E65: 2026 03 | F65: 2026 04 | G65: Total Rebate in Q2 2026 (US$)
B66: Input Devices | C66: Acrox | D66: ='FY26 Summary_1'!C11 -> 0 | E66: ='FY26 Summary_1'!D11 -> 0 | F66: ='FY26 Summary_1'!E11 -> 0 | G66: =SUM(D66:F66) -> 0
B67: Input Devices | C67: Chicony
C68: Darfon
C69: Liteon
C70: Primax
C71: Sunrex
F72: Total Rebate Amount
B75: Q3 Actual by Segment
C76: Segment | D76: 2026 05 | E76: 2026 06 | F76: 2026 07 | G76: Total Rebate in Q3 2026 (US$)
B77: CMIT Input Devices | C77: 200 series (6U)
C78: 400 series (S)
C79: 600 series (B)
C80: 800 series (P)
C81: 1000 series (M
C82: MWS (Workstation)
C83: Soft Keyboard
C84: Chrome Book
C85: Clickpad
C86: Education
C87: Peripherals/AMO
C88: Desktop
B89: Consumer Input Devices | C89: OPP
C90: Chrome Book
C91: Pavillion
C92: Spectre
C93: Envy
C94: Stream
C95: Omen
C96: Peripherals/AMO
C97: Desktop
B100: Q3 Actual by Segment
C101: Supplier | D101: 2026 05 | E101: 2026 06 | F101: 2026 07 | G101: Total Rebate in Q3 2026 (US$)
B102: Input Devices | C102: Acrox | G102: =SUM(D102:F102) -> 0
C103: Chicony
C104: Darfon
C105: Liteon
C106: Primax
C107: Sunrex
F108: Total Rebate Amount
B110: Q4 Actual by Segment
C111: Segment | D111: 2026 08 | E111: 2026 09 | F111: 2026 10 | G111: Total Rebate in Q4 2026 (US$)
B112: CMIT Input Devices | C112: 200 series (6U)
C113: 400 series (S)
...

Sheet FY24
D1: Consumer/Commercial/ Peripheral | E1: NB/DT/Peripheral | G1: 2020/2021/2022 | H1: Remove Size/Color, define Platform naming Hagrid/Hedwig/Granger/Ashmore/Ramla (follow naming rule of product list) | I1: NBL KB/BL KB/Mouse /Combo/Clickpad/Others | J1: NA/ | K1: NA/ | L1: (E China/W China/S China/NMC) | M1: COMPAL/ QUANTA /INVENTEC /WISTRON/ FOXCONN/ OTHERS | AP1: =SUM(AP3:AP1072) -> 36153.6 | AR1: =SUM(AR3:AR1072) -> 24589.2 | AT1: =SUM(AT3:AT1072) -> 45935.6 | AV1: =SUM(AV3:AV1072) -> 12514.2 | AX1: =SUM(AX3:AX1072) -> 37755 | AZ1: =SUM(AZ3:AZ1072) -> 54170 | BB1: =SUM(BB3:BB1072) -> 58734.6 | BD1: =SUM(BD3:BD1072) -> 46686 | BF1: =SUM(BF3:BF1072) -> 40968.2 | BH1: =SUM(BH3:BH1072) -> 43588.6 | BJ1: =SUM(BJ3:BJ1072) -> 70368.16 | BL1: =SUM(BL3:BL1072) -> 59608.44
A2: FY24 | B2: SPM (Project Owner) | C2: GTK Suppliers | D2: Category | E2: Segment | F2: Series | G2: Production Year | H2: Platforms | I2: Product | J2: Size | K2: Color | L2: Location | M2: ODM | N2: RFQ Final Cost | O2: The lowest unit table price (ODM cost) | P2: Table Price Nov | Q2: Table Price Dec | R2: Table Price Jan | S2: Table Price Feb | T2: Table Price Mar | U2: Table Price Apr | V2: Table Price May | W2: Table Price Jun | X2: Table Price Jul | Y2: Table Price Aug | Z2: Table Price Sep | AA2: Table Price Oct | AB2: The lowest unit rebate cost | AC2: Unit Rebate Nov | AD2: Unit Rebate Dec | AE2: Unit Rebate Jan | AF2: Unit Rebate Feb | AG2: Unit Rebate Mar | AH2: Unit Rebate Apr | AI2: Unit Rebate May | AJ2: Unit Rebate Jun | AK2: Unit Rebate Jul | AL2: Unit Rebate Aug | AM2: Unit Rebate Sep | AN2: Unit Rebate Oct | AO2: Nov Q'ty | AP2: Nov Rebate Amount | AQ2: Dec Q'ty | AR2: Dec Rebate Amount | AS2: Jan Q'ty | AT2: Jan Rebate Amount | AU2: Feb Q'ty | AV2: Feb Rebate Amount | AW2: Mar Q'ty | AX2: Mar Rebate Amount | AY2: Apr Q'ty | AZ2: Apr Rebate Amount | BA2: May Q'ty | BB2: May Rebate Amount | BC2: Jun Q'ty | BD2: Jun Rebate Amount | BE2: Jul Q'ty | BF2: Jul Rebate Amount | BG2: Aug Q'ty | BH2: Aug Rebate Amount | BI2: Sep Q'ty | BJ2: Sep Rebate Amount | BK2: Oct Q'ty | BL2: Oct Rebate Amount | BM2: Supplier Part# | BN2: Comment | BO2: Region | BP2: DISCO
A3: FY24 | B3: Allen Chen | C3: Acrox | D3: Peripheral | E3: Peripheral | F3: Peripherals | G3: 2018 | H3: Bogota | I3: Mouse | J3: NA | K3: Black | L3: S China | M3: OTHERS | N3: 1.8 | O3: 2 | P3: 2 | Q3: 2 | R3: 2 | S3: 2 | T3: 2 | U3: 2 | V3: 2 | W3: 2 | X3: 2 | Y3: 2 | Z3: 2 | AA3: 2 | AB3: 0 | AC3: 0 | AD3: 0 | AE3: 0 | AF3: 0 | AG3: 0 | AH3: 0 | AI3: 0 | AJ3: 0 | AK3: 0 | AL3: 0 | AM3: 0 | AN3: 0 | AO3: 0 | AP3: =AC3*AO3 -> 0 | AQ3: 0 | AR3: =AD3*AQ3 -> 0 | AS3: 0 | AT3: =AE3*AS3 -> 0 | AU3: 0 | AV3: =AF3*AU3 -> 0 | AW3: 0 | AX3: =AG3*AW3 -> 0 | AY3: 0 | AZ3: =AH3*AY3 -> 0 | BA3: 2880 | BB3: =AI3*BA3 -> 0 | BC3: 0 | BD3: =AJ3*BC3 -> 0 | BE3: 0 | BF3: =AK3*BE3 -> 0 | BG3: 0 | BH3: =BG3*AL3 -> 0 | BI3: 0 | BJ3: =AM3*BI3 -> 0 | BK3: 0 | BL3: =BK3*AN3 -> 0 | BM3: 4QM14AA#UUF | BN3: Foxconn LH | BO3: APJ | BP3: {=_xlfn.XLOOKUP(BN3&BO3,'[4]2023-2025~'!$H:$H&'[4]2023-2025~'!$M:$M,'[4]2023-2025~'!$D:$D)} -> #N/A
A4: FY24 | B4: Allen Chen | G4: 2018 | H4: Bogota | I4: Mouse | J4: NA | K4: Black | L4: S China | M4: OTHERS | N4: 1.8 | O4: 1.79 | P4: 1.79 | Q4: 1.79 | R4: 1.79 | S4: 1.79 | T4: 1.79 | U4: 1.79 | V4: 1.79 | W4: 1.79 | X4: 1.79 | Y4: 1.79 | Z4: 1.79 | AA4: 1.79 | AB4: 0 | AC4: 0 | AD4: 0 | AE4: 0 | AF4: 0 | AG4: 0 | AH4: 0 | AI4: 0 | AJ4: 0 | AK4: 0 | AL4: 0 | AM4: 0 | AN4: 0 | AO4: 6720 | AP4: =AC4*AO4 -> 0 | AQ4: 94080 | AR4: =AD4*AQ4 -> 0 | AS4: 6720 | AT4: =AE4*AS4 -> 0 | AU4: 0 | AV4: =AF4*AU4 -> 0 | AW4: 26880 | AX4: =AG4*AW4 -> 0 | AY4: 32640 | AZ4: =AH4*AY4 -> 0 | BA4: 0 | BB4: =AI4*BA4 -> 0 | BC4: 6720 | BD4: =AJ4*BC4 -> 0 | BE4: 6720 | BF4: =AK4*BE4 -> 0 | BG4: 20160 | BH4: =BG4*AL4 -> 0 | BI4: 6720 | BJ4: =AM4*BI4 -> 0 | BK4: 26880 | BL4: =BK4*AN4 -> 0 | BM4: 4QM14AA#ABB | BN4: Foxconn CZ | BO4: EMEA | BP4: {=_xlfn.XLOOKUP(BN4&BO4,'[4]2023-2025~'!$H:$H&'[4]2023-2025~'!$M:$M,'[4]2023-2025~'!$D:$D)} -> #N/A
A5: FY24 | B5: Allen Chen | G5: 2018 | H5: Bogota | I5: Mouse | J5: NA | K5: Black | L5: S China | M5: OTHERS | N5: 1.8 | O5: 2.04 | P5: 2.04 | Q5: 2.04 | R5: 2.04 | S5: 2.04 | T5: 2.04 | U5: 2.04 | V5: 2.04 | W5: 2.04 | X5: 2.04 | Y5: 2.04 | Z5: 2.04 | AA5: 2.04 | AB5: 0 | AC5: 0 | AD5: 0 | AE5: 0 | AF5: 0 | AG5: 0 | AH5: 0 | AI5: 0 | AJ5: 0 | AK5: 0 | AL5: 0 | AM5: 0 | AN5: 0 | AO5: 0 | AP5: =AC5*AO5 -> 0 | AQ5: 0 | AR5: =AD5*AQ5 -> 0 | AS5: 2880 | AT5: =AE5*AS5 -> 0 | AU5: 2880 | AV5: =AF5*AU5 -> 0 | AW5: 0 | AX5: =AG5*AW5 -> 0 | AY5: 0 | AZ5: =AH5*AY5 -> 0 | BA5: 0 | BB5: =AI5*BA5 -> 0 | BC5: 0 | BD5: =AJ5*BC5 -> 0 | BE5: 2880 | BF5: =AK5*BE5 -> 0 | BG5: 0 | BH5: =BG5*AL5 -> 0 | BI5: 2880 | BJ5: =AM5*BI5 -> 0 | BK5: 0 | BL5: =BK5*AN5 -> 0 | BM5: 4QM14AA#ABL | BN5: Foxconn LH | BO5: NA/LA | BP5: 45596
A6: FY24 | B6: Simon Yang | G6: 2020 | H6: Brac | I6: Combo | J6: NA | K6: Black | L6: S China | M6: OTHERS | N6: 9.2 | O6: 9.16 | P6: 9.16 | Q6: 9.16 | R6: 9.16 | S6: 9.16 | T6: 9.16 | U6: 9.16 | V6: 9.16 | W6: 9.16 | X6: 9.16 | Y6: 9.16 | Z6: 9.16 | AA6: 9.16 | AB6: 0.18 | AC6: 0.18 | AD6: 0.18 | AE6: 0.18 | AF6: 0.18 | AG6: 0.18 | AH6: 0.18 | AI6: 0.18 | AJ6: 0.18 | AK6: 0.18 | AL6: 0.18 | AM6: 0.18 | AN6: 0.18 | AO6: 48000 | AP6: =AC6*AO6 -> 8640 | AQ6: 17000 | AR6: =AD6*AQ6 -> 3060 | AS6: 19600 | AT6: =AE6*AS6 -> 3528 | AU6: 17400 | AV6: =AF6*AU6 -> 3132 | AW6: 28500 | AX6: =AG6*AW6 -> 5130 | AY6: 37000 | AZ6: =AH6*AY6 -> 6660 | BA6: 24120 | BB6: =AI6*BA6 -> 4341.6 | BC6: 21880 | BD6: =AJ6*BC6 -> 3938.4 | BE6: 0 | BF6: =AK6*BE6 -> 0 | BG6: 0 | BH6: =BG6*AL6 -> 0 | BI6: 0 | BJ6: =AM6*BI6 -> 0 | BK6: 0 | BL6: =BK6*AN6 -> 0 | BM6: 1Y4D0AA#AC3 | BN6: Flextronics CZ | BO6: EMEA | BP6: 45961
A7: FY24 | B7: Simon Yang | G7: 2020 | H7: Brac | I7: Combo | J7: NA | K7: Black | L7: S China | M7: OTHERS | P7: 9 | Q7: 9 | R7: 9 | S7: 9 | T7: 9 | U7: 9 | V7: 9 | W7: 9 | X7: 9 | Y7: 9 | Z7: 9 | AA7: 9 | AB7: 0.18 | AC7: 0.18 | AD7: 0.18 | AE7: 0.18 | AF7: 0.18 | AG7: 0.18 | AH7: 0.18 | AI7: 0.18 | AJ7: 0.18 | AK7: 0.18 | AL7: 0.18 | AM7: 0.18 | AN7: 0.18 | AO7: 0 | AP7: =AC7*AO7 -> 0 | AQ7: 0 | AR7: =AD7*AQ7 -> 0 | AS7: 0 | AT7: =AE7*AS7 -> 0 | AU7: 0 | AV7: =AF7*AU7 -> 0 | AW7: 0 | AX7: =AG7*AW7 -> 0 | AY7: 0 | AZ7: =AH7*AY7 -> 0 | BA7: 0 | BB7: =AI7*BA7 -> 0 | BC7: 0 | BD7: =AJ7*BC7 -> 0 | BE7: 1280 | BF7: =AK7*BE7 -> 230.4 | BG7: 0 | BH7: =BG7*AL7 -> 0 | BI7: 0 | BJ7: =AM7*BI7 -> 0 | BK7: 0 | BL7: =BK7*AN7 -> 0 | BM7: 1Y4D0UT#AB1 | BN7: Foxconn LH | BO7: APJ
A8: FY24 | B8: Simon Yang | G8: 2020 | H8: Brac | I8: Combo | J8: NA | K8: Black | L8: S China | M8: OTHERS | N8: 9.03 | O8: 9.01 | P8: 9.01 | Q8: 9.01 | R8: 9.01 | S8: 9.01 | T8: 9.01 | U8: 9.01 | V8: 9.01 | W8: 9.01 | X8: 9.01 | Y8: 9.01 | Z8: 9.01 | AA8: 9.01 | AB8: 0.18 | AC8: 0.18 | AD8: 0.18 | AE8: 0.18 | AF8: 0.18 | AG8: 0.18 | AH8: 0.18 | AI8: 0.18 | AJ8: 0.18 | AK8: 0.18 | AL8: 0.18 | AM8: 0.18 | AN8: 0.18 | AO8: 28780 | AP8: =AC8*AO8 -> 5180.4 | AQ8: 14000 | AR8: =AD8*AQ8 -> 2520 | AS8: 43400 | AT8: =AE8*AS8 -> 7812 | AU8: 23600 | AV8: =AF8*AU8 -> 4248 | AW8: 18000 | AX8: =AG8*AW8 -> 3240 | AY8: 29000 | AZ8: =AH8*AY8 -> 5220 | BA8: 15600 | BB8: =AI8*BA8 -> 2808 | BC8: 33400 | BD8: =AJ8*BC8 -> 6012 | BE8: 25280 | BF8: =AK8*BE8 -> 4550.4 | BG8: 21280 | BH8: =BG8*AL8 -> 3830.4 | BI8: 47000 | BJ8: =AM8*BI8 -> 8460 | BK8: 23000 | BL8: =BK8*AN8 -> 4140 | BM8: 18H24AA#AC3 | BN8: Flextronics CZ | BO8: EMEA | BP8: 45961
A9: FY24 | B9: Simon Yang | G9: 2020 | H9: BracWhiteComb | I9: Combo | J9: NA | K9: White | L9: S China | M9: OTHERS | N9: 10.99 | O9: 10.92 | P9: 10.92 | Q9: 10.92 | R9: 10.92 | S9: 10.92 | T9: 10.92 | U9: 10.92 | V9: 10.92 | W9: 10.92 | X9: 10.92 | Y9: 10.92 | Z9: 10.92 | AA9: 10.92 | AB9: 0.21 | AC9: 0.21 | AD9: 0.21 | AE9: 0.21 | AF9: 0.21 | AG9: 0.21 | AH9: 0.21 | AI9: 0.21 | AJ9: 0.21 | AK9: 0.21 | AL9: 0.21 | AM9: 0.21 | AN9: 0.21 | AO9: 10880 | AP9: =AC9*AO9 -> 2284.8 | AQ9: 0 | AR9: =AD9*AQ9 -> 0 | AS9: 5760 | AT9: =AE9*AS9 -> 1209.6 | AU9: 2880 | AV9: =AF9*AU9 -> 604.8 | AW9: 3880 | AX9: =AG9*AW9 -> 814.8 | AY9: 16880 | AZ9: =AH9*AY9 -> 3544.8 | BA9: 10180 | BB9: =AI9*BA9 -> 2137.8 | BC9: 5760 | BD9: =AJ9*BC9 -> 1209.6 | BE9: 0 | BF9: =AK9*BE9 -> 0 | BG9: 5760 | BH9: =BG9*AL9 -> 1209.6 | BI9: 10760 | BJ9: =AM9*BI9 -> 2259.6 | BK9: 5880 | BL9: =BK9*AN9 -> 1234.8 | BM9: 3L1F0AA#AC3 | BN9: Flextronics CZ | BO9: EMEA | BP9: 45961
A10: FY24 | B10: Simon Yang | G10: 2021 | H10: BracWLKB | I10: NBL KB | J10: NA | K10: Black | L10: S China | M10: OTHERS | N10: 7.73 | O10: 7.58 | P10: 7.58 | Q10: 7.58 | R10: 7.58 | S10: 7.58 | T10: 7.58 | U10: 7.58 | V10: 7.58 | W10: 7.58 | X10: 7.58 | Y10: 7.58 | Z10: 7.58 | AA10: 7.58 | AB10: 0.15 | AC10: 0.15 | AD10: 0.15 | AE10: 0.15 | AF10: 0.15 | AG10: 0.15 | AH10: 0.15 | AI10: 0.15 | AJ10: 0.15 | AK10: 0.15 | AL10: 0.15 | AM10: 0.15 | AN10: 0.15 | AO10: 12480 | AP10: =AC10*AO10 -> 1872 | AQ10: 0 | AR10: =AD10*AQ10 -> 0 | AS10: 6080 | AT10: =AE10*AS10 -> 912 | AU10: 5500 | AV10: =AF10*AU10 -> 825 | AW10: 6840 | AX10: =AG10*AW10 -> 1026 | AY10: 14280 | AZ10: =AH10*AY10 -> 2142 | BA10: 0 | BB10: =AI10*BA10 -> 0 | BC10: 0 | BD10: =AJ10*BC10 -> 0 | BE10: 0 | BF10: =AK10*BE10 -> 0 | BG10: 1280 | BH10: =BG10*AL10 -> 192 | BI10: 4000 | BJ10: =AM10*BI10 -> 600 | BK10: 3840 | BL10: =BK10*AN10 -> 576 | BM10: 3L1E7AA#AC3 | BN10: Flextronics CZ | BO10: EMEA | BP10: 45961
A11: FY24 | B11: Allen Chen | G11: 2020 | H11: Brain | I11: Mouse | J11: NA | K11: Natural Silver | L11: S China | M11: OTHERS | N11: 30.5 | O11: 30.52 | P11: 30.52 | Q11: 30.52 | R11: 30.52 | S11: 30.52 | T11: 30.52 | U11: 30.52 | V11: 30.52 | W11: 30.52 | X11: 30.52 | Y11: 30.52 | Z11: 30.45 | AA11: 30.45 | AB11: 0 | AC11: 0 | AD11: 0 | AE11: 0 | AF11: 0 | AG11: 0 | AH11: 0 | AI11: 0 | AJ11: 0 | AK11: 0 | AL11: 0 | AM11: 0.07 | AN11: 0.07 | AO11: 1008 | AP11: =AC11*AO11 -> 0 | AQ11: 0 | AR11: =AD11*AQ11 -> 0 | AS11: 0 | AT11: =AE11*AS11 -> 0 | AU11: 1008 | AV11: =AF11*AU11 -> 0 | AW11: 0 | AX11: =AG11*AW11 -> 0 | AY11: 1008 | AZ11: =AH11*AY11 -> 0 | BA11: 0 | BB11: =AI11*BA11 -> 0 | BC11: 1008 | BD11: =AJ11*BC11 -> 0 | BE11: 0 | BF11: =AK11*BE11 -> 0 | BG11: 0 | BH11: =BG11*AL11 -> 0 | BI11: 1008 | BJ11: =AM11*BI11 -> 70.56 | BK11: 0 | BL11: =BK11*AN11 -> 0 | BM11: 1D0K9AA#ABB | BN11: Foxconn CZ | BO11: EMEA | BP11: 45838
A12: FY24 | B12: Allen Chen | G12: 2020 | H12: Brain | I12: Mouse | J12: NA | K12: Nightfull black | L12: S China | M12: OTHERS | N12: 30.4 | O12: 30.42 | P12: 30.42 | Q12: 30.42 | R12: 30.42 | S12: 30.42 | T12: 30.42 | U12: 30.42 | V12: 30.42 | W12: 30.42 | X12: 30.42 | Y12: 30.42 | Z12: 30.35 | AA12: 30.35 | AB12: 0 | AC12: 0 | AD12: 0 | AE12: 0 | AF12: 0 | AG12: 0 | AH12: 0 | AI12: 0 | AJ12: 0 | AK12: 0 | AL12: 0 | AM12: 0.07 | AN12: 0.07 | AO12: 0 | AP12: =AC12*AO12 -> 0 | AQ12: 2016 | AR12: =AD12*AQ12 -> 0 | AS12: 1008 | AT12: =AE12*AS12 -> 0 | AU12: 0 | AV12: =AF12*AU12 -> 0 | AW12: 1008 | AX12: =AG12*AW12 -> 0 | AY12: 0 | AZ12: =AH12*AY12 -> 0 | BA12: 1008 | BB12: =AI12*BA12 -> 0 | BC12: 0 | BD12: =AJ12*BC12 -> 0 | BE12: 1008 | BF12: =AK12*BE12 -> 0 | BG12: 0 | BH12: =BG12*AL12 -> 0 | BI12: 0 | BJ12: =AM12*BI12 -> 0 | BK12: 1008 | BL12: =BK12*AN12 -> 70.56 | BM12: 1D0K8AA#AC3 | BN12: Foxconn CZ | BO12: EMEA | BP12: 45838
A13: FY24 | B13: Allen Chen | G13: 2020 | H13: Brain | I13: Mouse | J13: NA | K13: Natural Silver | L13: S China | M13: OTHERS | N13: 30.5 | O13: 30.52 | P13: 30.52 | Q13: 30.52 | R13: 30.52 | S13: 30.52 | T13: 30.52 | U13: 30.52 | V13: 30.52 | W13: 30.52 | X13: 30.52 | Y13: 30.52 | Z13: 30.45 | AA13: 30.45 | AB13: 0 | AC13: 0 | AD13: 0 | AE13: 0 | AF13: 0 | AG13: 0 | AH13: 0 | AI13: 0 | AJ13: 0 | AK13: 0 | AL13: 0 | AM13: 0.07 | AN13: 0.07 | AO13: 0 | AP13: =AC13*AO13 -> 0 | AQ13: 0 | AR13: =AD13*AQ13 -> 0 | AS13: 0 | AT13: =AE13*AS13 -> 0 | AU13: 0 | AV13: =AF13*AU13 -> 0 | AW13: 0 | AX13: =AG13*AW13 -> 0 | AY13: 0 | AZ13: =AH13*AY13 -> 0 | BA13: 0 | BB13: =AI13*BA13 -> 0 | BC13: 0 | BD13: =AJ13*BC13 -> 0 | BE13: 0 | BF13: =AK13*BE13 -> 0 | BG13: 0 | BH13: =BG13*AL13 -> 0 | BI13: 0 | BJ13: =AM13*BI13 -> 0 | BK13: 0 | BL13: =BK13*AN13 -> 0 | BM13: 1D0K9AA#ABL | BN13: Ryder Indy | BO13: NA/LA | BP13: 45838
A14: FY24 | B14: Simon Yang | G14: 2020 | H14: Elephanta | I14: Combo | J14: NA | K14: Black | L14: S China | M14: OTHERS | N14: 5.14 | O14: 5.14 | P14: 5.14 | Q14: 5.14 | R14: 5.14 | S14: 5.14 | T14: 5.14 | U14: 5.14 | V14: 5.14 | W14: 5.14 | X14: 5.14 | Y14: 5.14 | Z14: 5.14 | AA14: 5.14 | AB14: 0 | AC14: 0 | AD14: 0 | AE14: 0 | AF14: 0 | AG14: 0 | AH14: 0 | AI14: 0 | AJ14: 0 | AK14: 0 | AL14: 0 | AM14: 0 | AN14: 0 | AO14: 5600 | AP14: =AC14*AO14 -> 0 | AQ14: 7700 | AR14: =AD14*AQ14 -> 0 | AS14: 2700 | AT14: =AE14*AS14 -> 0 | AU14: 5200 | AV14: =AF14*AU14 -> 0 | AW14: 13800 | AX14: =AG14*AW14 -> 0 | AY14: 15000 | AZ14: =AH14*AY14 -> 0 | BA14: 5200 | BB14: =AI14*BA14 -> 0 | BC14: 17000 | BD14: =AJ14*BC14 -> 0 | BE14: 0 | BF14: =AK14*BE14 -> 0 | BG14: 2600 | BH14: =BG14*AL14 -> 0 | BI14: 7800 | BJ14: =AM14*BI14 -> 0 | BK14: 2600 | BL14: =BK14*AN14 -> 0 | BM14: 240J7AA#AC3 | BN14: Flextronics CZ | BO14: EMEA | BP14: 45961
A15: FY24 | B15: Simon Yang | G15: 2020 | H15: ElephantaBPS | I15: Combo | J15: NA | K15: Black | L15: S China | M15: OTHERS | N15: 4.93 | O15: 4.93 | P15: 4.93 | Q15: 4.93 | R15: 4.93 | S15: 4.93 | T15: 4.93 | U15: 4.93 | V15: 4.93 | W15: 4.93 | X15: 4.93 | Y15: 4.93 | Z15: 4.93 | AA15: 4.93 | AB15: 0 | AC15: 0 | AD15: 0 | AE15: 0 | AF15: 0 | AG15: 0 | AH15: 0 | AI15: 0 | AJ15: 0 | AK15: 0 | AL15: 0 | AM15: 0 | AN15: 0 | AO15: 0 | AP15: =AC15*AO15 -> 0 | AQ15: 0 | AR15: =AD15*AQ15 -> 0 | AS15: 0 | AT15: =AE15*AS15 -> 0 | AU15: 0 | AV15: =AF15*AU15 -> 0 | AW15: 0 | AX15: =AG15*AW15 -> 0 | AY15: 0 | AZ15: =AH15*AY15 -> 0 | BA15: 0 | BB15: =AI15*BA15 -> 0 | BC15: 0 | BD15: =AJ15*BC15 -> 0 | BE15: 0 | BF15: =AK15*BE15 -> 0 | BG15: 0 | BH15: =BG15*AL15 -> 0 | BI15: 0 | BJ15: =AM15*BI15 -> 0 | BK15: 0 | BL15: =BK15*AN15 -> 0 | BM15: 5B8C0AA#ACJ | BN15: HP India | BO15: APJ | BP15: 45443
A16: FY24 | B16: Simon Yang | G16: 2022 | H16: ElephantaKB | I16: NBL KB | J16: NA | K16: Black | L16: S China | M16: OTHERS | N16: 3.9 | O16: 3.9 | P16: 3.9 | Q16: 3.9 | R16: 3.9 | S16: 3.9 | T16: 3.9 | U16: 3.9 | V16: 3.9 | W16: 3.9 | X16: 3.9 | Y16: 3.9 | Z16: 3.9 | AA16: 3.9 | AB16: 0.21 | AC16: 0.21 | AD16: 0.21 | AE16: 0.21 | AF16: 0.21 | AG16: 0.21 | AH16: 0.21 | AI16: 0.21 | AJ16: 0.21 | AK16: 0.21 | AL16: 0.21 | AM16: 0.21 | AN16: 0.21 | AO16: 0 | AP16: =AC16*AO16 -> 0 | AQ16: 0 | AR16: =AD16*AQ16 -> 0 | AS16: 0 | AT16: =AE16*AS16 -> 0 | AU16: 0 | AV16: =AF16*AU16 -> 0 | AW16: 0 | AX16: =AG16*AW16 -> 0 | AY16: 5600 | AZ16: =AH16*AY16 -> 1176 | BA16: 5600 | BB16: =AI16*BA16 -> 1176 | BC16: 2800 | BD16: =AJ16*BC16 -> 588 | BE16: 2800 | BF16: =AK16*BE16 -> 588 | BG16: 5600 | BH16: =BG16*AL16 -> 1176 | BI16: 5600 | BJ16: =AM16*BI16 -> 1176 | BK16: 8400 | BL16: =BK16*AN16 -> 1764 | BM16: 664R5AA#AC3 | BN16: Flextronics CZ | BO16: EMEA | BP16: 45961
A17: FY24 | B17: Allen Chen | G17: 2016 | H17: Gadget | I17: Mouse | J17: NA | K17: Black | L17: S China | M17: OTHERS | N17: 5.3 | O17: 4.79 | P17: 4.79 | Q17: 4.79 | R17: 4.79 | S17: 4.79 | T17: 4.79 | U17: 4.79 | V17: 4.79 | W17: 4.79 | X17: 4.79 | Y17: 4.79 | Z17: 4.79 | AA17: 4.79 | AB17: 0.05 | AC17: 0.05 | AD17: 0.05 | AE17: 0.05 | AF17: 0.05 | AG17: 0.05 | AH17: 0.05 | AI17: 0.05 | AJ17: 0.05 | AK17: 0.05 | AL17: 0.05 | AM17: 0.05 | AN17: 0.05 | AO17: 0 | AP17: =AC17*AO17 -> 0 | AQ17: 12960 | AR17: =AD17*AQ17 -> 648 | AS17: 4320 | AT17: =AE17*AS17 -> 216 | AU17: 0 | AV17: =AF17*AU17 -> 0 | AW17: 8640 | AX17: =AG17*AW17 -> 432 | AY17: 8640 | AZ17: =AH17*AY17 -> 432 | BA17: 8640 | BB17: =AI17*BA17 -> 432 | BC17: 8640 | BD17: =AJ17*BC17 -> 432 | BE17: 4320 | BF17: =AK17*BE17 -> 216 | BG17: 0 | BH17: =BG17*AL17 -> 0 | BI17: 4320 | BJ17: =AM17*BI17 -> 216 | BK17: 4320 | BL17: =BK17*AN17 -> 216 | BM17: V0L79AA#ABB | BN17: Foxconn CZ | BO17: EMEA | BP17: 45291
A18: FY24 | B18: Allen Chen | G18: 2019 | H18: Galapagos | I18: Mouse | J18: NA | K18: Black | L18: S China | M18: OTHERS | N18: 1.8 | O18: 1.8 | P18: 1.8 | Q18: 1.8 | R18: 1.8 | S18: 1.8 | T18: 1.8 | U18: 1.8 | V18: 1.8 | W18: 1.8 | X18: 1.8 | Y18: 1.8 | Z18: 1.8 | AA18: 1.8 | AB18: 0 | AC18: 0 | AD18: 0 | AE18: 0 | AF18: 0 | AG18: 0 | AH18: 0 | AI18: 0 | AJ18: 0 | AK18: 0 | AL18: 0 | AM18: 0 | AN18: 0 | AO18: 17280 | AP18: =AC18*AO18 -> 0 | AQ18: 33040 | AR18: =AD18*AQ18 -> 0 | AS18: 15920 | AT18: =AE18*AS18 -> 0 | AU18: 0 | AV18: =AF18*AU18 -> 0 | AW18: 37440 | AX18: =AG18*AW18 -> 0 | AY18: 40320 | AZ18: =AH18*AY18 -> 0 | BA18: 20200 | BB18: =AI18*BA18 -> 0 | BC18: 2880 | BD18: =AJ18*BC18 -> 0 | BE18: 5760 | BF18: =AK18*BE18 -> 0 | BG18: 20160 | BH18: =BG18*AL18 -> 0 | BI18: 0 | BJ18: =AM18*BI18 -> 0 | BK18: 17280 | BL18: =BK18*AN18 -> 0 | BM18: 6VY96AA#ABB | BN18: Foxconn CZ | BO18: EMEA | BP18: 45596
A19: FY24 | B19: Simon Yang | G19: 2020 | H19: Havelock | I19: Combo | J19: NA | K19: Black | L19: S China | M19: OTHERS | N19: 8.05 | O19: 8.05 | P19: 8.05 | Q19: 8.05 | R19: 8.05 | S19: 8.05 | T19: 8.05 | U19: 8.05 | V19: 8.05 | W19: 8.05 | X19: 8.05 | Y19: 8.05 | Z19: 8.05 | AA19: 8.05 | AB19: 0.08 | AC19: 0.08 | AD19: 0.08 | AE19: 0.08 | AF19: 0.08 | AG19: 0.08 | AH19: 0.08 | AI19: 0.08 | AJ19: 0.08 | AK19: 0.08 | AL19: 0.08 | AM19: 0.08 | AN19: 0.08 | AO19: 7780 | AP19: =AC19*AO19 -> 622.4 | AQ19: 0 | AR19: =AD19*AQ19 -> 0 | AS19: 2500 | AT19: =AE19*AS19 -> 200 | AU19: 0 | AV19: =AF19*AU19 -> 0 | AW19: 0 | AX19: =AG19*AW19 -> 0 | AY19: 7000 | AZ19: =AH19*AY19 -> 560 | BA19: 1000 | BB19: =AI19*BA19 -> 80 | BC19: 16000 | BD19: =AJ19*BC19 -> 1280 | BE19: 25000 | BF19: =AK19*BE19 -> 2000 | BG19: 11500 | BH19: =BG19*AL19 -> 920 | BI19: 10560 | BJ19: =AM19*BI19 -> 844.8 | BK19: 5280 | BL19: =BK19*AN19 -> 422.4 | BM19: 2V9E6AA#AC3 | BN19: Flextronics CZ | BO19: EMEA | BP19: 45443
A20: FY24 | B20: Allen Chen | G20: 2020 | H20: Jerry | I20: Mouse | J20: NA | K20: Nightfull black | L20: S China | M20: OTHERS | N20: 22.76 | O20: 22.78 | P20: 22.78 | Q20: 22.78 | R20: 22.78 | S20: 22.78 | T20: 22.78 | U20: 22.78 | V20: 22.78 | W20: 22.78 | X20: 22.78 | Y20: 22.78 | Z20: 22.72 | AA20: 22.72 | AB20: 0 | AC20: 0 | AD20: 0 | AE20: 0 | AF20: 0 | AG20: 0 | AH20: 0 | AI20: 0 | AJ20: 0 | AK20: 0 | AL20: 0 | AM20: 0.06 | AN20: 0.06 | AO20: 0 | AP20: =AC20*AO20 -> 0 | AQ20: 1008 | AR20: =AD20*AQ20 -> 0 | AS20: 2016 | AT20: =AE20*AS20 -> 0 | AU20: 0 | AV20: =AF20*AU20 -> 0 | AW20: 1008 | AX20: =AG20*AW20 -> 0 | AY20: 1008 | AZ20: =AH20*AY20 -> 0 | BA20: 1008 | BB20: =AI20*BA20 -> 0 | BC20: 1008 | BD20: =AJ20*BC20 -> 0 | BE20: 1008 | BF20: =AK20*BE20 -> 0 | BG20: 0 | BH20: =BG20*AL20 -> 0 | BI20: 0 | BJ20: =AM20*BI20 -> 0 | BK20: 1008 | BL20: =BK20*AN20 -> 60.48 | BM20: 1D0K2AA#AC3 | BN20: Foxconn CZ | BO20: EMEA | BP20: 45838
A21: FY24 | B21: Allen Chen | G21: 2021 | H21: KentingPlus | I21: Mouse | J21: NA | K21: Black | L21: S China | M21: OTHERS | N21: 4.31 | O21: 4.43 | P21: 4.43 | Q21: 4.43 | R21: 4.43 | S21: 4.43 | T21: 4.43 | U21: 4.43 | V21: 4.43 | W21: 4.43 | X21: 4.43 | Y21: 4.43 | Z21: 22.72 | AA21: 4.43 | AB21: 0 | AC21: 0 | AD21: 0 | AE21: 0 | AF21: 0 | AG21: 0 | AH21: 0 | AI21: 0 | AJ21: 0 | AK21: 0 | AL21: 0 | AM21: 0 | AN21: 0 | AO21: 11520 | AP21: =AC21*AO21 -> 0 | AQ21: 8640 | AR21: =AD21*AQ21 -> 0 | AS21: 8640 | AT21: =AE21*AS21 -> 0 | AU21: 2880 | AV21: =AF21*AU21 -> 0 | AW21: 6080 | AX21: =AG21*AW21 -> 0 | AY21: 14720 | AZ21: =AH21*AY21 -> 0 | BA21: 11520 | BB21: =AI21*BA21 -> 0 | BC21: 0 | BD21: =AJ21*BC21 -> 0 | BE21: 0 | BF21: =AK21*BE21 -> 0 | BG21: 0 | BH21: =BG21*AL21 -> 0 | BI21: 0 | BJ21: =AM21*BI21 -> 0 | BK21: 0 | BL21: =BK21*AN21 -> 0 | BM21: 4E407AA#AC3 | BN21: Foxconn CZ | BO21: EMEA | BP21: 45838
A22: FY24 | B22: Simon Yang | G22: 2019 | H22: KingKong | I22: Combo | J22: NA | K22: Black | L22: S China | M22: OTHERS | N22: 10.14 | O22: 10.31 | P22: 10.31 | Q22: 10.31 | R22: 10.31 | S22: 10.31 | T22: 10.31 | U22: 10.31 | V22: 10.31 | W22: 10.31 | X22: 10.31 | Y22: 10.31 | Z22: 22.78 | AA22: 10.31 | AB22: 0 | AC22: 0 | AD22: 0 | AE22: 0 | AF22: 0 | AG22: 0 | AH22: 0 | AI22: 0 | AJ22: 0 | AK22: 0 | AL22: 0 | AM22: 0 | AN22: 0.06 | AO22: 0 | AP22: =AC22*AO22 -> 0 | AQ22: 0 | AR22: =AD22*AQ22 -> 0 | AS22: 0 | AT22: =AE22*AS22 -> 0 | AU22: 0 | AV22: =AF22*AU22 -> 0 | AW22: 0 | AX22: =AG22*AW22 -> 0 | AY22: 0 | AZ22: =AH22*AY22 -> 0 | BA22: 1000 | BB22: =AI22*BA22 -> 0 | BC22: 0 | BD22: =AJ22*BC22 -> 0 | BE22: 0 | BF22: =AK22*BE22 -> 0 | BG22: 0 | BH22: =BG22*AL22 -> 0 | BI22: 0 | BJ22: =AM22*BI22 -> 0 | BK22: 0 | BL22: =BK22*AN22 -> 0 | BM22: 3ML04AA#AC3 | BN22: Flextronics CZ | BO22: EMEA | BP22: 45961
A23: FY24 | B23: Allen Chen | G23: 2020 | H23: Kitkat | I23: Mouse | J23: NA | K23: Black | L23: S China | M23: OTHERS | N23: 3.28 | O23: 3.28 | P23: 3.28 | Q23: 3.28 | R23: 3.28 | S23: 3.28 | T23: 3.28 | U23: 3.28 | V23: 3.28 | W23: 3.28 | X23: 3.28 | Y23: 3.28 | Z23: 3.28 | AA23: 3.28 | AB23: 0 | AC23: 0 | AD23: 0 | AE23: 0 | AF23: 0 | AG23: 0 | AH23: 0 | AI23: 0 | AJ23: 0 | AK23: 0 | AL23: 0 | AM23: 0 | AN23: 0 | AO23: 6720 | AP23: =AC23*AO23 -> 0 | AQ23: 60480 | AR23: =AD23*AQ23 -> 0 | AS23: 0 | AT23: =AE23*AS23 -> 0 | AU23: 33600 | AV23: =AF23*AU23 -> 0 | AW23: 40320 | AX23: =AG23*AW23 -> 0 | AY23: 65280 | AZ23: =AH23*AY23 -> 0 | BA23: 22080 | BB23: =AI23*BA23 -> 0 | BC23: 6720 | BD23: =AJ23*BC23 -> 0 | BE23: 0 | BF23: =AK23*BE23 -> 0 | BG23: 25920 | BH23: =BG23*AL23 -> 0 | BI23: 20160 | BJ23: =AM23*BI23 -> 0 | BK23: 13440 | BL23: =BK23*AN23 -> 0 | BM23: 2S9L1AA#ABB | BN23: Foxconn CZ | BO23: EMEA | BP23: 45961
A24: FY24 | B24: Allen Chen | G24: 2023 | H24: Mickey | I24: Mouse | J24: NA | K24: Black | L24: S China | M24: OTHERS | N24: 24.16 | O24: 24.31 | P24: 24.31 | Q24: 24.31 | R24: 24.31 | S24: 24.31 | T24: 24.31 | U24: 24.31 | V24: 24.31 | W24: 24.31 | X24: 24.31 | Y24: 24.31 | Z24: 24.21 | AA24: 24.21 | AB24: 0.48 | AC24: 0.48 | AD24: 0.48 | AE24: 0.48 | AF24: 0.48 | AG24: 0.48 | AH24: 0.48 | AI24: 0.48 | AJ24: 0.48 | AK24: 0.48 | AL24: 0.48 | AM24: 0.83 | AN24: 0.83 | AO24: 0 | AP24: =AC24*AO24 -> 0 | AQ24: 0 | AR24: =AD24*AQ24 -> 0 | AS24: 1200 | AT24: =AE24*AS24 -> 576 | AU24: 0 | AV24: =AF24*AU24 -> 0 | AW24: 1200 | AX24: =AG24*AW24 -> 576 | AY24: 3600 | AZ24: =AH24*AY24 -> 1728 | BA24: 2400 | BB24: =AI24*BA24 -> 1152 | BC24: 0 | BD24: =AJ24*BC24 -> 0 | BE24: 0 | BF24: =AK24*BE24 -> 0 | BG24: 0 | BH24: =BG24*AL24 -> 0 | BI24: 0 | BJ24: =AM24*BI24 -> 0 | BK24: 1200 | BL24: =BK24*AN24 -> 996 | BM24: 6E6F0AA#ABB | BN24: Foxconn CZ | BO24: EMEA | BP24: 46022
A25: FY24 | B25: Allen Chen | G25: 2021 | H25: MilkaB | I25: Mouse | J25: NA | K25: Pike silver | L25: S China | M25: OTHERS | N25: 4.57 | O25: 4.61 | P25: 4.61 | Q25: 4.61 | R25: 4.61 | S25: 4.61 | T25: 4.61 | U25: 4.61 | V25: 4.61 | W25: 4.61 | X25: 4.61 | Y25: 4.61 | Z25: 4.61 | AA25: 4.61 | AB25: 0 | AC25: 0 | AD25: 0 | AE25: 0 | AF25: 0 | AG25: 0 | AH25: 0 | AI25: 0 | AJ25: 0.07 | AK25: 0.07 | AL25: 0.07 | AM25: 0.07 | AN25: 0.07 | AO25: 2880 | AP25: =AC25*AO25 -> 0 | AQ25: 20160 | AR25: =AD25*AQ25 -> 0 | AS25: 14400 | AT25: =AE25*AS25 -> 0 | AU25: 0 | AV25: =AF25*AU25 -> 0 | AW25: 11520 | AX25: =AG25*AW25 -> 0 | AY25: 0 | AZ25: =AH25*AY25 -> 0 | BA25: 2880 | BB25: =AI25*BA25 -> 0 | BC25: 2880 | BD25: =AJ25*BC25 -> 201.6 | BE25: 2880 | BF25: =AK25*BE25 -> 201.6 | BG25: 2880 | BH25: =BG25*AL25 -> 201.6 | BI25: 2880 | BJ25: =AM25*BI25 -> 201.6 | BK25: 11520 | BL25: =BK25*AN25 -> 806.4 | BM25: 43N04AA#ABB | BN25: Foxconn CZ | BO25: EMEA | BP25: 45596
A26: FY24 | B26: Allen Chen | G26: 2018 | H26: Moscow1BlueLed | I26: Mouse | J26: NA | K26: Black | L26: S China | M26: OTHERS | N26: 4.82 | O26: 4.82 | P26: 4.82 | Q26: 4.82 | R26: 4.82 | S26: 4.82 | T26: 4.82 | U26: 4.82 | V26: 4.82 | W26: 4.82 | X26: 4.82 | Y26: 4.82 | Z26: 4.82 | AA26: 4.82 | AB26: 0.05 | AC26: 0.05 | AD26: 0.05 | AE26: 0.05 | AF26: 0.05 | AG26: 0.05 | AH26: 0.05 | AI26: 0.05 | AJ26: 0.05 | AK26: 0.05 | AL26: 0.05 | AM26: 0.05 | AN26: 0.05 | AO26: 0 | AP26: =AC26*AO26 -> 0 | AQ26: 0 | AR26: =AD26*AQ26 -> 0 | AS26: 8640 | AT26: =AE26*AS26 -> 432 | AU26: 0 | AV26: =AF26*AU26 -> 0 | AW26: 0 | AX26: =AG26*AW26 -> 0 | AY26: 0 | AZ26: =AH26*AY26 -> 0 | BA26: 0 | BB26: =AI26*BA26 -> 0 | BC26: 38880 | BD26: =AJ26*BC26 -> 1944 | BE26: 38880 | BF26: =AK26*BE26 -> 1944 | BG26: 0 | BH26: =BG26*AL26 -> 0 | BI26: 82080 | BJ26: =AM26*BI26 -> 4104 | BK26: 0 | BL26: =BK26*AN26 -> 0 | BM26: 683N7AA#ABL | BN26: Ryder Indy | BO26: NA | BP26: 46022
A27: FY24 | B27: Allen Chen | G27: 2018 | H27: Moscow1BlueLed | I27: Mouse | J27: NA | K27: Blue | L27: S China | M27: OTHERS | N27: 5.05 | O27: 5.05 | P27: 5.05 | Q27: 5.05 | R27: 5.05 | S27: 5.05 | T27: 5.05 | U27: 5.05 | V27: 5.05 | W27: 5.05 | X27: 5.05 | Y27: 5.05 | Z27: 5.05 | AA27: 5.05 | AB27: 0.05 | AC27: 0.05 | AD27: 0.05 | AE27: 0.05 | AF27: 0.05 | AG27: 0.05 | AH27: 0.05 | AI27: 0.05 | AJ27: 0.05 | AK27: 0.05 | AL27: 0.05 | AM27: 0.05 | AN27: 0.05 | AO27: 0 | AP27: =AC27*AO27 -> 0 | AQ27: 2040 | AR27: =AD27*AQ27 -> 102 | AS27: 6600 | AT27: =AE27*AS27 -> 330 | AU27: 0 | AV27: =AF27*AU27 -> 0 | AW27: 0 | AX27: =AG27*AW27 -> 0 | AY27: 0 | AZ27: =AH27*AY27 -> 0 | BA27: 4320 | BB27: =AI27*BA27 -> 216 | BC27: 4320 | BD27: =AJ27*BC27 -> 216 | BE27: 4320 | BF27: =AK27*BE27 -> 216 | BG27: 0 | BH27: =BG27*AL27 -> 0 | BI27: 4320 | BJ27: =AM27*BI27 -> 216 | BK27: 0 | BL27: =BK27*AN27 -> 0 | BM27: 683N8AA#ABL | BN27: Ryder Indy | BO27: NA | BP27: 46022
A28: FY24 | B28: Allen Chen | G28: 2018 | H28: Moscow1BlueLed | I28: Mouse | J28: NA | K28: Pike silver | L28: S China | M28: OTHERS | N28: 5.64 | O28: 5.64 | P28: 5.64 | Q28: 5.64 | R28: 5.64 | S28: 5.64 | T28: 5.64 | U28: 5.64 | V28: 5.64 | W28: 5.64 | X28: 5.64 | Y28: 5.64 | Z28: 5.64 | AA28: 5.64 | AB28: 0.05 | AC28: 0.05 | AD28: 0.05 | AE28: 0.05 | AF28: 0.05 | AG28: 0.05 | AH28: 0.05 | AI28: 0.05 | AJ28: 0.05 | AK28: 0.05 | AL28: 0.05 | AM28: 0.05 | AN28: 0.05 | AO28: 0 | AP28: =AC28*AO28 -> 0 | AQ28: 0 | AR28: =AD28*AQ28 -> 0 | AS28: 0 | AT28: =AE28*AS28 -> 0 | AU28: 0 | AV28: =AF28*AU28 -> 0 | AW28: 0 | AX28: =AG28*AW28 -> 0 | AY28: 0 | AZ28: =AH28*AY28 -> 0 | BA28: 0 | BB28: =AI28*BA28 -> 0 | BC28: 0 | BD28: =AJ28*BC28 -> 0 | BE28: 0 | BF28: =AK28*BE28 -> 0 | BG28: 0 | BH28: =BG28*AL28 -> 0 | BI28: 0 | BJ28: =AM28*BI28 -> 0 | BK28: 0 | BL28: =BK28*AN28 -> 0 | BM28: 683N9AA#ABL | BN28: Ryder Indy | BO28: NA | BP28: 46022
A29: FY24 | B29: Allen Chen | G29: 2016 | H29: Oman | I29: Mouse | J29: NA | K29: Empress red | L29: S China | M29: OTHERS | N29: 4.04 | O29: 4.04 | P29: 4.04 | Q29: 4.04 | R29: 4.04 | S29: 4.04 | T29: 4.04 | U29: 4.04 | V29: 4.04 | W29: 4.04 | X29: 4.04 | Y29: 4.04 | Z29: 4.04 | AA29: 4.04 | AB29: 0.04 | AC29: 0.04 | AD29: 0.04 | AE29: 0.04 | AF29: 0.04 | AG29: 0.04 | AH29: 0.04 | AI29: 0.04 | AJ29: 0.04 | AK29: 0.04 | AL29: 0.04 | AM29: 0.04 | AN29: 0.04 | AO29: 0 | AP29: =AC29*AO29 -> 0 | AQ29: 4320 | AR29: =AD29*AQ29 -> 172.8 | AS29: 0 | AT29: =AE29*AS29 -> 0 | AU29: 0 | AV29: =AF29*AU29 -> 0 | AW29: 4320 | AX29: =AG29*AW29 -> 172.8 | AY29: 4320 | AZ29: =AH29*AY29 -> 172.8 | BA29: 0 | BB29: =AI29*BA29 -> 0 | BC29: 0 | BD29: =AJ29*BC29 -> 0 | BE29: 0 | BF29: =AK29*BE29 -> 0 | BG29: 0 | BH29: =BG29*AL29 -> 0 | BI29: 0 | BJ29: =AM29*BI29 -> 0 | BK29: 0 | BL29: =BK29*AN29 -> 0 | BM29: 2HU82AA#ABB | BN29: Foxconn CZ | BO29: EMEA | BP29: 46022
A30: FY24 | B30: Allen Chen | G30: 2019 | H30: Brazilia | I30: Mouse | J30: NA | K30: Black | L30: S China | M30: OTHERS | N30: 2.04 | O30: 1.99 | P30: 1.99 | Q30: 1.99 | R30: 1.99 | S30: 1.99 | T30: 1.99 | U30: 1.99 | V30: 1.99 | W30: 1.99 | X30: 1.99 | Y30: 1.99 | Z30: 1.99 | AA30: 1.99 | AB30: 0 | AC30: 0 | AD30: 0 | AE30: 0 | AF30: 0 | AG30: 0 | AH30: 0 | AI30: 0 | AJ30: 0 | AK30: 0 | AL30: 0 | AM30: 0 | AN30: 0 | AO30: 0 | AP30: =AC30*AO30 -> 0 | AQ30: 0 | AR30: =AD30*AQ30 -> 0 | AS30: 0 | AT30: =AE30*AS30 -> 0 | AU30: 0 | AV30: =AF30*AU30 -> 0 | AW30: 0 | AX30: =AG30*AW30 -> 0 | AY30: 0 | AZ30: =AH30*AY30 -> 0 | BA30: 0 | BB30: =AI30*BA30 -> 0 | BC30: 0 | BD30: =AJ30*BC30 -> 0 | BE30: 0 | BF30: =AK30*BE30 -> 0 | BG30: 0 | BH30: =BG30*AL30 -> 0 | BI30: 0 | BJ30: =AM30*BI30 -> 0 | BK30: 0 | BL30: =BK30*AN30 -> 0 | BM30: H2C21AA#ACJ | BN30: HP India | BO30: APJ | BP30: 45291
A31: FY24 | B31: Allen Chen | G31: 2018 | H31: Moscow1BlueLed | I31: Mouse | J31: NA | K31: Black | L31: S China | M31: OTHERS | N31: 4.54 | O31: 4.54 | P31: 4.54 | Q31: 4.54 | R31: 4.54 | S31: 4.54 | T31: 4.54 | U31: 4.54 | V31: 4.54 | W31: 4.54 | X31: 4.54 | Y31: 4.54 | Z31: 4.54 | AA31: 4.54 | AB31: 0.05 | AC31: 0.05 | AD31: 0.05 | AE31: 0.05 | AF31: 0.05 | AG31: 0.05 | AH31: 0.05 | AI31: 0.05 | AJ31: 0.05 | AK31: 0.05 | AL31: 0.05 | AM31: 0.05 | AN31: 0.05 | AO31: 8640 | AP31: =AC31*AO31 -> 432 | AQ31: 12960 | AR31: =AD31*AQ31 -> 648 | AS31: 4320 | AT31: =AE31*AS31 -> 216 | AU31: 0 | AV31: =AF31*AU31 -> 0 | AW31: 21600 | AX31: =AG31*AW31 -> 1080 | AY31: 11520 | AZ31: =AH31*AY31 -> 576 | BA31: 8640 | BB31: =AI31*BA31 -> 432 | BC31: 0 | BD31: =AJ31*BC31 -> 0 | BE31: 0 | BF31: =AK31*BE31 -> 0 | BG31: 8640 | BH31: =BG31*AL31 -> 432 | BI31: 4320 | BJ31: =AM31*BI31 -> 216 | BK31: 8640 | BL31: =BK31*AN31 -> 432 | BM31: 3FV66AA#ABB | BN31: Foxconn CZ | BO31: EMEA | BP31: 46022
A32: FY24 | B32: Allen Chen | G32: 2018 | H32: Moscow1BlueLed | I32: Mouse | J32: NA | K32: Black | L32: S China | M32: OTHERS | N32: 4.96 | O32: 5.14 | P32: 5.14 | Q32: 5.14 | R32: 5.14 | S32: 5.14 | T32: 5.14 | U32: 5.14 | V32: 5.14 | W32: 5.14 | X32: 5.14 | Y32: 5.14 | Z32: 5.14 | AA32: 5.14 | AB32: 0.14 | AC32: 0.14 | AD32: 0.14 | AE32: 0.14 | AF32: 0.14 | AG32: 0.14 | AH32: 0.14 | AI32: 0.14 | AJ32: 0.14 | AK32: 0.14 | AL32: 0.14 | AM32: 0.14 | AN32: 0.14 | AO32: 0 | AP32: =AC32*AO32 -> 0 | AQ32: 0 | AR32: =AD32*AQ32 -> 0 | AS32: 0 | AT32: =AE32*AS32 -> 0 | AU32: 0 | AV32: =AF32*AU32 -> 0 | AW32: 0 | AX32: =AG32*AW32 -> 0 | AY32: 0 | AZ32: =AH32*AY32 -> 0 | BA32: 0 | BB32: =AI32*BA32 -> 0 | BC32: 0 | BD32: =AJ32*BC32 -> 0 | BE32: 0 | BF32: =AK32*BE32 -> 0 | BG32: 0 | BH32: =BG32*AL32 -> 0 | BI32: 0 | BJ32: =AM32*BI32 -> 0 | BK32: 0 | BL32: =BK32*AN32 -> 0 | BM32: 3FV66AA#UUF | BN32: Foxconn LH | BO32: APJ | BP32: 46022
A33: FY24 | B33: Allen Chen | G33: 2018 | H33: Moscow1BlueLed | I33: Mouse | J33: NA | K33: Sred | L33: S China | M33: OTHERS | N33: 4.78 | O33: 4.78 | P33: 4.78 | Q33: 5.14 | R33: 5.14 | S33: 5.14 | T33: 5.14 | U33: 5.14 | V33: 5.14 | W33: 5.14 | X33: 5.14 | Y33: 5.14 | Z33: 5.14 | AA33: 5.14 | AB33: 0.05 | AC33: 0.05 | AD33: 0.05 | AE33: 0.05 | AF33: 0.05 | AG33: 0.05 | AH33: 0.05 | AI33: 0.05 | AJ33: 0.05 | AK33: 0.05 | AL33: 0.05 | AM33: 0.05 | AN33: 0.05 | AO33: 0 | AP33: =AC33*AO33 -> 0 | AQ33: 0 | AR33: =AD33*AQ33 -> 0 | AS33: 4320 | AT33: =AE33*AS33 -> 216 | AU33: 0 | AV33: =AF33*AU33 -> 0 | AW33: 0 | AX33: =AG33*AW33 -> 0 | AY33: 1380 | AZ33: =AH33*AY33 -> 69 | BA33: 2760 | BB33: =AI33*BA33 -> 138 | BC33: 1380 | BD33: =AJ33*BC33 -> 69 | BE33: 0 | BF33: =AK33*BE33 -> 0 | BG33: 0 | BH33: =BG33*AL33 -> 0 | BI33: 0 | BJ33: =AM33*BI33 -> 0 | BK33: 1380 | BL33: =BK33*AN33 -> 69 | BM33: 7KX10AA#ABB | BN33: Foxconn CZ | BO33: EMEA | BP33: 46022
A34: FY24 | B34: Allen Chen | G34: 2018 | H34: Moscow1BlueLed | I34: Mouse | J34: NA | K34: Blue | L34: S China | M34: OTHERS | N34: 4.78 | O34: 4.78 | P34: 4.78 | Q34: 5.14 | R34: 5.14 | S34: 5.14 | T34: 5.14 | U34: 5.14 | V34: 5.14 | W34: 5.14 | X34: 5.14 | Y34: 5.14 | Z34: 5.14 | AA34: 5.14 | AB34: 0.05 | AC34: 0.05 | AD34: 0.05 | AE34: 0.05 | AF34: 0.05 | AG34: 0.05 | AH34: 0.05 | AI34: 0.05 | AJ34: 0.05 | AK34: 0.05 | AL34: 0.05 | AM34: 0.05 | AN34: 0.05 | AO34: 0 | AP34: =AC34*AO34 -> 0 | AQ34: 4320 | AR34: =AD34*AQ34 -> 216 | AS34: 0 | AT34: =AE34*AS34 -> 0 | AU34: 0 | AV34: =AF34*AU34 -> 0 | AW34: 1380 | AX34: =AG34*AW34 -> 69 | AY34: 4140 | AZ34: =AH34*AY34 -> 207 | BA34: 6900 | BB34: =AI34*BA34 -> 345 | BC34: 0 | BD34: =AJ34*BC34 -> 0 | BE34: 0 | BF34: =AK34*BE34 -> 0 | BG34: 0 | BH34: =BG34*AL34 -> 0 | BI34: 0 | BJ34: =AM34*BI34 -> 0 | BK34: 1380 | BL34: =BK34*AN34 -> 69 | BM34: 7KX11AA#ABB | BN34: Foxconn CZ | BO34: EMEA | BP34: 46022
A35: FY24 | B35: Allen Chen | G35: 2018 | H35: Moscow1BlueLed | I35: Mouse | J35: NA | K35: Snow White | L35: S China | M35: OTHERS | N35: 4.78 | O35: 4.78 | P35: 4.78 | Q35: 4.78 | R35: 4.78 | S35: 5.14 | T35: 5.14 | U35: 5.14 | V35: 5.14 | W35: 5.14 | X35: 5.14 | Y35: 5.14 | Z35: 5.14 | AA35: 5.14 | AB35: 0.05 | AC35: 0.05 | AD35: 0.05 | AE35: 0.05 | AF35: 0.05 | AG35: 0.05 | AH35: 0.05 | AI35: 0.05 | AJ35: 0.05 | AK35: 0.05 | AL35: 0.05 | AM35: 0.05 | AN35: 0.05 | AO35: 4320 | AP35: =AC35*AO35 -> 216 | AQ35: 4320 | AR35: =AD35*AQ35 -> 216 | AS35: 4320 | AT35: =AE35*AS35 -> 216 | AU35: 0 | AV35: =AF35*AU35 -> 0 | AW35: 5520 | AX35: =AG35*AW35 -> 276 | AY35: 2760 | AZ35: =AH35*AY35 -> 138 | BA35: 1380 | BB35: =AI35*BA35 -> 69 | BC35: 0 | BD35: =AJ35*BC35 -> 0 | BE35: 2760 | BF35: =AK35*BE35 -> 138 | BG35: 1380 | BH35: =BG35*AL35 -> 69 | BI35: 0 | BJ35: =AM35*BI35 -> 0 | BK35: 4140 | BL35: =BK35*AN35 -> 207 | BM35: 7KX12AA#ABB | BN35: Foxconn CZ | BO35: EMEA | BP35: 46022
A36: FY24 | B36: Allen Chen | G36: 2023 | H36: Gadget dual | I36: Mouse | J36: NA | K36: Black | L36: S China | M36: OTHERS | N36: 6.27 | O36: 6.27 | P36: 6.27 | Q36: 6.27 | R36: 6.27 | S36: 6.27 | T36: 6.27 | U36: 6.27 | V36: 6.27 | W36: 6.27 | X36: 6.27 | Y36: 6.27 | Z36: 6.27 | AA36: 6.27 | AB36: 0.3 | AC36: 0.3 | AD36: 0.3 | AE36: 0.3 | AF36: 0.3 | AG36: 0.3 | AH36: 0.3 | AI36: 0.3 | AJ36: 0.3 | AK36: 0.3 | AL36: 0.3 | AM36: 0.3 | AN36: 0.3 | AO36: 0 | AP36: =AC36*AO36 -> 0 | AQ36: 0 | AR36: =AD36*AQ36 -> 0 | AS36: 0 | AT36: =AE36*AS36 -> 0 | AU36: 0 | AV36: =AF36*AU36 -> 0 | AW36: 0 | AX36: =AG36*AW36 -> 0 | AY36: 0 | AZ36: =AH36*AY36 -> 0 | BA36: 4080 | BB36: =AI36*BA36 -> 1224 | BC36: 2040 | BD36: =AJ36*BC36 -> 612 | BE36: 2040 | BF36: =AK36*BE36 -> 612 | BG36: 4080 | BH36: =BG36*AL36 -> 1224 | BI36: 0 | BJ36: =AM36*BI36 -> 0 | BK36: 2040 | BL36: =BK36*AN36 -> 612 | BM36: 758A8AA#ABA | BN36: Foxconn LH | BO36: NA/LA
A37: FY24 | B37: Allen Chen | G37: 2023 | H37: Gadget dual | I37: Mouse | J37: NA | K37: Black | L37: S China | M37: OTHERS | N37: 6.31 | O37: 6.31 | P37: 6.31 | Q37: 6.31 | R37: 6.31 | S37: 6.31 | T37: 6.31 | U37: 6.31 | V37: 6.31 | W37: 6.31 | X37: 6.31 | Y37: 6.31 | Z37: 6.31 | AA37: 6.31 | AB37: 0.3 | AC37: 0.3 | AD37: 0.3 | AE37: 0.3 | AF37: 0.3 | AG37: 0.3 | AH37: 0.3 | AI37: 0.3 | AJ37: 0.3 | AK37: 0.3 | AL37: 0.3 | AM37: 0.3 | AN37: 0.3 | AO37: 0 | AP37: =AC37*AO37 -> 0 | AQ37: 0 | AR37: =AD37*AQ37 -> 0 | AS37: 0 | AT37: =AE37*AS37 -> 0 | AU37: 0 | AV37: =AF37*AU37 -> 0 | AW37: 0 | AX37: =AG37*AW37 -> 0 | AY37: 3060 | AZ37: =AH37*AY37 -> 918 | BA37: 6120 | BB37: =AI37*BA37 -> 1836 | BC37: 2760 | BD37: =AJ37*BC37 -> 828 | BE37: 1020 | BF37: =AK37*BE37 -> 306 | BG37: 2100 | BH37: =BG37*AL37 -> 630 | BI37: 1080 | BJ37: =AM37*BI37 -> 324 | BK37: 1020 | BL37: =BK37*AN37 -> 306 | BM37: 758A8AA#ABB | BN37: Foxconn CZ | BO37: EMEA | BP37: 46053
A38: FY24 | B38: Allen Chen | G38: 2023 | H38: Gadget dual | I38: Mouse | J38: NA | K38: Black | L38: S China | M38: OTHERS | N38: 6.27 | O38: 6.27 | P38: 6.27 | Q38: 6.27 | R38: 6.27 | S38: 6.27 | T38: 6.27 | U38: 6.27 | V38: 6.27 | W38: 6.27 | X38: 6.27 | Y38: 6.27 | Z38: 6.27 | AA38: 6.27 | AB38: 0.3 | AC38: 0.3 | AD38: 0.3 | AE38: 0.3 | AF38: 0.3 | AG38: 0.3 | AH38: 0.3 | AI38: 0.3 | AJ38: 0.3 | AK38: 0.3 | AL38: 0.3 | AM38: 0.3 | AN38: 0.3 | AO38: 0 | AP38: =AC38*AO38 -> 0 | AQ38: 0 | AR38: =AD38*AQ38 -> 0 | AS38: 0 | AT38: =AE38*AS38 -> 0 | AU38: 0 | AV38: =AF38*AU38 -> 0 | AW38: 2040 | AX38: =AG38*AW38 -> 612 | AY38: 3060 | AZ38: =AH38*AY38 -> 918 | BA38: 2040 | BB38: =AI38*BA38 -> 612 | BC38: 3060 | BD38: =AJ38*BC38 -> 918 | BE38: 6120 | BF38: =AK38*BE38 -> 1836 | BG38: 2040 | BH38: =BG38*AL38 -> 612 | BI38: 4080 | BJ38: =AM38*BI38 -> 1224 | BK38: 2040 | BL38: =BK38*AN38 -> 612 | BM38: 758A8AA#UUF | BN38: Foxconn LH | BO38: APJ | BP38: 46053
A39: FY24 | B39: Allen Chen | G39: 2023 | H39: Gadget dual | I39: Mouse | J39: NA | K39: Silver | L39: S China | M39: OTHERS | N39: 6.27 | O39: 6.27 | P39: 6.27 | Q39: 6.27 | R39: 6.27 | S39: 6.27 | T39: 6.27 | U39: 6.27 | V39: 6.27 | W39: 6.27 | X39: 6.27 | Y39: 6.27 | Z39: 6.27 | AA39: 6.27 | AB39: 0.3 | AC39: 0.3 | AD39: 0.3 | AE39: 0.3 | AF39: 0.3 | AG39: 0.3 | AH39: 0.3 | AI39: 0.3 | AJ39: 0.3 | AK39: 0.3 | AL39: 0.3 | AM39: 0.3 | AN39: 0.3 | AO39: 0 | AP39: =AC39*AO39 -> 0 | AQ39: 0 | AR39: =AD39*AQ39 -> 0 | AS39: 0 | AT39: =AE39*AS39 -> 0 | AU39: 0 | AV39: =AF39*AU39 -> 0 | AW39: 0 | AX39: =AG39*AW39 -> 0 | AY39: 2040 | AZ39: =AH39*AY39 -> 612 | BA39: 6120 | BB39: =AI39*BA39 -> 1836 | BC39: 2040 | BD39: =AJ39*BC39 -> 612 | BE39: 3060 | BF39: =AK39*BE39 -> 918 | BG39: 0 | BH39: =BG39*AL39 -> 0 | BI39: 0 | BJ39: =AM39*BI39 -> 0 | BK39: 0 | BL39: =BK39*AN39 -> 0 | BM39: 758A9AA#ABA | BN39: Foxconn LH | BO39: NA/LA | BP39: 46053
A40: FY24 | B40: Allen Chen | G40: 2023 | H40: Gadget dual | I40: Mouse | J40: NA | K40: Silver | L40: S China | M40: OTHERS | N40: 6.31 | O40: 6.31 | P40: 6.31 | Q40: 6.31 | R40: 6.31 | S40: 6.31 | T40: 6.31 | U40: 6.31 | V40: 6.31 | W40: 6.31 | X40: 6.31 | Y40: 6.31 | Z40: 6.31 | AA40: 6.31 | AB40: 0.3 | AC40: 0.3 | AD40: 0.3 | AE40: 0.3 | AF40: 0.3 | AG40: 0.3 | AH40: 0.3 | AI40: 0.3 | AJ40: 0.3 | AK40: 0.3 | AL40: 0.3 | AM40: 0.3 | AN40: 0.3 | AO40: 0 | AP40: =AC40*AO40 -> 0 | AQ40: 0 | AR40: =AD40*AQ40 -> 0 | AS40: 0 | AT40: =AE40*AS40 -> 0 | AU40: 0 | AV40: =AF40*AU40 -> 0 | AW40: 2040 | AX40: =AG40*AW40 -> 612 | AY40: 1200 | AZ40: =AH40*AY40 -> 360 | BA40: 3060 | BB40: =AI40*BA40 -> 918 | BC40: 2040 | BD40: =AJ40*BC40 -> 612 | BE40: 0 | BF40: =AK40*BE40 -> 0 | BG40: 0 | BH40: =BG40*AL40 -> 0 | BI40: 1020 | BJ40: =AM40*BI40 -> 306 | BK40: 2040 | BL40: =BK40*AN40 -> 612 | BM40: 758A9AA#ABB | BN40: Foxconn CZ | BO40: EMEA | BP40: 46053
A41: FY24 | B41: Allen Chen | G41: 2023 | H41: Gadget dual | I41: Mouse | J41: NA | K41: Silver | L41: S China | M41: OTHERS | N41: 6.27 | O41: 6.27 | P41: 6.27 | Q41: 6.27 | R41: 6.27 | S41: 6.27 | T41: 6.27 | U41: 6.27 | V41: 6.27 | W41: 6.27 | X41: 6.27 | Y41: 6.27 | Z41: 6.27 | AA41: 6.27 | AB41: 0.3 | AC41: 0.3 | AD41: 0.3 | AE41: 0.3 | AF41: 0.3 | AG41: 0.3 | AH41: 0.3 | AI41: 0.3 | AJ41: 0.3 | AK41: 0.3 | AL41: 0.3 | AM41: 0.3 | AN41: 0.3 | AO41: 2040 | AP41: =AC41*AO41 -> 612 | AQ41: 0 | AR41: =AD41*AQ41 -> 0 | AS41: 0 | AT41: =AE41*AS41 -> 0 | AU41: 0 | AV41: =AF41*AU41 -> 0 | AW41: 0 | AX41: =AG41*AW41 -> 0 | AY41: 0 | AZ41: =AH41*AY41 -> 0 | BA41: 0 | BB41: =AI41*BA41 -> 0 | BC41: 0 | BD41: =AJ41*BC41 -> 0 | BE41: 4080 | BF41: =AK41*BE41 -> 1224 | BG41: 2040 | BH41: =BG41*AL41 -> 612 | BI41: 2040 | BJ41: =AM41*BI41 -> 612 | BK41: 2040 | BL41: =BK41*AN41 -> 612 | BM41: 758A9AA#UUF | BN41: Foxconn LH | BO41: APJ | BP41: 46053
A42: FY24 | B42: Allen Chen | G42: 2023 | H42: Gadget Dual | I42: Mouse | J42: NA | K42: Silver | L42: S China | M42: OTHERS | N42: 6.75 | O42: 6.75 | P42: 6.75 | Q42: 6.75 | R42: 6.75 | S42: 6.75 | T42: 6.75 | U42: 6.75 | V42: 6.75 | W42: 6.75 | X42: 6.75 | Y42: 6.75 | Z42: 6.75 | AA42: 6.75 | AB42: 0.3 | AC42: 0.3 | AD42: 0.3 | AE42: 0.3 | AF42: 0.3 | AG42: 0.3 | AH42: 0.3 | AI42: 0.3 | AJ42: 0.3 | AK42: 0.3 | AL42: 0.3 | AM42: 0.3 | AN42: 0.3 | AO42: 0 | AP42: =AC42*AO42 -> 0 | AQ42: 0 | AR42: =AD42*AQ42 -> 0 | AS42: 0 | AT42: =AE42*AS42 -> 0 | AU42: 0 | AV42: =AF42*AU42 -> 0 | AW42: 0 | AX42: =AG42*AW42 -> 0 | AY42: 0 | AZ42: =AH42*AY42 -> 0 | BA42: 0 | BB42: =AI42*BA42 -> 0 | BC42: 0 | BD42: =AJ42*BC42 -> 0 | BE42: 0 | BF42: =AK42*BE42 -> 0 | BG42: 0 | BH42: =BG42*AL42 -> 0 | BI42: 0 | BJ42: =AM42*BI42 -> 0 | BK42: 0 | BL42: =BK42*AN42 -> 0 | BM42: N72845-A21 | BN42: QUANTA | BO42: DIB | BP42: 45838
A43: FY24 | B43: Allen Chen | G43: 2023 | H43: Gadget Dual | I43: Mouse | J43: NA | K43: Silver | L43: S China | M43: OTHERS | N43: 6.75 | O43: 6.75 | P43: 6.75 | Q43: 6.75 | R43: 6.75 | S43: 6.75 | T43: 6.75 | U43: 6.75 | V43: 6.75 | W43: 6.75 | X43: 6.75 | Y43: 6.75 | Z43: 6.75 | AA43: 6.75 | AB43: 0.3 | AC43: 0.3 | AD43: 0.3 | AE43: 0.3 | AF43: 0.3 | AG43: 0.3 | AH43: 0.3 | AI43: 0.3 | AJ43: 0.3 | AK43: 0.3 | AL43: 0.3 | AM43: 0.3 | AN43: 0.3 | AO43: 0 | AP43: =AC43*AO43 -> 0 | AQ43: 0 | AR43: =AD43*AQ43 -> 0 | AS43: 0 | AT43: =AE43*AS43 -> 0 | AU43: 0 | AV43: =AF43*AU43 -> 0 | AW43: 0 | AX43: =AG43*AW43 -> 0 | AY43: 0 | AZ43: =AH43*AY43 -> 0 | BA43: 0 | BB43: =AI43*BA43 -> 0 | BC43: 0 | BD43: =AJ43*BC43 -> 0 | BE43: 0 | BF43: =AK43*BE43 -> 0 | BG43: 0 | BH43: =BG43*AL43 -> 0 | BI43: 0 | BJ43: =AM43*BI43 -> 0 | BK43: 0 | BL43: =BK43*AN43 -> 0 | BM43: N72845-A21 | BN43: Inventec | BO43: DIB | BP43: 45838
A44: FY24 | B44: Allen Chen | G44: 2023 | H44: Gadget Dual | I44: Mouse | J44: NA | K44: Silver | L44: S China | M44: OTHERS | N44: 6.75 | O44: 6.75 | P44: 6.75 | Q44: 6.75 | R44: 6.75 | S44: 6.75 | T44: 6.75 | U44: 6.75 | V44: 6.75 | W44: 6.75 | X44: 6.75 | Y44: 6.75 | Z44: 6.75 | AA44: 6.75 | AB44: 0.3 | AC44: 0.3 | AD44: 0.3 | AE44: 0.3 | AF44: 0.3 | AG44: 0.3 | AH44: 0.3 | AI44: 0.3 | AJ44: 0.3 | AK44: 0.3 | AL44: 0.3 | AM44: 0.3 | AN44: 0.3 | AO44: 0 | AP44: =AC44*AO44 -> 0 | AQ44: 0 | AR44: =AD44*AQ44 -> 0 | AS44: 0 | AT44: =AE44*AS44 -> 0 | AU44: 0 | AV44: =AF44*AU44 -> 0 | AW44: 0 | AX44: =AG44*AW44 -> 0 | AY44: 0 | AZ44: =AH44*AY44 -> 0 | BA44: 0 | BB44: =AI44*BA44 -> 0 | BC44: 0 | BD44: =AJ44*BC44 -> 0 | BE44: 0 | BF44: =AK44*BE44 -> 0 | BG44: 0 | BH44: =BG44*AL44 -> 0 | BI44: 0 | BJ44: =AM44*BI44 -> 0 | BK44: 0 | BL44: =BK44*AN44 -> 0 | BM44: N72845-A21 | BN44: Compal | BO44: DIB
A45: FY24 | B45: Allen Chen | G45: 2023 | H45: Gadget Dual | I45: Mouse | J45: NA | K45: Silver | L45: S China | M45: OTHERS | N45: 6.75 | O45: 6.75 | P45: 6.75 | Q45: 6.75 | R45: 6.75 | S45: 6.75 | T45: 6.75 | U45: 6.75 | V45: 6.75 | W45: 6.75 | X45: 6.75 | Y45: 6.75 | Z45: 6.75 | AA45: 6.75 | AB45: 0.3 | AC45: 0.3 | AD45: 0.3 | AE45: 0.3 | AF45: 0.3 | AG45: 0.3 | AH45: 0.3 | AI45: 0.3 | AJ45: 0.3 | AK45: 0.3 | AL45: 0.3 | AM45: 0.3 | AN45: 0.3 | AO45: 0 | AP45: =AC45*AO45 -> 0 | AQ45: 0 | AR45: =AD45*AQ45 -> 0 | AS45: 0 | AT45: =AE45*AS45 -> 0 | AU45: 0 | AV45: =AF45*AU45 -> 0 | AW45: 0 | AX45: =AG45*AW45 -> 0 | AY45: 0 | AZ45: =AH45*AY45 -> 0 | BA45: 0 | BB45: =AI45*BA45 -> 0 | BC45: 0 | BD45: =AJ45*BC45 -> 0 | BE45: 0 | BF45: =AK45*BE45 -> 0 | BG45: 0 | BH45: =BG45*AL45 -> 0 | BI45: 0 | BJ45: =AM45*BI45 -> 0 | BK45: 0 | BL45: =BK45*AN45 -> 0 | BM45: N72845-A21 | BN45: Wistron | BO45: DIB
A46: FY24 | B46: Allen Chen | G46: 2023 | H46: Gadget Dual | I46: Mouse | J46: NA | K46: Silver | L46: S China | M46: OTHERS | N46: 6.75 | O46: 6.75 | P46: 6.75 | Q46: 6.75 | R46: 6.75 | S46: 6.75 | T46: 6.75 | U46: 6.75 | V46: 6.75 | W46: 6.75 | X46: 6.75 | Y46: 6.75 | Z46: 6.75 | AA46: 6.75 | AB46: 0.3 | AC46: 0.3 | AD46: 0.3 | AE46: 0.3 | AF46: 0.3 | AG46: 0.3 | AH46: 0.3 | AI46: 0.3 | AJ46: 0.3 | AK46: 0.3 | AL46: 0.3 | AM46: 0.3 | AN46: 0.3 | AO46: 0 | AP46: =AC46*AO46 -> 0 | AQ46: 0 | AR46: =AD46*AQ46 -> 0 | AS46: 0 | AT46: =AE46*AS46 -> 0 | AU46: 0 | AV46: =AF46*AU46 -> 0 | AW46: 0 | AX46: =AG46*AW46 -> 0 | AY46: 0 | AZ46: =AH46*AY46 -> 0 | BA46: 0 | BB46: =AI46*BA46 -> 0 | BC46: 0 | BD46: =AJ46*BC46 -> 0 | BE46: 0 | BF46: =AK46*BE46 -> 0 | BG46: 0 | BH46: =BG46*AL46 -> 0 | BI46: 0 | BJ46: =AM46*BI46 -> 0 | BK46: 0 | BL46: =BK46*AN46 -> 0 | BM46: N72845-371 | BN46: QUANTA | BO46: DIB | BP46: 45838
A47: FY24 | B47: Allen Chen | G47: 2023 | H47: Gadget Dual | I47: Mouse | J47: NA | K47: Silver | L47: S China | M47: OTHERS | N47: 6.75 | O47: 6.75 | P47: 6.75 | Q47: 6.75 | R47: 6.75 | S47: 6.75 | T47: 6.75 | U47: 6.75 | V47: 6.75 | W47: 6.75 | X47: 6.75 | Y47: 6.75 | Z47: 6.75 | AA47: 6.75 | AB47: 0.3 | AC47: 0.3 | AD47: 0.3 | AE47: 0.3 | AF47: 0.3 | AG47: 0.3 | AH47: 0.3 | AI47: 0.3 | AJ47: 0.3 | AK47: 0.3 | AL47: 0.3 | AM47: 0.3 | AN47: 0.3 | AO47: 0 | AP47: =AC47*AO47 -> 0 | AQ47: 0 | AR47: =AD47*AQ47 -> 0 | AS47: 0 | AT47: =AE47*AS47 -> 0 | AU47: 0 | AV47: =AF47*AU47 -> 0 | AW47: 0 | AX47: =AG47*AW47 -> 0 | AY47: 0 | AZ47: =AH47*AY47 -> 0 | BA47: 0 | BB47: =AI47*BA47 -> 0 | BC47: 0 | BD47: =AJ47*BC47 -> 0 | BE47: 0 | BF47: =AK47*BE47 -> 0 | BG47: 0 | BH47: =BG47*AL47 -> 0 | BI47: 0 | BJ47: =AM47*BI47 -> 0 | BK47: 0 | BL47: =BK47*AN47 -> 0 | BM47: N72845-371 | BN47: Inventec | BO47: DIB | BP47: 45838
A48: FY24 | B48: Allen Chen | G48: 2023 | H48: Gadget Dual | I48: Mouse | J48: NA | K48: Silver | L48: S China | M48: OTHERS | N48: 6.75 | O48: 6.75 | P48: 6.75 | Q48: 6.75 | R48: 6.75 | S48: 6.75 | T48: 6.75 | U48: 6.75 | V48: 6.75 | W48: 6.75 | X48: 6.75 | Y48: 6.75 | Z48: 6.75 | AA48: 6.75 | AB48: 0.3 | AC48: 0.3 | AD48: 0.3 | AE48: 0.3 | AF48: 0.3 | AG48: 0.3 | AH48: 0.3 | AI48: 0.3 | AJ48: 0.3 | AK48: 0.3 | AL48: 0.3 | AM48: 0.3 | AN48: 0.3 | AO48: 0 | AP48: =AC48*AO48 -> 0 | AQ48: 0 | AR48: =AD48*AQ48 -> 0 | AS48: 0 | AT48: =AE48*AS48 -> 0 | AU48: 0 | AV48: =AF48*AU48 -> 0 | AW48: 0 | AX48: =AG48*AW48 -> 0 | AY48: 0 | AZ48: =AH48*AY48 -> 0 | BA48: 0 | BB48: =AI48*BA48 -> 0 | BC48: 0 | BD48: =AJ48*BC48 -> 0 | BE48: 0 | BF48: =AK48*BE48 -> 0 | BG48: 0 | BH48: =BG48*AL48 -> 0 | BI48: 0 | BJ48: =AM48*BI48 -> 0 | BK48: 0 | BL48: =BK48*AN48 -> 0 | BM48: N72845-371 | BN48: Compal | BO48: DIB
A49: FY24 | B49: Allen Chen | G49: 2023 | H49: Gadget Dual | I49: Mouse | J49: NA | K49: Silver | L49: S China | M49: OTHERS | N49: 6.75 | O49: 6.75 | P49: 6.75 | Q49: 6.75 | R49: 6.75 | S49: 6.75 | T49: 6.75 | U49: 6.75 | V49: 6.75 | W49: 6.75 | X49: 6.75 | Y49: 6.75 | Z49: 6.75 | AA49: 6.75 | AB49: 0.3 | AC49: 0.3 | AD49: 0.3 | AE49: 0.3 | AF49: 0.3 | AG49: 0.3 | AH49: 0.3 | AI49: 0.3 | AJ49: 0.3 | AK49: 0.3 | AL49: 0.3 | AM49: 0.3 | AN49: 0.3 | AO49: 0 | AP49: =AC49*AO49 -> 0 | AQ49: 0 | AR49: =AD49*AQ49 -> 0 | AS49: 0 | AT49: =AE49*AS49 -> 0 | AU49: 0 | AV49: =AF49*AU49 -> 0 | AW49: 0 | AX49: =AG49*AW49 -> 0 | AY49: 0 | AZ49: =AH49*AY49 -> 0 | BA49: 0 | BB49: =AI49*BA49 -> 0 | BC49: 0 | BD49: =AJ49*BC49 -> 0 | BE49: 0 | BF49: =AK49*BE49 -> 0 | BG49: 0 | BH49: =BG49*AL49 -> 0 | BI49: 0 | BJ49: =AM49*BI49 -> 0 | BK49: 0 | BL49: =BK49*AN49 -> 0 | BM49: N72845-371 | BN49: Wistron | BO49: DIB
A50: FY24 | B50: Allen Chen | G50: 2023 | H50: Gadget Dual | I50: Mouse | J50: NA | K50: Silver | L50: S China | M50: OTHERS | N50: 6.75 | O50: 6.75 | P50: 6.75 | Q50: 6.75 | R50: 6.75 | S50: 6.75 | T50: 6.75 | U50: 6.75 | V50: 6.75 | W50: 6.75 | X50: 6.75 | Y50: 6.75 | Z50: 6.75 | AA50: 6.75 | AB50: 0.3 | AC50: 0.3 | AD50: 0.3 | AE50: 0.3 | AF50: 0.3 | AG50: 0.3 | AH50: 0.3 | AI50: 0.3 | AJ50: 0.3 | AK50: 0.3 | AL50: 0.3 | AM50: 0.3 | AN50: 0.3 | AO50: 0 | AP50: =AC50*AO50 -> 0 | AQ50: 0 | AR50: =AD50*AQ50 -> 0 | AS50: 0 | AT50: =AE50*AS50 -> 0 | AU50: 0 | AV50: =AF50*AU50 -> 0 | AW50: 0 | AX50: =AG50*AW50 -> 0 | AY50: 1020 | AZ50: =AH50*AY50 -> 306 | BA50: 0 | BB50: =AI50*BA50 -> 0 | BC50: 0 | BD50: =AJ50*BC50 -> 0 | BE50: 0 | BF50: =AK50*BE50 -> 0 | BG50: 0 | BH50: =BG50*AL50 -> 0 | BI50: 0 | BJ50: =AM50*BI50 -> 0 | BK50: 0 | BL50: =BK50*AN50 -> 0 | BM50: N72845-001 | BN50: QUANTA | BO50: DIB | BP50: 45838
A51: FY24 | B51: Allen Chen | G51: 2023 | H51: Gadget Dual | I51: Mouse | J51: NA | K51: Silver | L51: S China | M51: OTHERS | N51: 6.75 | O51: 6.75 | P51: 6.75 | Q51: 6.75 | R51: 6.75 | S51: 6.75 | T51: 6.75 | U51: 6.75 | V51: 6.75 | W51: 6.75 | X51: 6.75 | Y51: 6.75 | Z51: 6.75 | AA51: 6.75 | AB51: 0.3 | AC51: 0.3 | AD51: 0.3 | AE51: 0.3 | AF51: 0.3 | AG51: 0.3 | AH51: 0.3 | AI51: 0.3 | AJ51: 0.3 | AK51: 0.3 | AL51: 0.3 | AM51: 0.3 | AN51: 0.3 | AO51: 0 | AP51: =AC51*AO51 -> 0 | AQ51: 0 | AR51: =AD51*AQ51 -> 0 | AS51: 1020 | AT51: =AE51*AS51 -> 306 | AU51: 0 | AV51: =AF51*AU51 -> 0 | AW51: 0 | AX51: =AG51*AW51 -> 0 | AY51: 0 | AZ51: =AH51*AY51 -> 0 | BA51: 0 | BB51: =AI51*BA51 -> 0 | BC51: 0 | BD51: =AJ51*BC51 -> 0 | BE51: 0 | BF51: =AK51*BE51 -> 0 | BG51: 0 | BH51: =BG51*AL51 -> 0 | BI51: 0 | BJ51: =AM51*BI51 -> 0 | BK51: 0 | BL51: =BK51*AN51 -> 0 | BM51: N72845-001 | BN51: Inventec | BO51: DIB | BP51: 45838
A52: FY24 | B52: Allen Chen | G52: 2023 | H52: Gadget Dual | I52: Mouse | J52: NA | K52: Silver | L52: S China | M52: OTHERS | N52: 6.75 | O52: 6.75 | P52: 6.75 | Q52: 6.75 | R52: 6.75 | S52: 6.75 | T52: 6.75 | U52: 6.75 | V52: 6.75 | W52: 6.75 | X52: 6.75 | Y52: 6.75 | Z52: 6.75 | AA52: 6.75 | AB52: 0.3 | AC52: 0.3 | AD52: 0.3 | AE52: 0.3 | AF52: 0.3 | AG52: 0.3 | AH52: 0.3 | AI52: 0.3 | AJ52: 0.3 | AK52: 0.3 | AL52: 0.3 | AM52: 0.3 | AN52: 0.3 | AO52: 0 | AP52: =AC52*AO52 -> 0 | AQ52: 0 | AR52: =AD52*AQ52 -> 0 | AS52: 1020 | AT52: =AE52*AS52 -> 306 | AU52: 0 | AV52: =AF52*AU52 -> 0 | AW52: 0 | AX52: =AG52*AW52 -> 0 | AY52: 0 | AZ52: =AH52*AY52 -> 0 | BA52: 0 | BB52: =AI52*BA52 -> 0 | BC52: 0 | BD52: =AJ52*BC52 -> 0 | BE52: 0 | BF52: =AK52*BE52 -> 0 | BG52: 1020 | BH52: =BG52*AL52 -> 306 | BI52: 0 | BJ52: =AM52*BI52 -> 0 | BK52: 1020 | BL52: =BK52*AN52 -> 306 | BM52: N72845-001 | BN52: Compal | BO52: DIB | BP52: 45747
A53: FY24 | B53: Allen Chen | G53: 2023 | H53: Gadget Dual | I53: Mouse | J53: NA | K53: Silver | L53: S China | M53: OTHERS | N53: 6.75 | O53: 6.75 | P53: 6.75 | Q53: 6.75 | R53: 6.75 | S53: 6.75 | T53: 6.75 | U53: 6.75 | V53: 6.75 | W53: 6.75 | X53: 6.75 | Y53: 6.75 | Z53: 6.75 | AA53: 6.75 | AB53: 0.3 | AC53: 0.3 | AD53: 0.3 | AE53: 0.3 | AF53: 0.3 | AG53: 0.3 | AH53: 0.3 | AI53: 0.3 | AJ53: 0.3 | AK53: 0.3 | AL53: 0.3 | AM53: 0.3 | AN53: 0.3 | AO53: 0 | AP53: =AC53*AO53 -> 0 | AQ53: 0 | AR53: =AD53*AQ53 -> 0 | AS53: 0 | AT53: =AE53*AS53 -> 0 | AU53: 0 | AV53: =AF53*AU53 -> 0 | AW53: 1020 | AX53: =AG53*AW53 -> 306 | AY53: 0 | AZ53: =AH53*AY53 -> 0 | BA53: 0 | BB53: =AI53*BA53 -> 0 | BC53: 0 | BD53: =AJ53*BC53 -> 0 | BE53: 0 | BF53: =AK53*BE53 -> 0 | BG53: 0 | BH53: =BG53*AL53 -> 0 | BI53: 0 | BJ53: =AM53*BI53 -> 0 | BK53: 0 | BL53: =BK53*AN53 -> 0 | BM53: N72845-001 | BN53: Wistron | BO53: DIB
A54: FY24 | B54: Allen Chen | G54: 2023 | H54: Sochi | I54: Mouse | J54: NA | K54: Black | L54: S China | M54: OTHERS | N54: 5.51 | O54: 5.51 | P54: 5.51 | Q54: 5.51 | R54: 5.51 | S54: 5.51 | T54: 5.51 | U54: 5.51 | V54: 5.51 | W54: 5.51 | X54: 5.51 | Y54: 5.51 | Z54: 5.51 | AA54: 5.51 | AB54: 0 | AC54: 0 | AD54: 0 | AE54: 0 | AF54: 0 | AG54: 0 | AH54: 0 | AI54: 0 | AJ54: 0 | AK54: 0 | AL54: 0 | AM54: 0 | AN54: 0 | AO54: 0 | AP54: =AC54*AO54 -> 0 | AQ54: 0 | AR54: =AD54*AQ54 -> 0 | AS54: 0 | AT54: =AE54*AS54 -> 0 | AU54: 0 | AV54: =AF54*AU54 -> 0 | AW54: 3640 | AX54: =AG54*AW54 -> 0 | AY54: 3640 | AZ54: =AH54*AY54 -> 0 | BA54: 0 | BB54: =AI54*BA54 -> 0 | BC54: 0 | BD54: =AJ54*BC54 -> 0 | BE54: 0 | BF54: =AK54*BE54 -> 0 | BG54: 0 | BH54: =BG54*AL54 -> 0 | BI54: 0 | BJ54: =AM54*BI54 -> 0 | BK54: 0 | BL54: =BK54*AN54 -> 0 | BM54: 6V2J7AA#ABL | BN54: Foxconn LH | BO54: NA/LA | BP54: 46053
A55: FY24 | B55: Allen Chen | G55: 2023 | H55: Sochi | I55: Mouse | J55: NA | K55: Black | L55: S China | M55: OTHERS | N55: 5.18 | O55: 5.18 | P55: 5.18 | Q55: 5.18 | R55: 5.18 | S55: 5.18 | T55: 5.18 | U55: 5.18 | V55: 5.18 | W55: 5.18 | X55: 5.18 | Y55: 5.18 | Z55: 5.18 | AA55: 5.18 | AB55: 0 | AC55: 0 | AD55: 0 | AE55: 0 | AF55: 0 | AG55: 0 | AH55: 0 | AI55: 0 | AJ55: 0 | AK55: 0 | AL55: 0 | AM55: 0 | AN55: 0 | AO55: 0 | AP55: =AC55*AO55 -> 0 | AQ55: 0 | AR55: =AD55*AQ55 -> 0 | AS55: 0 | AT55: =AE55*AS55 -> 0 | AU55: 0 | AV55: =AF55*AU55 -> 0 | AW55: 0 | AX55: =AG55*AW55 -> 0 | AY55: 10920 | AZ55: =AH55*AY55 -> 0 | BA55: 0 | BB55: =AI55*BA55 -> 0 | BC55: 9040 | BD55: =AJ55*BC55 -> 0 | BE55: 0 | BF55: =AK55*BE55 -> 0 | BG55: 7280 | BH55: =BG55*AL55 -> 0 | BI55: 0 | BJ55: =AM55*BI55 -> 0 | BK55: 7280 | BL55: =BK55*AN55 -> 0 | BM55: 6V2J7AA#ABB | BN55: Foxconn CZ | BO55: EMEA | BP55: 46053
A56: FY24 | B56: Allen Chen | G56: 2023 | H56: Sochi | I56: Mouse | J56: NA | K56: Black | L56: S China | M56: OTHERS | N56: 5.45 | O56: 5.45 | P56: 5.45 | Q56: 5.45 | R56: 5.45 | S56: 5.45 | T56: 5.45 | U56: 5.45 | V56: 5.45 | W56: 5.45 | X56: 5.45 | Y56: 5.45 | Z56: 5.45 | AA56: 5.45 | AB56: 0 | AC56: 0 | AD56: 0 | AE56: 0 | AF56: 0 | AG56: 0 | AH56: 0 | AI56: 0 | AJ56: 0 | AK56: 0 | AL56: 0 | AM56: 0 | AN56: 0 | AO56: 0 | AP56: =AC56*AO56 -> 0 | AQ56: 0 | AR56: =AD56*AQ56 -> 0 | AS56: 0 | AT56: =AE56*AS56 -> 0 | AU56: 0 | AV56: =AF56*AU56 -> 0 | AW56: 0 | AX56: =AG56*AW56 -> 0 | AY56: 0 | AZ56: =AH56*AY56 -> 0 | BA56: 0 | BB56: =AI56*BA56 -> 0 | BC56: 0 | BD56: =AJ56*BC56 -> 0 | BE56: 3640 | BF56: =AK56*BE56 -> 0 | BG56: 0 | BH56: =BG56*AL56 -> 0 | BI56: 3640 | BJ56: =AM56*BI56 -> 0 | BK56: 3640 | BL56: =BK56*AN56 -> 0 | BM56: 6V2J7AA#UUF | BN56: Foxconn LH | BO56: APJ | BP56: 46053
A57: FY24 | B57: Allen Chen | G57: 2023 | H57: =_xlfn.XLOOKUP(BM57,'[5]Package breakdown0503'!$F:$F,'[5]Package breakdown0503'!$B:$B) -> Sochi | I57: Mouse | J57: NA | K57: Black | L57: S China | M57: OTHERS | N57: 5 | O57: 5 | P57: 5 | Q57: 5 | R57: 5 | S57: 5 | T57: 5 | U57: 5 | V57: 5 | W57: 5 | X57: 5 | Y57: 5 | Z57: 5 | AA57: 5 | AB57: 0 | AC57: 0 | AD57: 0 | AE57: 0 | AF57: 0 | AG57: 0 | AH57: 0 | AI57: 0 | AJ57: 0 | AK57: 0 | AL57: 0 | AM57: 0 | AN57: 0 | AO57: 0 | AP57: =AC57*AO57 -> 0 | AQ57: 0 | AR57: =AD57*AQ57 -> 0 | AS57: 0 | AT57: =AE57*AS57 -> 0 | AU57: 0 | AV57: =AF57*AU57 -> 0 | AW57: 0 | AX57: =AG57*AW57 -> 0 | AY57: 0 | AZ57: =AH57*AY57 -> 0 | BA57: 0 | BB57: =AI57*BA57 -> 0 | BC57: 0 | BD57: =AJ57*BC57 -> 0 | BE57: 0 | BF57: =AK57*BE57 -> 0 | BG57: 0 | BH57: =BG57*AL57 -> 0 | BI57: 0 | BJ57: =AM57*BI57 -> 0 | BK57: 0 | BL57: =BK57*AN57 -> 0 | BM57: 6V2J7AA#ACJ | BN57: HP India | BO57: APJ | BP57: 46053
A58: FY24 | B58: Allen Chen | G58: 2022 | H58: Mickey | I58: Mouse | J58: NA | K58: Black | L58: S China | M58: OTHERS | N58: 24.16 | O58: 24.31 | P58: 24.31 | Q58: 24.31 | R58: 24.31 | S58: 24.31 | T58: 24.31 | U58: 24.31 | V58: 24.31 | W58: 24.31 | X58: 24.31 | Y58: 24.31 | Z58: 24.21 | AA58: 24.21 | AB58: 0.48 | AC58: 0.48 | AD58: 0.48 | AE58: 0.48 | AF58: 0.48 | AG58: 0.48 | AH58: 0.48 | AI58: 0.48 | AJ58: 0.48 | AK58: 0.48 | AL58: 0.48 | AM58: 0.83 | AN58: 0.83 | AO58: 0 | AP58: =AC58*AO58 -> 0 | AQ58: 0 | AR58: =AD58*AQ58 -> 0 | AS58: 0 | AT58: =AE58*AS58 -> 0 | AU58: 0 | AV58: =AF58*AU58 -> 0 | AW58: 0 | AX58: =AG58*AW58 -> 0 | AY58: 0 | AZ58: =AH58*AY58 -> 0 | BA58: 0 | BB58: =AI58*BA58 -> 0 | BC58: 0 | BD58: =AJ58*BC58 -> 0 | BE58: 0 | BF58: =AK58*BE58 -> 0 | BG58: 1200 | BH58: =BG58*AL58 -> 576 | BI58: 0 | BJ58: =AM58*BI58 -> 0 | BK58: 0 | BL58: =BK58*AN58 -> 0 | BM58: 6E6F0AA#ABL | BN58: Foxconn LH | BO58: NA/LA | BP58: 46022
A59: FY24 | B59: Allen Chen | G59: 2023 | H59: Mickey | I59: Mouse | J59: NA | K59: Black | L59: S China | M59: OTHERS | N59: 24.16 | O59: 24.31 | P59: 24.31 | Q59: 24.31 | R59: 24.31 | S59: 24.31 | T59: 24.31 | U59: 24.31 | V59: 24.31 | W59: 24.31 | X59: 24.31 | Y59: 24.31 | Z59: 24.21 | AA59: 24.21 | AB59: 0.48 | AC59: 0.48 | AD59: 0.48 | AE59: 0.48 | AF59: 0.48 | AG59: 0.48 | AH59: 0.48 | AI59: 0.48 | AJ59: 0.48 | AK59: 0.48 | AL59: 0.48 | AM59: 0.83 | AN59: 0.83 | AO59: 1200 | AP59: =AC59*AO59 -> 576 | AQ59: 0 | AR59: =AD59*AQ59 -> 0 | AS59: 1200 | AT59: =AE59*AS59 -> 576 | AU59: 0 | AV59: =AF59*AU59 -> 0 | AW59: 0 | AX59: =AG59*AW59 -> 0 | AY59: 0 | AZ59: =AH59*AY59 -> 0 | BA59: 1200 | BB59: =AI59*BA59 -> 576 | BC59: 0 | BD59: =AJ59*BC59 -> 0 | BE59: 0 | BF59: =AK59*BE59 -> 0 | BG59: 0 | BH59: =BG59*AL59 -> 0 | BI59: 1200 | BJ59: =AM59*BI59 -> 996 | BK59: 0 | BL59: =BK59*AN59 -> 0 | BM59: 6E6F0AA#UUF | BN59: Foxconn LH | BO59: APJ | BP59: 46022
A60: FY24 | B60: Allen Chen | G60: 2023 | H60: =_xlfn.XLOOKUP(BM60,'[5]Package breakdown0503'!$F:$F,'[5]Package breakdown0503'!$B:$B) -> Mickey | I60: Mouse | J60: NA | K60: Silver | L60: S China | M60: OTHERS | N60: 25.11 | O60: 25.26 | P60: 25.26 | Q60: 25.26 | R60: 25.26 | S60: 25.26 | T60: 25.26 | U60: 25.26 | V60: 25.26 | W60: 25.26 | X60: 25.26 | Y60: 25.26 | Z60: 25.16 | AA60: 25.16 | AB60: 0.48 | AC60: 0.48 | AD60: 0.48 | AE60: 0.48 | AF60: 0.48 | AG60: 0.48 | AH60: 0.48 | AI60: 0.48 | AJ60: 0.48 | AK60: 0.48 | AL60: 0.48 | AM60: 0.83 | AN60: 0.83 | AO60: 0 | AP60: =AC60*AO60 -> 0 | AQ60: 0 | AR60: =AD60*AQ60 -> 0 | AS60: 0 | AT60: =AE60*AS60 -> 0 | AU60: 0 | AV60: =AF60*AU60 -> 0 | AW60: 0 | AX60: =AG60*AW60 -> 0 | AY60: 0 | AZ60: =AH60*AY60 -> 0 | BA60: 0 | BB60: =AI60*BA60 -> 0 | BC60: 0 | BD60: =AJ60*BC60 -> 0 | BE60: 0 | BF60: =AK60*BE60 -> 0 | BG60: 0 | BH60: =BG60*AL60 -> 0 | BI60: 0 | BJ60: =AM60*BI60 -> 0 | BK60: 0 | BL60: =BK60*AN60 -> 0 | BM60: 6E6F1AA#ABL | BN60: Foxconn LH | BO60: NA/LA | BP60: 46022
A61: FY24 | B61: Allen Chen | G61: 2023 | H61: Mickey | I61: Mouse | J61: NA | K61: Silver | L61: S China | M61: OTHERS | N61: 25.11 | O61: 25.26 | P61: 25.26 | Q61: 25.26 | R61: 25.26 | S61: 25.26 | T61: 25.26 | U61: 25.26 | V61: 25.26 | W61: 25.26 | X61: 25.26 | Y61: 25.26 | Z61: 25.16 | AA61: 25.16 | AB61: 0.48 | AC61: 0.48 | AD61: 0.48 | AE61: 0.48 | AF61: 0.48 | AG61: 0.48 | AH61: 0.48 | AI61: 0.48 | AJ61: 0.48 | AK61: 0.48 | AL61: 0.48 | AM61: 0.83 | AN61: 0.83 | AO61: 1200 | AP61: =AC61*AO61 -> 576 | AQ61: 0 | AR61: =AD61*AQ61 -> 0 | AS61: 1200 | AT61: =AE61*AS61 -> 576 | AU61: 0 | AV61: =AF61*AU61 -> 0 | AW61: 0 | AX61: =AG61*AW61 -> 0 | AY61: 0 | AZ61: =AH61*AY61 -> 0 | BA61: 0 | BB61: =AI61*BA61 -> 0 | BC61: 0 | BD61: =AJ61*BC61 -> 0 | BE61: 0 | BF61: =AK61*BE61 -> 0 | BG61: 0 | BH61: =BG61*AL61 -> 0 | BI61: 0 | BJ61: =AM61*BI61 -> 0 | BK61: 0 | BL61: =BK61*AN61 -> 0 | BM61: 6E6F1AA#UUF | BN61: Foxconn LH | BO61: APJ | BP61: 46022
A62: FY24 | B62: Allen Chen | G62: 2022 | H62: Mickey | I62: Mouse | J62: NA | K62: Black | L62: S China | M62: OTHERS | N62: 24.16 | O62: 24.31 | P62: 24.31 | Q62: 24.31 | R62: 24.31 | S62: 24.31 | T62: 24.31 | U62: 24.31 | V62: 24.31 | W62: 24.31 | X62: 24.31 | Y62: 24.31 | Z62: 24.21 | AA62: 24.21 | AB62: 0.48 | AC62: 0.48 | AD62: 0.48 | AE62: 0.48 | AF62: 0.48 | AG62: 0.48 | AH62: 0.48 | AI62: 0.48 | AJ62: 0.48 | AK62: 0.48 | AL62: 0.48 | AM62: 0.83 | AN62: 0.83 | AO62: 0 | AP62: =AC62*AO62 -> 0 | AQ62: 0 | AR62: =AD62*AQ62 -> 0 | AS62: 0 | AT62: =AE62*AS62 -> 0 | AU62: 0 | AV62: =AF62*AU62 -> 0 | AW62: 0 | AX62: =AG62*AW62 -> 0 | AY62: 0 | AZ62: =AH62*AY62 -> 0 | BA62: 0 | BB62: =AI62*BA62 -> 0 | BC62: 0 | BD62: =AJ62*BC62 -> 0 | BE62: 0 | BF62: =AK62*BE62 -> 0 | BG62: 0 | BH62: =BG62*AL62 -> 0 | BI62: 0 | BJ62: =AM62*BI62 -> 0 | BK62: 0 | BL62: =BK62*AN62 -> 0 | BM62: 6E6F2AA#ABL | BN62: Foxconn LH | BO62: NA/LA | BP62: 46022
A63: FY24 | B63: Allen Chen | G63: 2023 | H63: Mickey | I63: Mouse | J63: NA | K63: Black | L63: S China | M63: OTHERS | N63: 24.16 | O63: 24.31 | P63: 24.31 | Q63: 24.31 | R63: 24.31 | S63: 24.31 | T63: 24.31 | U63: 24.31 | V63: 24.31 | W63: 24.31 | X63: 24.31 | Y63: 24.31 | Z63: 24.21 | AA63: 24.21 | AB63: 0.48 | AC63: 0.48 | AD63: 0.48 | AE63: 0.48 | AF63: 0.48 | AG63: 0.48 | AH63: 0.48 | AI63: 0.48 | AJ63: 0.48 | AK63: 0.48 | AL63: 0.48 | AM63: 0.83 | AN63: 0.83 | AO63: 0 | AP63: =AC63*AO63 -> 0 | AQ63: 2400 | AR63: =AD63*AQ63 -> 1152 | AS63: 2400 | AT63: =AE63*AS63 -> 1152 | AU63: 0 | AV63: =AF63*AU63 -> 0 | AW63: 0 | AX63: =AG63*AW63 -> 0 | AY63: 2400 | AZ63: =AH63*AY63 -> 1152 | BA63: 1200 | BB63: =AI63*BA63 -> 576 | BC63: 1200 | BD63: =AJ63*BC63 -> 576 | BE63: 0 | BF63: =AK63*BE63 -> 0 | BG63: 0 | BH63: =BG63*AL63 -> 0 | BI63: 0 | BJ63: =AM63*BI63 -> 0 | BK63: 1200 | BL63: =BK63*AN63 -> 996 | BM63: 6E6F2AA#ABB | BN63: Foxconn CZ | BO63: EMEA | BP63: 46022
A64: FY24 | B64: Allen Chen | G64: 2023 | H64: Mickey | I64: Mouse | J64: NA | K64: Black | L64: S China | M64: OTHERS | N64: 24.16 | O64: 24.31 | P64: 24.31 | Q64: 24.31 | R64: 24.31 | S64: 24.31 | T64: 24.31 | U64: 24.31 | V64: 24.31 | W64: 24.31 | X64: 24.31 | Y64: 24.31 | Z64: 24.21 | AA64: 24.21 | AB64: 0.48 | AC64: 0.48 | AD64: 0.48 | AE64: 0.48 | AF64: 0.48 | AG64: 0.48 | AH64: 0.48 | AI64: 0.48 | AJ64: 0.48 | AK64: 0.48 | AL64: 0.48 | AM64: 0.83 | AN64: 0.83 | AO64: 2400 | AP64: =AC64*AO64 -> 1152 | AQ64: 1200 | AR64: =AD64*AQ64 -> 576 | AS64: 0 | AT64: =AE64*AS64 -> 0 | AU64: 0 | AV64: =AF64*AU64 -> 0 | AW64: 2400 | AX64: =AG64*AW64 -> 1152 | AY64: 0 | AZ64: =AH64*AY64 -> 0 | BA64: 1200 | BB64: =AI64*BA64 -> 576 | BC64: 0 | BD64: =AJ64*BC64 -> 0 | BE64: 1200 | BF64: =AK64*BE64 -> 576 | BG64: 0 | BH64: =BG64*AL64 -> 0 | BI64: 0 | BJ64: =AM64*BI64 -> 0 | BK64: 0 | BL64: =BK64*AN64 -> 0 | BM64: 6E6F2AA#UUF | BN64: Foxconn LH | BO64: APJ | BP64: 46022
A65: FY24 | B65: Allen Chen | G65: 2023 | H65: =_xlfn.XLOOKUP(BM65,'[5]Package breakdown0503'!$F:$F,'[5]Package breakdown0503'!$B:$B) -> Mickey | I65: Mouse | J65: NA | K65: Black | L65: S China | M65: OTHERS | N65: 24.07 | O65: 24.07 | P65: 24.07 | Q65: 24.07 | R65: 24.07 | S65: 24.07 | T65: 24.07 | U65: 24.07 | V65: 24.07 | W65: 24.07 | X65: 24.07 | Y65: 24.07 | Z65: 23.97 | AA65: 23.97 | AB65: 0.48 | AC65: 0.48 | AD65: 0.48 | AE65: 0.48 | AF65: 0.48 | AG65: 0.48 | AH65: 0.48 | AI65: 0.48 | AJ65: 0.48 | AK65: 0.48 | AL65: 0.48 | AM65: 0.83 | AN65: 0.83 | AO65: 0 | AP65: =AC65*AO65 -> 0 | AQ65: 1200 | AR65: =AD65*AQ65 -> 576 | AS65: 0 | AT65: =AE65*AS65 -> 0 | AU65: 0 | AV65: =AF65*AU65 -> 0 | AW65: 0 | AX65: =AG65*AW65 -> 0 | AY65: 0 | AZ65: =AH65*AY65 -> 0 | BA65: 0 | BB65: =AI65*BA65 -> 0 | BC65: 0 | BD65: =AJ65*BC65 -> 0 | BE65: 0 | BF65: =AK65*BE65 -> 0 | BG65: 0 | BH65: =BG65*AL65 -> 0 | BI65: 0 | BJ65: =AM65*BI65 -> 0 | BK65: 0 | BL65: =BK65*AN65 -> 0 | BM65: N61958-001 | BN65: Inventec | BO65: DIB | BP65: 45565
A66: FY24 | B66: Allen Chen | G66: 2023 | H66: =_xlfn.XLOOKUP(BM66,'[5]Package breakdown0503'!$F:$F,'[5]Package breakdown0503'!$B:$B) -> Mickey | I66: Mouse | J66: NA | K66: Black | L66: S China | M66: OTHERS | N66: 24.07 | O66: 24.07 | P66: 24.07 | Q66: 24.07 | R66: 24.07 | S66: 24.07 | T66: 24.07 | U66: 24.07 | V66: 24.07 | W66: 24.07 | X66: 24.07 | Y66: 24.07 | Z66: 23.97 | AA66: 23.97 | AB66: 0.48 | AC66: 0.48 | AD66: 0.48 | AE66: 0.48 | AF66: 0.48 | AG66: 0.48 | AH66: 0.48 | AI66: 0.48 | AJ66: 0.48 | AK66: 0.48 | AL66: 0.48 | AM66: 0.83 | AN66: 0.83 | AO66: 1200 | AP66: =AC66*AO66 -> 576 | AQ66: 0 | AR66: =AD66*AQ66 -> 0 | AS66: 0 | AT66: =AE66*AS66 -> 0 | AU66: 0 | AV66: =AF66*AU66 -> 0 | AW66: 0 | AX66: =AG66*AW66 -> 0 | AY66: 0 | AZ66: =AH66*AY66 -> 0 | BA66: 0 | BB66: =AI66*BA66 -> 0 | BC66: 0 | BD66: =AJ66*BC66 -> 0 | BE66: 0 | BF66: =AK66*BE66 -> 0 | BG66: 0 | BH66: =BG66*AL66 -> 0 | BI66: 0 | BJ66: =AM66*BI66 -> 0 | BK66: 0 | BL66: =BK66*AN66 -> 0 | BM66: N61958-371 | BN66: Inventec | BO66: DIB | BP66: 45565
A67: FY24 | B67: Allen Chen | G67: 2023 | H67: =_xlfn.XLOOKUP(BM67,'[5]Package breakdown0503'!$F:$F,'[5]Package breakdown0503'!$B:$B) -> Mickey | I67: Mouse | J67: NA | K67: Black | L67: S China | M67: OTHERS | N67: 24.07 | O67: 24.07 | P67: 24.07 | Q67: 24.07 | R67: 24.07 | S67: 24.07 | T67: 24.07 | U67: 24.07 | V67: 24.07 | W67: 24.07 | X67: 24.07 | Y67: 24.07 | Z67: 23.97 | AA67: 23.97 | AB67: 0.48 | AC67: 0.48 | AD67: 0.48 | AE67: 0.48 | AF67: 0.48 | AG67: 0.48 | AH67: 0.48 | AI67: 0.48 | AJ67: 0.48 | AK67: 0.48 | AL67: 0.48 | AM67: 0.83 | AN67: 0.83 | AO67: 1200 | AP67: =AC67*AO67 -> 576 | AQ67: 0 | AR67: =AD67*AQ67 -> 0 | AS67: 0 | AT67: =AE67*AS67 -> 0 | AU67: 0 | AV67: =AF67*AU67 -> 0 | AW67: 0 | AX67: =AG67*AW67 -> 0 | AY67: 0 | AZ67: =AH67*AY67 -> 0 | BA67: 0 | BB67: =AI67*BA67 -> 0 | BC67: 0 | BD67: =AJ67*BC67 -> 0 | BE67: 0 | BF67: =AK67*BE67 -> 0 | BG67: 0 | BH67: =BG67*AL67 -> 0 | BI67: 0 | BJ67: =AM67*BI67 -> 0 | BK67: 0 | BL67: =BK67*AN67 -> 0 | BM67: N61958-A21 | BN67: Inventec | BO67: DIB | BP67: 45565
A68: FY24 | B68: Allen Chen | G68: 2016 | H68: Gadget | I68: Mouse | J68: NA | K68: Black | L68: S China | M68: OTHERS | N68: 5.3 | O68: 5.42 | P68: 5.42 | Q68: 5.42 | R68: 5.42 | S68: 5.42 | T68: 5.42 | U68: 5.42 | V68: 5.42 | W68: 5.42 | X68: 5.42 | Y68: 5.42 | Z68: 5.24 | AA68: 5.24 | AB68: 0.05 | AC68: 0.05 | AD68: 0.05 | AE68: 0.05 | AF68: 0.05 | AG68: 0.05 | AH68: 0.05 | AI68: 0.05 | AJ68: 0.14 | AK68: 0.14 | AL68: 0.14 | AM68: 0.14 | AN68: 0.14 | AO68: 0 | AP68: =AC68*AO68 -> 0 | AQ68: 0 | AR68: =AD68*AQ68 -> 0 | AS68: 0 | AT68: =AE68*AS68 -> 0 | AU68: 0 | AV68: =AF68*AU68 -> 0 | AW68: 1560 | AX68: =AG68*AW68 -> 78 | AY68: 1560 | AZ68: =AH68*AY68 -> 78 | BA68: 1560 | BB68: =AI68*BA68 -> 78 | BC68: 3120 | BD68: =AJ68*BC68 -> 436.8 | BE68: 3120 | BF68: =AK68*BE68 -> 436.8 | BG68: 1560 | BH68: =BG68*AL68 -> 218.4 | BI68: 1560 | BJ68: =AM68*BI68 -> 218.4 | BK68: 0 | BL68: =BK68*AN68 -> 0 | BM68: V0L79AA#UUF | BN68: Foxconn LH | BO68: APJ | BP68: 45291
