Workbook
Name Region: #REF!

Sheet 說明頁_更新版
A1: ID | B1: Action | C1: Remark
A2: 1 | B2: A-M欄及BM-BP欄照理來說不會更動只會新增
A3: 2 | B3: 檔名的部分請像這樣 "Rebate and Spending report Supplier’s name_2025 01"，勿加上其他說明，若有V2版本請寫 "Rebate and Spending report Supplier’s name_2025 01_V2"
A4: 3 | B4: 請全年度都放在同一個tab，Summary也是Q1-Q4都放在一起，若有更新的年度請一樣要加上對應的Summary
A5: 4 | B5: Title相關規範請看右方所示, 請按照此欄位進行填寫, 勿更改資料次序 *上面也附上Example, 參考的顏色表以及Mason的PDF instruction | C5: A欄位:打上年度，新年度記得要更新
C6: B欄位: SPM, 請填全名, ex Benson Chen, 而不是Benson，若SPM有異動也請更新
C7: C 欄位: 一律填自己公司名稱
C8: D欄位: 請照上方指示, 勿自創提詞, 須注意只有NB和DT才會有Consumer/Commercial之分, F欄位是Peripheral則D和E都是填Peripheral
C9: E欄位 : 請照上方指示, 勿自創提詞
C10: F欄位 : Peripheral只需填寫Peripheral
C11: G欄位 : 已更新到2025
C12: H欄位 : -請一定不能空白此欄位，不然後面的數字都會讀不到 -如果多個platforms共用同keyboard, 請用 '/' 去 group這些platforms，大小寫沒關係。 -請Platform name請跟LTF一模一樣，像是有些後面會加上尺寸也請加上( BAYMAX14/LUISA14/BAYMAXW14/BAYMAX13/BAYMAX13X) -請用"/"來 Grouping 不同 Platform (e.g. ANDAZ/ABU) ，勿用其他符號，錯誤範例如:ANDAZ&ABU
C13: I欄位 : 請照上方指示, 勿自創提詞
C14: J欄位 : 如果沒有Size，則填寫"NA/"，請注意不要只寫"NA"
C15: K欄 : -要注意勿將 Color grouping 在一起，像是Jet Black/Soft Grey，若有n個顏色需分成n筆資料去填 -如果沒有Color，則填寫"NA/"，請注意不要只寫"NA" -Color 需確保填寫正確，如 SEAFOAM TEAL PEARL 需完整打出來，避免填成 SEAFOAM TEAL -請確保在顏色中間加上空格，大小寫沒關係。 -關於灰色，請使用“Grey” 而非“Gray” -Color 欄位需保持正常format，像是 PERFORMANCE BLUE OPAQUE 請避免填成 PERFORMANCE BLUE OPAQUE-RGB -針對CNB Gaming，關於Numpad及RGB方面請遵照以下方式及右方的說明 : RGB Per Key W Numpad_Soft Grey RGB Per Key W/O Numpad_Soft Grey 1 Zone W Numpad_Soft Grey, 1 Zone Red W Numpad_Soft Grey 4 Zone RGB W Numpad_Soft Grey 1 Zone W/O Numpad_Soft Grey, 1 Zone Red W/O Numpad_Soft Grey 4 Zone RGB W/O Numpad_Soft Grey 1 Zone RGB W Numpad_Soft Grey 1 Zone RGB W/O Numpad_Soft Grey
C16: L欄 : 請照上方指示，勿自創提詞，注意NMC更新為Thailand/Vietnam
C17: M欄 : 請照上方指示填寫對應ODM，勿自創提詞或簡寫。若發生ODM不存在於上方的情況，請勿寫上OTHERS，需參照在contract中寫的ODM或Regional site名稱
... C22: BP欄 : 如果有HP Part#就填上，如果沒有的話就填上ODM Part# (語言別的部分可以屏蔽並用星號代替，除非有語言別會造成價格不同的情況才需列出語言別的部分)
A23: 5 | B23: 當月出貨的所有品項都必須填上, 即使rebate=0的項目, 定義為FCS之後, EOL前的platform 當月出貨都需要寫上(也就是不含service part)
A24: 6 | B24: 每個月10日固定上傳此份rebate and spending report，請注意目前的Share point已經與財務共用，因此有任何要更新的地方都請通知Jenny並且上傳V2/V3…版本，且舊檔案勿刪除
A25: 7 | B25: 在上傳此份檔案前針對數字的部分需再三確認，因為這些數字會直接當作日後開發票的金額
A26: 8 | B26: excel欄位有相乘的部分 (rebate amount), 請不要直接在公式以外做數字上的調整, 沒有邏輯性的數字, 程式會偵測異常
A27: 9 | B27: Summary_1不能有任何註記, 需要呈現最真實的數字, Summary_2貴司可有一些註記符號, 或是rebate抵扣等地紀錄是能夠被容許的

Sheet FY26 Summary_1
B3: Chicony | C3: 2025 11 | D3: 2025 12 | E3: 2026 01 | F3: Total Q1
B4: Rebate amount | C4: ='FY26'!AM1 -> 382332.68 | D4: ='FY26'!AO1 -> 353760.81 | E4: ='FY26'!AQ1 -> 247777.1 | F4: =SUM(C4:E4) -> 983870.59
B5: E&O reduction | C5: 0 | D5: 0 | E5: 0 | F5: =SUM(C5:E5) -> 0
B6: Complexity reduction | C6: 0 | D6: 0 | E6: 0 | F6: =SUM(C6:E6) -> 0 | H6: 1. 新增Summary_1, 原先的Summary重新命名為Summary_2
B7: Total amount | C7: =SUM(C4:C6) -> 382332.68 | D7: =SUM(D4:D6) -> 353760.81 | E7: =SUM(E4:E6) -> 247777.1 | F7: =SUM(F4:F6) -> 983870.59
H8: 2.黃色部位為貴司名稱, 請整份報告都跟檔名貴司名稱撰寫方式一致
B10: Chicony | C10: 2026 02 | D10: 2026 03 | E10: 2026 04 | F10: Total Q2 | H10: 3. 這些欄位一定要固定, B3-B28, C3-C28, D3-D28, E3-E28, F3-F28都有賦予定義
B11: Rebate amount | C11: ='FY26'!AS1 -> 35221.64 | D11: ='FY26'!AU1 -> 552986.01 | E11: ='FY26'!AW1 -> 354896.54 | F11: =SUM(C11:E11) -> 943104.19
B12: E&O reduction | C12: 0 | D12: 0 | E12: 0 | F12: =SUM(C12:E12) -> 0 | H12: 4. Rebate amount 指得是summary_2的page金額 (就是我們一直以來收集的金額)
B13: Complexity reduction | C13: 0 | D13: 0 | E13: 0 | F13: =SUM(C13:E13) -> 0
B14: Total amount | C14: =SUM(C11:C13) -> 35221.64 | D14: =SUM(D11:D13) -> 552986.01 | E14: =SUM(E11:E13) -> 354896.54 | F14: =SUM(F11:F13) -> 943104.19 | H14: 5. 新增 E&O reduction 及complexity reduction品項, 先留足空間
H15: 若目前還未有此款項存在都先填0
B17: Chicony | C17: 2026 05 | D17: 2026 06 | E17: 2026 07 | F17: Total Q3 | H17: 6. 金額都放未經調整後的真實數字, 分析才具意義
B18: Rebate amount | C18: ='FY26'!AY1 -> 358883.55 | D18: ='FY26'!BA1 -> 357298.55 | E18: ='FY26'!BC1 -> 312037.98 | F18: =SUM(C18:E18) -> 1028220.1
B19: E&O reduction | C19: 0 | D19: 0 | E19: 0 | F19: =SUM(C19:E19) -> 0
B20: Complexity reduction | C20: 0 | D20: 0 | E20: 0 | F20: =SUM(C20:E20) -> 0
B21: Total amount | C21: =SUM(C18:C20) -> 358883.55 | D21: =SUM(D18:D20) -> 357298.55 | E21: =SUM(E18:E20) -> 312037.98 | F21: =SUM(F18:F20) -> 1028220.1
B24: Chicony | C24: 2026 08 | D24: 2026 09 | E24: 2026 10 | F24: Total Q4
B25: Rebate amount | C25: ='FY26'!BE1 -> 324327.34 | D25: ='FY26'!BG1 -> 382597.22 | E25: ='FY26'!BI1 -> 316037.34 | F25: =SUM(C25:E25) -> 1022961.9
B26: E&O reduction | C26: 0 | D26: 0 | E26: 0 | F26: =SUM(C26:E26) -> 0
B27: Complexity reduction | C27: 0 | D27: 0 | E27: 0 | F27: =SUM(C27:E27) -> 0
B28: Total amount | C28: =SUM(C25:C27) -> 324327.34 | D28: =SUM(D25:D27) -> 382597.22 | E28: =SUM(E25:E27) -> 316037.34 | F28: =SUM(F25:F27) -> 1022961.9

Sheet FY26 Summary_2
A1: Q1 Actual by Supplier
B2: Segment | C2: 45962 | D2: 45992 | E2: 46023 | F2: Total Rebate in Q1 2026 (US$) | G2: Remark
A3: Commercial Input Devices | B3: 200 series | C3: =SUM('FY26'!AM$144:AM$215)*0.25 -> 21029.508 | D3: =SUM('FY26'!AO$144:AO$215)*0.25 -> 10280.33 | E3: =SUM('FY26'!AQ$144:AQ$215)*0.25 -> 11219.5 | F3: =SUM(C3:E3) -> 42529.338
B4: 400/600 series | C4: =SUM('FY26'!AM$3:AM$11) -> 19319.6 | D4: =SUM('FY26'!AO$3:AO$11) -> 13987.69 | E4: =SUM('FY26'!AQ$3:AQ$11) -> 11666.59 | F4: =SUM(C4:E4) -> 44973.88
B5: 800 series | C5: =SUM('FY26'!AM$12:AM$33) -> 46425.58 | D5: =SUM('FY26'!AO$12:AO$33) -> 50429.13 | E5: =SUM('FY26'!AQ$12:AQ$33) -> 22443.34 | F5: =SUM(C5:E5) -> 119298.05
B6: 1000 series | C6: =SUM('FY26'!AM$34:AM$41) -> 36870.56 | D6: =SUM('FY26'!AO$34:AO$41) -> 52270.58 | E6: =SUM('FY26'!AQ$34:AQ$41) -> 28786.78 | F6: =SUM(C6:E6) -> 117927.92
B7: Probook | C7: =SUM('FY26'!AM$42:AM$47) -> 3998.4 | D7: =SUM('FY26'!AO$42:AO$47) -> 5569.2 | E7: =SUM('FY26'!AQ$42:AQ$47) -> 3931.2 | F7: =SUM(C7:E7) -> 13498.8
B8: MWS | C8: =SUM('FY26'!AM48:AM50) -> 7003.62 | D8: =SUM('FY26'!AO48:AO50) -> 6739.05 | E8: =SUM('FY26'!AQ48:AQ50) -> 7364.88 | F8: =SUM(C8:E8) -> 21107.55
B9: Soft keyboard | C9: 0 | D9: 0 | E9: 0 | F9: =SUM(C9:E9) -> 0
B10: ChromeBook | C10: =SUM('FY26'!AM$51:AM$61)*0.7+SUM('FY26'!AM$216:AM$223)*0.7 -> 10221.911 | D10: =SUM('FY26'!AO$51:AO$61)*0.7+SUM('FY26'!AO$216:AO$223)*0.7 -> 3977.974 | E10: =SUM('FY26'!AQ$51:AQ$61)*0.7+SUM('FY26'!AQ$216:AQ$223)*0.7 -> 6407.492 | F10: =SUM(C10:E10) -> 20607.377
B11: Desktop | C11: =SUM('FY26'!AM$62:AM$143) -> 60088.16 | D11: =SUM('FY26'!AO$62:AO$143) -> 90466.94 | E11: =SUM('FY26'!AQ$62:AQ$143) -> 67378.46 | F11: =SUM(C11:E11) -> 217933.56
A12: Consumer Input Devices | B12: OPP | C12: =SUM('FY26'!AM$144:AM$215)*0.75 -> 63088.523 | D12: =SUM('FY26'!AO$144:AO$215)*0.75 -> 30840.99 | E12: =SUM('FY26'!AQ$144:AQ$215)*0.75 -> 33658.5 | F12: =SUM(C12:E12) -> 127588.01
B13: ChromeBook | C13: =SUM('FY26'!AM$51:AM$61)*0.3+SUM('FY26'!AM$216:AM$223)*0.3 -> 4380.819 | D13: =SUM('FY26'!AO$51:AO$61)*0.3+SUM('FY26'!AO$216:AO$223)*0.3 -> 1704.846 | E13: =SUM('FY26'!AQ$51:AQ$61)*0.3+SUM('FY26'!AQ$216:AQ$223)*0.3 -> 2746.068 | F13: =SUM(C13:E13) -> 8831.733
B14: Pavilion | C14: =SUM('FY26'!AM$224:AM$239) -> 61156.7 | D14: =SUM('FY26'!AO$224:AO$239) -> 46346.34 | E14: =SUM('FY26'!AQ$224:AQ$239) -> 15556.05 | F14: =SUM(C14:E14) -> 123059.09
B15: Spectre | C15: =SUM('FY26'!AM$240:AM$248) -> 10564.58 | D15: =SUM('FY26'!AO$240:AO$248) -> 14850.34 | E15: =SUM('FY26'!AQ$240:AQ$248) -> 19672.8 | F15: =SUM(C15:E15) -> 45087.72
B16: Envy | C16: =SUM('FY26'!AM$249:AM$262) -> 38184.72 | D16: =SUM('FY26'!AO$249:AO$262) -> 26297.4 | E16: =SUM('FY26'!AQ$249:AQ$262) -> 16945.44 | F16: =SUM(C16:E16) -> 81427.56
B17: Stream | C17: 0 | D17: 0 | E17: 0 | F17: =SUM(C17:E17) -> 0
B18: OMEN | C18: 0 | D18: 0 | E18: 0 | F18: =SUM(C18:E18) -> 0
B19: Desktop | C19: 0 | D19: 0 | E19: 0 | F19: =SUM(C19:E19) -> 0
A20: Peripherals | B20: Peripherals/AMO | C20: 0 | D20: 0 | E20: 0 | F20: =SUM(C20:E20) -> 0
F21: =SUM(F3:F20) -> 983870.59
A23: Q1 Actual by Supplier
B24: Segment | C24: 45962 | D24: 45992 | E24: 46023 | F24: Total Rebate in Q1 2026 (US$) | G24: Remark
A25: Input Devices | B25: Chicony | C25: =SUM(C3:C22) -> 382332.68 | D25: =SUM(D3:D22) -> 353760.81 | E25: =SUM(E3:E22) -> 247777.1 | F25: =SUM(C25:E25) -> 983870.59
B26: Darfon | F26: =SUM(C26:E26) -> 0
B27: Liteon | F27: =SUM(C27:E27) -> 0
B28: Primax | F28: =SUM(C28:E28) -> 0
B29: Sunrex | F29: =SUM(C29:E29) -> 0
E30: Total Rebate ASount | F30: =SUM(F25:F29) -> 983870.59
A32: Q2 Projection by Supplier
B33: Segment | C33: 46054 | D33: 46082 | E33: 46113 | F33: Total Rebate in Q2 2026 (US$) | G33: Remark
A34: CMIT Input Devices | B34: 200 series | C34: =SUM('FY26'!AS$144:AS$215)*0.25 -> 0 | D34: =SUM('FY26'!AU$144:AU$215)*0.25 -> 27410.57 | E34: =SUM('FY26'!AW$144:AW$215)*0.25 -> 20556.865 | F34: =SUM(C34:E34) -> 47967.435
B35: 400/600 series | C35: =SUM('FY26'!AS$3:AS$11) -> 0 | D35: =SUM('FY26'!AU$3:AU$11) -> 22975.92 | E35: =SUM('FY26'!AW$3:AW$11) -> 16431.89 | F35: =SUM(C35:E35) -> 39407.81
B36: 800 series | C36: =SUM('FY26'!AS$12:AS$33) -> 0 | D36: =SUM('FY26'!AU$12:AU$33) -> 41495.66 | E36: =SUM('FY26'!AW$12:AW$33) -> 19142.13 | F36: =SUM(C36:E36) -> 60637.79
B37: 1000 series | C37: =SUM('FY26'!AS$34:AS$41) -> 0 | D37: =SUM('FY26'!AU$34:AU$41) -> 49630.42 | E37: =SUM('FY26'!AW$34:AW$41) -> 43495.4 | F37: =SUM(C37:E37) -> 93125.82
B38: Probook | C38: =SUM('FY26'!AS$42:AS$47) -> 0 | D38: =SUM('FY26'!AU$42:AU$47) -> 16329.6 | E38: =SUM('FY26'!AW$42:AW$47) -> 7744.38 | F38: =SUM(C38:E38) -> 24073.98
B39: MWS | C39: =SUM('FY26'!AS48:AS50) -> 0 | D39: =SUM('FY26'!AU48:AU50) -> 4506.92 | E39: =SUM('FY26'!AW48:AW50) -> 1845.01 | F39: =SUM(C39:E39) -> 6351.93
B40: Soft keyboard | C40: 0 | D40: 0 | E40: 0 | F40: =SUM(C40:E40) -> 0
B41: ChromeBook | C41: =SUM('FY26'!AS$51:AS$61)*0.7+SUM('FY26'!AS$216:AS$223)*0.7 -> 0 | D41: =SUM('FY26'!AU$51:AU$61)*0.7+SUM('FY26'!AU$216:AU$223)*0.7 -> 28021.98 | E41: =SUM('FY26'!AW$51:AW$61)*0.7+SUM('FY26'!AW$216:AW$223)*0.7 -> 19642.91 | F41: =SUM(C41:E41) -> 47664.89
B42: Desktop | C42: =SUM('FY26'!AS$62:AS$143) -> 35221.64 | D42: =SUM('FY26'!AU$62:AU$143) -> 135161.32 | E42: =SUM('FY26'!AW$62:AW$143) -> 53568.32 | F42: =SUM(C42:E42) -> 223951.28
A43: Consumer Input Devices | B43: OPP | C43: =SUM('FY26'!AS$144:AS$215)*0.75 -> 0 | D43: =SUM('FY26'!AU$144:AU$215)*0.75 -> 82231.711 | E43: =SUM('FY26'!AW$144:AW$215)*0.75 -> 61670.595 | F43: =SUM(C43:E43) -> 143902.31
B44: ChromeBook | C44: =SUM('FY26'!AS$51:AS$61)*0.3+SUM('FY26'!AS$216:AS$223)*0.3 -> 0 | D44: =SUM('FY26'!AU$51:AU$61)*0.3+SUM('FY26'!AU$216:AU$223)*0.3 -> 12009.42 | E44: =SUM('FY26'!AW$51:AW$61)*0.3+SUM('FY26'!AW$216:AW$223)*0.3 -> 8418.39 | F44: =SUM(C44:E44) -> 20427.81
B45: Pavilion | C45: =SUM('FY26'!AS$224:AS$239) -> 0 | D45: =SUM('FY26'!AU$224:AU$239) -> 33668.765 | E45: =SUM('FY26'!AW$224:AW$239) -> 18095.79 | F45: =SUM(C45:E45) -> 51764.555
B46: Spectre | C46: =SUM('FY26'!AS$240:AS$248) -> 0 | D46: =SUM('FY26'!AU$240:AU$248) -> 18306 | E46: =SUM('FY26'!AW$240:AW$248) -> 14178.06 | F46: =SUM(C46:E46) -> 32484.06
B47: Envy | C47: =SUM('FY26'!AS$249:AS$262) -> 0 | D47: =SUM('FY26'!AU$249:AU$262) -> 81237.72 | E47: =SUM('FY26'!AW$249:AW$262) -> 70106.8 | F47: =SUM(C47:E47) -> 151344.52
B48: Stream | C48: 0 | D48: 0 | E48: 0 | F48: =SUM(C48:E48) -> 0
B49: OMEN | C49: 0 | D49: 0 | E49: 0 | F49: =SUM(C49:E49) -> 0
B50: Desktop | C50: 0 | D50: 0 | E50: 0 | F50: =SUM(C50:E50) -> 0
A51: Peripherals | B51: Peripherals/AMO | C51: 0 | D51: 0 | E51: 0 | F51: =SUM(C51:E51) -> 0
F52: =SUM(F34:F51) -> 943104.19
A54: Q2 Projection by Supplier
B55: Segment | C55: 46054 | D55: 46082 | E55: 46113 | F55: Total Rebate in Q2 2026 (US$) | G55: Remark
A56: Input Devices | B56: Chicony | C56: =SUM(C34:C53) -> 35221.64 | D56: =SUM(D34:D53) -> 552986.01 | E56: =SUM(E34:E53) -> 354896.54 | F56: =SUM(C56:E56) -> 943104.19
B57: Darfon | F57: =SUM(C57:E57) -> 0
B58: Liteon | F58: =SUM(C58:E58) -> 0
B59: Primax | F59: =SUM(C59:E59) -> 0
B60: Sunrex | F60: =SUM(C60:E60) -> 0
E61: Total Rebate ASount | F61: =SUM(F56:F60) -> 943104.19
A63: Q3 Projection by Supplier
B64: Segment | C64: 46143 | D64: 46174 | E64: 46204 | F64: Total Rebate in Q3 2026 (US$) | G64: Remark
A65: Commercial Input Devices | B65: 200 series | C65: =SUM('FY26'!AY$144:AY$215)*0.25 -> 30776.553 | D65: =SUM('FY26'!BA$144:BA$215)*0.25 -> 34623.585 | E65: =SUM('FY26'!BC$144:BC$215)*0.25 -> 24622.292 | F65: =SUM(C65:E65) -> 90022.43
B66: 400/600 series | C66: =SUM('FY26'!AY$3:AY$11) -> 16750.26 | D66: =SUM('FY26'!BA$3:BA$11) -> 19367.03 | E66: =SUM('FY26'!BC$3:BC$11) -> 7470.4463 | F66: =SUM(C66:E66) -> 43587.736
B67: 800 series | C67: =SUM('FY26'!AY$12:AY$33) -> 16959.73 | D67: =SUM('FY26'!BA$12:BA$33) -> 17200.66 | E67: =SUM('FY26'!BC$12:BC$33) -> 20156.79 | F67: =SUM(C67:E67) -> 54317.18
B68: 1000 series | C68: =SUM('FY26'!AY$34:AY$41) -> 29979.82 | D68: =SUM('FY26'!BA$34:BA$41) -> 47430.32 | E68: =SUM('FY26'!BC$34:BC$41) -> 9727.182 | F68: =SUM(C68:E68) -> 87137.322
B69: Probook | C69: =SUM('FY26'!AY$42:AY$47) -> 4351.2 | D69: =SUM('FY26'!BA$42:BA$47) -> 4812.78 | E69: =SUM('FY26'!BC$42:BC$47) -> 7056 | F69: =SUM(C69:E69) -> 16219.98
B70: MWS | C70: =SUM('FY26'!AY48:AY50) -> 2904.36 | D70: =SUM('FY26'!BA48:BA50) -> 3630.18 | E70: =SUM('FY26'!BC48:BC50) -> 5705.4488 | F70: =SUM(C70:E70) -> 12239.989
B71: Soft keyboard | C71: 0 | D71: 0 | E71: 0 | F71: =SUM(C71:E71) -> 0
B72: ChromeBook | C72: =SUM('FY26'!AY$51:AY$61)*0.7+SUM('FY26'!AY$216:AY$223)*0.7 -> 24540.635 | D72: =SUM('FY26'!BA$51:BA$61)*0.7+SUM('FY26'!BA$216:BA$223)*0.7 -> 11284.735 | E72: =SUM('FY26'!BC$51:BC$61)*0.7+SUM('FY26'!BC$216:BC$223)*0.7 -> 13552.402 | F72: =SUM(C72:E72) -> 49377.772
B73: Desktop | C73: =SUM('FY26'!AY$62:AY$143) -> 48584.44 | D73: =SUM('FY26'!BA$62:BA$143) -> 49851.64 | E73: =SUM('FY26'!BC$62:BC$143) -> 48215.64 | F73: =SUM(C73:E73) -> 146651.72
A74: Consumer Input Devices | B74: OPP | C74: =SUM('FY26'!AY$144:AY$215)*0.75 -> 92329.658 | D74: =SUM('FY26'!BA$144:BA$215)*0.75 -> 103870.75 | E74: =SUM('FY26'!BC$144:BC$215)*0.75 -> 73866.877 | F74: =SUM(C74:E74) -> 270067.29
B75: ChromeBook | C75: =SUM('FY26'!AY$51:AY$61)*0.3+SUM('FY26'!AY$216:AY$223)*0.3 -> 10517.415 | D75: =SUM('FY26'!BA$51:BA$61)*0.3+SUM('FY26'!BA$216:BA$223)*0.3 -> 4836.315 | E75: =SUM('FY26'!BC$51:BC$61)*0.3+SUM('FY26'!BC$216:BC$223)*0.3 -> 5808.1725 | F75: =SUM(C75:E75) -> 21161.902
B76: Pavilion | C76: =SUM('FY26'!AY$224:AY$239) -> 16523.67 | D76: =SUM('FY26'!BA$224:BA$239) -> 15219.16 | E76: =SUM('FY26'!BC$224:BC$239) -> 25768.765 | F76: =SUM(C76:E76) -> 57511.595
B77: Spectre | C77: =SUM('FY26'!AY$240:AY$248) -> 14831.6 | D77: =SUM('FY26'!BA$240:BA$248) -> 16344.83 | E77: =SUM('FY26'!BC$240:BC$248) -> 34810.199 | F77: =SUM(C77:E77) -> 65986.629
B78: Envy | C78: =SUM('FY26'!AY$249:AY$262) -> 49834.21 | D78: =SUM('FY26'!BA$249:BA$262) -> 28826.56 | E78: =SUM('FY26'!BC$249:BC$262) -> 35277.764 | F78: =SUM(C78:E78) -> 113938.53
B79: Stream | C79: 0 | D79: 0 | E79: 0 | F79: =SUM(C79:E79) -> 0
B80: OMEN | C80: 0 | D80: 0 | E80: 0 | F80: =SUM(C80:E80) -> 0
B81: Desktop | C81: 0 | D81: 0 | E81: 0 | F81: =SUM(C81:E81) -> 0
A82: Peripherals | B82: Peripherals/AMO | C82: 0 | D82: 0 | E82: 0 | F82: =SUM(C82:E82) -> 0
F83: =SUM(F65:F82) -> 1028220.1
A84: Q3 Projection by Supplier
B85: Segment | C85: 46143 | D85: 46174 | E85: 46204 | F85: Total Rebate in Q3 2026 (US$) | G85: Remark
A86: Input Devices | B86: Chicony | C86: =SUM(C65:C82) -> 358883.55 | D86: =SUM(D65:D82) -> 357298.55 | E86: =SUM(E65:E82) -> 312037.98 | F86: =SUM(C86:E86) -> 1028220.1
B87: Darfon | F87: =SUM(C87:E87) -> 0
B88: Liteon | F88: =SUM(C88:E88) -> 0
B89: Primax | F89: =SUM(C89:E89) -> 0
B90: Sunrex | F90: =SUM(C90:E90) -> 0
E91: Total Rebate ASount | F91: =SUM(F86:F90) -> 1028220.1
A93: Q4 Projection by Segment
B94: Segment | C94: 46235 | D94: 46266 | E94: 46296 | F94: Total Rebate in Q4 2026 (US$) | G94: Remark
A95: CMIT Input Devices | B95: 200 series | C95: =SUM('FY26'!BE$144:BE$215)*0.25 -> 26439.77 | D95: =SUM('FY26'!BG$144:BG$215)*0.25 -> 37744.939 | E95: =SUM('FY26'!BI$144:BI$215)*0.25 -> 28149.883 | F95: =SUM(C95:E95) -> 92334.593
B96: 400/600 series | C96: =SUM('FY26'!BE$3:BE$11) -> 5205.6418 | D96: =SUM('FY26'!BG$3:BG$11) -> 2883.2417 | E96: =SUM('FY26'!BI$3:BI$11) -> 553.59142 | F96: =SUM(C96:E96) -> 8642.4749
B97: 800 series | C97: =SUM('FY26'!BE$12:BE$33) -> 15695.975 | D97: =SUM('FY26'!BG$12:BG$33) -> 14341.233 | E97: =SUM('FY26'!BI$12:BI$33) -> 7174.6794 | F97: =SUM(C97:E97) -> 37211.887
B98: 1000 series | C98: =SUM('FY26'!BE$34:BE$41) -> 6823.936 | D98: =SUM('FY26'!BG$34:BG$41) -> 7715.84 | E98: =SUM('FY26'!BI$34:BI$41) -> 7628.8 | F98: =SUM(C98:E98) -> 22168.576
B99: Probook | C99: =SUM('FY26'!BE$42:BE$47) -> 8202.6 | D99: =SUM('FY26'!BG$42:BG$47) -> 12171.6 | E99: =SUM('FY26'!BI$42:BI$47) -> 6085.8 | F99: =SUM(C99:E99) -> 26460
B100: MWS | C100: =SUM('FY26'!BE48:BE50) -> 4684.9032 | D100: =SUM('FY26'!BG48:BG50) -> 6026.5587 | E100: =SUM('FY26'!BI48:BI50) -> 4858.3062 | F100: =SUM(C100:E100) -> 15569.768
B101: Soft keyboard | C101: 0 | D101: 0 | E101: 0 | F101: =SUM(C101:E101) -> 0
B102: ChromeBook | C102: =SUM('FY26'!BE$51:BE$61)*0.7+SUM('FY26'!BE$216:BE$223)*0.7 -> 14302.593 | D102: =SUM('FY26'!BG$51:BG$61)*0.7+SUM('FY26'!BG$216:BG$223)*0.7 -> 14302.575 | E102: =SUM('FY26'!BI$51:BI$61)*0.7+SUM('FY26'!BI$216:BI$223)*0.7 -> 6084.3825 | F102: =SUM(C102:E102) -> 34689.55
B103: Desktop | C103: =SUM('FY26'!BE$62:BE$143) -> 47824.44 | D103: =SUM('FY26'!BG$62:BG$143) -> 49851.64 | E103: =SUM('FY26'!BI$62:BI$143) -> 48584.44 | F103: =SUM(C103:E103) -> 146260.52
A104: Consumer Input Devices | B104: OPP | C104: =SUM('FY26'!BE$144:BE$215)*0.75 -> 79319.31 | D104: =SUM('FY26'!BG$144:BG$215)*0.75 -> 113234.82 | E104: =SUM('FY26'!BI$144:BI$215)*0.75 -> 84449.65 | F104: =SUM(C104:E104) -> 277003.78
B105: ChromeBook | C105: =SUM('FY26'!BE$51:BE$61)*0.3+SUM('FY26'!BE$216:BE$223)*0.3 -> 6129.6825 | D105: =SUM('FY26'!BG$51:BG$61)*0.3+SUM('FY26'!BG$216:BG$223)*0.3 -> 6129.675 | E105: =SUM('FY26'!BI$51:BI$61)*0.3+SUM('FY26'!BI$216:BI$223)*0.3 -> 2607.5925 | F105: =SUM(C105:E105) -> 14866.95
...

Sheet FY26
D1: Consumer/Commercial/ Peripheral | E1: NB/DT/Peripheral | G1: 2009/2010/….2023/2024/2025 | H1: Platform name please strictly follow the LTF | I1: NBL KB/BL KB/Mouse /Combo/Clickpad/Dongle | J1: If no Size, fill in "NA/" | K1: If no Color, fill in "NA/" | L1: E China/W China/S China/Thailand/Vietnam | M1: COMPAL/QUANTA/INVENTEC/WISTRON/FOXCONN *If the ODM is not listed above, do not write 'OTHERS'. Please refer to the ODM or Regional site name as stated in the contract. | AM1: =SUM(AM3:AM262) -> 382332.68 | AO1: =SUM(AO3:AO262) -> 353760.81 | AQ1: =SUM(AQ3:AQ262) -> 247777.1 | AS1: =SUM(AS3:AS262) -> 35221.64 | AU1: =SUM(AU3:AU262) -> 552986.01 | AW1: =SUM(AW3:AW262) -> 354896.54 | AY1: =SUM(AY3:AY262) -> 358883.55 | BA1: =SUM(BA3:BA262) -> 357298.55 | BC1: =SUM(BC3:BC262) -> 312037.98 | BE1: =SUM(BE3:BE262) -> 324327.34 | BG1: =SUM(BG3:BG262) -> 382597.22 | BI1: =SUM(BI3:BI262) -> 316037.34 | BJ1: Please fill in your supplier part# | BK1: Do not fill in ODM or Supplier part# at this column | BL1: APJ/EMEA/NA/ODM | BM1: If you don't have hp part#, pls fill in ODM part# without localization
A2: FY26 | B2: SPM (Project Owner) | C2: GTK Suppliers | D2: Category | E2: Segment | F2: Series | G2: Production Year | H2: Platforms | I2: Product | J2: Size | K2: Color | L2: Location | M2: ODM | N2: Table Price Nov | O2: Table Price Dec | P2: Table Price Jan | Q2: Table Price Feb | R2: Table Price Mar | S2: Table Price Apr | T2: Table Price May | U2: Table Price Jun | V2: Table Price Jul | W2: Table Price Aug | X2: Table Price Sep | Y2: Table Price Oct | Z2: Unit Rebate Nov | AA2: Unit Rebate Dec | AB2: Unit Rebate Jan | AC2: Unit Rebate Feb | AD2: Unit Rebate Mar | AE2: Unit Rebate Apr | AF2: Unit Rebate May | AG2: Unit Rebate Jun | AH2: Unit Rebate Jul | AI2: Unit Rebate Aug | AJ2: Unit Rebate Sep | AK2: Unit Rebate Oct | AL2: Nov Q'ty | AM2: Nov Rebate Amount | AN2: Dec Q'ty | AO2: Dec Rebate Amount | AP2: Jan Q'ty | AQ2: Jan Rebate Amount | AR2: Feb Q'ty | AS2: Feb Rebate Amount | AT2: Mar Q'ty | AU2: Mar Rebate Amount | AV2: Apr Q'ty | AW2: Apr Rebate Amount | AX2: May Q'ty | AY2: May Rebate Amount | AZ2: Jun Q'ty | BA2: Jun Rebate Amount | BB2: Jul Q'ty | BC2: Jul Rebate Amount | BD2: Aug Q'ty | BE2: Aug Rebate Amount | BF2: Sep Q'ty | BG2: Sep Rebate Amount | BH2: Oct Q'ty | BI2: Oct Rebate Amount | BJ2: Supplier Part# | BK2: Comment | BL2: Region | BM2: HP/ODM Part#
A3: FY26 | B3: Benson Chen | C3: Chicony | D3: Commercial | E3: NB | F3: 400/600 | G3: 2024 | H3: ROZ 14/REX 13/14/ OAKEN 14/OLAF 14/REDHEADTC | I3: BL KB | J3: 14 | K3: Soft Grey | L3: Thailand | M3: QUANTA_TH | N3: 7.33 | O3: 7.33 | P3: 7.33 | Q3: 7.33 | R3: 8 | S3: 8 | T3: 8 | U3: 8 | V3: 8 | W3: 8 | X3: 8 | Y3: 8 | Z3: 0.12 | AA3: 0.12 | AB3: 0.12 | AC3: 0 | AD3: 0.38 | AE3: 0.38 | AF3: 0.38 | AG3: 0.38 | AH3: 0.38 | AI3: 0.38 | AJ3: 0.38 | AK3: 0.38 | AL3: 3982 | AM3: =Z3*AL3 -> 477.84 | AN3: 7016 | AO3: =AA3*AN3 -> 841.92 | AP3: 10060 | AQ3: =AB3*AP3 -> 1207.2 | AR3: 9640 | AS3: =AC3*AR3 -> 0 | AT3: 18800 | AU3: =AD3*AT3 -> 7144 | AV3: 11833 | AW3: =AE3*AV3 -> 4496.54 | AX3: 14181 | AY3: =AF3*AX3 -> 5388.78 | AZ3: 20157 | BA3: =AG3*AZ3 -> 7659.66 | BB3: 0 | BC3: =AH3*BB3 -> 0 | BD3: 0 | BE3: =AI3*BD3 -> 0 | BF3: 0 | BG3: =AJ3*BF3 -> 0 | BH3: 0 | BI3: =AK3*BH3 -> 0 | BJ3: HPM23G3*J920*T | BL3: ODM | BM3: AEX8U**0210
A4: FY26 | B4: Benson Chen | C4: Chicony | G4: 2024 | H4: ROZ 14/REX 13/14/ OAKEN 14/OLAF 14/REDHEADTC | I4: BL KB | J4: 14 | K4: Soft Grey | L4: W China | M4: QUANTA_CQ | N4: 7.33 | O4: 7.33 | P4: 7.33 | Q4: 7.33 | R4: 8 | S4: 8 | T4: 8 | U4: 8 | V4: 8 | W4: 8 | X4: 8 | Y4: 8 | Z4: 0.12 | AA4: 0.12 | AB4: 0.12 | AC4: 0 | AD4: 0.38 | AE4: 0.38 | AF4: 0.38 | AG4: 0.38 | AH4: 0.38 | AI4: 0.38 | AJ4: 0.38 | AK4: 0.38 | AL4: 9548 | AM4: =Z4*AL4 -> 1145.76 | AN4: 11767 | AO4: =AA4*AN4 -> 1412.04 | AP4: 3400 | AQ4: =AB4*AP4 -> 408 | AR4: 5360 | AS4: =AC4*AR4 -> 0 | AT4: 3840 | AU4: =AD4*AT4 -> 1459.2 | AV4: 3370 | AW4: =AE4*AV4 -> 1280.6 | AX4: 276 | AY4: =AF4*AX4 -> 104.88 | AZ4: 118 | BA4: =AG4*AZ4 -> 44.84 | BB4: 482.53466 | BC4: =AH4*BB4 -> 183.36317 | BD4: 329.56132 | BE4: =AI4*BD4 -> 125.2333 | BF4: 267.46958 | BG4: =AJ4*BF4 -> 101.63844 | BH4: 193.79148 | BI4: =AK4*BH4 -> 73.640761 | BJ4: HPM23G3*J920 | BL4: ODM | BM4: AEX8U**0210
A5: FY26 | B5: Benson Chen | C5: Chicony | G5: 2024 | H5: ROZ 14/REX 13/14/ OAKEN 14/OLAF 14/REDHEADTC | I5: NBL KB | J5: 14 | K5: Soft Grey | L5: Thailand | M5: QUANTA_TH | N5: 3.38 | O5: 3.38 | P5: 3.38 | Q5: 3.38 | R5: 4.05 | S5: 4.05 | T5: 4.05 | U5: 4.05 | V5: 4.05 | W5: 4.05 | X5: 4.05 | Y5: 4.05 | Z5: 0.03 | AA5: 0.03 | AB5: 0.03 | AC5: 0 | AD5: 0.29 | AE5: 0.29 | AF5: 0.29 | AG5: 0.29 | AH5: 0.29 | AI5: 0.29 | AJ5: 0.29 | AK5: 0.29 | AL5: 1400 | AM5: =Z5*AL5 -> 42 | AN5: 7720 | AO5: =AA5*AN5 -> 231.6 | AP5: 1640 | AQ5: =AB5*AP5 -> 49.2 | AR5: 3880 | AS5: =AC5*AR5 -> 0 | AT5: 7040 | AU5: =AD5*AT5 -> 2041.6 | AV5: 3070 | AW5: =AE5*AV5 -> 890.3 | AX5: 3363 | AY5: =AF5*AX5 -> 975.27 | AZ5: 4280 | BA5: =AG5*AZ5 -> 1241.2 | BB5: 0 | BC5: =AH5*BB5 -> 0 | BD5: 0 | BE5: =AI5*BD5 -> 0 | BF5: 0 | BG5: =AJ5*BF5 -> 0 | BH5: 0 | BI5: =AK5*BH5 -> 0 | BJ5: HPM23G5*-920*T | BL5: ODM | BM5: AEX8U**1210
A6: FY26 | B6: Benson Chen | C6: Chicony | G6: 2024 | H6: ROZ 14/REX 13/14/ OAKEN 14/OLAF 14/REDHEADTC | I6: NBL KB | J6: 14 | K6: Soft Grey | L6: W China | M6: QUANTA_CQ | N6: 3.38 | O6: 3.38 | P6: 3.38 | Q6: 3.38 | R6: 4.05 | S6: 4.05 | T6: 4.05 | U6: 4.05 | V6: 4.05 | W6: 4.05 | X6: 4.05 | Y6: 4.05 | Z6: 0.03 | AA6: 0.03 | AB6: 0.03 | AC6: 0 | AD6: 0.29 | AE6: 0.29 | AF6: 0.29 | AG6: 0.29 | AH6: 0.29 | AI6: 0.29 | AJ6: 0.29 | AK6: 0.29 | AL6: 5389 | AM6: =Z6*AL6 -> 161.67 | AN6: 2040 | AO6: =AA6*AN6 -> 61.2 | AP6: 6200 | AQ6: =AB6*AP6 -> 186 | AR6: 1080 | AS6: =AC6*AR6 -> 0 | AT6: 4590 | AU6: =AD6*AT6 -> 1331.1 | AV6: 1089 | AW6: =AE6*AV6 -> 315.81 | AX6: 107 | AY6: =AF6*AX6 -> 31.03 | AZ6: 27 | BA6: =AG6*AZ6 -> 7.83 | BB6: 197.36998 | BC6: =AH6*BB6 -> 57.237295 | BD6: 155.08332 | BE6: =AI6*BD6 -> 44.974163 | BF6: 118.11099 | BG6: =AJ6*BF6 -> 34.252186 | BH6: 80.112078 | BI6: =AK6*BH6 -> 23.232503 | BJ6: HPM23G5*-920 | BL6: ODM | BM6: AEX8U**1210
A7: FY26 | B7: Benson Chen | C7: Chicony | G7: 2025 | H7: WAFER13/WAFER14/WAFFLE14/WAFFLE14N/PUDDING14/RAINBOWCAKE14/RUMCAKE14/WAFER14R/DALGONA/DIVINITY | I7: BL KB | J7: 14 | K7: Soft Grey | L7: W China | M7: QUANTA_CQ | N7: 7.24 | O7: 7.24 | P7: 7.12 | Q7: 7.12 | R7: 7.8 | S7: 7.8 | T7: 7.8 | U7: 7.8 | V7: 7.8 | W7: 7.8 | X7: 7.8 | Y7: 7.8 | Z7: 0.16 | AA7: 0.16 | AB7: 0.11 | AC7: 0 | AD7: 0.38 | AE7: 0.38 | AF7: 0.38 | AG7: 0.38 | AH7: 0.38 | AI7: 0.38 | AJ7: 0.38 | AK7: 0.38 | AL7: 725 | AM7: =Z7*AL7 -> 116 | AN7: 1912 | AO7: =AA7*AN7 -> 305.92 | AP7: 200 | AQ7: =AB7*AP7 -> 22 | AR7: 80 | AS7: =AC7*AR7 -> 0 | AT7: 0 | AU7: =AD7*AT7 -> 0 | AV7: 396 | AW7: =AE7*AV7 -> 150.48 | AX7: 388 | AY7: =AF7*AX7 -> 147.44 | AZ7: 434 | BA7: =AG7*AZ7 -> 164.92 | BB7: 463.70958 | BC7: =AH7*BB7 -> 176.20964 | BD7: 344.01743 | BE7: =AI7*BD7 -> 130.72662 | BF7: 167.2862 | BG7: =AJ7*BF7 -> 63.568756 | BH7: 25.552068 | BI7: =AK7*BH7 -> 9.7097859 | BJ7: HPM23G3*J9205* | BL7: ODM | BM7: AEX8U**5210
A8: FY26 | B8: Benson Chen | C8: Chicony | G8: 2025 | H8: WAFER13/WAFER14/WAFFLE14/WAFFLE14N/PUDDING14/RAINBOWCAKE14/RUMCAKE14/WAFER14R/DALGONA/DIVINITY | I8: BL KB | J8: 14 | K8: Soft Grey | L8: W China | M8: QUANTA_CQ | N8: 7.24 | O8: 7.24 | P8: 7.12 | Q8: 7.12 | R8: 7.8 | S8: 7.8 | T8: 7.8 | U8: 7.8 | V8: 7.8 | W8: 7.8 | X8: 7.8 | Y8: 7.8 | Z8: 0.16 | AA8: 0.16 | AB8: 0.11 | AC8: 0 | AD8: 0.38 | AE8: 0.38 | AF8: 0.38 | AG8: 0.38 | AH8: 0.38 | AI8: 0.38 | AJ8: 0.38 | AK8: 0.38 | AL8: 27280 | AM8: =Z8*AL8 -> 4364.8 | AN8: 16442 | AO8: =AA8*AN8 -> 2630.72 | AP8: 18473 | AQ8: =AB8*AP8 -> 2032.03 | AR8: 7855 | AS8: =AC8*AR8 -> 0 | AT8: 14769 | AU8: =AD8*AT8 -> 5612.22 | AV8: 16438 | AW8: =AE8*AV8 -> 6246.44 | AX8: 17399 | AY8: =AF8*AX8 -> 6611.62 | AZ8: 20861 | BA8: =AG8*AZ8 -> 7927.18 | BB8: 18562.201 | BC8: =AH8*BB8 -> 7053.6362 | BD8: 12907.126 | BE8: =AI8*BD8 -> 4904.7078 | BF8: 7062.585 | BG8: =AJ8*BF8 -> 2683.7823 | BH8: 1176.3378 | BI8: =AK8*BH8 -> 447.00837 | BJ8: HPM23G3*J9204* | BL8: ODM | BM8: AEX8U**3210
A9: FY26 | B9: Benson Chen | C9: Chicony | G9: 2025 | H9: WAFER13/WAFER14/WAFFLE14/WAFFLE14N/PUDDING14/RAINBOWCAKE14/RUMCAKE14/WAFER14R/DALGONA/DIVINITY | I9: NBL KB | J9: 14 | K9: Soft Grey | L9: W China | M9: QUANTA_CQ | N9: 3.3 | O9: 3.3 | P9: 3.26 | Q9: 3.26 | R9: 3.95 | S9: 3.95 | T9: 3.95 | U9: 3.95 | V9: 3.95 | W9: 3.95 | X9: 3.95 | Y9: 3.95 | Z9: 0.07 | AA9: 0.07 | AB9: 0.03 | AC9: 0 | AD9: 0.31 | AE9: 0.31 | AF9: 0.31 | AG9: 0.31 | AH9: 0.31 | AI9: 0.31 | AJ9: 0.31 | AK9: 0.31 | AL9: 11411 | AM9: =Z9*AL9 -> 798.77 | AN9: 13915 | AO9: =AA9*AN9 -> 974.05 | AP9: 15924 | AQ9: =AB9*AP9 -> 477.72 | AR9: 15279 | AS9: =AC9*AR9 -> 0 | AT9: 17380 | AU9: =AD9*AT9 -> 5387.8 | AV9: 6040 | AW9: =AE9*AV9 -> 1872.4 | AX9: 5177 | AY9: =AF9*AX9 -> 1604.87 | AZ9: 5691 | BA9: =AG9*AZ9 -> 1764.21 | BB9: 0 | BC9: =AH9*BB9 -> 0 | BD9: 0 | BE9: =AI9*BD9 -> 0 | BF9: 0 | BG9: =AJ9*BF9 -> 0 | BH9: 0 | BI9: =AK9*BH9 -> 0 | BJ9: HPM23G5*-9202* | BL9: ODM | BM9: AEX8U**4210
A10: FY26 | B10: Benson Chen | C10: Chicony | G10: 2021 | H10: RABON/IONIAN14/DIANSHAN14/PETROF/DONGQIAN14/PRIMA14/DARKSTAR/THANOS14/THUNDRA14/RONIN14/DOOP14/REDSTART/TURACO/KNUCKER14/PAN14/KRAKEN14/ROC14 | I10: NBL KB | J10: 14 | K10: Flint Opaque | L10: W China | M10: QUANTA_CQ | N10: 4.07 | O10: 4.07 | P10: 4.07 | Q10: 4.07 | R10: 4.07 | S10: 4.07 | T10: 4.07 | U10: 4.07 | V10: 4.07 | W10: 4.07 | X10: 4.07 | Y10: 4.07 | Z10: 0.87 | AA10: 0.87 | AB10: 0.87 | AC10: 0 | AD10: 0.87 | AE10: 0.87 | AF10: 0.87 | AG10: 0.87 | AH10: 0.87 | AI10: 0.87 | AJ10: 0.87 | AK10: 0.87 | AL10: 360 | AM10: =Z10*AL10 -> 313.2 | AN10: 0 | AO10: =AA10*AN10 -> 0 | AP10: 680 | AQ10: =AB10*AP10 -> 591.6 | AR10: 0 | AS10: =AC10*AR10 -> 0 | AT10: 0 | AU10: =AD10*AT10 -> 0 | AV10: 220 | AW10: =AE10*AV10 -> 191.4 | AX10: 231 | AY10: =AF10*AX10 -> 200.97 | AZ10: 465 | BA10: =AG10*AZ10 -> 404.55 | BB10: 0 | BC10: =AH10*BB10 -> 0 | BD10: 0 | BE10: =AI10*BD10 -> 0 | BF10: 0 | BG10: =AJ10*BF10 -> 0 | BH10: 0 | BI10: =AK10*BH10 -> 0 | BJ10: HPM20A3*-920* | BL10: ODM | BM10: AEX8Q**1010
A11: FY26 | B11: Benson Chen | C11: Chicony | G11: 2021 | H11: RABON/IONIAN14/DIANSHAN14/PETROF/DONGQIAN14/PRIMA14/DARKSTAR/THANOS14/THUNDRA14/RONIN14/DOOP14/REDSTART/TURACO/KNUCKER14/PAN14/KRAKEN14/ROC14 | I11: BL KB | J11: 14 | K11: Flint Opaque | L11: W China | M11: QUANTA_CQ | N11: 9.12 | O11: 9.12 | P11: 9.12 | Q11: 9.12 | R11: 9.12 | S11: 9.12 | T11: 9.12 | U11: 9.12 | V11: 9.12 | W11: 9.12 | X11: 9.12 | Y11: 9.12 | Z11: 2.12 | AA11: 2.12 | AB11: 2.12 | AC11: 0 | AD11: 2.12 | AE11: 2.12 | AF11: 2.12 | AG11: 2.12 | AH11: 2.12 | AI11: 2.12 | AJ11: 2.12 | AK11: 2.12 | AL11: 5613 | AM11: =Z11*AL11 -> 11899.56 | AN11: 3552 | AO11: =AA11*AN11 -> 7530.24 | AP11: 3157 | AQ11: =AB11*AP11 -> 6692.84 | AR11: 0 | AS11: =AC11*AR11 -> 0 | AT11: 0 | AU11: =AD11*AT11 -> 0 | AV11: 466 | AW11: =AE11*AV11 -> 987.92 | AX11: 795 | AY11: =AF11*AX11 -> 1685.4 | AZ11: 72 | BA11: =AG11*AZ11 -> 152.64 | BB11: 0 | BC11: =AH11*BB11 -> 0 | BD11: 0 | BE11: =AI11*BD11 -> 0 | BF11: 0 | BG11: =AJ11*BF11 -> 0 | BH11: 0 | BI11: =AK11*BH11 -> 0 | BJ11: HPM20A2*J920* | BL11: ODM | BM11: AEX8Q**0010
A12: FY26 | B12: Benson Chen | C12: Chicony | D12: Commercial | E12: NB | F12: 800 | G12: 2023 | H12: BAYMAX 14/LUISA 14/BAYMAXW14/BAYMAX13/BAYMAX13X | I12: BL KB | J12: 14 | K12: Flint Opaque | L12: W China | M12: INVENTEC_CQ | N12: 9.75 | O12: 9.75 | P12: 9.75 | Q12: 9.75 | R12: 9.75 | S12: 9.75 | T12: 9.75 | U12: 9.75 | V12: 9.75 | W12: 9.75 | X12: 9.75 | Y12: 9.75 | Z12: 2.25 | AA12: 2.25 | AB12: 2.25 | AC12: 0 | AD12: 2.25 | AE12: 2.25 | AF12: 2.25 | AG12: 2.25 | AH12: 2.25 | AI12: 2.25 | AJ12: 2.25 | AK12: 2.25 | AL12: 2529 | AM12: =Z12*AL12 -> 5690.25 | AN12: 3000 | AO12: =AA12*AN12 -> 6750 | AP12: 2016 | AQ12: =AB12*AP12 -> 4536 | AR12: 261 | AS12: =AC12*AR12 -> 0 | AT12: 0 | AU12: =AD12*AT12 -> 0 | AV12: 2331 | AW12: =AE12*AV12 -> 5244.75 | AX12: 0 | AY12: =AF12*AX12 -> 0 | AZ12: 0 | BA12: =AG12*AZ12 -> 0 | BB12: 0 | BC12: =AH12*BB12 -> 0 | BD12: 0 | BE12: =AI12*BD12 -> 0 | BF12: 0 | BG12: =AJ12*BF12 -> 0 | BH12: 0 | BI12: =AK12*BH12 -> 0 | BJ12: HPM21B6*J930D/E | BK12: G11 | BL12: ODM | BM12: 6037B02786**
A13: FY26 | B13: Benson Chen | C13: Chicony | G13: 2024 | H13: BAYMAX 14/LUISA 14/BAYMAXW14/BAYMAX13/BAYMAX13X | I13: BL KB | J13: 14 | K13: Flint Opaque | L13: W China | M13: INVENTEC_MX | N13: 9.77 | O13: 9.77 | P13: 9.77 | Q13: 9.77 | R13: 9.77 | S13: 9.77 | T13: 9.77 | U13: 9.77 | V13: 9.77 | W13: 9.77 | X13: 9.77 | Y13: 9.77 | Z13: 2.25 | AA13: 2.25 | AB13: 2.25 | AC13: 0 | AD13: 2.25 | AE13: 2.25 | AF13: 2.25 | AG13: 2.25 | AH13: 2.25 | AI13: 2.25 | AJ13: 2.25 | AK13: 2.25 | AL13: 480 | AM13: =Z13*AL13 -> 1080 | AN13: 200 | AO13: =AA13*AN13 -> 450 | AP13: 160 | AQ13: =AB13*AP13 -> 360 | AR13: 0 | AS13: =AC13*AR13 -> 0 | AT13: 0 | AU13: =AD13*AT13 -> 0 | AV13: 0 | AW13: =AE13*AV13 -> 0 | AX13: 0 | AY13: =AF13*AX13 -> 0 | AZ13: 0 | BA13: =AG13*AZ13 -> 0 | BB13: 0 | BC13: =AH13*BB13 -> 0 | BD13: 0 | BE13: =AI13*BD13 -> 0 | BF13: 0 | BG13: =AJ13*BF13 -> 0 | BH13: 0 | BI13: =AK13*BH13 -> 0 | BJ13: HPM21B6*J930F/G | BK13: G11, Mexico | BL13: ODM | BM13: 6037B02786**
A14: FY26 | B14: Benson Chen | C14: Chicony | G14: 2023 | H14: BAYMAX 14/LUISA 14/BAYMAXW14/BAYMAX13/BAYMAX13X | I14: NBL KB | J14: 14 | K14: Flint Opaque | L14: W China | M14: INVENTEC_CQ | N14: 5.97 | O14: 5.97 | P14: 5.97 | Q14: 5.97 | R14: 5.97 | S14: 5.97 | T14: 5.97 | U14: 5.97 | V14: 5.97 | W14: 5.97 | X14: 5.97 | Y14: 5.97 | Z14: 1.17 | AA14: 1.17 | AB14: 1.17 | AC14: 0 | AD14: 1.17 | AE14: 1.17 | AF14: 1.17 | AG14: 1.17 | AH14: 1.17 | AI14: 1.17 | AJ14: 1.17 | AK14: 1.17 | AL14: 1208 | AM14: =Z14*AL14 -> 1413.36 | AN14: 80 | AO14: =AA14*AN14 -> 93.6 | AP14: 2276 | AQ14: =AB14*AP14 -> 2662.92 | AR14: 0 | AS14: =AC14*AR14 -> 0 | AT14: 0 | AU14: =AD14*AT14 -> 0 | AV14: 90 | AW14: =AE14*AV14 -> 105.3 | AX14: 0 | AY14: =AF14*AX14 -> 0 | AZ14: 0 | BA14: =AG14*AZ14 -> 0 | BB14: 0 | BC14: =AH14*BB14 -> 0 | BD14: 0 | BE14: =AI14*BD14 -> 0 | BF14: 0 | BG14: =AJ14*BF14 -> 0 | BH14: 0 | BI14: =AK14*BH14 -> 0 | BJ14: HPM21B7*6930B | BK14: G11 | BL14: ODM | BM14: 6037B02785**
A15: FY26 | B15: Benson Chen | C15: Chicony | G15: 2024 | H15: BAYMAX 14/LUISA 14/BAYMAXW14/BAYMAX13/BAYMAX13X | I15: NBL KB | J15: 14 | K15: Flint Opaque | L15: W China | M15: INVENTEC_MX | N15: 5.99 | O15: 5.99 | P15: 5.99 | Q15: 5.99 | R15: 5.99 | S15: 5.99 | T15: 5.99 | U15: 5.99 | V15: 5.99 | W15: 5.99 | X15: 5.99 | Y15: 5.99 | Z15: 1.17 | AA15: 1.17 | AB15: 1.17 | AC15: 0 | AD15: 1.17 | AE15: 1.17 | AF15: 1.17 | AG15: 1.17 | AH15: 1.17 | AI15: 1.17 | AJ15: 1.17 | AK15: 1.17 | AL15: 320 | AM15: =Z15*AL15 -> 374.4 | AN15: 0 | AO15: =AA15*AN15 -> 0 | AP15: 0 | AQ15: =AB15*AP15 -> 0 | AR15: 0 | AS15: =AC15*AR15 -> 0 | AT15: 0 | AU15: =AD15*AT15 -> 0 | AV15: 0 | AW15: =AE15*AV15 -> 0 | AX15: 0 | AY15: =AF15*AX15 -> 0 | AZ15: 0 | BA15: =AG15*AZ15 -> 0 | BB15: 0 | BC15: =AH15*BB15 -> 0 | BD15: 0 | BE15: =AI15*BD15 -> 0 | BF15: 0 | BG15: =AJ15*BF15 -> 0 | BH15: 0 | BI15: =AK15*BH15 -> 0 | BJ15: HPM21B7*6930C | BK15: G11, Mexico | BL15: ODM | BM15: 6037B02785**
A16: FY26 | B16: Benson Chen | C16: Chicony | G16: 2024 | H16: LOX16/BAYMAX 16/LUISA 16 | I16: BL KB | J16: 16 | K16: Flint Opaque | L16: W China | M16: INVENTEC_MX | N16: 10.23 | O16: 10.23 | P16: 10.23 | Q16: 10.23 | R16: 10.23 | S16: 10.23 | T16: 10.23 | U16: 10.23 | V16: 10.23 | W16: 10.23 | X16: 10.23 | Y16: 10.23 | Z16: 2.33 | AA16: 2.33 | AB16: 2.33 | AC16: 0 | AD16: 2.33 | AE16: 2.33 | AF16: 2.33 | AG16: 2.33 | AH16: 2.33 | AI16: 2.33 | AJ16: 2.33 | AK16: 2.33 | AL16: 40 | AM16: =Z16*AL16 -> 93.2 | AN16: 0 | AO16: =AA16*AN16 -> 0 | AP16: 0 | AQ16: =AB16*AP16 -> 0 | AR16: 0 | AS16: =AC16*AR16 -> 0 | AT16: 0 | AU16: =AD16*AT16 -> 0 | AV16: 0 | AW16: =AE16*AV16 -> 0 | AX16: 0 | AY16: =AF16*AX16 -> 0 | AZ16: 0 | BA16: =AG16*AZ16 -> 0 | BB16: 0 | BC16: =AH16*BB16 -> 0 | BD16: 0 | BE16: =AI16*BD16 -> 0 | BF16: 0 | BG16: =AJ16*BF16 -> 0 | BH16: 0 | BI16: =AK16*BH16 -> 0 | BJ16: HPM21B8*J930C/D | BK16: G11, Mexico | BL16: ODM | BM16: 6037B02788**
A17: FY26 | B17: Benson Chen | C17: Chicony | G17: 2023 | H17: LOX16/BAYMAX 16/LUISA 16 | I17: BL KB | J17: 16 | K17: Flint Opaque | L17: W China | M17: INVENTEC_CQ | N17: 10.23 | O17: 10.23 | P17: 10.23 | Q17: 10.23 | R17: 10.23 | S17: 10.23 | T17: 10.23 | U17: 10.23 | V17: 10.23 | W17: 10.23 | X17: 10.23 | Y17: 10.23 | Z17: 2.33 | AA17: 2.33 | AB17: 2.33 | AC17: 0 | AD17: 2.33 | AE17: 2.33 | AF17: 2.33 | AG17: 2.33 | AH17: 2.33 | AI17: 2.33 | AJ17: 2.33 | AK17: 2.33 | AL17: 980 | AM17: =Z17*AL17 -> 2283.4 | AN17: 0 | AO17: =AA17*AN17 -> 0 | AP17: 0 | AQ17: =AB17*AP17 -> 0 | AR17: 230 | AS17: =AC17*AR17 -> 0 | AT17: 0 | AU17: =AD17*AT17 -> 0 | AV17: 0 | AW17: =AE17*AV17 -> 0 | AX17: 0 | AY17: =AF17*AX17 -> 0 | AZ17: 0 | BA17: =AG17*AZ17 -> 0 | BB17: 0 | BC17: =AH17*BB17 -> 0 | BD17: 0 | BE17: =AI17*BD17 -> 0 | BF17: 0 | BG17: =AJ17*BF17 -> 0 | BH17: 0 | BI17: =AK17*BH17 -> 0 | BJ17: HPM21B8*J930A/B | BK17: G11 | BL17: ODM | BM17: 6037B02788**
A18: FY26 | B18: Benson Chen | C18: Chicony | G18: 2023 | H18: LOX16/BAYMAX 16/LUISA 16 | I18: NBL KB | J18: 16 | K18: Flint Opaque | L18: W China | M18: INVENTEC_CQ | N18: 6.06 | O18: 6.06 | P18: 6.06 | Q18: 6.06 | R18: 6.06 | S18: 6.06 | T18: 6.06 | U18: 6.06 | V18: 6.06 | W18: 6.06 | X18: 6.06 | Y18: 6.06 | Z18: 1.06 | AA18: 1.06 | AB18: 1.06 | AC18: 0 | AD18: 1.06 | AE18: 1.06 | AF18: 1.06 | AG18: 1.06 | AH18: 1.06 | AI18: 1.06 | AJ18: 1.06 | AK18: 1.06 | AL18: 0 | AM18: =Z18*AL18 -> 0 | AN18: 0 | AO18: =AA18*AN18 -> 0 | AP18: 0 | AQ18: =AB18*AP18 -> 0 | AR18: 0 | AS18: =AC18*AR18 -> 0 | AT18: 0 | AU18: =AD18*AT18 -> 0 | AV18: 0 | AW18: =AE18*AV18 -> 0 | AX18: 0 | AY18: =AF18*AX18 -> 0 | AZ18: 0 | BA18: =AG18*AZ18 -> 0 | BB18: 0 | BC18: =AH18*BB18 -> 0 | BD18: 0 | BE18: =AI18*BD18 -> 0 | BF18: 0 | BG18: =AJ18*BF18 -> 0 | BH18: 0 | BI18: =AK18*BH18 -> 0 | BJ18: HPM21B9*6930A | BK18: G11 | BL18: ODM | BM18: 6037B02789**
A19: FY26 | B19: Benson Chen | C19: Chicony | G19: 2024 | H19: LOX16/BAYMAX 16/LUISA 16 | I19: NBL KB | J19: 16 | K19: Flint Opaque | L19: W China | M19: INVENTEC_MX | N19: 6.06 | O19: 6.06 | P19: 6.06 | Q19: 6.06 | R19: 6.06 | S19: 6.06 | T19: 6.06 | U19: 6.06 | V19: 6.06 | W19: 6.06 | X19: 6.06 | Y19: 6.06 | Z19: 1.06 | AA19: 1.06 | AB19: 1.06 | AC19: 0 | AD19: 1.06 | AE19: 1.06 | AF19: 1.06 | AG19: 1.06 | AH19: 1.06 | AI19: 1.06 | AJ19: 1.06 | AK19: 1.06 | AL19: 40 | AM19: =Z19*AL19 -> 42.4 | AN19: 0 | AO19: =AA19*AN19 -> 0 | AP19: 0 | AQ19: =AB19*AP19 -> 0 | AR19: 0 | AS19: =AC19*AR19 -> 0 | AT19: 0 | AU19: =AD19*AT19 -> 0 | AV19: 0 | AW19: =AE19*AV19 -> 0 | AX19: 0 | AY19: =AF19*AX19 -> 0 | AZ19: 0 | BA19: =AG19*AZ19 -> 0 | BB19: 0 | BC19: =AH19*BB19 -> 0 | BD19: 0 | BE19: =AI19*BD19 -> 0 | BF19: 0 | BG19: =AJ19*BF19 -> 0 | BH19: 0 | BI19: =AK19*BH19 -> 0 | BJ19: HPM21B9*6930B | BK19: G11, Mexico | BL19: ODM | BM19: 6037B02789**
A20: FY26 | B20: Benson Chen | C20: Chicony | G20: 2025 | H20: MACHU14/MACHU14N/MACHUW14/MACHU13/MACHU13X/LAPAZW14/LAPAZW14N/COLOSSEUMW14N/LAPAZ13N/LAPAZ14/LAPAZ14N/LAPAZ13 | I20: BL KB | J20: 14 | K20: Soft Grey | L20: W China | M20: INVENTEC_CQ | N20: 7.9 | O20: 7.9 | P20: 7.74 | Q20: 7.74 | R20: 8.25 | S20: 8.25 | T20: 8.25 | U20: 8.25 | V20: 8.25 | W20: 8.25 | X20: 8.25 | Y20: 8.25 | Z20: 0.39 | AA20: 0.39 | AB20: 0.31 | AC20: 0 | AD20: 0.41 | AE20: 0.41 | AF20: 0.41 | AG20: 0.41 | AH20: 0.41 | AI20: 0.41 | AJ20: 0.41 | AK20: 0.41 | AL20: 54001 | AM20: =Z20*AL20 -> 21060.39 | AN20: 78182 | AO20: =AA20*AN20 -> 30490.98 | AP20: 23938 | AQ20: =AB20*AP20 -> 7420.78 | AR20: 41402 | AS20: =AC20*AR20 -> 0 | AT20: 57050 | AU20: =AD20*AT20 -> 23390.5 | AV20: 19671 | AW20: =AE20*AV20 -> 8065.11 | AX20: 15210 | AY20: =AF20*AX20 -> 6236.1 | AZ20: 19253 | BA20: =AG20*AZ20 -> 7893.73 | BB20: 31899.858 | BC20: =AH20*BB20 -> 13078.942 | BD20: 24562.127 | BE20: =AI20*BD20 -> 10070.472 | BF20: 21312.544 | BG20: =AJ20*BF20 -> 8738.1432 | BH20: 7780.1798 | BI20: =AK20*BH20 -> 3189.8737 | BJ20: HPM24F5*J930/1 | BL20: ODM | BM20: 6037B02853**
A21: FY26 | B21: Benson Chen | C21: Chicony | G21: 2025 | H21: MACHU14/MACHU14N/MACHUW14/MACHU13/MACHU13X/LAPAZW14/LAPAZW14N/COLOSSEUMW14N/LAPAZ13N/LAPAZ14/LAPAZ14N/LAPAZ13 | I21: NBL KB | J21: 14 | K21: Soft Grey | L21: W China | M21: INVENTEC_CQ | N21: 4.82 | O21: 4.82 | P21: 4.75 | Q21: 4.75 | R21: 5.25 | S21: 5.25 | T21: 5.25 | U21: 5.25 | V21: 5.25 | W21: 5.25 | X21: 5.25 | Y21: 5.25 | Z21: 0.39 | AA21: 0.39 | AB21: 0.32 | AC21: 0 | AD21: 0.41 | AE21: 0.41 | AF21: 0.41 | AG21: 0.41 | AH21: 0.41 | AI21: 0.41 | AJ21: 0.41 | AK21: 0.41 | AL21: 4648 | AM21: =Z21*AL21 -> 1812.72 | AN21: 2783 | AO21: =AA21*AN21 -> 1085.37 | AP21: 3440 | AQ21: =AB21*AP21 -> 1100.8 | AR21: 1176 | AS21: =AC21*AR21 -> 0 | AT21: 3894 | AU21: =AD21*AT21 -> 1596.54 | AV21: 1506 | AW21: =AE21*AV21 -> 617.46 | AX21: 1938 | AY21: =AF21*AX21 -> 794.58 | AZ21: 1974 | BA21: =AG21*AZ21 -> 809.34 | BB21: 2782.2676 | BC21: =AH21*BB21 -> 1140.7297 | BD21: 2172.6403 | BE21: =AI21*BD21 -> 890.78251 | BF21: 1508.8436 | BG21: =AJ21*BF21 -> 618.62589 | BH21: 996.48975 | BI21: =AK21*BH21 -> 408.5608 | BJ21: HPM24F6*6930* | BL21: ODM | BM21: 6037B02852**
A22: FY26 | B22: Benson Chen | C22: Chicony | G22: 2025 | H22: MACHU16/MACHUW16/MACHU16N/LAPAZ16/LAPAZ16N/GEMTREE16/GEMTREE18 | I22: BL KB | J22: 16 | K22: Soft Grey | L22: W China | M22: INVENTEC_CQ | N22: 8.23 | O22: 8.23 | P22: 8.14 | Q22: 8.14 | R22: 8.89 | S22: 8.89 | T22: 8.89 | U22: 8.89 | V22: 8.89 | W22: 8.89 | X22: 8.89 | Y22: 8.89 | Z22: 0.3 | AA22: 0.3 | AB22: 0.29 | AC22: 0 | AD22: 0.54 | AE22: 0.54 | AF22: 0.54 | AG22: 0.54 | AH22: 0.54 | AI22: 0.54 | AJ22: 0.54 | AK22: 0.54 | AL22: 23152 | AM22: =Z22*AL22 -> 6945.6 | AN22: 27167 | AO22: =AA22*AN22 -> 8150.1 | AP22: 6233 | AQ22: =AB22*AP22 -> 1807.57 | AR22: 13068 | AS22: =AC22*AR22 -> 0 | AT22: 20878 | AU22: =AD22*AT22 -> 11274.12 | AV22: 0 | AW22: =AE22*AV22 -> 0 | AX22: 0 | AY22: =AF22*AX22 -> 0 | AZ22: 0 | BA22: =AG22*AZ22 -> 0 | BB22: 10521.521 | BC22: =AH22*BB22 -> 5681.6213 | BD22: 8343.4864 | BE22: =AI22*BD22 -> 4505.4827 | BF22: 8842.7864 | BG22: =AJ22*BF22 -> 4775.1047 | BH22: 6187.8827 | BI22: =AK22*BH22 -> 3341.4567 | BJ22: HPM24F7*J930/1 | BL22: ODM | BM22: 6037B02851**
A23: FY26 | B23: Benson Chen | C23: Chicony | G23: 2025 | H23: MACHU16/MACHUW16/MACHU16N/LAPAZ16/LAPAZ16N/GEMTREE16/GEMTREE18 | I23: BL KB | J23: 16 | K23: Soft Grey | L23: W China | M23: INVENTEC_MX | N23: 8.25 | O23: 8.25 | P23: 8.16 | Q23: 8.16 | R23: 8.95 | S23: 8.95 | T23: 8.95 | U23: 8.95 | V23: 8.95 | W23: 8.95 | X23: 8.95 | Y23: 8.95 | Z23: 0.3 | AA23: 0.3 | AB23: 0.29 | AC23: 0 | AD23: 0.58 | AE23: 0.58 | AF23: 0.58 | AG23: 0.58 | AH23: 0.58 | AI23: 0.58 | AJ23: 0.58 | AK23: 0.58 | AL23: 2840 | AM23: =Z23*AL23 -> 852 | AN23: 1040 | AO23: =AA23*AN23 -> 312 | AP23: 3323 | AQ23: =AB23*AP23 -> 963.67 | AR23: 2920 | AS23: =AC23*AR23 -> 0 | AT23: 3038 | AU23: =AD23*AT23 -> 1762.04 | AV23: 0 | AW23: =AE23*AV23 -> 0 | AX23: 0 | AY23: =AF23*AX23 -> 0 | AZ23: 0 | BA23: =AG23*AZ23 -> 0 | BB23: 0 | BC23: =AH23*BB23 -> 0 | BD23: 0 | BE23: =AI23*BD23 -> 0 | BF23: 0 | BG23: =AJ23*BF23 -> 0 | BH23: 0 | BI23: =AK23*BH23 -> 0 | BJ23: HPM24F7*J9302/3 | BK23: Mexico | BL23: ODM | BM23: 6037B02851**
A24: FY26 | B24: Benson Chen | C24: Chicony | G24: 2025 | H24: MACHU16/MACHUW16/MACHU16N/LAPAZ16/LAPAZ16N/GEMTREE16/GEMTREE18 | I24: NBL KB | J24: 16 | K24: Soft Grey | L24: W China | M24: INVENTEC_CQ | N24: 5.2 | O24: 5.2 | P24: 5.08 | Q24: 5.08 | R24: 5.83 | S24: 5.83 | T24: 5.83 | U24: 5.83 | V24: 5.83 | W24: 5.83 | X24: 5.83 | Y24: 5.83 | Z24: 0.42 | AA24: 0.42 | AB24: 0.3 | AC24: 0 | AD24: 0.55 | AE24: 0.55 | AF24: 0.55 | AG24: 0.55 | AH24: 0.55 | AI24: 0.55 | AJ24: 0.55 | AK24: 0.55 | AL24: 2329 | AM24: =Z24*AL24 -> 978.18 | AN24: 1914 | AO24: =AA24*AN24 -> 803.88 | AP24: 440 | AQ24: =AB24*AP24 -> 132 | AR24: 1960 | AS24: =AC24*AR24 -> 0 | AT24: 1445 | AU24: =AD24*AT24 -> 794.75 | AV24: 597 | AW24: =AE24*AV24 -> 328.35 | AX24: 578 | AY24: =AF24*AX24 -> 317.9 | AZ24: 612 | BA24: =AG24*AZ24 -> 336.6 | BB24: 464.54105 | BC24: =AH24*BB24 -> 255.49758 | BD24: 416.79573 | BE24: =AI24*BD24 -> 229.23765 | BF24: 380.65297 | BG24: =AJ24*BF24 -> 209.35913 | BH24: 426.88753 | BI24: =AK24*BH24 -> 234.78814 | BJ24: HPM24F8*6930* | BL24: ODM | BM24: 6037B02862**
A25: FY26 | B25: Benson Chen | C25: Chicony | G25: 2025 | H25: MACHU14/MACHU14N/MACHUW14/MACHU13/MACHU13X/LAPAZW14/LAPAZW14N/COLOSSEUMW14N/LAPAZ13N/LAPAZ14/LAPAZ14N/LAPAZ13 | I25: BL KB | J25: 14 | K25: Soft Grey | L25: Thailand | M25: INVENTEC_TH | N25: 7.9 | O25: 7.9 | P25: 7.74 | Q25: 7.74 | R25: 8.25 | S25: 8.25 | T25: 8.25 | U25: 8.25 | V25: 8.25 | W25: 8.25 | X25: 8.25 | Y25: 8.25 | Z25: 0.39 | AA25: 0.39 | AB25: 0.31 | AC25: 0 | AD25: 0.41 | AE25: 0.41 | AF25: 0.41 | AG25: 0.41 | AH25: 0.41 | AI25: 0.41 | AJ25: 0.41 | AK25: 0.41 | AL25: 4000 | AM25: =Z25*AL25 -> 1560 | AN25: 0 | AO25: =AA25*AN25 -> 0 | AP25: 0 | AQ25: =AB25*AP25 -> 0 | AR25: 40 | AS25: =AC25*AR25 -> 0 | AT25: 3680 | AU25: =AD25*AT25 -> 1508.8 | AV25: 0 | AW25: =AE25*AV25 -> 0 | AX25: 0 | AY25: =AF25*AX25 -> 0 | AZ25: 0 | BA25: =AG25*AZ25 -> 0 | BB25: 0 | BC25: =AH25*BB25 -> 0 | BD25: 0 | BE25: =AI25*BD25 -> 0 | BF25: 0 | BG25: =AJ25*BF25 -> 0 | BH25: 0 | BI25: =AK25*BH25 -> 0 | BJ25: HPM24F5*J930T/1T | BL25: ODM | BM25: 6037B02853**
A26: FY26 | B26: Benson Chen | C26: Chicony | G26: 2025 | H26: MACHU14/MACHU14N/MACHUW14/MACHU13/MACHU13X/LAPAZW14/LAPAZW14N/COLOSSEUMW14N/LAPAZ13N/LAPAZ14/LAPAZ14N/LAPAZ13 | I26: BL KB | J26: 14 | K26: Soft Grey | L26: W China | M26: INVENTEC_MX | N26: 7.92 | O26: 7.92 | P26: 7.76 | Q26: 7.76 | R26: 8.27 | S26: 8.27 | T26: 8.27 | U26: 8.27 | V26: 8.27 | W26: 8.27 | X26: 8.27 | Y26: 8.27 | Z26: 0.39 | AA26: 0.39 | AB26: 0.31 | AC26: 0 | AD26: 0.41 | AE26: 0.41 | AF26: 0.41 | AG26: 0.41 | AH26: 0.41 | AI26: 0.41 | AJ26: 0.41 | AK26: 0.41 | AL26: 5712 | AM26: =Z26*AL26 -> 2227.68 | AN26: 5880 | AO26: =AA26*AN26 -> 2293.2 | AP26: 11160 | AQ26: =AB26*AP26 -> 3459.6 | AR26: 9000 | AS26: =AC26*AR26 -> 0 | AT26: 2851 | AU26: =AD26*AT26 -> 1168.91 | AV26: 1162 | AW26: =AE26*AV26 -> 476.42 | AX26: 5732 | AY26: =AF26*AX26 -> 2350.12 | AZ26: 3049 | BA26: =AG26*AZ26 -> 1250.09 | BB26: 0 | BC26: =AH26*BB26 -> 0 | BD26: 0 | BE26: =AI26*BD26 -> 0 | BF26: 0 | BG26: =AJ26*BF26 -> 0 | BH26: 0 | BI26: =AK26*BH26 -> 0 | BJ26: HPM24F5*J9304/5 | BK26: Mexico | BL26: ODM | BM26: 6037B02853**
A27: FY26 | B27: Benson Chen | C27: Chicony | G27: 2025 | H27: MACHU14/MACHU14N/MACHUW14/MACHU13/MACHU13X/LAPAZW14/LAPAZW14N/COLOSSEUMW14N/LAPAZ13N/LAPAZ14/LAPAZ14N/LAPAZ13 | I27: NBL KB | J27: 14 | K27: Soft Grey | L27: Thailand | M27: INVENTEC_TH | N27: 4.82 | O27: 4.82 | P27: 4.75 | Q27: 4.75 | R27: 5.25 | S27: 5.25 | T27: 5.25 | U27: 5.25 | V27: 5.25 | W27: 5.25 | X27: 5.25 | Y27: 5.25 | Z27: 0.39 | AA27: 0.39 | AB27: 0.32 | AC27: 0 | AD27: 0.41 | AE27: 0.41 | AF27: 0.41 | AG27: 0.41 | AH27: 0.41 | AI27: 0.41 | AJ27: 0.41 | AK27: 0.41 | AL27: 0 | AM27: =Z27*AL27 -> 0 | AN27: 0 | AO27: =AA27*AN27 -> 0 | AP27: 0 | AQ27: =AB27*AP27 -> 0 | AR27: 0 | AS27: =AC27*AR27 -> 0 | AT27: 0 | AU27: =AD27*AT27 -> 0 | AV27: 0 | AW27: =AE27*AV27 -> 0 | AX27: 0 | AY27: =AF27*AX27 -> 0 | AZ27: 0 | BA27: =AG27*AZ27 -> 0 | BB27: 0 | BC27: =AH27*BB27 -> 0 | BD27: 0 | BE27: =AI27*BD27 -> 0 | BF27: 0 | BG27: =AJ27*BF27 -> 0 | BH27: 0 | BI27: =AK27*BH27 -> 0 | BJ27: HPM24F6*6930*T | BL27: ODM | BM27: 6037B02852**
A28: FY26 | B28: Benson Chen | C28: Chicony | G28: 2025 | H28: MACHU16/MACHUW16/MACHU16N/LAPAZ16/LAPAZ16N/GEMTREE16/GEMTREE18 | I28: BL KB | J28: 16 | K28: Soft Grey | L28: Thailand | M28: INVENTEC_TH | N28: 8.23 | O28: 8.23 | P28: 8.14 | Q28: 8.14 | R28: 8.89 | S28: 8.89 | T28: 8.89 | U28: 8.89 | V28: 8.89 | W28: 8.89 | X28: 8.89 | Y28: 8.89 | Z28: 0.3 | AA28: 0.3 | AB28: 0.29 | AC28: 0 | AD28: 0.54 | AE28: 0.54 | AF28: 0.54 | AG28: 0.54 | AH28: 0.54 | AI28: 0.54 | AJ28: 0.54 | AK28: 0.54 | AL28: 40 | AM28: =Z28*AL28 -> 12 | AN28: 0 | AO28: =AA28*AN28 -> 0 | AP28: 0 | AQ28: =AB28*AP28 -> 0 | AR28: 520 | AS28: =AC28*AR28 -> 0 | AT28: 0 | AU28: =AD28*AT28 -> 0 | AV28: 0 | AW28: =AE28*AV28 -> 0 | AX28: 2 | AY28: =AF28*AX28 -> 1.08 | AZ28: 2 | BA28: =AG28*AZ28 -> 1.08 | BB28: 0 | BC28: =AH28*BB28 -> 0 | BD28: 0 | BE28: =AI28*BD28 -> 0 | BF28: 0 | BG28: =AJ28*BF28 -> 0 | BH28: 0 | BI28: =AK28*BH28 -> 0 | BJ28: HPM24F7*J930*T | BL28: ODM | BM28: 6037B02851**
A29: FY26 | B29: Benson Chen | C29: Chicony | G29: 2026 | H29: LAMPAS14/LAMPASW14/MERINO13/MERINO13X/MERINO14/MERINOW14 | I29: BL KB | J29: 14 | K29: Soft Grey | L29: W China | M29: INVENTEC_CQ | N29: 7.2 | O29: 7.2 | P29: 7.2 | Q29: 7.2 | R29: 7.75 | S29: 7.75 | T29: 7.75 | U29: 7.75 | V29: 7.75 | W29: 7.75 | X29: 7.75 | Y29: 7.75 | Z29: 0 | AA29: 0 | AB29: 0.26 | AC29: 0 | AD29: 0.4 | AE29: 0.4 | AF29: 0.4 | AG29: 0.4 | AH29: 0.4 | AI29: 0.4 | AJ29: 0.4 | AK29: 0.4 | AL29: 0 | AM29: =Z29*AL29 -> 0 | AN29: 0 | AO29: =AA29*AN29 -> 0 | AP29: 0 | AQ29: =AB29*AP29 -> 0 | AR29: 0 | AS29: =AC29*AR29 -> 0 | AT29: 0 | AU29: =AD29*AT29 -> 0 | AV29: 10276 | AW29: =AE29*AV29 -> 4110.4 | AX29: 17171 | AY29: =AF29*AX29 -> 6868.4 | AZ29: 16391 | BA29: =AG29*AZ29 -> 6556.4 | BB29: 0 | BC29: =AH29*BB29 -> 0 | BD29: 0 | BE29: =AI29*BD29 -> 0 | BF29: 0 | BG29: =AJ29*BF29 -> 0 | BH29: 0 | BI29: =AK29*BH29 -> 0 | BJ29: HPM24F5*J9306 | BL29: ODM | BM29: 6037B03218**
A30: FY26 | B30: Benson Chen | C30: Chicony | G30: 2026 | H30: LAMPAS14/LAMPASW14/MERINO13/MERINO13X/MERINO14/MERINOW14 | I30: BL KB | J30: 14 | K30: Soft Grey | L30: W China | M30: INVENTEC_CQ | N30: 7.2 | O30: 7.2 | P30: 7.2 | Q30: 7.2 | R30: 7.75 | S30: 7.75 | T30: 7.75 | U30: 7.75 | V30: 7.75 | W30: 7.75 | X30: 7.75 | Y30: 7.75 | Z30: 0 | AA30: 0 | AB30: 0.26 | AC30: 0 | AD30: 0.4 | AE30: 0.4 | AF30: 0.4 | AG30: 0.4 | AH30: 0.4 | AI30: 0.4 | AJ30: 0.4 | AK30: 0.4 | AL30: 0 | AM30: =Z30*AL30 -> 0 | AN30: 0 | AO30: =AA30*AN30 -> 0 | AP30: 0 | AQ30: =AB30*AP30 -> 0 | AR30: 0 | AS30: =AC30*AR30 -> 0 | AT30: 0 | AU30: =AD30*AT30 -> 0 | AV30: 0 | AW30: =AE30*AV30 -> 0 | AX30: 0 | AY30: =AF30*AX30 -> 0 | AZ30: 0 | BA30: =AG30*AZ30 -> 0 | BB30: 0 | BC30: =AH30*BB30 -> 0 | BD30: 0 | BE30: =AI30*BD30 -> 0 | BF30: 0 | BG30: =AJ30*BF30 -> 0 | BH30: 0 | BI30: =AK30*BH30 -> 0 | BJ30: HPM24F5*J9307 | BL30: ODM | BM30: 6037B03218**
A31: FY26 | B31: Benson Chen | C31: Chicony | G31: 2026 | H31: LAMPAS14/LAMPASW14/MERINO13/MERINO13X/MERINO14/MERINOW14 | I31: BL KB | J31: 14 | K31: Soft Grey | L31: W China | M31: INVENTEC_MX | N31: 7.22 | O31: 7.22 | P31: 7.22 | Q31: 7.22 | R31: 7.77 | S31: 7.77 | T31: 7.77 | U31: 7.77 | V31: 7.77 | W31: 7.77 | X31: 7.77 | Y31: 7.77 | Z31: 0 | AA31: 0 | AB31: 0.26 | AC31: 0 | AD31: 0.4 | AE31: 0.4 | AF31: 0.4 | AG31: 0.4 | AH31: 0.4 | AI31: 0.4 | AJ31: 0.4 | AK31: 0.4 | AL31: 0 | AM31: =Z31*AL31 -> 0 | AN31: 0 | AO31: =AA31*AN31 -> 0 | AP31: 0 | AQ31: =AB31*AP31 -> 0 | AR31: 0 | AS31: =AC31*AR31 -> 0 | AT31: 0 | AU31: =AD31*AT31 -> 0 | AV31: 0 | AW31: =AE31*AV31 -> 0 | AX31: 0 | AY31: =AF31*AX31 -> 0 | AZ31: 0 | BA31: =AG31*AZ31 -> 0 | BB31: 0 | BC31: =AH31*BB31 -> 0 | BD31: 0 | BE31: =AI31*BD31 -> 0 | BF31: 0 | BG31: =AJ31*BF31 -> 0 | BH31: 0 | BI31: =AK31*BH31 -> 0 | BJ31: HPM24F5*J9308 | BL31: ODM | BM31: 6037B03218**
A32: FY26 | B32: Benson Chen | C32: Chicony | G32: 2026 | H32: LAMPAS14/LAMPASW14/MERINO13/MERINO13X/MERINO14/MERINOW14 | I32: BL KB | J32: 14 | K32: Soft Grey | L32: W China | M32: INVENTEC_MX | N32: 7.22 | O32: 7.22 | P32: 7.22 | Q32: 7.22 | R32: 7.77 | S32: 7.77 | T32: 7.77 | U32: 7.77 | V32: 7.77 | W32: 7.77 | X32: 7.77 | Y32: 7.77 | Z32: 0 | AA32: 0 | AB32: 0.26 | AC32: 0 | AD32: 0.4 | AE32: 0.4 | AF32: 0.4 | AG32: 0.4 | AH32: 0.4 | AI32: 0.4 | AJ32: 0.4 | AK32: 0.4 | AL32: 0 | AM32: =Z32*AL32 -> 0 | AN32: 0 | AO32: =AA32*AN32 -> 0 | AP32: 0 | AQ32: =AB32*AP32 -> 0 | AR32: 0 | AS32: =AC32*AR32 -> 0 | AT32: 0 | AU32: =AD32*AT32 -> 0 | AV32: 0 | AW32: =AE32*AV32 -> 0 | AX32: 0 | AY32: =AF32*AX32 -> 0 | AZ32: 0 | BA32: =AG32*AZ32 -> 0 | BB32: 0 | BC32: =AH32*BB32 -> 0 | BD32: 0 | BE32: =AI32*BD32 -> 0 | BF32: 0 | BG32: =AJ32*BF32 -> 0 | BH32: 0 | BI32: =AK32*BH32 -> 0 | BJ32: HPM24F5*J9309 | BL32: ODM | BM32: 6037B03218**
A33: FY26 | B33: Benson Chen | C33: Chicony | G33: 2026 | H33: LAMPAS16/LAMPASW16/MERINO16/MERINOW16 | I33: NBL KB | J33: 14 | K33: Soft Grey | L33: W China | M33: INVENTEC_CQ | N33: 4.82 | O33: 4.82 | P33: 4.75 | Q33: 4.75 | R33: 5.25 | S33: 5.25 | T33: 5.25 | U33: 5.25 | V33: 5.25 | W33: 5.25 | X33: 5.25 | Y33: 5.25 | Z33: 0 | AA33: 0 | AB33: 0.32 | AC33: 0 | AD33: 0.41 | AE33: 0.41 | AF33: 0.41 | AG33: 0.41 | AH33: 0.41 | AI33: 0.41 | AJ33: 0.41 | AK33: 0.41 | AL33: 0 | AM33: =Z33*AL33 -> 0 | AN33: 0 | AO33: =AA33*AN33 -> 0 | AP33: 0 | AQ33: =AB33*AP33 -> 0 | AR33: 0 | AS33: =AC33*AR33 -> 0 | AT33: 0 | AU33: =AD33*AT33 -> 0 | AV33: 474 | AW33: =AE33*AV33 -> 194.34 | AX33: 955 | AY33: =AF33*AX33 -> 391.55 | AZ33: 862 | BA33: =AG33*AZ33 -> 353.42 | BB33: 0 | BC33: =AH33*BB33 -> 0 | BD33: 0 | BE33: =AI33*BD33 -> 0 | BF33: 0 | BG33: =AJ33*BF33 -> 0 | BH33: 0 | BI33: =AK33*BH33 -> 0 | BJ33: HPM24F6*69302 | BL33: ODM | BM33: 6037B03250**
A34: FY26 | B34: Benson Chen | C34: Chicony | D34: Commercial | E34: NB | F34: 1000 | G34: 2024 | H34: ERNESTO/ERNESTOX/MASADAN/MASADANX | I34: BL KB | J34: 14 | K34: Soft Grey | L34: W China | M34: INVENTEC_CQ | N34: 9.61 | O34: 9.61 | P34: 9.44 | Q34: 9.44 | R34: 9.44 | S34: 9.44 | T34: 9.44 | U34: 9.44 | V34: 9.44 | W34: 9.44 | X34: 9.44 | Y34: 9.44 | Z34: 0.94 | AA34: 0.94 | AB34: 0.86 | AC34: 0 | AD34: 0.86 | AE34: 0.86 | AF34: 0.86 | AG34: 0.86 | AH34: 0.86 | AI34: 0.86 | AJ34: 0.86 | AK34: 0.86 | AL34: 13510 | AM34: =Z34*AL34 -> 12699.4 | AN34: 16727 | AO34: =AA34*AN34 -> 15723.38 | AP34: 13175 | AQ34: =AB34*AP34 -> 11330.5 | AR34: 20144 | AS34: =AC34*AR34 -> 0 | AT34: 22059 | AU34: =AD34*AT34 -> 18970.74 | AV34: 5507 | AW34: =AE34*AV34 -> 4736.02 | AX34: 2940 | AY34: =AF34*AX34 -> 2528.4 | AZ34: 4159 | BA34: =AG34*AZ34 -> 3576.74 | BB34: 2183.6874 | BC34: =AH34*BB34 -> 1877.9711 | BD34: 0 | BE34: =AI34*BD34 -> 0 | BF34: 0 | BG34: =AJ34*BF34 -> 0 | BH34: 0 | BI34: =AK34*BH34 -> 0 | BJ34: HPM23C7*J930/1 | BL34: ODM | BM34: 6037B02726**
A35: FY26 | B35: Benson Chen | C35: Chicony | G35: 2024 | H35: ERNESTO/ERNESTOX/MASADAN/MASADANX | I35: BL KB | J35: 14 | K35: Soft Grey | L35: Thailand | M35: INVENTEC_TH | N35: 9.61 | O35: 9.61 | P35: 9.44 | Q35: 9.44 | R35: 9.44 | S35: 9.44 | T35: 9.44 | U35: 9.44 | V35: 9.44 | W35: 9.44 | X35: 9.44 | Y35: 9.44 | Z35: 0.94 | AA35: 0.94 | AB35: 0.86 | AC35: 0 | AD35: 0.86 | AE35: 0.86 | AF35: 0.86 | AG35: 0.86 | AH35: 0.86 | AI35: 0.86 | AJ35: 0.86 | AK35: 0.86 | AL35: 8000 | AM35: =Z35*AL35 -> 7520 | AN35: 9880 | AO35: =AA35*AN35 -> 9287.2 | AP35: 2960 | AQ35: =AB35*AP35 -> 2545.6 | AR35: 7960 | AS35: =AC35*AR35 -> 0 | AT35: 5780 | AU35: =AD35*AT35 -> 4970.8 | AV35: 4150 | AW35: =AE35*AV35 -> 3569 | AX35: 3801 | AY35: =AF35*AX35 -> 3268.86 | AZ35: 3629 | BA35: =AG35*AZ35 -> 3120.94 | BB35: 0 | BC35: =AH35*BB35 -> 0 | BD35: 0 | BE35: =AI35*BD35 -> 0 | BF35: 0 | BG35: =AJ35*BF35 -> 0 | BH35: 0 | BI35: =AK35*BH35 -> 0 | BJ35: HPM23C7*J930T/1T | BL35: ODM | BM35: 6037B02726**
A36: FY26 | B36: Benson Chen | C36: Chicony | G36: 2024 | H36: MASADAN/MASADANX | I36: BL KB | J36: 14 | K36: Atmospheric Blue | L36: W China | M36: INVENTEC_CQ | N36: 9.61 | O36: 9.61 | P36: 9.44 | Q36: 9.44 | R36: 9.44 | S36: 9.44 | T36: 9.44 | U36: 9.44 | V36: 9.44 | W36: 9.44 | X36: 9.44 | Y36: 9.44 | Z36: 0.94 | AA36: 0.94 | AB36: 0.86 | AC36: 0 | AD36: 0.86 | AE36: 0.86 | AF36: 0.86 | AG36: 0.86 | AH36: 0.86 | AI36: 0.86 | AJ36: 0.86 | AK36: 0.86 | AL36: 12634 | AM36: =Z36*AL36 -> 11875.96 | AN36: 18920 | AO36: =AA36*AN36 -> 17784.8 | AP36: 12618 | AQ36: =AB36*AP36 -> 10851.48 | AR36: 17539 | AS36: =AC36*AR36 -> 0 | AT36: 14492 | AU36: =AD36*AT36 -> 12463.12 | AV36: 20445 | AW36: =AE36*AV36 -> 17582.7 | AX36: 8701 | AY36: =AF36*AX36 -> 7482.86 | AZ36: 13238 | BA36: =AG36*AZ36 -> 11384.68 | BB36: 2168.5521 | BC36: =AH36*BB36 -> 1864.9548 | BD36: 0 | BE36: =AI36*BD36 -> 0 | BF36: 0 | BG36: =AJ36*BF36 -> 0 | BH36: 0 | BI36: =AK36*BH36 -> 0 | BJ36: HPM23C7*J9302/3 | BL36: ODM | BM36: 6037B02880**
A37: FY26 | B37: Benson Chen | C37: Chicony | G37: 2024 | H37: MASADAN/MASADANX | I37: BL KB | J37: 14 | K37: Atmospheric Blue | L37: Thailand | M37: INVENTEC_TH | N37: 9.61 | O37: 9.61 | P37: 9.44 | Q37: 9.44 | R37: 9.44 | S37: 9.44 | T37: 9.44 | U37: 9.44 | V37: 9.44 | W37: 9.44 | X37: 9.44 | Y37: 9.44 | Z37: 0.94 | AA37: 0.94 | AB37: 0.86 | AC37: 0 | AD37: 0.86 | AE37: 0.86 | AF37: 0.86 | AG37: 0.86 | AH37: 0.86 | AI37: 0.86 | AJ37: 0.86 | AK37: 0.86 | AL37: 5080 | AM37: =Z37*AL37 -> 4775.2 | AN37: 10080 | AO37: =AA37*AN37 -> 9475.2 | AP37: 4720 | AQ37: =AB37*AP37 -> 4059.2 | AR37: 4000 | AS37: =AC37*AR37 -> 0 | AT37: 12920 | AU37: =AD37*AT37 -> 11111.2 | AV37: 4352 | AW37: =AE37*AV37 -> 3742.72 | AX37: 4667 | AY37: =AF37*AX37 -> 4013.62 | AZ37: 4370 | BA37: =AG37*AZ37 -> 3758.2 | BB37: 0 | BC37: =AH37*BB37 -> 0 | BD37: 0 | BE37: =AI37*BD37 -> 0 | BF37: 0 | BG37: =AJ37*BF37 -> 0 | BH37: 0 | BI37: =AK37*BH37 -> 0 | BJ37: HPM23C7*J9302T/3T | BL37: ODM | BM37: 6037B02880**
A38: FY26 | B38: Benson Chen | C38: Chicony | G38: 2026 | H38: CASHMERE | I38: BL KB | J38: 14 | K38: Atmospheric Blue | L38: W China | M38: INVENTEC_CQ | N38: 9.82 | O38: 9.82 | P38: 9.82 | Q38: 9.82 | R38: 10.25 | S38: 10.25 | T38: 10.25 | U38: 10.25 | V38: 10.25 | W38: 10.25 | X38: 10.25 | Y38: 10.25 | Z38: 1.26 | AA38: 1.26 | AB38: 1.26 | AC38: 0 | AD38: 1.28 | AE38: 1.28 | AF38: 1.28 | AG38: 1.28 | AH38: 1.28 | AI38: 1.28 | AJ38: 1.28 | AK38: 1.28 | AL38: 0 | AM38: =Z38*AL38 -> 0 | AN38: 0 | AO38: =AA38*AN38 -> 0 | AP38: 0 | AQ38: =AB38*AP38 -> 0 | AR38: 1888 | AS38: =AC38*AR38 -> 0 | AT38: 1240 | AU38: =AD38*AT38 -> 1587.2 | AV38: 3456 | AW38: =AE38*AV38 -> 4423.68 | AX38: 2252 | AY38: =AF38*AX38 -> 2882.56 | AZ38: 6924 | BA38: =AG38*AZ38 -> 8862.72 | BB38: 2477.856 | BC38: =AH38*BB38 -> 3171.6557 | BD38: 2825.536 | BE38: =AI38*BD38 -> 3616.6861 | BF38: 3194.84 | BG38: =AJ38*BF38 -> 4089.3952 | BH38: 3158.8 | BI38: =AK38*BH38 -> 4043.264 | BJ38: HPM25A8*J9302/3 | BL38: ODM | BM38: 6037B03076**
A39: FY26 | B39: Benson Chen | C39: Chicony | G39: 2026 | H39: CASHMERE | I39: BL KB | J39: 14 | K39: SOFT GREY | L39: W China | M39: INVENTEC_CQ | N39: 9.82 | O39: 9.82 | P39: 9.82 | Q39: 9.82 | R39: 10.25 | S39: 10.25 | T39: 10.25 | U39: 10.25 | V39: 10.25 | W39: 10.25 | X39: 10.25 | Y39: 10.25 | Z39: 1.26 | AA39: 1.26 | AB39: 1.26 | AC39: 0 | AD39: 1.28 | AE39: 1.28 | AF39: 1.28 | AG39: 1.28 | AH39: 1.28 | AI39: 1.28 | AJ39: 1.28 | AK39: 1.28 | AL39: 0 | AM39: =Z39*AL39 -> 0 | AN39: 0 | AO39: =AA39*AN39 -> 0 | AP39: 0 | AQ39: =AB39*AP39 -> 0 | AR39: 992 | AS39: =AC39*AR39 -> 0 | AT39: 292 | AU39: =AD39*AT39 -> 373.76 | AV39: 3132 | AW39: =AE39*AV39 -> 4008.96 | AX39: 1732 | AY39: =AF39*AX39 -> 2216.96 | AZ39: 6084 | BA39: =AG39*AZ39 -> 7787.52 | BB39: 2197.344 | BC39: =AH39*BB39 -> 2812.6003 | BD39: 2505.664 | BE39: =AI39*BD39 -> 3207.2499 | BF39: 2833.16 | BG39: =AJ39*BF39 -> 3626.4448 | BH39: 2801.2 | BI39: =AK39*BH39 -> 3585.536 | BJ39: HPM25A8*J930/1 | BL39: ODM | BM39: 6037B03068**
A40: FY26 | B40: Benson Chen | C40: Chicony | G40: 2026 | H40: CASHMERE | I40: BL KB | J40: 14 | K40: Atmospheric Blue | L40: Thailand | M40: INVENTEC_TH | N40: 9.82 | O40: 9.82 | P40: 9.82 | Q40: 9.82 | R40: 10.25 | S40: 10.25 | T40: 10.25 | U40: 10.25 | V40: 10.25 | W40: 10.25 | X40: 10.25 | Y40: 10.25 | Z40: 1.26 | AA40: 1.26 | AB40: 1.26 | AC40: 0 | AD40: 1.28 | AE40: 1.28 | AF40: 1.28 | AG40: 1.28 | AH40: 1.28 | AI40: 1.28 | AJ40: 1.28 | AK40: 1.28 | AL40: 0 | AM40: =Z40*AL40 -> 0 | AN40: 0 | AO40: =AA40*AN40 -> 0 | AP40: 0 | AQ40: =AB40*AP40 -> 0 | AR40: 80 | AS40: =AC40*AR40 -> 0 | AT40: 120 | AU40: =AD40*AT40 -> 153.6 | AV40: 2103 | AW40: =AE40*AV40 -> 2691.84 | AX40: 2968 | AY40: =AF40*AX40 -> 3799.04 | AZ40: 3470 | BA40: =AG40*AZ40 -> 4441.6 | BB40: 0 | BC40: =AH40*BB40 -> 0 | BD40: 0 | BE40: =AI40*BD40 -> 0 | BF40: 0 | BG40: =AJ40*BF40 -> 0 | BH40: 0 | BI40: =AK40*BH40 -> 0 | BJ40: HPM25A8*J9302T | BL40: ODM | BM40: 6037B03076**
A41: FY26 | B41: Benson Chen | C41: Chicony | G41: 2026 | H41: CASHMERE | I41: BL KB | J41: 14 | K41: Soft Grey | L41: Thailand | M41: INVENTEC_TH | N41: 9.82 | O41: 9.82 | P41: 9.82 | Q41: 9.82 | R41: 10.25 | S41: 10.25 | T41: 10.25 | U41: 10.25 | V41: 10.25 | W41: 10.25 | X41: 10.25 | Y41: 10.25 | Z41: 1.26 | AA41: 1.26 | AB41: 1.26 | AC41: 0 | AD41: 1.28 | AE41: 1.28 | AF41: 1.28 | AG41: 1.28 | AH41: 1.28 | AI41: 1.28 | AJ41: 1.28 | AK41: 1.28 | AL41: 0 | AM41: =Z41*AL41 -> 0 | AN41: 0 | AO41: =AA41*AN41 -> 0 | AP41: 0 | AQ41: =AB41*AP41 -> 0 | AR41: 340 | AS41: =AC41*AR41 -> 0 | AT41: 0 | AU41: =AD41*AT41 -> 0 | AV41: 2141 | AW41: =AE41*AV41 -> 2740.48 | AX41: 2959 | AY41: =AF41*AX41 -> 3787.52 | AZ41: 3514 | BA41: =AG41*AZ41 -> 4497.92 | BB41: 0 | BC41: =AH41*BB41 -> 0 | BD41: 0 | BE41: =AI41*BD41 -> 0 | BF41: 0 | BG41: =AJ41*BF41 -> 0 | BH41: 0 | BI41: =AK41*BH41 -> 0 | BJ41: HPM25A8*J930T | BL41: ODM | BM41: 6037B03068**
A42: FY26 | B42: Benson Chen | C42: Chicony | D42: Commercial | E42: NB | F42: Probook | G42: 2025 | H42: ARIZONA/ARIZONAR2 | I42: NBL KB | J42: 11 | K42: JET BLACK | L42: W China | M42: INVENTEC_CQ | N42: 3.52 | O42: 3.52 | P42: 3.52 | Q42: 3.52 | R42: 3.52 | S42: 3.52 | T42: 3.52 | U42: 3.52 | V42: 3.52 | W42: 3.52 | X42: 3.52 | Y42: 3.52 | Z42: 0.42 | AA42: 0.42 | AB42: 0.42 | AC42: 0 | AD42: 0.42 | AE42: 0.42 | AF42: 0.42 | AG42: 0.42 | AH42: 0.42 | AI42: 0.42 | AJ42: 0.42 | AK42: 0.42 | AL42: 2240 | AM42: =Z42*AL42 -> 940.8 | AN42: 400 | AO42: =AA42*AN42 -> 168 | AP42: 2480 | AQ42: =AB42*AP42 -> 1041.6 | AR42: 1120 | AS42: =AC42*AR42 -> 0 | AT42: 11440 | AU42: =AD42*AT42 -> 4804.8 | AV42: 8013 | AW42: =AE42*AV42 -> 3365.46 | AX42: 917 | AY42: =AF42*AX42 -> 385.14 | AZ42: 2861 | BA42: =AG42*AZ42 -> 1201.62 | BB42: 16311.249 | BC42: =AH42*BB42 -> 6850.7245 | BD42: 18961.827 | BE42: =AI42*BD42 -> 7963.9673 | BF42: 28136.904 | BG42: =AJ42*BF42 -> 11817.5 | BH42: 14068.452 | BI42: =AK42*BH42 -> 5908.7499 | BJ42: HPM24K2*9301 | BL42: ODM | BM42: 6037B02930**
A43: FY26 | B43: Benson Chen | C43: Chicony | G43: 2025 | H43: ARIZONA/ARIZONAR2 | I43: NBL KB | J43: 11 | K43: JET BLACK | L43: Thailand | M43: INVENTEC_TH | N43: 3.52 | O43: 3.52 | P43: 3.52 | Q43: 3.52 | R43: 3.52 | S43: 3.52 | T43: 3.52 | U43: 3.52 | V43: 3.52 | W43: 3.52 | X43: 3.52 | Y43: 3.52 | Z43: 0.42 | AA43: 0.42 | AB43: 0.42 | AC43: 0 | AD43: 0.42 | AE43: 0.42 | AF43: 0.42 | AG43: 0.42 | AH43: 0.42 | AI43: 0.42 | AJ43: 0.42 | AK43: 0.42 | AL43: 5400 | AM43: =Z43*AL43 -> 2268 | AN43: 11420 | AO43: =AA43*AN43 -> 4796.4 | AP43: 3480 | AQ43: =AB43*AP43 -> 1461.6 | AR43: 1720 | AS43: =AC43*AR43 -> 0 | AT43: 15440 | AU43: =AD43*AT43 -> 6484.8 | AV43: 7315 | AW43: =AE43*AV43 -> 3072.3 | AX43: 9443 | AY43: =AF43*AX43 -> 3966.06 | AZ43: 8598 | BA43: =AG43*AZ43 -> 3611.16 | BB43: 0 | BC43: =AH43*BB43 -> 0 | BD43: 0 | BE43: =AI43*BD43 -> 0 | BF43: 0 | BG43: =AJ43*BF43 -> 0 | BH43: 0 | BI43: =AK43*BH43 -> 0 | BJ43: HPM24K2*9301T | BL43: ODM | BM43: 6037B02930**
A44: FY26 | B44: Benson Chen | C44: Chicony | G44: 2025 | H44: ARIZONA/ARIZONAR2 | I44: NBL KB | J44: 11 | K44: JADE GREEN | L44: W China | M44: INVENTEC_CQ | N44: 3.52 | O44: 3.52 | P44: 3.52 | Q44: 3.52 | R44: 3.52 | S44: 3.52 | T44: 3.52 | U44: 3.52 | V44: 3.52 | W44: 3.52 | X44: 3.52 | Y44: 3.52 | Z44: 0.42 | AA44: 0.42 | AB44: 0.42 | AC44: 0 | AD44: 0.42 | AE44: 0.42 | AF44: 0.42 | AG44: 0.42 | AH44: 0.42 | AI44: 0.42 | AJ44: 0.42 | AK44: 0.42 | AL44: 1240 | AM44: =Z44*AL44 -> 520.8 | AN44: 1440 | AO44: =AA44*AN44 -> 604.8 | AP44: 3400 | AQ44: =AB44*AP44 -> 1428 | AR44: 5200 | AS44: =AC44*AR44 -> 0 | AT44: 12000 | AU44: =AD44*AT44 -> 5040 | AV44: 3111 | AW44: =AE44*AV44 -> 1306.62 | AX44: 0 | AY44: =AF44*AX44 -> 0 | AZ44: 0 | BA44: =AG44*AZ44 -> 0 | BB44: 488.75112 | BC44: =AH44*BB44 -> 205.27547 | BD44: 568.17318 | BE44: =AI44*BD44 -> 238.63273 | BF44: 843.09568 | BG44: =AJ44*BF44 -> 354.10019 | BH44: 421.54784 | BI44: =AK44*BH44 -> 177.05009 | BJ44: HPM24K2*9302 | BL44: ODM | BM44: 6037B02969**
A45: FY26 | B45: Benson Chen | C45: Chicony | G45: 2023 | H45: ARIZONA | I45: NBL KB | J45: 11 | K45: JET BLACK | L45: W China | M45: INVENTEC_CQ | N45: 3.52 | O45: 3.52 | P45: 3.52 | Q45: 3.52 | R45: 3.52 | S45: 3.52 | T45: 3.52 | U45: 3.52 | V45: 3.52 | W45: 3.52 | X45: 3.52 | Y45: 3.52 | Z45: 0.42 | AA45: 0.42 | AB45: 0.42 | AC45: 0 | AD45: 0.42 | AE45: 0.42 | AF45: 0.42 | AG45: 0.42 | AH45: 0.42 | AI45: 0.42 | AJ45: 0.42 | AK45: 0.42 | AL45: 640 | AM45: =Z45*AL45 -> 268.8 | AN45: 0 | AO45: =AA45*AN45 -> 0 | AP45: 0 | AQ45: =AB45*AP45 -> 0 | AR45: 0 | AS45: =AC45*AR45 -> 0 | AT45: 0 | AU45: =AD45*AT45 -> 0 | AV45: 0 | AW45: =AE45*AV45 -> 0 | AX45: 0 | AY45: =AF45*AX45 -> 0 | AZ45: 0 | BA45: =AG45*AZ45 -> 0 | BB45: 0 | BC45: =AH45*BB45 -> 0 | BD45: 0 | BE45: =AI45*BD45 -> 0 | BF45: 0 | BG45: =AJ45*BF45 -> 0 | BH45: 0 | BI45: =AK45*BH45 -> 0 | BJ45: HPM23A2*9301 | BL45: ODM | BM45: 6037B02649**
A46: FY26 | B46: Benson Chen | C46: Chicony | AL46: 0 | AM46: =Z46*AL46 -> 0 | AN46: 0 | AO46: =AA46*AN46 -> 0 | AP46: 0 | AQ46: =AB46*AP46 -> 0 | AR46: 0 | AS46: =AC46*AR46 -> 0 | AT46: 0 | AU46: =AD46*AT46 -> 0 | AV46: 0 | AW46: =AE46*AV46 -> 0 | AX46: 0 | AY46: =AF46*AX46 -> 0 | AZ46: 0 | BA46: =AG46*AZ46 -> 0 | BB46: 0 | BC46: =AH46*BB46 -> 0 | BD46: 0 | BE46: =AI46*BD46 -> 0 | BF46: 0 | BG46: =AJ46*BF46 -> 0 | BH46: 0 | BI46: =AK46*BH46 -> 0
A47: FY26 | B47: Benson Chen | C47: Chicony | AL47: 0 | AM47: =Z47*AL47 -> 0 | AN47: 0 | AO47: =AA47*AN47 -> 0 | AP47: 0 | AQ47: =AB47*AP47 -> 0 | AR47: 0 | AS47: =AC47*AR47 -> 0 | AT47: 0 | AU47: =AD47*AT47 -> 0 | AV47: 0 | AW47: =AE47*AV47 -> 0 | AX47: 0 | AY47: =AF47*AX47 -> 0 | AZ47: 0 | BA47: =AG47*AZ47 -> 0 | BB47: 0 | BC47: =AH47*BB47 -> 0 | BD47: 0 | BE47: =AI47*BD47 -> 0 | BF47: 0 | BG47: =AJ47*BF47 -> 0 | BH47: 0 | BI47: =AK47*BH47 -> 0
A48: FY26 | B48: Benson Chen | C48: Chicony | D48: Commercial | E48: NB | F48: MWS | G48: 2025 | H48: GEMTREE16 | I48: BL KB | J48: 16 | K48: RGB Per Key W Numpad_SOFT GREY | L48: W China | M48: INVENTEC_CQ | N48: 50.32 | O48: 50.32 | P48: 50.32 | Q48: 50.32 | R48: 50.92 | S48: 50.92 | T48: 50.92 | U48: 50.92 | V48: 50.92 | W48: 50.92 | X48: 50.92 | Y48: 50.92 | Z48: 11.61 | AA48: 11.61 | AB48: 11.61 | AC48: 0 | AD48: 11.71 | AE48: 11.71 | AF48: 11.71 | AG48: 11.71 | AH48: 11.71 | AI48: 11.71 | AJ48: 11.71 | AK48: 11.71 | AL48: 546 | AM48: =Z48*AL48 -> 6339.06 | AN48: 513 | AO48: =AA48*AN48 -> 5955.93 | AP48: 606 | AQ48: =AB48*AP48 -> 7035.66 | AR48: 317 | AS48: =AC48*AR48 -> 0 | AT48: 336 | AU48: =AD48*AT48 -> 3934.56 | AV48: 148 | AW48: =AE48*AV48 -> 1733.08 | AX48: 210 | AY48: =AF48*AX48 -> 2459.1 | AZ48: 264 | BA48: =AG48*AZ48 -> 3091.44 | BB48: 445.36804 | BC48: =AH48*BB48 -> 5215.2598 | BD48: 367.65478 | BE48: =AI48*BD48 -> 4305.2375 | BF48: 477.50653 | BG48: =AJ48*BF48 -> 5591.6015 | BH48: 384.58467 | BI48: =AK48*BH48 -> 4503.4865 | BJ48: HPM24J1*K930* | BL48: ODM | BM48: 6037B02946**
A49: FY26 | B49: Benson Chen | C49: Chicony | G49: 2025 | H49: EVIEE/CHIRON | I49: BL KB | J49: 14 | K49: Soft Grey | L49: W China | M49: INVENTEC_CQ | N49: 7.9 | O49: 7.9 | P49: 7.74 | Q49: 7.74 | R49: 8.25 | S49: 8.25 | T49: 8.25 | U49: 8.25 | V49: 8.25 | W49: 8.25 | X49: 8.25 | Y49: 8.25 | Z49: 0.39 | AA49: 0.39 | AB49: 0.31 | AC49: 0 | AD49: 0.41 | AE49: 0.41 | AF49: 0.41 | AG49: 0.41 | AH49: 0.41 | AI49: 0.41 | AJ49: 0.41 | AK49: 0.41 | AL49: 1704 | AM49: =Z49*AL49 -> 664.56 | AN49: 1888 | AO49: =AA49*AN49 -> 736.32 | AP49: 982 | AQ49: =AB49*AP49 -> 304.42 | AR49: 1343 | AS49: =AC49*AR49 -> 0 | AT49: 1396 | AU49: =AD49*AT49 -> 572.36 | AV49: 0 | AW49: =AE49*AV49 -> 0 | AX49: 788 | AY49: =AF49*AX49 -> 323.08 | AZ49: 1032 | BA49: =AG49*AZ49 -> 423.12 | BB49: 1195.583 | BC49: =AH49*BB49 -> 490.18904 | BD49: 926.01388 | BE49: =AI49*BD49 -> 379.66569 | BF49: 1060.8714 | BG49: =AJ49*BF49 -> 434.95727 | BH49: 865.41388 | BI49: =AK49*BH49 -> 354.81969 | BJ49: HPM24F5*J9302/3 | BL49: ODM | BM49: 6037B02882**
A50: FY26 | B50: Benson Chen | C50: Chicony | G50: 2025 | H50: EVIEE/CHIRON | I50: BL KB | J50: 14 | K50: Soft Grey | L50: Thailand | M50: INVENTEC_TH | N50: 7.9 | O50: 7.9 | P50: 7.74 | Q50: 7.74 | R50: 8.25 | S50: 8.25 | T50: 8.25 | U50: 8.25 | V50: 8.25 | W50: 8.25 | X50: 8.25 | Y50: 8.25 | Z50: 0.39 | AA50: 0.39 | AB50: 0.31 | AC50: 0 | AD50: 0.41 | AE50: 0.41 | AF50: 0.41 | AG50: 0.41 | AH50: 0.41 | AI50: 0.41 | AJ50: 0.41 | AK50: 0.41 | AL50: 0 | AM50: =Z50*AL50 -> 0 | AN50: 120 | AO50: =AA50*AN50 -> 46.8 | AP50: 80 | AQ50: =AB50*AP50 -> 24.8 | AR50: 40 | AS50: =AC50*AR50 -> 0 | AT50: 0 | AU50: =AD50*AT50 -> 0 | AV50: 273 | AW50: =AE50*AV50 -> 111.93 | AX50: 298 | AY50: =AF50*AX50 -> 122.18 | AZ50: 282 | BA50: =AG50*AZ50 -> 115.62 | BB50: 0 | BC50: =AH50*BB50 -> 0 | BD50: 0 | BE50: =AI50*BD50 -> 0 | BF50: 0 | BG50: =AJ50*BF50 -> 0 | BH50: 0 | BI50: =AK50*BH50 -> 0 | BJ50: HPM24F5*J9302T | BL50: ODM | BM50: 6037B02882**
A51: FY26 | B51: Benson Chen | C51: Chicony | D51: Commercial | E51: NB | F51: Chromebook | G51: 2024 | H51: HIMALAYAN/HIMALAYAN2 | I51: NBL KB | J51: 11 | K51: HARBOR GRAY | L51: W China | M51: QUANTA_CQ | N51: 3.35 | O51: 3.35 | P51: 3 | Q51: 3 | R51: 3.4 | S51: 3.4 | T51: 3.4 | U51: 3.4 | V51: 3.4 | W51: 3.4 | X51: 3.4 | Y51: 3.4 | Z51: 0.61 | AA51: 0.61 | AB51: 0.26 | AC51: 0 | AD51: 0.25 | AE51: 0.25 | AF51: 0.25 | AG51: 0.25 | AH51: 0.25 | AI51: 0.25 | AJ51: 0.25 | AK51: 0.25 | AL51: 6279 | AM51: =Z51*AL51 -> 3830.19 | AN51: 280 | AO51: =AA51*AN51 -> 170.8 | AP51: 40 | AQ51: =AB51*AP51 -> 10.4 | AR51: 1080 | AS51: =AC51*AR51 -> 0 | AT51: 4630 | AU51: =AD51*AT51 -> 1157.5 | AV51: 1889 | AW51: =AE51*AV51 -> 472.25 | AX51: 2620 | AY51: =AF51*AX51 -> 655 | AZ51: 2276 | BA51: =AG51*AZ51 -> 569 | BB51: 14384.747 | BC51: =AH51*BB51 -> 3596.1868 | BD51: 19928.476 | BE51: =AI51*BD51 -> 4982.119 | BF51: 19928.476 | BG51: =AJ51*BF51 -> 4982.119 | BH51: 3985.6952 | BI51: =AK51*BH51 -> 996.42381 | BJ51: HPM21M3*-9202 | BL51: ODM | BM51: AE1G2**0010
A52: FY26 | B52: Benson Chen | C52: Chicony | G52: 2025 | H52: HIMALAYAN/HIMALAYAN2 | I52: NBL KB | J52: 11 | K52: HARBOR GRAY | L52: Thailand | M52: QUANTA_TH | N52: 3.35 | O52: 3.35 | P52: 3 | Q52: 3 | R52: 3.4 | S52: 3.4 | T52: 3.4 | U52: 3.4 | V52: 3.4 | W52: 3.4 | X52: 3.4 | Y52: 3.4 | Z52: 0.61 | AA52: 0.61 | AB52: 0.26 | AC52: 0 | AD52: 0.25 | AE52: 0.25 | AF52: 0.25 | AG52: 0.25 | AH52: 0.25 | AI52: 0.25 | AJ52: 0.25 | AK52: 0.25 | AL52: 2760 | AM52: =Z52*AL52 -> 1683.6 | AN52: 120 | AO52: =AA52*AN52 -> 73.2 | AP52: 280 | AQ52: =AB52*AP52 -> 72.8 | AR52: 360 | AS52: =AC52*AR52 -> 0 | AT52: 6680 | AU52: =AD52*AT52 -> 1670 | AV52: 11149 | AW52: =AE52*AV52 -> 2787.25 | AX52: 14452 | AY52: =AF52*AX52 -> 3613 | AZ52: 18668 | BA52: =AG52*AZ52 -> 4667 | BB52: 0 | BC52: =AH52*BB52 -> 0 | BD52: 0 | BE52: =AI52*BD52 -> 0 | BF52: 0 | BG52: =AJ52*BF52 -> 0 | BH52: 0 | BI52: =AK52*BH52 -> 0 | BJ52: HPM21M3*-9202T | BL52: ODM | BM52: AE1G2**0010
A53: FY26 | B53: Benson Chen | C53: Chicony | G53: 2024 | H53: HIMALAYAN/HIMALAYAN2 | I53: NBL KB | J53: 11 | K53: JADE GREEN | L53: W China | M53: QUANTA_CQ | N53: 3.35 | O53: 3.35 | P53: 3 | Q53: 3 | R53: 3.4 | S53: 3.4 | T53: 3.4 | U53: 3.4 | V53: 3.4 | W53: 3.4 | X53: 3.4 | Y53: 3.4 | Z53: 0.61 | AA53: 0.61 | AB53: 0.26 | AC53: 0 | AD53: 0.25 | AE53: 0.25 | AF53: 0.25 | AG53: 0.25 | AH53: 0.25 | AI53: 0.25 | AJ53: 0.25 | AK53: 0.25 | AL53: 40 | AM53: =Z53*AL53 -> 24.4 | AN53: 0 | AO53: =AA53*AN53 -> 0 | AP53: 40 | AQ53: =AB53*AP53 -> 10.4 | AR53: 240 | AS53: =AC53*AR53 -> 0 | AT53: 160 | AU53: =AD53*AT53 -> 40 | AV53: 568 | AW53: =AE53*AV53 -> 142 | AX53: 769 | AY53: =AF53*AX53 -> 192.25 | AZ53: 633 | BA53: =AG53*AZ53 -> 158.25 | BB53: 284.05285 | BC53: =AH53*BB53 -> 71.013213 | BD53: 393.52381 | BE53: =AI53*BD53 -> 98.380953 | BF53: 393.52381 | BG53: =AJ53*BF53 -> 98.380953 | BH53: 78.704762 | BI53: =AK53*BH53 -> 19.676191 | BJ53: HPM21M3*-9203 | BL53: ODM | BM53: AE1G2**0030
A54: FY26 | B54: Benson Chen | C54: Chicony | G54: 2026 | H54: HIMALAYAN/HIMALAYAN2 | I54: NBL KB | J54: 11 | K54: Beetroot Mauve | L54: W China | M54: QUANTA_CQ | N54: 3.35 | O54: 3.35 | P54: 3 | Q54: 3 | R54: 3.4 | S54: 3.4 | T54: 3.4 | U54: 3.4 | V54: 3.4 | W54: 3.4 | X54: 3.4 | Y54: 3.4 | Z54: 0.61 | AA54: 0.61 | AB54: 0.26 | AC54: 0 | AD54: 0.25 | AE54: 0.25 | AF54: 0.25 | AG54: 0.25 | AH54: 0.25 | AI54: 0.25 | AJ54: 0.25 | AK54: 0.25 | AL54: 0 | AM54: =Z54*AL54 -> 0 | AN54: 0 | AO54: =AA54*AN54 -> 0 | AP54: 0 | AQ54: =AB54*AP54 -> 0 | AR54: 0 | AS54: =AC54*AR54 -> 0 | AT54: 11397 | AU54: =AD54*AT54 -> 2849.25 | AV54: 0 | AW54: =AE54*AV54 -> 0 | AX54: 0 | AY54: =AF54*AX54 -> 0 | AZ54: 0 | BA54: =AG54*AZ54 -> 0 | BB54: 0 | BC54: =AH54*BB54 -> 0 | BD54: 0 | BE54: =AI54*BD54 -> 0 | BF54: 0 | BG54: =AJ54*BF54 -> 0 | BH54: 0 | BI54: =AK54*BH54 -> 0 | BJ54: HPM21M3*-9204 | BL54: ODM | BM54: AE1G2**0040
A55: FY26 | B55: Benson Chen | C55: Chicony | G55: 2024 | H55: HIMALAYAN/HIMALAYAN2 | I55: NBL KB | J55: 11 | K55: JET BLACK | L55: W China | M55: QUANTA_CQ | N55: 3.35 | O55: 3.35 | P55: 3 | Q55: 3 | R55: 3.4 | S55: 3.4 | T55: 3.4 | U55: 3.4 | V55: 3.4 | W55: 3.4 | X55: 3.4 | Y55: 3.4 | Z55: 0.61 | AA55: 0.61 | AB55: 0.26 | AC55: 0 | AD55: 0.25 | AE55: 0.25 | AF55: 0.25 | AG55: 0.25 | AH55: 0.25 | AI55: 0.25 | AJ55: 0.25 | AK55: 0.25 | AL55: 0 | AM55: =Z55*AL55 -> 0 | AN55: 0 | AO55: =AA55*AN55 -> 0 | AP55: 0 | AQ55: =AB55*AP55 -> 0 | AR55: 0 | AS55: =AC55*AR55 -> 0 | AT55: 0 | AU55: =AD55*AT55 -> 0 | AV55: 0 | AW55: =AE55*AV55 -> 0 | AX55: 0 | AY55: =AF55*AX55 -> 0 | AZ55: 0 | BA55: =AG55*AZ55 -> 0 | BB55: 0 | BC55: =AH55*BB55 -> 0 | BD55: 0 | BE55: =AI55*BD55 -> 0 | BF55: 0 | BG55: =AJ55*BF55 -> 0 | BH55: 0 | BI55: =AK55*BH55 -> 0 | BJ55: HPM21M3*-920 | BL55: ODM | BM55: AE0GT**0110
A56: FY26 | B56: Benson Chen | C56: Chicony | G56: 2025 | H56: TEACAKE/OLIEBOL | I56: NBL KB | J56: 11 | K56: Harbor Grey | L56: E China | M56: COMPAL_KS | N56: 3 | O56: 3 | P56: 3 | Q56: 3 | R56: 3.4 | S56: 3.4 | T56: 3.4 | U56: 3.4 | V56: 3.4 | W56: 3.4 | X56: 3.4 | Y56: 3.4 | Z56: 0.26 | AA56: 0.26 | AB56: 0.26 | AC56: 0 | AD56: 0.25 | AE56: 0.25 | AF56: 0.25 | AG56: 0.25 | AH56: 0.25 | AI56: 0.25 | AJ56: 0.25 | AK56: 0.25 | AL56: 830 | AM56: =Z56*AL56 -> 215.8 | AN56: 3832 | AO56: =AA56*AN56 -> 996.32 | AP56: 40 | AQ56: =AB56*AP56 -> 10.4 | AR56: 4031 | AS56: =AC56*AR56 -> 0 | AT56: 8878 | AU56: =AD56*AT56 -> 2219.5 | AV56: 3068 | AW56: =AE56*AV56 -> 767 | AX56: 4034 | AY56: =AF56*AX56 -> 1008.5 | AZ56: 4094 | BA56: =AG56*AZ56 -> 1023.5 | BB56: 60673.5 | BC56: =AH56*BB56 -> 15168.375 | BD56: 59966.5 | BE56: =AI56*BD56 -> 14991.625 | BF56: 59967 | BG56: =AJ56*BF56 -> 14991.75 | BH56: 29983.5 | BI56: =AK56*BH56 -> 7495.875 | BJ56: HPM21M3*-6982 | BL56: ODM | BM56: PK139F61A**
A57: FY26 | B57: Benson Chen | C57: Chicony | G57: 2025 | H57: TEACAKE/OLIEBOL | I57: NBL KB | J57: 11 | K57: Harbor Grey | L57: E China | M57: COMPAL_KS | N57: 3 | O57: 3 | P57: 3 | Q57: 3 | R57: 3.4 | S57: 3.4 | T57: 3.4 | U57: 3.4 | V57: 3.4 | W57: 3.4 | X57: 3.4 | Y57: 3.4 | Z57: 0.26 | AA57: 0.26 | AB57: 0.26 | AC57: 0 | AD57: 0.25 | AE57: 0.25 | AF57: 0.25 | AG57: 0.25 | AH57: 0.25 | AI57: 0.25 | AJ57: 0.25 | AK57: 0.25 | AL57: 13592 | AM57: =Z57*AL57 -> 3533.92 | AN57: 7265 | AO57: =AA57*AN57 -> 1888.9 | AP57: 29066 | AQ57: =AB57*AP57 -> 7557.16 | AR57: 36825 | AS57: =AC57*AR57 -> 0 | AT57: 40806 | AU57: =AD57*AT57 -> 10201.5 | AV57: 26889 | AW57: =AE57*AV57 -> 6722.25 | AX57: 28061 | AY57: =AF57*AX57 -> 7015.25 | AZ57: 11736 | BA57: =AG57*AZ57 -> 2934 | BB57: 0 | BC57: =AH57*BB57 -> 0 | BD57: 0 | BE57: =AI57*BD57 -> 0 | BF57: 0 | BG57: =AJ57*BF57 -> 0 | BH57: 0 | BI57: =AK57*BH57 -> 0 | BJ57: HPM21M3*-6984 | BL57: ODM | BM57: PK139F61B**
A58: FY26 | B58: Benson Chen | C58: Chicony | G58: 2026 | H58: TEACAKE/OLIEBOL | I58: NBL KB | J58: 11 | K58: Harbor Grey | L58: Viethnam | M58: COMPAL_VN | N58: 3 | O58: 3 | P58: 3 | Q58: 3 | R58: 3.4 | S58: 3.4 | T58: 3.4 | U58: 3.4 | V58: 3.4 | W58: 3.4 | X58: 3.4 | Y58: 3.4 | Z58: 0.26 | AA58: 0.26 | AB58: 0.26 | AC58: 0 | AD58: 0.25 | AE58: 0.25 | AF58: 0.25 | AG58: 0.25 | AH58: 0.25 | AI58: 0.25 | AJ58: 0.25 | AK58: 0.25 | AL58: 0 | AM58: =Z58*AL58 -> 0 | AN58: 0 | AO58: =AA58*AN58 -> 0 | AP58: 0 | AQ58: =AB58*AP58 -> 0 | AR58: 75045 | AS58: =AC58*AR58 -> 0 | AT58: 57509 | AU58: =AD58*AT58 -> 14377.25 | AV58: 58144 | AW58: =AE58*AV58 -> 14536 | AX58: 70000 | AY58: =AF58*AX58 -> 17500 | AZ58: 17580 | BA58: =AG58*AZ58 -> 4395 | BB58: 0 | BC58: =AH58*BB58 -> 0 | BD58: 0 | BE58: =AI58*BD58 -> 0 | BF58: 0 | BG58: =AJ58*BF58 -> 0 | BH58: 0 | BI58: =AK58*BH58 -> 0 | BJ58: HPM21M3*-6982T | BL58: ODM | BM58: PK139F61A**
A59: FY26 | B59: Benson Chen | C59: Chicony | G59: 2026 | H59: TEACAKE/OLIEBOL | I59: NBL KB | J59: 11 | K59: Harbor Grey | L59: Viethnam | M59: COMPAL_VN | N59: 3 | O59: 3 | P59: 3 | Q59: 3 | R59: 3.4 | S59: 3.4 | T59: 3.4 | U59: 3.4 | V59: 3.4 | W59: 3.4 | X59: 3.4 | Y59: 3.4 | Z59: 0.26 | AA59: 0.26 | AB59: 0.26 | AC59: 0 | AD59: 0.25 | AE59: 0.25 | AF59: 0.25 | AG59: 0.25 | AH59: 0.25 | AI59: 0.25 | AJ59: 0.25 | AK59: 0.25 | AL59: 0 | AM59: =Z59*AL59 -> 0 | AN59: 0 | AO59: =AA59*AN59 -> 0 | AP59: 0 | AQ59: =AB59*AP59 -> 0 | AR59: 5000 | AS59: =AC59*AR59 -> 0 | AT59: 3600 | AU59: =AD59*AT59 -> 900 | AV59: 9169 | AW59: =AE59*AV59 -> 2292.25 | AX59: 18666 | AY59: =AF59*AX59 -> 4666.5 | AZ59: 7624 | BA59: =AG59*AZ59 -> 1906 | BB59: 0 | BC59: =AH59*BB59 -> 0 | BD59: 0 | BE59: =AI59*BD59 -> 0 | BF59: 0 | BG59: =AJ59*BF59 -> 0 | BH59: 0 | BI59: =AK59*BH59 -> 0 | BJ59: HPM21M3*-6984T | BL59: ODM | BM59: PK139F61B**
A60: FY26 | B60: Benson Chen | C60: Chicony | G60: 2025 | H60: NAKULA | I60: NBL KB | J60: 11 | K60: Harbor Grey | L60: W China | M60: PEGATRON_CQ | N60: 3 | O60: 3 | P60: 3 | Q60: 3 | R60: 3.4 | S60: 3.4 | T60: 3.4 | U60: 3.4 | V60: 3.4 | W60: 3.4 | X60: 3.4 | Y60: 3.4 | Z60: 0.26 | AA60: 0.26 | AB60: 0.26 | AC60: 0 | AD60: 0.25 | AE60: 0.25 | AF60: 0.25 | AG60: 0.25 | AH60: 0.25 | AI60: 0.25 | AJ60: 0.25 | AK60: 0.25 | AL60: 1760 | AM60: =Z60*AL60 -> 457.6 | AN60: 1200 | AO60: =AA60*AN60 -> 312 | AP60: 120 | AQ60: =AB60*AP60 -> 31.2 | AR60: 0 | AS60: =AC60*AR60 -> 0 | AT60: 6600 | AU60: =AD60*AT60 -> 1650 | AV60: 14 | AW60: =AE60*AV60 -> 3.5 | AX60: 11 | AY60: =AF60*AX60 -> 2.75 | AZ60: 254 | BA60: =AG60*AZ60 -> 63.5 | BB60: 2100 | BC60: =AH60*BB60 -> 525 | BD60: 1440.6 | BE60: =AI60*BD60 -> 360.15 | BF60: 1440 | BG60: =AJ60*BF60 -> 360 | BH60: 720 | BI60: =AK60*BH60 -> 180 | BJ60: HPM21M3*-5282 | BL60: ODM | BM60: 0KN4-1J3****
A61: FY26 | B61: Benson Chen | C61: Chicony | AL61: 0 | AM61: =Z61*AL61 -> 0 | AN61: 0 | AO61: =AA61*AN61 -> 0 | AP61: 0 | AQ61: =AB61*AP61 -> 0 | AS61: =AC61*AR61 -> 0 | AT61: 0 | AU61: =AD61*AT61 -> 0 | AV61: 0 | AW61: =AE61*AV61 -> 0 | AX61: 0 | AY61: =AF61*AX61 -> 0 | AZ61: 0 | BA61: =AG61*AZ61 -> 0 | BB61: 0 | BC61: =AH61*BB61 -> 0 | BD61: 0 | BE61: =AI61*BD61 -> 0 | BF61: 0 | BG61: =AJ61*BF61 -> 0 | BH61: 0 | BI61: =AK61*BH61 -> 0
A62: FY26 | B62: Jenny Cheng | C62: Chicony | D62: Commercial | E62: DT | F62: DT | G62: 2011 | H62: APOLLO USB KBD | I62: NBL KB | J62: NA/ | K62: Jack Black | L62: W China | M62: Flextronics_CZ | N62: 5.63 | O62: 5.63 | P62: 5.63 | Q62: 5.63 | R62: 5.63 | S62: 5.63 | T62: 5.63 | U62: 5.63 | V62: 5.63 | W62: 5.63 | X62: 5.63 | Y62: 5.63 | Z62: 0.21 | AA62: 0.21 | AB62: 0.21 | AC62: 0.21 | AD62: 0.21 | AE62: 0.21 | AF62: 0.21 | AG62: 0.21 | AH62: 0.21 | AI62: 0.21 | AJ62: 0.21 | AK62: 0.21 | AL62: 0 | AM62: =Z62*AL62 -> 0 | AN62: 0 | AO62: =AA62*AN62 -> 0 | AP62: 0 | AQ62: =AB62*AP62 -> 0 | AR62: 0 | AS62: =AC62*AR62 -> 0 | AT62: 0 | AU62: =AD62*AT62 -> 0 | AV62: 0 | AW62: =AE62*AV62 -> 0 | AX62: 0 | AY62: =AF62*AX62 -> 0 | AZ62: 0 | BA62: =AG62*AZ62 -> 0 | BB62: 0 | BC62: =AH62*BB62 -> 0 | BD62: 0 | BE62: =AI62*BD62 -> 0 | BF62: 0 | BG62: =AJ62*BF62 -> 0 | BH62: 0 | BI62: =AK62*BH62 -> 0 | BJ62: KU-1156 | BL62: NA/EMEA/APJ | BM62: 672647-xx3
A63: FY26 | B63: Jenny Cheng | C63: Chicony | G63: 2014 | H63: SKYLAB PS2 KBD | I63: NBL KB | J63: NA/ | K63: Jack Black | L63: W China | M63: Foxconn_CZ | N63: 5.86 | O63: 5.86 | P63: 5.86 | Q63: 5.86 | R63: 7.25 | S63: 7.25 | T63: 7.25 | U63: 7.25 | V63: 7.25 | W63: 7.25 | X63: 7.25 | Y63: 7.25 | Z63: 0.06 | AA63: 0.06 | AB63: 0.06 | AC63: 0.06 | AD63: 0.06 | AE63: 0.06 | AF63: 0.06 | AG63: 0.06 | AH63: 0.06 | AI63: 0.06 | AJ63: 0.06 | AK63: 0.06 | AL63: 0 | AM63: =Z63*AL63 -> 0 | AN63: 0 | AO63: =AA63*AN63 -> 0 | AP63: 0 | AQ63: =AB63*AP63 -> 0 | AR63: 0 | AS63: =AC63*AR63 -> 0 | AT63: 0 | AU63: =AD63*AT63 -> 0 | AV63: 0 | AW63: =AE63*AV63 -> 0 | AX63: 0 | AY63: =AF63*AX63 -> 0 | AZ63: 0 | BA63: =AG63*AZ63 -> 0 | BB63: 0 | BC63: =AH63*BB63 -> 0 | BD63: 0 | BE63: =AI63*BD63 -> 0 | BF63: 0 | BG63: =AJ63*BF63 -> 0 | BH63: 0 | BI63: =AK63*BH63 -> 0 | BJ63: KB-1469 | BL63: NA/EMEA/APJ | BM63: 803180-xx1
A64: FY26 | B64: Jenny Cheng | C64: Chicony | G64: 2014 | H64: SKYLAB PS2 KBD | I64: NBL KB | J64: NA/ | K64: Jack Black | L64: W China | M64: Foxconn_WH | N64: 5.86 | O64: 5.86 | P64: 5.86 | Q64: 5.86 | R64: 6.24 | S64: 6.24 | T64: 6.24 | U64: 6.24 | V64: 6.24 | W64: 6.24 | X64: 6.24 | Y64: 6.24 | Z64: 0.06 | AA64: 0.06 | AB64: 0.06 | AC64: 0.06 | AD64: 0.06 | AE64: 0.06 | AF64: 0.06 | AG64: 0.06 | AH64: 0.06 | AI64: 0.06 | AJ64: 0.06 | AK64: 0.06 | AL64: 204 | AM64: =Z64*AL64 -> 12.24 | AN64: 204 | AO64: =AA64*AN64 -> 12.24 | AP64: 0 | AQ64: =AB64*AP64 -> 0 | AR64: 0 | AS64: =AC64*AR64 -> 0 | AT64: 0 | AU64: =AD64*AT64 -> 0 | AV64: 200 | AW64: =AE64*AV64 -> 12 | AX64: 200 | AY64: =AF64*AX64 -> 12 | AZ64: 200 | BA64: =AG64*AZ64 -> 12 | BB64: 200 | BC64: =AH64*BB64 -> 12 | BD64: 200 | BE64: =AI64*BD64 -> 12 | BF64: 200 | BG64: =AJ64*BF64 -> 12 | BH64: 200 | BI64: =AK64*BH64 -> 12 | BJ64: KB-1469 | BL64: ODM | BM64: 803180-xx1
A65: FY26 | B65: Jenny Cheng | C65: Chicony | G65: 2014 | H65: SKYLAB PS2 KBD | I65: NBL KB | J65: NA/ | K65: Jack Black | L65: W China | M65: HP_CQ | N65: 5.86 | O65: 5.86 | P65: 5.86 | Q65: 5.86 | R65: 6.39 | S65: 6.39 | T65: 6.39 | U65: 6.39 | V65: 6.39 | W65: 6.39 | X65: 6.39 | Y65: 6.39 | Z65: 0.03 | AA65: 0.03 | AB65: 0.03 | AC65: 0.03 | AD65: 0.03 | AE65: 0.03 | AF65: 0.03 | AG65: 0.03 | AH65: 0.03 | AI65: 0.03 | AJ65: 0.03 | AK65: 0.03 | AL65: 636 | AM65: =Z65*AL65 -> 19.08 | AN65: 24 | AO65: =AA65*AN65 -> 0.72 | AP65: 0 | AQ65: =AB65*AP65 -> 0 | AR65: 0 | AS65: =AC65*AR65 -> 0 | AT65: 756 | AU65: =AD65*AT65 -> 22.68 | AV65: 288 | AW65: =AE65*AV65 -> 8.64 | AX65: 288 | AY65: =AF65*AX65 -> 8.64 | AZ65: 288 | BA65: =AG65*AZ65 -> 8.64 | BB65: 288 | BC65: =AH65*BB65 -> 8.64 | BD65: 288 | BE65: =AI65*BD65 -> 8.64 | BF65: 288 | BG65: =AJ65*BF65 -> 8.64 | BH65: 288 | BI65: =AK65*BH65 -> 8.64 | BJ65: KB-1469 | BL65: NA/EMEA/APJ | BM65: 803180-xx1
A66: FY26 | B66: Jenny Cheng | C66: Chicony | G66: 2014 | H66: SKYLAB SMARTCARD KBD | I66: NBL KB | J66: NA/ | K66: Jack Black | L66: S China | M66: Foxconn_LH | N66: 13.43 | O66: 13.43 | P66: 13.43 | Q66: 13.43 | R66: 13.73 | S66: 13.73 | T66: 13.73 | U66: 13.73 | V66: 13.73 | W66: 13.73 | X66: 13.73 | Y66: 13.73 | Z66: 1.12 | AA66: 1.12 | AB66: 1.12 | AC66: 1.12 | AD66: =1.12-0.36 -> 0.76 | AE66: =1.12-0.36 -> 0.76 | AF66: =1.12-0.36 -> 0.76 | AG66: =1.12-0.36 -> 0.76 | AH66: =1.12-0.36 -> 0.76 | AI66: =1.12-0.36 -> 0.76 | AJ66: =1.12-0.36 -> 0.76 | AK66: =1.12-0.36 -> 0.76 | AL66: 0 | AM66: =Z66*AL66 -> 0 | AN66: 0 | AO66: =AA66*AN66 -> 0 | AP66: 0 | AQ66: =AB66*AP66 -> 0 | AR66: 0 | AS66: =AC66*AR66 -> 0 | AT66: 0 | AU66: =AD66*AT66 -> 0 | AV66: 240 | AW66: =AE66*AV66 -> 182.4 | AX66: 240 | AY66: =AF66*AX66 -> 182.4 | AZ66: 240 | BA66: =AG66*AZ66 -> 182.4 | BB66: 240 | BC66: =AH66*BB66 -> 182.4 | BD66: 240 | BE66: =AI66*BD66 -> 182.4 | BF66: 240 | BG66: =AJ66*BF66 -> 182.4 | BH66: 240 | BI66: =AK66*BH66 -> 182.4 | BJ66: KUS1469*W | BL66: NA/EMEA/APJ | BM66: 911502-xx1
A67: FY26 | B67: Jenny Cheng | C67: Chicony | G67: 2014 | H67: SKYLAB SMARTCARD KBD | I67: NBL KB | J67: NA/ | K67: Jack Black | L67: S China | M67: HP_CQ | N67: 13.43 | O67: 13.43 | P67: 13.43 | Q67: 13.43 | R67: 13.96 | S67: 13.96 | T67: 13.96 | U67: 13.96 | V67: 13.96 | W67: 13.96 | X67: 13.96 | Y67: 13.96 | Z67: 1.12 | AA67: 1.12 | AB67: 1.12 | AC67: 1.12 | AD67: =1.12-0.36 -> 0.76 | AE67: =1.12-0.36 -> 0.76 | AF67: =1.12-0.36 -> 0.76 | AG67: =1.12-0.36 -> 0.76 | AH67: =1.12-0.36 -> 0.76 | AI67: =1.12-0.36 -> 0.76 | AJ67: =1.12-0.36 -> 0.76 | AK67: =1.12-0.36 -> 0.76 | AL67: 0 | AM67: =Z67*AL67 -> 0 | AN67: 10 | AO67: =AA67*AN67 -> 11.2 | AP67: 0 | AQ67: =AB67*AP67 -> 0 | AR67: 0 | AS67: =AC67*AR67 -> 0 | AT67: 140 | AU67: =AD67*AT67 -> 106.4 | AV67: 0 | AW67: =AE67*AV67 -> 0 | AX67: 0 | AY67: =AF67*AX67 -> 0 | AZ67: 0 | BA67: =AG67*AZ67 -> 0 | BB67: 0 | BC67: =AH67*BB67 -> 0 | BD67: 0 | BE67: =AI67*BD67 -> 0 | BF67: 0 | BG67: =AJ67*BF67 -> 0 | BH67: 0 | BI67: =AK67*BH67 -> 0 | BJ67: KUS1469*W | BL67: NA/EMEA/APJ | BM67: 911502-xx1
A68: FY26 | B68: Jenny Cheng | C68: Chicony | G68: 2014 | H68: SKYLAB SMARTCARD KBD | I68: NBL KB | J68: NA/ | K68: Jack Black | L68: S China | M68: HP_India, by sea | N68: 13.43 | O68: 13.43 | P68: 13.43 | Q68: 13.43 | R68: 14.01 | S68: 14.01 | T68: 14.01 | U68: 14.01 | V68: 14.01 | W68: 14.01 | X68: 14.01 | Y68: 14.01 | Z68: 1.12 | AA68: 1.12 | AB68: 1.12 | AC68: 1.12 | AD68: =1.12-0.36 -> 0.76 | AE68: =1.12-0.36 -> 0.76 | AF68: =1.12-0.36 -> 0.76 | AG68: =1.12-0.36 -> 0.76 | AH68: =1.12-0.36 -> 0.76 | AI68: =1.12-0.36 -> 0.76 | AJ68: =1.12-0.36 -> 0.76 | AK68: =1.12-0.36 -> 0.76 | AL68: 0 | AM68: =Z68*AL68 -> 0 | AN68: 0 | AO68: =AA68*AN68 -> 0 | AP68: 0 | AQ68: =AB68*AP68 -> 0 | AR68: 0 | AS68: =AC68*AR68 -> 0 | AT68: 0 | AU68: =AD68*AT68 -> 0 | AV68: 0 | AW68: =AE68*AV68 -> 0 | AX68: 200 | AY68: =AF68*AX68 -> 152 | AZ68: 200 | BA68: =AG68*AZ68 -> 152 | BB68: 0 | BC68: =AH68*BB68 -> 0 | BD68: 200 | BE68: =AI68*BD68 -> 152 | BF68: 200 | BG68: =AJ68*BF68 -> 152 | BH68: 200 | BI68: =AK68*BH68 -> 152 | BJ68: KUS1469*W | BL68: NA/EMEA/APJ | BM68: 911502-xx1
A69: FY26 | B69: Jenny Cheng | C69: Chicony | G69: 2014 | H69: SKYLAB SMARTCARD KBD | I69: NBL KB | J69: NA/ | K69: Jack Black | L69: S China | M69: Foxconn_CZ | N69: 13.43 | O69: 13.43 | P69: 13.43 | Q69: 13.43 | R69: 14.82 | S69: 14.82 | T69: 14.82 | U69: 14.82 | V69: 14.82 | W69: 14.82 | X69: 14.82 | Y69: 14.82 | Z69: 1.12 | AA69: 1.12 | AB69: 1.12 | AC69: 1.12 | AD69: =1.12-0.36 -> 0.76 | AE69: =1.12-0.36 -> 0.76 | AF69: =1.12-0.36 -> 0.76 | AG69: =1.12-0.36 -> 0.76 | AH69: =1.12-0.36 -> 0.76 | AI69: =1.12-0.36 -> 0.76 | AJ69: =1.12-0.36 -> 0.76 | AK69: =1.12-0.36 -> 0.76 | AL69: 4050 | AM69: =Z69*AL69 -> 4536 | AN69: 5020 | AO69: =AA69*AN69 -> 5622.4 | AP69: 2470 | AQ69: =AB69*AP69 -> 2766.4 | AR69: 1200 | AS69: =AC69*AR69 -> 1344 | AT69: 2580 | AU69: =AD69*AT69 -> 1960.8 | AV69: 2000 | AW69: =AE69*AV69 -> 1520 | AX69: 2000 | AY69: =AF69*AX69 -> 1520 | AZ69: 2000 | BA69: =AG69*AZ69 -> 1520 | BB69: 2000 | BC69: =AH69*BB69 -> 1520 | BD69: 1000 | BE69: =AI69*BD69 -> 760 | BF69: 2000 | BG69: =AJ69*BF69 -> 1520 | BH69: 2000 | BI69: =AK69*BH69 -> 1520 | BJ69: KUS1469*W | BL69: NA/EMEA/APJ | BM69: 911502-xx1
A70: FY26 | B70: Jenny Cheng | C70: Chicony | G70: 2014 | H70: SKYLAB SMARTCARD KBD | I70: NBL KB | J70: NA/ | K70: Jack Black | L70: S China | M70: Foxconn_Juarez | N70: 13.43 | O70: 13.43 | P70: 13.43 | Q70: 13.43 | R70: 13.77 | S70: 13.77 | T70: 13.77 | U70: 13.77 | V70: 13.77 | W70: 13.77 | X70: 13.77 | Y70: 13.77 | Z70: 1.12 | AA70: 1.12 | AB70: 1.12 | AC70: 1.12 | AD70: =1.12-0.36 -> 0.76 | AE70: =1.12-0.36 -> 0.76 | AF70: =1.12-0.36 -> 0.76 | AG70: =1.12-0.36 -> 0.76 | AH70: =1.12-0.36 -> 0.76 | AI70: =1.12-0.36 -> 0.76 | AJ70: =1.12-0.36 -> 0.76 | AK70: =1.12-0.36 -> 0.76 | AL70: 10800 | AM70: =Z70*AL70 -> 12096 | AN70: 8500 | AO70: =AA70*AN70 -> 9520 | AP70: 3140 | AQ70: =AB70*AP70 -> 3516.8 | AR70: 1200 | AS70: =AC70*AR70 -> 1344 | AT70: 720 | AU70: =AD70*AT70 -> 547.2 | AV70: 1000 | AW70: =AE70*AV70 -> 760 | AX70: 1000 | AY70: =AF70*AX70 -> 760 | AZ70: 1000 | BA70: =AG70*AZ70 -> 760 | BB70: 1000 | BC70: =AH70*BB70 -> 760 | BD70: 1000 | BE70: =AI70*BD70 -> 760 | BF70: 1000 | BG70: =AJ70*BF70 -> 760 | BH70: 1000 | BI70: =AK70*BH70 -> 760 | BJ70: KUS1469*W | BL70: NA/EMEA/APJ | BM70: 911502-xx1
A71: FY26 | B71: Jenny Cheng | C71: Chicony | G71: 2014 | H71: SKYLAB SMARTCARD KBD | I71: NBL KB | J71: NA/ | K71: Jack Black | L71: S China | M71: Foxconn_Indy | N71: 13.43 | O71: 13.43 | P71: 13.43 | Q71: 13.43 | R71: 13.77 | S71: 13.77 | T71: 13.77 | U71: 13.77 | V71: 13.77 | W71: 13.77 | X71: 13.77 | Y71: 13.77 | Z71: 1.12 | AA71: 1.12 | AB71: 1.12 | AC71: 1.12 | AD71: =1.12-0.36 -> 0.76 | AE71: =1.12-0.36 -> 0.76 | AF71: =1.12-0.36 -> 0.76 | AG71: =1.12-0.36 -> 0.76 | AH71: =1.12-0.36 -> 0.76 | AI71: =1.12-0.36 -> 0.76 | AJ71: =1.12-0.36 -> 0.76 | AK71: =1.12-0.36 -> 0.76 | AL71: 0 | AM71: =Z71*AL71 -> 0 | AN71: 0 | AO71: =AA71*AN71 -> 0 | AP71: 0 | AQ71: =AB71*AP71 -> 0 | AR71: 0 | AS71: =AC71*AR71 -> 0 | AT71: 0 | AU71: =AD71*AT71 -> 0 | AV71: 0 | AW71: =AE71*AV71 -> 0 | AX71: 0 | AY71: =AF71*AX71 -> 0 | AZ71: 0 | BA71: =AG71*AZ71 -> 0 | BB71: 0 | BC71: =AH71*BB71 -> 0 | BD71: 0 | BE71: =AI71*BD71 -> 0 | BF71: 0 | BG71: =AJ71*BF71 -> 0 | BH71: 0 | BI71: =AK71*BH71 -> 0 | BJ71: KUS1469*W | BL71: NA/EMEA/APJ | BM71: 911502-xx1
A72: FY26 | B72: Jenny Cheng | C72: Chicony | G72: 2014 | H72: SKYLAB SMARTCARD KBD | I72: NBL KB | J72: NA/ | K72: Jack Black | L72: S China | M72: Foxconn_WH | N72: 13.43 | O72: 13.43 | P72: 13.43 | Q72: 13.43 | R72: 13.81 | S72: 13.81 | T72: 13.81 | U72: 13.81 | V72: 13.81 | W72: 13.81 | X72: 13.81 | Y72: 13.81 | Z72: 1.12 | AA72: 1.12 | AB72: 1.12 | AC72: 1.12 | AD72: =1.12-0.36 -> 0.76 | AE72: =1.12-0.36 -> 0.76 | AF72: =1.12-0.36 -> 0.76 | AG72: =1.12-0.36 -> 0.76 | AH72: =1.12-0.36 -> 0.76 | AI72: =1.12-0.36 -> 0.76 | AJ72: =1.12-0.36 -> 0.76 | AK72: =1.12-0.36 -> 0.76 | AL72: 150 | AM72: =Z72*AL72 -> 168 | AN72: 510 | AO72: =AA72*AN72 -> 571.2 | AP72: 10 | AQ72: =AB72*AP72 -> 11.2 | AR72: 0 | AS72: =AC72*AR72 -> 0 | AT72: 40 | AU72: =AD72*AT72 -> 30.4 | AV72: 300 | AW72: =AE72*AV72 -> 228 | AX72: 300 | AY72: =AF72*AX72 -> 228 | AZ72: 300 | BA72: =AG72*AZ72 -> 228 | BB72: 300 | BC72: =AH72*BB72 -> 228 | BD72: 300 | BE72: =AI72*BD72 -> 228 | BF72: 300 | BG72: =AJ72*BF72 -> 228 | BH72: 300 | BI72: =AK72*BH72 -> 228 | BJ72: KUS1469*W | BL72: ODM | BM72: 911502-xx1
A73: FY26 | B73: Jenny Cheng | C73: Chicony | G73: 2014 | H73: SKYLAB SMARTCARD KBD | I73: NBL KB | J73: NA/ | K73: Jack Black | L73: S China | M73: Inventec_CQ | N73: 13.43 | O73: 13.43 | P73: 13.43 | Q73: 13.43 | R73: 14.08 | S73: 14.08 | T73: 14.08 | U73: 14.08 | V73: 14.08 | W73: 14.08 | X73: 14.08 | Y73: 14.08 | Z73: 1.12 | AA73: 1.12 | AB73: 1.12 | AC73: 1.12 | AD73: =1.12-0.36 -> 0.76 | AE73: =1.12-0.36 -> 0.76 | AF73: =1.12-0.36 -> 0.76 | AG73: =1.12-0.36 -> 0.76 | AH73: =1.12-0.36 -> 0.76 | AI73: =1.12-0.36 -> 0.76 | AJ73: =1.12-0.36 -> 0.76 | AK73: =1.12-0.36 -> 0.76 | AL73: 720 | AM73: =Z73*AL73 -> 806.4 | AN73: 380 | AO73: =AA73*AN73 -> 425.6 | AP73: 460 | AQ73: =AB73*AP73 -> 515.2 | AR73: 900 | AS73: =AC73*AR73 -> 1008 | AT73: 230 | AU73: =AD73*AT73 -> 174.8 | AV73: 1000 | AW73: =AE73*AV73 -> 760 | AX73: 1000 | AY73: =AF73*AX73 -> 760 | AZ73: 1000 | BA73: =AG73*AZ73 -> 760 | BB73: 1000 | BC73: =AH73*BB73 -> 760 | BD73: 1000 | BE73: =AI73*BD73 -> 760 | BF73: 1000 | BG73: =AJ73*BF73 -> 760 | BH73: 1000 | BI73: =AK73*BH73 -> 760 | BJ73: KUS1469*W | BL73: ODM | BM73: 911502-xx1
A74: FY26 | B74: Jenny Cheng | C74: Chicony | G74: 2014 | H74: SKYLAB SMARTCARD KBD | I74: NBL KB | J74: NA/ | K74: Jack Black | L74: S China | M74: Quanta_CQ | N74: 13.43 | O74: 13.43 | P74: 13.43 | Q74: 13.43 | R74: 14.08 | S74: 14.08 | T74: 14.08 | U74: 14.08 | V74: 14.08 | W74: 14.08 | X74: 14.08 | Y74: 14.08 | Z74: 1.12 | AA74: 1.12 | AB74: 1.12 | AC74: 1.12 | AD74: =1.12-0.36 -> 0.76 | AE74: =1.12-0.36 -> 0.76 | AF74: =1.12-0.36 -> 0.76 | AG74: =1.12-0.36 -> 0.76 | AH74: =1.12-0.36 -> 0.76 | AI74: =1.12-0.36 -> 0.76 | AJ74: =1.12-0.36 -> 0.76 | AK74: =1.12-0.36 -> 0.76 | AL74: 210 | AM74: =Z74*AL74 -> 235.2 | AN74: 420 | AO74: =AA74*AN74 -> 470.4 | AP74: 10 | AQ74: =AB74*AP74 -> 11.2 | AR74: 20 | AS74: =AC74*AR74 -> 22.4 | AT74: 20 | AU74: =AD74*AT74 -> 15.2 | AV74: 1000 | AW74: =AE74*AV74 -> 760 | AX74: 1000 | AY74: =AF74*AX74 -> 760 | AZ74: 1000 | BA74: =AG74*AZ74 -> 760 | BB74: 1000 | BC74: =AH74*BB74 -> 760 | BD74: 1000 | BE74: =AI74*BD74 -> 760 | BF74: 1000 | BG74: =AJ74*BF74 -> 760 | BH74: 1000 | BI74: =AK74*BH74 -> 760 | BJ74: KUS1469*W | BL74: ODM | BM74: 911502-xx1
A75: FY26 | B75: Jenny Cheng | C75: Chicony | G75: 2014 | H75: SKYLAB SMARTCARD KBD | I75: NBL KB | J75: NA/ | K75: Jack Black | L75: S China | M75: Wistron_CQ | N75: 13.43 | O75: 13.43 | P75: 13.43 | Q75: 13.43 | R75: 14.08 | S75: 14.08 | T75: 14.08 | U75: 14.08 | V75: 14.08 | W75: 14.08 | X75: 14.08 | Y75: 14.08 | Z75: 1.12 | AA75: 1.12 | AB75: 1.12 | AC75: 1.12 | AD75: =1.12-0.36 -> 0.76 | AE75: =1.12-0.36 -> 0.76 | AF75: =1.12-0.36 -> 0.76 | AG75: =1.12-0.36 -> 0.76 | AH75: =1.12-0.36 -> 0.76 | AI75: =1.12-0.36 -> 0.76 | AJ75: =1.12-0.36 -> 0.76 | AK75: =1.12-0.36 -> 0.76 | AL75: 0 | AM75: =Z75*AL75 -> 0 | AN75: 0 | AO75: =AA75*AN75 -> 0 | AP75: 0 | AQ75: =AB75*AP75 -> 0 | AR75: 0 | AS75: =AC75*AR75 -> 0 | AT75: 0 | AU75: =AD75*AT75 -> 0 | AV75: 1000 | AW75: =AE75*AV75 -> 760 | AX75: 1000 | AY75: =AF75*AX75 -> 760 | AZ75: 1000 | BA75: =AG75*AZ75 -> 760 | BB75: 1000 | BC75: =AH75*BB75 -> 760 | BD75: 1000 | BE75: =AI75*BD75 -> 760 | BF75: 1000 | BG75: =AJ75*BF75 -> 760 | BH75: 1000 | BI75: =AK75*BH75 -> 760 | BJ75: KUS1469*W | BL75: ODM | BM75: 911502-xx1
A76: FY26 | B76: Jenny Cheng | C76: Chicony | G76: 2014 | H76: SKYLAB SMARTCARD KBD | I76: NBL KB | J76: NA/ | K76: Jack Black | L76: Thailand | M76: Quanta_TH | N76: 13.43 | O76: 13.43 | P76: 13.43 | Q76: 13.43 | R76: 14.08 | S76: 14.08 | T76: 14.08 | U76: 14.08 | V76: 14.08 | W76: 14.08 | X76: 14.08 | Y76: 14.08 | Z76: 1.12 | AA76: 1.12 | AB76: 1.12 | AC76: 1.12 | AD76: =1.12-0.36 -> 0.76 | AE76: =1.12-0.36 -> 0.76 | AF76: =1.12-0.36 -> 0.76 | AG76: =1.12-0.36 -> 0.76 | AH76: =1.12-0.36 -> 0.76 | AI76: =1.12-0.36 -> 0.76 | AJ76: =1.12-0.36 -> 0.76 | AK76: =1.12-0.36 -> 0.76 | AL76: 1120 | AM76: =Z76*AL76 -> 1254.4 | AN76: 120 | AO76: =AA76*AN76 -> 134.4 | AP76: 1110 | AQ76: =AB76*AP76 -> 1243.2 | AR76: 400 | AS76: =AC76*AR76 -> 448 | AT76: 2420 | AU76: =AD76*AT76 -> 1839.2 | AV76: 5000 | AW76: =AE76*AV76 -> 3800 | AX76: 5000 | AY76: =AF76*AX76 -> 3800 | AZ76: 5000 | BA76: =AG76*AZ76 -> 3800 | BB76: 5000 | BC76: =AH76*BB76 -> 3800 | BD76: 5000 | BE76: =AI76*BD76 -> 3800 | BF76: 5000 | BG76: =AJ76*BF76 -> 3800 | BH76: 5000 | BI76: =AK76*BH76 -> 3800 | BJ76: KUS1469*W | BL76: ODM | BM76: 911502-xx1
A77: FY26 | B77: Jenny Cheng | C77: Chicony | G77: 2014 | H77: SKYLAB SMARTCARD KBD | I77: NBL KB | J77: NA/ | K77: Jack Black | L77: S China | M77: Flextronics_BR | N77: 14.9 | O77: 14.9 | P77: 14.9 | Q77: 14.9 | R77: 14.9 | S77: 14.9 | T77: 14.9 | U77: 14.9 | V77: 14.9 | W77: 14.9 | X77: 14.9 | Y77: 14.9 | Z77: 1.58 | AA77: 1.58 | AB77: 1.58 | AC77: 1.58 | AD77: =1.58-0.36 -> 1.22 | AE77: =1.58-0.36 -> 1.22 | AF77: =1.58-0.36 -> 1.22 | AG77: =1.58-0.36 -> 1.22 | AH77: =1.58-0.36 -> 1.22 | AI77: =1.58-0.36 -> 1.22 | AJ77: =1.58-0.36 -> 1.22 | AK77: =1.58-0.36 -> 1.22 | AL77: 0 | AM77: =Z77*AL77 -> 0 | AN77: 0 | AO77: =AA77*AN77 -> 0 | AP77: 0 | AQ77: =AB77*AP77 -> 0 | AR77: 0 | AS77: =AC77*AR77 -> 0 | AT77: 0 | AU77: =AD77*AT77 -> 0 | AV77: 0 | AW77: =AE77*AV77 -> 0 | AX77: 0 | AY77: =AF77*AX77 -> 0 | AZ77: 0 | BA77: =AG77*AZ77 -> 0 | BB77: 0 | BC77: =AH77*BB77 -> 0 | BD77: 0 | BE77: =AI77*BD77 -> 0 | BF77: 0 | BG77: =AJ77*BF77 -> 0 | BH77: 0 | BI77: =AK77*BH77 -> 0 | BJ77: KUS14698PA9F07W | BK77: 107key for Brazilian sku (911502-202) | BL77: NA/EMEA/APJ | BM77: 911502-202
A78: FY26 | B78: Jenny Cheng | C78: Chicony | G78: 2014 | H78: SKYLAB USB KB | I78: NBL KB | J78: NA/ | K78: Jack Black | L78: W China | M78: Flextronics_CZ | N78: 5.55 | O78: 5.55 | P78: 5.55 | Q78: 5.55 | R78: 5.55 | S78: 5.55 | T78: 5.55 | U78: 5.55 | V78: 5.55 | W78: 5.55 | X78: 5.55 | Y78: 5.55 | Z78: 0.36 | AA78: 0.36 | AB78: 0.36 | AC78: 0.36 | AD78: 0.36 | AE78: 0.36 | AF78: 0.36 | AG78: 0.36 | AH78: 0.36 | AI78: 0.36 | AJ78: 0.36 | AK78: 0.36 | AL78: 0 | AM78: =Z78*AL78 -> 0 | AN78: 0 | AO78: =AA78*AN78 -> 0 | AP78: 0 | AQ78: =AB78*AP78 -> 0 | AR78: 0 | AS78: =AC78*AR78 -> 0 | AT78: 0 | AU78: =AD78*AT78 -> 0 | AV78: 0 | AW78: =AE78*AV78 -> 0 | AX78: 0 | AY78: =AF78*AX78 -> 0 | AZ78: 0 | BA78: =AG78*AZ78 -> 0 | BB78: 0 | BC78: =AH78*BB78 -> 0 | BD78: 0 | BE78: =AI78*BD78 -> 0 | BF78: 0 | BG78: =AJ78*BF78 -> 0 | BH78: 0 | BI78: =AK78*BH78 -> 0 | BJ78: KU-1469 | BL78: NA/EMEA/APJ | BM78: 803181-xx1
A79: FY26 | B79: Jenny Cheng | C79: Chicony | G79: 2014 | H79: SKYLAB USB KB | I79: NBL KB | J79: NA/ | K79: Jack Black | L79: W China | M79: Foxconn_CZ | N79: 5.55 | O79: 5.55 | P79: 5.55 | Q79: 5.55 | R79: 6.94 | S79: 6.94 | T79: 6.94 | U79: 6.94 | V79: 6.94 | W79: 6.94 | X79: 6.94 | Y79: 6.94 | Z79: 0.36 | AA79: 0.36 | AB79: 0.36 | AC79: 0.36 | AD79: 0.36 | AE79: 0.36 | AF79: 0.36 | AG79: 0.36 | AH79: 0.36 | AI79: 0.36 | AJ79: 0.36 | AK79: 0.36 | AL79: 0 | AM79: =Z79*AL79 -> 0 | AN79: 0 | AO79: =AA79*AN79 -> 0 | AP79: 0 | AQ79: =AB79*AP79 -> 0 | AR79: 0 | AS79: =AC79*AR79 -> 0 | AT79: 0 | AU79: =AD79*AT79 -> 0 | AV79: 0 | AW79: =AE79*AV79 -> 0 | AX79: 0 | AY79: =AF79*AX79 -> 0 | AZ79: 0 | BA79: =AG79*AZ79 -> 0 | BB79: 0 | BC79: =AH79*BB79 -> 0 | BD79: 0 | BE79: =AI79*BD79 -> 0 | BF79: 0 | BG79: =AJ79*BF79 -> 0 | BH79: 0 | BI79: =AK79*BH79 -> 0 | BJ79: KU-1469 | BL79: NA/EMEA/APJ | BM79: 803181-xx1
A80: FY26 | B80: Jenny Cheng | C80: Chicony | G80: 2014 | H80: SKYLAB USB KB | I80: NBL KB | J80: NA/ | K80: Jack Black | L80: W China | M80: Foxconn_Juarez | N80: 5.55 | O80: 5.55 | P80: 5.55 | Q80: 5.55 | R80: 5.89 | S80: 5.89 | T80: 5.89 | U80: 5.89 | V80: 5.89 | W80: 5.89 | X80: 5.89 | Y80: 5.89 | Z80: 0.36 | AA80: 0.36 | AB80: 0.36 | AC80: 0.36 | AD80: 0.36 | AE80: 0.36 | AF80: 0.36 | AG80: 0.36 | AH80: 0.36 | AI80: 0.36 | AJ80: 0.36 | AK80: 0.36 | AL80: 288 | AM80: =Z80*AL80 -> 103.68 | AN80: 3288 | AO80: =AA80*AN80 -> 1183.68 | AP80: 1896 | AQ80: =AB80*AP80 -> 682.56 | AR80: 0 | AS80: =AC80*AR80 -> 0 | AT80: 2304 | AU80: =AD80*AT80 -> 829.44 | AV80: 0 | AW80: =AE80*AV80 -> 0 | AX80: 0 | AY80: =AF80*AX80 -> 0 | AZ80: 0 | BA80: =AG80*AZ80 -> 0 | BB80: 0 | BC80: =AH80*BB80 -> 0 | BD80: 0 | BE80: =AI80*BD80 -> 0 | BF80: 0 | BG80: =AJ80*BF80 -> 0 | BH80: 0 | BI80: =AK80*BH80 -> 0 | BJ80: KU-1469 | BL80: NA/EMEA/APJ | BM80: 803181-xx1
A81: FY26 | B81: Jenny Cheng | C81: Chicony | G81: 2019 | H81: HALLEY USB KB | I81: NBL KB | J81: NA/ | K81: Jack Black | L81: W China | M81: HP_CQ | N81: 4.58 | O81: 4.58 | P81: 4.58 | Q81: 4.58 | R81: 5.61 | S81: 5.61 | T81: 5.61 | U81: 5.61 | V81: 5.61 | W81: 5.61 | X81: 5.61 | Y81: 5.61 | Z81: 0.15 | AA81: 0.15 | AB81: 0.15 | AC81: 0.15 | AD81: 0.65 | AE81: 0.38 | AF81: 0.38 | AG81: 0.38 | AH81: 0.38 | AI81: 0.38 | AJ81: 0.38 | AK81: 0.38 | AL81: 120 | AM81: =Z81*AL81 -> 18 | AN81: 288 | AO81: =AA81*AN81 -> 43.2 | AP81: 300 | AQ81: =AB81*AP81 -> 45 | AR81: 12 | AS81: =AC81*AR81 -> 1.8 | AT81: 396 | AU81: =AD81*AT81 -> 257.4 | AV81: 576 | AW81: =AE81*AV81 -> 218.88 | AX81: 576 | AY81: =AF81*AX81 -> 218.88 | AZ81: 576 | BA81: =AG81*AZ81 -> 218.88 | BB81: 576 | BC81: =AH81*BB81 -> 218.88 | BD81: 576 | BE81: =AI81*BD81 -> 218.88 | BF81: 576 | BG81: =AJ81*BF81 -> 218.88 | BH81: 576 | BI81: =AK81*BH81 -> 218.88 | BJ81: KU-1958*W/KU-1963*W | BL81: NA/EMEA/APJ | BM81: L96909-xx1
A82: FY26 | B82: Jenny Cheng | C82: Chicony | G82: 2019 | H82: HALLEY USB KB | I82: NBL KB | J82: NA/ | K82: Jack Black | L82: W China | M82: HP_India, by sea | N82: 4.58 | O82: 4.58 | P82: 4.58 | Q82: 4.58 | R82: 5.66 | S82: 5.66 | T82: 5.66 | U82: 5.66 | V82: 5.66 | W82: 5.66 | X82: 5.66 | Y82: 5.66 | Z82: 0.15 | AA82: 0.15 | AB82: 0.15 | AC82: 0.15 | AD82: 0.65 | AE82: 0.22 | AF82: 0.22 | AG82: 0.22 | AH82: 0.22 | AI82: 0.22 | AJ82: 0.22 | AK82: 0.22 | AL82: 0 | AM82: =Z82*AL82 -> 0 | AN82: 5760 | AO82: =AA82*AN82 -> 864 | AP82: 0 | AQ82: =AB82*AP82 -> 0 | AR82: 0 | AS82: =AC82*AR82 -> 0 | AT82: 0 | AU82: =AD82*AT82 -> 0 | AV82: 5760 | AW82: =AE82*AV82 -> 1267.2 | AX82: 0 | AY82: =AF82*AX82 -> 0 | AZ82: 5760 | BA82: =AG82*AZ82 -> 1267.2 | BB82: 5760 | BC82: =AH82*BB82 -> 1267.2 | BD82: 0 | BE82: =AI82*BD82 -> 0 | BF82: 5760 | BG82: =AJ82*BF82 -> 1267.2 | BH82: 0 | BI82: =AK82*BH82 -> 0 | BJ82: KU-1958*W/KU-1963*W | BL82: NA/EMEA/APJ | BM82: L96909-xx1
A83: FY26 | B83: Jenny Cheng | C83: Chicony | G83: 2019 | H83: HALLEY USB KB | I83: NBL KB | J83: NA/ | K83: Jack Black | L83: W China | M83: HP_JP | N83: 4.58 | O83: 4.58 | P83: 4.58 | Q83: 4.58 | R83: 5.23 | S83: 5.23 | T83: 5.23 | U83: 5.23 | V83: 5.23 | W83: 5.23 | X83: 5.23 | Y83: 5.23 | Z83: 0.15 | AA83: 0.15 | AB83: 0.15 | AC83: 0.15 | AD83: 0.65 | AE83: 0.22 | AF83: 0.22 | AG83: 0.22 | AH83: 0.22 | AI83: 0.22 | AJ83: 0.22 | AK83: 0.22 | AL83: 5292 | AM83: =Z83*AL83 -> 793.8 | AN83: 12672 | AO83: =AA83*AN83 -> 1900.8 | AP83: 32472 | AQ83: =AB83*AP83 -> 4870.8 | AR83: 22752 | AS83: =AC83*AR83 -> 3412.8 | AT83: 15228 | AU83: =AD83*AT83 -> 9898.2 | AV83: 25344 | AW83: =AE83*AV83 -> 5575.68 | AX83: 10000 | AY83: =AF83*AX83 -> 2200 | AZ83: 10000 | BA83: =AG83*AZ83 -> 2200 | BB83: 10000 | BC83: =AH83*BB83 -> 2200 | BD83: 10000 | BE83: =AI83*BD83 -> 2200 | BF83: 10000 | BG83: =AJ83*BF83 -> 2200 | BH83: 10000 | BI83: =AK83*BH83 -> 2200 | BJ83: KU-1958*W/KU-1963*W | BL83: NA/EMEA/APJ | BM83: L96909-xx1
A84: FY26 | B84: Jenny Cheng | C84: Chicony | G84: 2019 | H84: HALLEY USB KB | I84: NBL KB | J84: NA/ | K84: Jack Black | L84: W China | M84: Foxconn_CZ | N84: 4.58 | O84: 4.58 | P84: 4.58 | Q84: 4.58 | R84: 6.47 | S84: 6.47 | T84: 6.47 | U84: 6.47 | V84: 6.47 | W84: 6.47 | X84: 6.47 | Y84: 6.47 | Z84: 0.15 | AA84: 0.15 | AB84: 0.15 | AC84: 0.15 | AD84: 0.65 | AE84: 0.22 | AF84: 0.22 | AG84: 0.22 | AH84: 0.22 | AI84: 0.22 | AJ84: 0.22 | AK84: 0.22 | AL84: 8088 | AM84: =Z84*AL84 -> 1213.2 | AN84: 6636 | AO84: =AA84*AN84 -> 995.4 | AP84: 8376 | AQ84: =AB84*AP84 -> 1256.4 | AR84: 6216 | AS84: =AC84*AR84 -> 932.4 | AT84: 3768 | AU84: =AD84*AT84 -> 2449.2 | AV84: 6000 | AW84: =AE84*AV84 -> 1320 | AX84: 6000 | AY84: =AF84*AX84 -> 1320 | AZ84: 6000 | BA84: =AG84*AZ84 -> 1320 | BB84: 6000 | BC84: =AH84*BB84 -> 1320 | BD84: 6000 | BE84: =AI84*BD84 -> 1320 | BF84: 6000 | BG84: =AJ84*BF84 -> 1320 | BH84: 6000 | BI84: =AK84*BH84 -> 1320 | BJ84: KU-1958*W/KU-1963*W | BL84: NA/EMEA/APJ | BM84: L96909-xx1
A85: FY26 | B85: Jenny Cheng | C85: Chicony | G85: 2019 | H85: HALLEY USB KB | I85: NBL KB | J85: NA/ | K85: Jack Black | L85: W China | M85: Foxconn_Juarez | N85: 4.58 | O85: 4.58 | P85: 4.58 | Q85: 4.58 | R85: 5.42 | S85: 5.42 | T85: 5.42 | U85: 5.42 | V85: 5.42 | W85: 5.42 | X85: 5.42 | Y85: 5.42 | Z85: 0.15 | AA85: 0.15 | AB85: 0.15 | AC85: 0.15 | AD85: 0.65 | AE85: 0.38 | AF85: 0.38 | AG85: 0.38 | AH85: 0.38 | AI85: 0.38 | AJ85: 0.38 | AK85: 0.38 | AL85: 2496 | AM85: =Z85*AL85 -> 374.4 | AN85: 27060 | AO85: =AA85*AN85 -> 4059 | AP85: 0 | AQ85: =AB85*AP85 -> 0 | AR85: 60 | AS85: =AC85*AR85 -> 9 | AT85: 96 | AU85: =AD85*AT85 -> 62.4 | AV85: 2000 | AW85: =AE85*AV85 -> 760 | AX85: 2000 | AY85: =AF85*AX85 -> 760 | AZ85: 2000 | BA85: =AG85*AZ85 -> 760 | BB85: 2000 | BC85: =AH85*BB85 -> 760 | BD85: 2000 | BE85: =AI85*BD85 -> 760 | BF85: 2000 | BG85: =AJ85*BF85 -> 760 | BH85: 2000 | BI85: =AK85*BH85 -> 760 | BJ85: KU-1958*W/KU-1963*W | BL85: NA/EMEA/APJ | BM85: L96909-xx1
A86: FY26 | B86: Jenny Cheng | C86: Chicony | G86: 2019 | H86: HALLEY USB KB | I86: NBL KB | J86: NA/ | K86: Jack Black | L86: W China | M86: Foxconn_WH | N86: 4.58 | O86: 4.58 | P86: 4.58 | Q86: 4.58 | R86: 5.46 | S86: 5.46 | T86: 5.46 | U86: 5.46 | V86: 5.46 | W86: 5.46 | X86: 5.46 | Y86: 5.46 | Z86: 0.15 | AA86: 0.15 | AB86: 0.15 | AC86: 0.15 | AD86: 0.65 | AE86: 0.38 | AF86: 0.38 | AG86: 0.38 | AH86: 0.38 | AI86: 0.38 | AJ86: 0.38 | AK86: 0.38 | AL86: 2136 | AM86: =Z86*AL86 -> 320.4 | AN86: 3888 | AO86: =AA86*AN86 -> 583.2 | AP86: 1776 | AQ86: =AB86*AP86 -> 266.4 | AR86: 720 | AS86: =AC86*AR86 -> 108 | AT86: 1836 | AU86: =AD86*AT86 -> 1193.4 | AV86: 3500 | AW86: =AE86*AV86 -> 1330 | AX86: 2000 | AY86: =AF86*AX86 -> 760 | AZ86: 2000 | BA86: =AG86*AZ86 -> 760 | BB86: 2000 | BC86: =AH86*BB86 -> 760 | BD86: 2000 | BE86: =AI86*BD86 -> 760 | BF86: 2000 | BG86: =AJ86*BF86 -> 760 | BH86: 2000 | BI86: =AK86*BH86 -> 760 | BJ86: KU-1958*W/KU-1963*W | BL86: ODM | BM86: L96909-xx1
A87: FY26 | B87: Jenny Cheng | C87: Chicony | G87: 2019 | H87: HALLEY USB KB | I87: NBL KB | J87: NA/ | K87: Jack Black | L87: W China | M87: Inventec_CQ | N87: 4.58 | O87: 4.58 | P87: 4.58 | Q87: 4.58 | R87: 5.38 | S87: 5.38 | T87: 5.38 | U87: 5.38 | V87: 5.38 | W87: 5.38 | X87: 5.38 | Y87: 5.38 | Z87: 0.15 | AA87: 0.15 | AB87: 0.15 | AC87: 0.15 | AD87: 0.65 | AE87: 0.38 | AF87: 0.38 | AG87: 0.38 | AH87: 0.38 | AI87: 0.38 | AJ87: 0.38 | AK87: 0.38 | AL87: 300 | AM87: =Z87*AL87 -> 45 | AN87: 348 | AO87: =AA87*AN87 -> 52.2 | AP87: 132 | AQ87: =AB87*AP87 -> 19.8 | AR87: 228 | AS87: =AC87*AR87 -> 34.2 | AT87: 1104 | AU87: =AD87*AT87 -> 717.6 | AV87: 2000 | AW87: =AE87*AV87 -> 760 | AX87: 2000 | AY87: =AF87*AX87 -> 760 | AZ87: 2000 | BA87: =AG87*AZ87 -> 760 | BB87: 2000 | BC87: =AH87*BB87 -> 760 | BD87: 2000 | BE87: =AI87*BD87 -> 760 | BF87: 2000 | BG87: =AJ87*BF87 -> 760 | BH87: 2000 | BI87: =AK87*BH87 -> 760 | BJ87: KU-1958*W/KU-1963*W | BL87: ODM | BM87: L96909-xx1
A88: FY26 | B88: Jenny Cheng | C88: Chicony | G88: 2019 | H88: HALLEY USB KB | I88: NBL KB | J88: NA/ | K88: Jack Black | L88: W China | M88: Quanta_CQ | N88: 4.58 | O88: 4.58 | P88: 4.58 | Q88: 4.58 | R88: 5.38 | S88: 5.38 | T88: 5.38 | U88: 5.38 | V88: 5.38 | W88: 5.38 | X88: 5.38 | Y88: 5.38 | Z88: 0.15 | AA88: 0.15 | AB88: 0.15 | AC88: 0.15 | AD88: 0.65 | AE88: 0.38 | AF88: 0.38 | AG88: 0.38 | AH88: 0.38 | AI88: 0.38 | AJ88: 0.38 | AK88: 0.38 | AL88: 5220 | AM88: =Z88*AL88 -> 783 | AN88: 5568 | AO88: =AA88*AN88 -> 835.2 | AP88: 2712 | AQ88: =AB88*AP88 -> 406.8 | AR88: 2364 | AS88: =AC88*AR88 -> 354.6 | AT88: 5280 | AU88: =AD88*AT88 -> 3432 | AV88: 5000 | AW88: =AE88*AV88 -> 1900 | AX88: 5000 | AY88: =AF88*AX88 -> 1900 | AZ88: 5000 | BA88: =AG88*AZ88 -> 1900 | BB88: 5000 | BC88: =AH88*BB88 -> 1900 | BD88: 5000 | BE88: =AI88*BD88 -> 1900 | BF88: 5000 | BG88: =AJ88*BF88 -> 1900 | BH88: 5000 | BI88: =AK88*BH88 -> 1900 | BJ88: KU-1958*W/KU-1963*W | BL88: ODM | BM88: L96909-xx1
A89: FY26 | B89: Jenny Cheng | C89: Chicony | G89: 2019 | H89: HALLEY USB KB | I89: NBL KB | J89: NA/ | K89: Jack Black | L89: W China | M89: Wistron_CQ | N89: 4.58 | O89: 4.58 | P89: 4.58 | Q89: 4.58 | R89: 5.38 | S89: 5.38 | T89: 5.38 | U89: 5.38 | V89: 5.38 | W89: 5.38 | X89: 5.38 | Y89: 5.38 | Z89: 0.15 | AA89: 0.15 | AB89: 0.15 | AC89: 0.15 | AD89: 0.65 | AE89: 0.38 | AF89: 0.38 | AG89: 0.38 | AH89: 0.38 | AI89: 0.38 | AJ89: 0.38 | AK89: 0.38 | AL89: 3888 | AM89: =Z89*AL89 -> 583.2 | AN89: 9288 | AO89: =AA89*AN89 -> 1393.2 | AP89: 3120 | AQ89: =AB89*AP89 -> 468 | AR89: 3048 | AS89: =AC89*AR89 -> 457.2 | AT89: 4548 | AU89: =AD89*AT89 -> 2956.2 | AV89: 4000 | AW89: =AE89*AV89 -> 1520 | AX89: 4000 | AY89: =AF89*AX89 -> 1520 | AZ89: 4000 | BA89: =AG89*AZ89 -> 1520 | BB89: 4000 | BC89: =AH89*BB89 -> 1520 | BD89: 4000 | BE89: =AI89*BD89 -> 1520 | BF89: 4000 | BG89: =AJ89*BF89 -> 1520 | BH89: 4000 | BI89: =AK89*BH89 -> 1520 | BJ89: KU-1958*W/KU-1963*W | BL89: ODM | BM89: L96909-xx1
... A100: FY26 | B100: Jenny Cheng | C100: Chicony | G100: 2019 | H100: HALLEY USB MS | I100: Mouse | J100: NA/ | K100: Jack Black | L100: W China | M100: Quanta_TH | N100: 2.03 | O100: 2.03 | P100: 2.03 | Q100: 2.03 | R100: 2.11 | S100: 2.11 | T100: 2.11 | U100: 2.11 | V100: 2.11 | W100: 2.11 | X100: 2.11 | Y100: 2.11 | Z100: 0.01 | AA100: 0.01 | AB100: 0.01 | AC100: 0.01 | AD100: 0.01 | AE100: 0.01 | AF100: 0.01 | AG100: 0.01 | AH100: 0.01 | AI100: 0.01 | AJ100: 0.01 | AK100: 0.01 | AL100: 0 | AM100: =Z100*AL100 -> 0 | AN100: 0 | AO100: =AA100*AN100 -> 0 | AP100: 0 | AQ100: =AB100*AP100 -> 0 | AR100: 0 | AS100: =AC100*AR100 -> 0 | AT100: 0 | AU100: =AD100*AT100 -> 0 | AV100: 0 | AW100: =AE100*AV100 -> 0 | AX100: 0 | AY100: =AF100*AX100 -> 0 | AZ100: 0 | BA100: =AG100*AZ100 -> 0 | BB100: 0 | BC100: =AH100*BB100 -> 0 | BD100: 0 | BE100: =AI100*BD100 -> 0 | BF100: 0 | BG100: =AJ100*BF100 -> 0 | BH100: 0 | BI100: =AK100*BH100 -> 0 | BJ100: MSU1959T-657L | BL100: ODM | BM100: L96910-001
A101: FY26 | B101: Jenny Cheng | C101: Chicony | G101: 2014 | H101: SKYLAB SMARTCARD KBD (Copilot) | I101: NBL KB | J101: NA/ | K101: Jack Black | L101: S China | M101: Pegatron_CQ | N101: 13.8 | O101: 13.8 | P101: 13.8 | Q101: =13.8-0.36 -> 13.44 | R101: 14.09 | S101: 14.09 | T101: 14.09 | U101: 14.09 | V101: 14.09 | W101: 14.09 | X101: 14.09 | Y101: 14.09 | Z101: 1.49 | AA101: 1.49 | AB101: 1.49 | AC101: 1.13 | AD101: =1.13-0.36 -> 0.77 | AE101: =1.13-0.36 -> 0.77 | AF101: =1.13-0.36 -> 0.77 | AG101: =1.13-0.36 -> 0.77 | AH101: =1.13-0.36 -> 0.77 | AI101: =1.13-0.36 -> 0.77 | AJ101: =1.13-0.36 -> 0.77 | AK101: =1.13-0.36 -> 0.77 | AL101: 0 | AM101: =Z101*AL101 -> 0 | AN101: 0 | AO101: =AA101*AN101 -> 0 | AP101: 0 | AQ101: =AB101*AP101 -> 0 | AR101: 0 | AS101: =AC101*AR101 -> 0 | AT101: 610 | AU101: =AD101*AT101 -> 469.7 | AV101: 0 | AW101: =AE101*AV101 -> 0 | AX101: 0 | AY101: =AF101*AX101 -> 0 | AZ101: 0 | BA101: =AG101*AZ101 -> 0 | BB101: 0 | BC101: =AH101*BB101 -> 0 | BD101: 0 | BE101: =AI101*BD101 -> 0 | BF101: 0 | BG101: =AJ101*BF101 -> 0 | BH101: 0 | BI101: =AK101*BH101 -> 0 | BJ101: KUS1469*CW | BK101: Copilot | BL101: NA/EMEA/APJ | BM101: P10251-xx1
A102: FY26 | B102: Jenny Cheng | C102: Chicony | G102: 2014 | H102: SKYLAB SMARTCARD KBD (Copilot) | I102: NBL KB | J102: NA/ | K102: Jack Black | L102: S China | M102: Foxconn_CZ | N102: 13.8 | O102: 13.8 | P102: 13.8 | Q102: =13.8-0.36 -> 13.44 | R102: 14.83 | S102: 14.83 | T102: 14.83 | U102: 14.83 | V102: 14.83 | W102: 14.83 | X102: 14.83 | Y102: 14.83 | Z102: 1.49 | AA102: 1.49 | AB102: 1.49 | AC102: 1.13 | AD102: =1.13-0.36 -> 0.77 | AE102: =1.13-0.36 -> 0.77 | AF102: =1.13-0.36 -> 0.77 | AG102: =1.13-0.36 -> 0.77 | AH102: =1.13-0.36 -> 0.77 | AI102: =1.13-0.36 -> 0.77 | AJ102: =1.13-0.36 -> 0.77 | AK102: =1.13-0.36 -> 0.77 | AL102: 11830 | AM102: =Z102*AL102 -> 17626.7 | AN102: 11710 | AO102: =AA102*AN102 -> 17447.9 | AP102: 7660 | AQ102: =AB102*AP102 -> 11413.4 | AR102: 10990 | AS102: =AC102*AR102 -> 12418.7 | AT102: 13420 | AU102: =AD102*AT102 -> 10333.4 | AV102: 12000 | AW102: =AE102*AV102 -> 9240 | AX102: 12000 | AY102: =AF102*AX102 -> 9240 | AZ102: 12000 | BA102: =AG102*AZ102 -> 9240 | BB102: 12000 | BC102: =AH102*BB102 -> 9240 | BD102: 12000 | BE102: =AI102*BD102 -> 9240 | BF102: 12000 | BG102: =AJ102*BF102 -> 9240 | BH102: 12000 | BI102: =AK102*BH102 -> 9240 | BJ102: KUS1469*CW | BK102: Copilot | BL102: NA/EMEA/APJ | BM102: P10251-xx1
A103: FY26 | B103: Jenny Cheng | C103: Chicony | G103: 2014 | H103: SKYLAB SMARTCARD KBD (Copilot) | I103: NBL KB | J103: NA/ | K103: Jack Black | L103: S China | M103: Foxconn_Juarez | N103: 13.8 | O103: 13.8 | P103: 13.8 | Q103: =13.8-0.36 -> 13.44 | R103: 13.78 | S103: 13.78 | T103: 13.78 | U103: 13.78 | V103: 13.78 | W103: 13.78 | X103: 13.78 | Y103: 13.78 | Z103: 1.49 | AA103: 1.49 | AB103: 1.49 | AC103: 1.13 | AD103: =1.13-0.36 -> 0.77 | AE103: =1.13-0.36 -> 0.77 | AF103: =1.13-0.36 -> 0.77 | AG103: =1.13-0.36 -> 0.77 | AH103: =1.13-0.36 -> 0.77 | AI103: =1.13-0.36 -> 0.77 | AJ103: =1.13-0.36 -> 0.77 | AK103: =1.13-0.36 -> 0.77 | AL103: 2020 | AM103: =Z103*AL103 -> 3009.8 | AN103: 4690 | AO103: =AA103*AN103 -> 6988.1 | AP103: 6030 | AQ103: =AB103*AP103 -> 8984.7 | AR103: 1230 | AS103: =AC103*AR103 -> 1389.9 | AT103: 2400 | AU103: =AD103*AT103 -> 1848 | AV103: 2000 | AW103: =AE103*AV103 -> 1540 | AX103: 2000 | AY103: =AF103*AX103 -> 1540 | AZ103: 2000 | BA103: =AG103*AZ103 -> 1540 | BB103: 2000 | BC103: =AH103*BB103 -> 1540 | BD103: 2000 | BE103: =AI103*BD103 -> 1540 | BF103: 2000 | BG103: =AJ103*BF103 -> 1540 | BH103: 2000 | BI103: =AK103*BH103 -> 1540 | BJ103: KUS1469*CW | BK103: Copilot | BL103: NA/EMEA/APJ | BM103: P10251-xx1
A104: FY26 | B104: Jenny Cheng | C104: Chicony | G104: 2014 | H104: SKYLAB SMARTCARD KBD (Copilot) | I104: NBL KB | J104: NA/ | K104: Jack Black | L104: S China | M104: HP_India, by sea | N104: 13.8 | O104: 13.8 | P104: 13.8 | Q104: =13.8-0.36 -> 13.44 | R104: 14.02 | S104: 14.02 | T104: 14.02 | U104: 14.02 | V104: 14.02 | W104: 14.02 | X104: 14.02 | Y104: 14.02 | Z104: 1.49 | AA104: 1.49 | AB104: 1.49 | AC104: 1.13 | AD104: =1.13-0.36 -> 0.77 | AE104: =1.13-0.36 -> 0.77 | AF104: =1.13-0.36 -> 0.77 | AG104: =1.13-0.36 -> 0.77 | AH104: =1.13-0.36 -> 0.77 | AI104: =1.13-0.36 -> 0.77 | AJ104: =1.13-0.36 -> 0.77 | AK104: =1.13-0.36 -> 0.77 | AL104: 0 | AM104: =Z104*AL104 -> 0 | AN104: 0 | AO104: =AA104*AN104 -> 0 | AP104: 0 | AQ104: =AB104*AP104 -> 0 | AR104: 0 | AS104: =AC104*AR104 -> 0 | AT104: 0 | AU104: =AD104*AT104 -> 0 | AV104: 0 | AW104: =AE104*AV104 -> 0 | AX104: 0 | AY104: =AF104*AX104 -> 0 | AZ104: 0 | BA104: =AG104*AZ104 -> 0 | BB104: 0 | BC104: =AH104*BB104 -> 0 | BD104: 0 | BE104: =AI104*BD104 -> 0 | BF104: 0 | BG104: =AJ104*BF104 -> 0 | BH104: 0 | BI104: =AK104*BH104 -> 0 | BJ104: KUS1469*CW | BK104: Copilot | BL104: NA/EMEA/APJ | BM104: P10251-xx1
A105: FY26 | B105: Jenny Cheng | C105: Chicony | G105: 2014 | H105: SKYLAB SMARTCARD KBD (Copilot) | I105: NBL KB | J105: NA/ | K105: Jack Black | L105: S China | M105: Foxconn_LH | N105: 13.8 | O105: 13.8 | P105: 13.8 | Q105: =13.8-0.36 -> 13.44 | R105: 13.74 | S105: 13.74 | T105: 13.74 | U105: 13.74 | V105: 13.74 | W105: 13.74 | X105: 13.74 | Y105: 13.74 | Z105: 1.49 | AA105: 1.49 | AB105: 1.49 | AC105: 1.13 | AD105: =1.13-0.36 -> 0.77 | AE105: =1.13-0.36 -> 0.77 | AF105: =1.13-0.36 -> 0.77 | AG105: =1.13-0.36 -> 0.77 | AH105: =1.13-0.36 -> 0.77 | AI105: =1.13-0.36 -> 0.77 | AJ105: =1.13-0.36 -> 0.77 | AK105: =1.13-0.36 -> 0.77 | AL105: 240 | AM105: =Z105*AL105 -> 357.6 | AN105: 3120 | AO105: =AA105*AN105 -> 4648.8 | AP105: 3840 | AQ105: =AB105*AP105 -> 5721.6 | AR105: 0 | AS105: =AC105*AR105 -> 0 | AT105: 480 | AU105: =AD105*AT105 -> 369.6 | AV105: 0 | AW105: =AE105*AV105 -> 0 | AX105: 0 | AY105: =AF105*AX105 -> 0 | AZ105: 0 | BA105: =AG105*AZ105 -> 0 | BB105: 0 | BC105: =AH105*BB105 -> 0 | BD105: 0 | BE105: =AI105*BD105 -> 0 | BF105: 0 | BG105: =AJ105*BF105 -> 0 | BH105: 0 | BI105: =AK105*BH105 -> 0 | BJ105: KUS1469*CW | BK105: Copilot | BL105: NA/EMEA/APJ | BM105: P10251-xx1
A106: FY26 | B106: Jenny Cheng | C106: Chicony | G106: 2014 | H106: SKYLAB SMARTCARD KBD (Copilot) | I106: NBL KB | J106: NA/ | K106: Jack Black | L106: S China | M106: HP Direct, FTZ | N106: 13.8 | O106: 13.8 | P106: 13.8 | Q106: =13.8-0.36 -> 13.44 | R106: 13.78 | S106: 13.78 | T106: 13.78 | U106: 13.78 | V106: 13.78 | W106: 13.78 | X106: 13.78 | Y106: 13.78 | Z106: 1.49 | AA106: 1.49 | AB106: 1.49 | AC106: 1.13 | AD106: =1.13-0.36 -> 0.77 | AE106: =1.13-0.36 -> 0.77 | AF106: =1.13-0.36 -> 0.77 | AG106: =1.13-0.36 -> 0.77 | AH106: =1.13-0.36 -> 0.77 | AI106: =1.13-0.36 -> 0.77 | AJ106: =1.13-0.36 -> 0.77 | AK106: =1.13-0.36 -> 0.77 | AL106: 0 | AM106: =Z106*AL106 -> 0 | AN106: 0 | AO106: =AA106*AN106 -> 0 | AP106: 0 | AQ106: =AB106*AP106 -> 0 | AR106: 0 | AS106: =AC106*AR106 -> 0 | AT106: 0 | AU106: =AD106*AT106 -> 0 | AV106: 0 | AW106: =AE106*AV106 -> 0 | AX106: 0 | AY106: =AF106*AX106 -> 0 | AZ106: 0 | BA106: =AG106*AZ106 -> 0 | BB106: 0 | BC106: =AH106*BB106 -> 0 | BD106: 0 | BE106: =AI106*BD106 -> 0 | BF106: 0 | BG106: =AJ106*BF106 -> 0 | BH106: 0 | BI106: =AK106*BH106 -> 0 | BJ106: KUS1469*CW | BK106: Copilot | BL106: NA/EMEA/APJ | BM106: P10251-xx1
A107: FY26 | B107: Jenny Cheng | C107: Chicony | G107: 2014 | H107: SKYLAB SMARTCARD KBD (Copilot) | I107: NBL KB | J107: NA/ | K107: Jack Black | L107: S China | M107: Foxconn_WH | N107: 13.8 | O107: 13.8 | P107: 13.8 | Q107: =13.8-0.36 -> 13.44 | R107: 13.82 | S107: 13.82 | T107: 13.82 | U107: 13.82 | V107: 13.82 | W107: 13.82 | X107: 13.82 | Y107: 13.82 | Z107: 1.49 | AA107: 1.49 | AB107: 1.49 | AC107: 1.13 | AD107: =1.13-0.36 -> 0.77 | AE107: =1.13-0.36 -> 0.77 | AF107: =1.13-0.36 -> 0.77 | AG107: =1.13-0.36 -> 0.77 | AH107: =1.13-0.36 -> 0.77 | AI107: =1.13-0.36 -> 0.77 | AJ107: =1.13-0.36 -> 0.77 | AK107: =1.13-0.36 -> 0.77 | AL107: 0 | AM107: =Z107*AL107 -> 0 | AN107: 170 | AO107: =AA107*AN107 -> 253.3 | AP107: 0 | AQ107: =AB107*AP107 -> 0 | AR107: 0 | AS107: =AC107*AR107 -> 0 | AT107: 40 | AU107: =AD107*AT107 -> 30.8 | AV107: 100 | AW107: =AE107*AV107 -> 77 | AX107: 100 | AY107: =AF107*AX107 -> 77 | AZ107: 100 | BA107: =AG107*AZ107 -> 77 | BB107: 100 | BC107: =AH107*BB107 -> 77 | BD107: 100 | BE107: =AI107*BD107 -> 77 | BF107: 100 | BG107: =AJ107*BF107 -> 77 | BH107: 100 | BI107: =AK107*BH107 -> 77 | BJ107: KUS1469*CW | BK107: Copilot | BL107: ODM | BM107: P10251-xx1
A108: FY26 | B108: Jenny Cheng | C108: Chicony | G108: 2014 | H108: SKYLAB SMARTCARD KBD (Copilot) | I108: NBL KB | J108: NA/ | K108: Jack Black | L108: S China | M108: Inventec_CQ | N108: 13.8 | O108: 13.8 | P108: 13.8 | Q108: =13.8-0.36 -> 13.44 | R108: 14.09 | S108: 14.09 | T108: 14.09 | U108: 14.09 | V108: 14.09 | W108: 14.09 | X108: 14.09 | Y108: 14.09 | Z108: 1.49 | AA108: 1.49 | AB108: 1.49 | AC108: 1.13 | AD108: =1.13-0.36 -> 0.77 | AE108: =1.13-0.36 -> 0.77 | AF108: =1.13-0.36 -> 0.77 | AG108: =1.13-0.36 -> 0.77 | AH108: =1.13-0.36 -> 0.77 | AI108: =1.13-0.36 -> 0.77 | AJ108: =1.13-0.36 -> 0.77 | AK108: =1.13-0.36 -> 0.77 | AL108: 860 | AM108: =Z108*AL108 -> 1281.4 | AN108: 210 | AO108: =AA108*AN108 -> 312.9 | AP108: 300 | AQ108: =AB108*AP108 -> 447 | AR108: 50 | AS108: =AC108*AR108 -> 56.5 | AT108: 4020 | AU108: =AD108*AT108 -> 3095.4 | AV108: 100 | AW108: =AE108*AV108 -> 77 | AX108: 100 | AY108: =AF108*AX108 -> 77 | AZ108: 100 | BA108: =AG108*AZ108 -> 77 | BB108: 100 | BC108: =AH108*BB108 -> 77 | BD108: 100 | BE108: =AI108*BD108 -> 77 | BF108: 100 | BG108: =AJ108*BF108 -> 77 | BH108: 100 | BI108: =AK108*BH108 -> 77 | BJ108: KUS1469*CW | BK108: Copilot | BL108: ODM | BM108: P10251-xx1
A109: FY26 | B109: Jenny Cheng | C109: Chicony | G109: 2014 | H109: SKYLAB SMARTCARD KBD (Copilot) | I109: NBL KB | J109: NA/ | K109: Jack Black | L109: S China | M109: Quanta_CQ | N109: 13.8 | O109: 13.8 | P109: 13.8 | Q109: =13.8-0.36 -> 13.44 | R109: 14.09 | S109: 14.09 | T109: 14.09 | U109: 14.09 | V109: 14.09 | W109: 14.09 | X109: 14.09 | Y109: 14.09 | Z109: 1.49 | AA109: 1.49 | AB109: 1.49 | AC109: 1.13 | AD109: =1.13-0.36 -> 0.77 | AE109: =1.13-0.36 -> 0.77 | AF109: =1.13-0.36 -> 0.77 | AG109: =1.13-0.36 -> 0.77 | AH109: =1.13-0.36 -> 0.77 | AI109: =1.13-0.36 -> 0.77 | AJ109: =1.13-0.36 -> 0.77 | AK109: =1.13-0.36 -> 0.77 | AL109: 30 | AM109: =Z109*AL109 -> 44.7 | AN109: 290 | AO109: =AA109*AN109 -> 432.1 | AP109: 90 | AQ109: =AB109*AP109 -> 134.1 | AR109: 40 | AS109: =AC109*AR109 -> 45.2 | AT109: 10 | AU109: =AD109*AT109 -> 7.7 | AV109: 100 | AW109: =AE109*AV109 -> 77 | AX109: 100 | AY109: =AF109*AX109 -> 77 | AZ109: 100 | BA109: =AG109*AZ109 -> 77 | BB109: 100 | BC109: =AH109*BB109 -> 77 | BD109: 100 | BE109: =AI109*BD109 -> 77 | BF109: 100 | BG109: =AJ109*BF109 -> 77 | BH109: 100 | BI109: =AK109*BH109 -> 77 | BJ109: KUS1469*CW | BK109: Copilot | BL109: ODM | BM109: P10251-xx1
A110: FY26 | B110: Jenny Cheng | C110: Chicony | G110: 2014 | H110: SKYLAB SMARTCARD KBD (Copilot) | I110: NBL KB | J110: NA/ | K110: Jack Black | L110: S China | M110: Wistron_CQ | N110: 13.8 | O110: 13.8 | P110: 13.8 | Q110: =13.8-0.36 -> 13.44 | R110: 14.09 | S110: 14.09 | T110: 14.09 | U110: 14.09 | V110: 14.09 | W110: 14.09 | X110: 14.09 | Y110: 14.09 | Z110: 1.49 | AA110: 1.49 | AB110: 1.49 | AC110: 1.13 | AD110: =1.13-0.36 -> 0.77 | AE110: =1.13-0.36 -> 0.77 | AF110: =1.13-0.36 -> 0.77 | AG110: =1.13-0.36 -> 0.77 | AH110: =1.13-0.36 -> 0.77 | AI110: =1.13-0.36 -> 0.77 | AJ110: =1.13-0.36 -> 0.77 | AK110: =1.13-0.36 -> 0.77 | AL110: 240 | AM110: =Z110*AL110 -> 357.6 | AN110: 240 | AO110: =AA110*AN110 -> 357.6 | AP110: 2050 | AQ110: =AB110*AP110 -> 3054.5 | AR110: 120 | AS110: =AC110*AR110 -> 135.6 | AT110: 3550 | AU110: =AD110*AT110 -> 2733.5 | AV110: 100 | AW110: =AE110*AV110 -> 77 | AX110: 100 | AY110: =AF110*AX110 -> 77 | AZ110: 100 | BA110: =AG110*AZ110 -> 77 | BB110: 100 | BC110: =AH110*BB110 -> 77 | BD110: 100 | BE110: =AI110*BD110 -> 77 | BF110: 100 | BG110: =AJ110*BF110 -> 77 | BH110: 100 | BI110: =AK110*BH110 -> 77 | BJ110: KUS1469*CW | BK110: Copilot | BL110: ODM | BM110: P10251-xx1
...
