Workbook
Name Region: #REF!
Name Region: #REF!
Name Region: #REF!
Name Region: #REF!

Sheet 說明頁_更新版
A1: ID | B1: Action | C1: Remark
A2: 1 | B2: A-M欄及BM-BP欄照理來說不會更動只會新增
A3: 2 | B3: 檔名的部分請像這樣 "Rebate and Spending report Supplier’s name_2025 01"，勿加上其他說明，若有V2版本請寫 "Rebate and Spending report Supplier’s name_2025 01_V2"
A4: 3 | B4: 請全年度都放在同一個tab，Summary也是Q1-Q4都放在一起，若有更新的年度請一樣要加上對應的Summary
A5: 4 | B5: Title相關規範請看右方所示, 請按照此欄位進行填寫, 勿更改資料次序 *上面也附上Example, 參考的顏色表以及Mason的PDF instruction | C5: A欄位:打上年度，新年度記得要更新
C6: B欄位: SPM, 請填全名, ex Benson Chen, 而不是Benson，若SPM有異動也請更新
C7: C 欄位: 一律填自己公司名稱
C8: D欄位: 請照上方指示, 勿自創提詞, 須注意只有NB和DT才會有Consumer/Commercial之分, F欄位是Peripheral則D和E都是填Peripheral
C9: E欄位 : 請照上方指示, 勿自創提詞
C10: F欄位 : Peripheral只需填寫Peripheral
C11: G欄位 : 已更新到2025
C12: H欄位 : -請一定不能空白此欄位，不然後面的數字都會讀不到 -如果多個platforms共用同keyboard, 請用 '/' 去 group這些platforms，大小寫沒關係。 -請Platform name請跟LTF一模一樣，像是有些後面會加上尺寸也請加上( BAYMAX14/LUISA14/BAYMAXW14/BAYMAX13/BAYMAX13X) -請用"/"來 Grouping 不同 Platform (e.g. ANDAZ/ABU) ，勿用其他符號，錯誤範例如:ANDAZ&ABU
C13: I欄位 : 請照上方指示, 勿自創提詞
C14: J欄位 : 如果沒有Size，則填寫"NA/"，不要只寫"NA"
C15: K欄 : -要注意勿將 Color grouping 在一起，像是Jet Black/Soft Grey，若有n個顏色需分成n筆資料去填 -如果沒有Color，則填寫"NA/"，請注意不要只寫"NA" -Color 需確保填寫正確，如 SEAFOAM TEAL PEARL 需完整打出來，避免填成 SEAFOAM TEAL -請確保在顏色中間加上空格，大小寫沒關係。 -關於灰色，請使用“Grey” 而非“Gray” -Color 欄位需保持正常format，像是 PERFORMANCE BLUE OPAQUE 請避免填成 PERFORMANCE BLUE OPAQUE-RGB -針對CNB Gaming，關於Numpad及RGB方面請遵照以下方式及右方的說明 : RGB Per Key W Numpad_Soft Grey RGB Per Key W/O Numpad_Soft Grey 1 Zone W Numpad_Soft Grey, 1 Zone Red W Numpad_Soft Grey 4 Zone RGB W Numpad_Soft Grey 1 Zone W/O Numpad_Soft Grey, 1 Zone Red W/O Numpad_Soft Grey 4 Zone RGB W/O Numpad_Soft Grey 1 Zone RGB W Numpad_Soft Grey 1 Zone RGB W/O Numpad_Soft Grey
C16: L欄 : 請照上方指示，勿自創提詞，注意NMC更新為Thailand/Vietnam
C17: M欄 : 請照上方指示，勿自創提詞或簡寫，後面多加 Site 等
... C22: BP欄 : 新增的欄位"HP Model"，這欄只有針對NB KB，需填上LTF中相對應的HP model (如下所示)，接下來會使用這欄去串連其他資料
A27: 5 | B27: 當月出貨的所有品項都必須填上, 即使rebate=0的項目, 定義為FCS之後, EOL前的platform 當月出貨都需要寫上(也就是不含service part)
A28: 6 | B28: 每個月10日固定上傳此份rebate and spending report，請注意目前的Share point已經與財務共用，因此有任何要更新的地方都請通知Jenny並且上傳V2/V3…版本，且舊檔案勿刪除
A29: 7 | B29: 在上傳此份檔案前針對數字的部分需再三確認，因為這些數字會直接當作日後開發票的金額
A30: 8 | B30: excel欄位有相乘的部分 (rebate amount), 請不要直接在公式以外做數字上的調整, 沒有邏輯性的數字, 程式會偵測異常
A31: 9 | B31: Summary_1不能有任何註記, 需要呈現最真實的數字, Summary_2貴司可有一些註記符號, 或是rebate抵扣等地紀錄是能夠被容許的

Sheet FY23 Summary_1
B3: Primax | C3: 2022 11 | D3: 2022 12 | E3: 2023 01 | F3: Total Q1
B4: Rebate amount | C4: ='FY23'!AO1 -> 1643474.5 | D4: ='FY23'!AQ1 -> 1869696.1 | E4: ='FY23'!AS1 -> 1785552.1 | F4: =SUM(C4:E4) -> 5298722.7
B5: E&O reduction | F5: =SUM(C5:E5) -> 0
B6: Complexity reduction | F6: =SUM(C6:E6) -> 0 | H6: 1. 新增Summary_1, 原先的Summary重新命名為Summary_2
B7: Total amount | C7: =SUM(C4:C6) -> 1643474.5 | D7: =SUM(D4:D6) -> 1869696.1 | E7: =SUM(E4:E6) -> 1785552.1 | F7: =SUM(F4:F6) -> 5298722.7
H8: 2.黃色部位為貴司名稱, 請整份報告都跟檔名貴司名稱撰寫方式一致
B10: Primax | C10: 2023 02 | D10: 2023 03 | E10: 2023 04 | F10: Total Q2 | H10: 3. 這些欄位一定要固定, B3-B28, C3-C28, D3-D28, E3-E28, F3-F28都有賦予定義
B11: Rebate amount | C11: ='FY23'!AU1 -> 1519345.7 | D11: ='FY23'!AW1 -> 2017904.8 | E11: ='FY23'!AY1 -> 1577362.8 | F11: =SUM(C11:E11) -> 5114613.3
B12: E&O reduction | E12: 18724.49 | F12: =SUM(C12:E12) -> 18724.49 | H12: 4. Rebate amount 指得是summary_2的page金額 (就是我們一直以來收集的金額)
B13: Complexity reduction | F13: =SUM(C13:E13) -> 0
B14: Total amount | C14: =SUM(C11:C13) -> 1519345.7 | D14: =SUM(D11:D13) -> 2017904.8 | E14: =SUM(E11:E13) -> 1596087.3 | F14: =SUM(F11:F13) -> 5133337.8 | H14: 5. 新增 E&O reduction 及complexity reduction品項, 先留足空間
H15: 若目前還未有此款項存在都先填0
B17: Primax | C17: 2023 05 | D17: 2023 06 | E17: 2023 07 | F17: Total Q3 | H17: 6. 金額都放未經調整後的真實數字, 分析才具意義
B18: Rebate amount | C18: ='FY23'!BA1 -> 1861807 | D18: ='FY23'!BC1 -> 2056001.3 | E18: ='FY23'!BE1 -> 1553369.1 | F18: =SUM(C18:E18) -> 5471177.4
B19: E&O reduction | F19: =SUM(C19:E19) -> 0
B20: Complexity reduction | F20: =SUM(C20:E20) -> 0
B21: Total amount | C21: =SUM(C18:C20) -> 1861807 | D21: =SUM(D18:D20) -> 2056001.3 | E21: =SUM(E18:E20) -> 1553369.1 | F21: =SUM(F18:F20) -> 5471177.4
B24: Primax | C24: 2023 08 | D24: 2023 09 | E24: 2023 10 | F24: Total Q4
B25: Rebate amount | C25: ='FY23'!BG1 -> 1932655.5 | D25: ='FY23'!BI1 -> 1962274.7 | E25: ='FY23'!BK1 -> 1580598.7 | F25: =SUM(C25:E25) -> 5475528.9
B26: E&O reduction | E26: =(55883.05+35510.55 )*15% -> 13709.04 | F26: =SUM(C26:E26) -> 13709.04
B27: Complexity reduction | F27: =SUM(C27:E27) -> 0
B28: Total amount | C28: =SUM(C25:C27) -> 1932655.5 | D28: =SUM(D25:D27) -> 1962274.7 | E28: =SUM(E25:E27) -> 1594307.7 | F28: =SUM(F25:F27) -> 5489238

Sheet FY23 Summary_2
B3: Q1 Actual by Segment
C4: Segment | D4: 44866 | E4: 44896 | F4: 44927 | G4: Total Rebate in Q1 2023 (US$)
B5: CMIT Input Devices | C5: 200 series (6U) | D5: ='[1]FY23 '!Q4 -> 99973.28 | E5: ='[1]FY23 '!U4 -> 117551.68 | F5: ='[1]FY23 '!Y4 -> 75927.68 | G5: =SUM(D5:F5) -> 293452.64
C6: 400 series (S) | D6: 0 | E6: 0 | F6: 0 | G6: =SUM(D6:F6) -> 0
C7: 600 series (B) | D7: 0 | E7: 0 | F7: 0 | G7: =SUM(D7:F7) -> 0
C8: 800 series (P) | D8: =SUM('[1]FY23 '!Q21:Q30) -> 544597.3 | E8: =SUM('[1]FY23 '!U21:U30) -> 575037.47 | F8: =SUM('[1]FY23 '!Y21:Y30) -> 693475.2 | G8: =SUM(D8:F8) -> 1813110
C9: 1000 series (M | D9: =SUM('[1]FY23 '!Q32:Q33) -> 5900 | E9: =SUM('[1]FY23 '!U32:U33) -> 20836 | F9: =SUM('[1]FY23 '!Y32:Y33) -> 12836 | G9: =SUM(D9:F9) -> 39572
C10: MWS (Workstation) | D10: ='[1]FY23 '!Q40 -> 10240 | E10: ='[1]FY23 '!U40 -> 10240 | F10: ='[1]FY23 '!Y40 -> 10240 | G10: =SUM(D10:F10) -> 30720
C11: Soft Keyboard | D11: ='[1]FY23 '!Q42 -> 0 | E11: ='[1]FY23 '!U42 -> 0 | F11: ='[1]FY23 '!Y42 -> 0 | G11: =SUM(D11:F11) -> 0
C12: Chrome Book | D12: 0 | E12: 0 | F12: 0 | G12: =SUM(D12:F12) -> 0
C13: Clickpad | D13: 0 | E13: 0 | F13: 0 | G13: =SUM(D13:F13) -> 0
C14: Education | D14: ='[1]FY23 '!Q38 -> 1166 | E14: ='[1]FY23 '!U38 -> 480 | F14: ='[1]FY23 '!Y38 -> 1200 | G14: =SUM(D14:F14) -> 2846
C15: Peripherals/AMO | D15: =SUM('[1]FY23 '!Q217:Q229) -> 19715.2 | E15: =SUM('[1]FY23 '!U217:U229) -> 22863 | F15: =SUM('[1]FY23 '!Y217:Y229) -> 15914.28 | G15: =SUM(D15:F15) -> 58492.48
C16: Desktop | D16: =SUM('[1]FY23 '!Q49:Q59) -> 75568.26 | E16: =SUM('[1]FY23 '!U49:U59) -> 110301.46 | F16: =SUM('[1]FY23 '!Y49:Y59) -> 119271.71 | G16: =SUM(D16:F16) -> 305141.43
B17: Consumer Input Devices | C17: OPP | D17: =SUM('[1]FY23 '!Q61:Q81) -> 299921.2 | E17: =SUM('[1]FY23 '!U61:U81) -> 352662.88 | F17: =SUM('[1]FY23 '!Y61:Y81) -> 249572.15 | G17: =SUM(D17:F17) -> 902156.23
C18: Chrome Book | D18: =SUM('[1]FY23 '!Q94:Q98) -> 10134.6 | E18: =SUM('[1]FY23 '!U94:U98) -> 2568.8 | F18: =SUM('[1]FY23 '!Y94:Y98) -> 5915.2 | G18: =SUM(D18:F18) -> 18618.6
C19: Pavillion | D19: =SUM('[1]FY23 '!Q103:Q122) -> 397688.05 | E19: =SUM('[1]FY23 '!U103:U122) -> 489403 | F19: =SUM('[1]FY23 '!Y103:Y122) -> 398095.53 | G19: =SUM(D19:F19) -> 1285186.6
C20: Spectre | D20: 0 | E20: 0 | F20: 0 | G20: =SUM(D20:F20) -> 0
C21: Envy | D21: =SUM('[1]FY23 '!Q149:Q151) -> 64504.32 | E21: =SUM('[1]FY23 '!U149:U151) -> 35733.12 | F21: =SUM('[1]FY23 '!Y149:Y151) -> 71844.5 | G21: =SUM(D21:F21) -> 172081.94
C22: Stream | D22: 0 | E22: 0 | F22: 0 | G22: =SUM(D22:F22) -> 0
C23: Omen | D23: =SUM('[1]FY23 '!Q159:Q176) -> 27393 | E23: =SUM('[1]FY23 '!U159:U176) -> 26968.98 | F23: =SUM('[1]FY23 '!Y159:Y176) -> 41360.06 | G23: =SUM(D23:F23) -> 95722.04
C24: Peripherals/AMO | D24: =SUM('[1]FY23 '!Q204:Q216) -> 4887.04 | E24: =SUM('[1]FY23 '!U204:U216) -> 3018.84 | F24: =SUM('[1]FY23 '!Y204:Y216) -> 5466.8 | G24: =SUM(D24:F24) -> 13372.68
C25: Desktop | D25: =SUM('[1]FY23 '!Q185:Q203) -> 81786.28 | E25: =SUM('[1]FY23 '!U185:U203) -> 102030.87 | F25: =SUM('[1]FY23 '!Y185:Y203) -> 84432.96 | G25: =SUM(D25:F25) -> 268250.11
G26: =SUM(G4:G25) -> 5298722.7
B28: Q1 Actual by Segment
C29: Supplier | D29: 44866 | E29: 44896 | F29: 44927 | G29: Total Rebate in Q1 2023 (US$)
B30: Input Devices | C30: Acrox
C31: Chicony
C32: Darfon
C33: Liteon
C34: Primax | D34: =SUM(D5:D25) -> 1643474.5 | E34: =SUM(E5:E25) -> 1869696.1 | F34: =SUM(F5:F25) -> 1785552.1 | G34: =SUM(D34:F34) -> 5298722.7
C35: Sunrex
F36: Total Rebate Amount
B39: Q2 Actual by Segment
C40: Segment | D40: 44958 | E40: 44986 | F40: 45017 | G40: Total Rebate in Q2 2023 (US$)
B41: CMIT Input Devices | C41: 200 series (6U) | D41: =SUM('[1]FY23 '!AE4) -> 67224.48 | E41: ='[1]FY23 '!AI4 -> 117551.68 | F41: ='[1]FY23 '!AM4 -> 34503.2 | G41: =SUM(D41:F41) -> 219279.36
C42: 400 series (S) | D42: 0 | E42: 0 | F42: 0 | G42: =SUM(D42:F42) -> 0
C43: 600 series (B) | D43: 0 | E43: 0 | F43: 0 | G43: =SUM(D43:F43) -> 0
C44: 800 series (P) | D44: =SUM('[1]FY23 '!AE21:AE30) -> 682946.42 | E44: =SUM('[1]FY23 '!AI21:AI30) -> 675201.54 | F44: =SUM('[1]FY23 '!AM21:AM31) -> 537191.51 | G44: =SUM(D44:F44) -> 1895339.5
C45: 1000 series (M | D45: ='[1]FY23 '!AE32+'[1]FY23 '!AE33 -> 5040 | E45: =SUM('[1]FY23 '!AI32:AI33) -> 12780 | F45: =SUM('[1]FY23 '!AM32:AM33) -> 6480 | G45: =SUM(D45:F45) -> 24300
C46: MWS (Workstation) | D46: ='[1]FY23 '!AE40 -> 16740 | E46: ='[1]FY23 '!AI40 -> 27715.5 | F46: =SUM('[1]FY23 '!AM40) -> 23269.5 | G46: =SUM(D46:F46) -> 67725
C47: Soft Keyboard | D47: ='[1]FY23 '!AE42 -> 0 | E47: 0 | F47: 0 | G47: =SUM(D47:F47) -> 0
C48: Chrome Book | D48: 0 | E48: 0 | F48: 0 | G48: =SUM(D48:F48) -> 0
C49: Clickpad | D49: 0 | E49: 0 | F49: 0 | G49: =SUM(D49:F49) -> 0
C50: Education | D50: ='[1]FY23 '!AE38 -> 630 | E50: ='[1]FY23 '!AI38 -> 798 | F50: ='[1]FY23 '!AM38 -> 1260 | G50: =SUM(D50:F50) -> 2688
C51: Peripherals/AMO | D51: =SUM('[1]FY23 '!AE217:AE229) -> 55454.88 | E51: =SUM('[1]FY23 '!AI217:AI229) -> 29563.92 | F51: =SUM('[1]FY23 '!AM217:AM229) -> 60093.12 | G51: =SUM(D51:F51) -> 145111.92
C52: Desktop | D52: =SUM('[1]FY23 '!AE49:AE59) -> 91879.9 | E52: =SUM('[1]FY23 '!AI49:AI59) -> 108709.18 | F52: =SUM('[1]FY23 '!AM49:AM59) -> 71049.42 | G52: =SUM(D52:F52) -> 271638.5
B53: Consumer Input Devices | C53: OPP | D53: =SUM('[1]FY23 '!AE61:AE86) -> 201674.67 | E53: =SUM('[1]FY23 '!AI61:AI86) -> 340612.07 | F53: =SUM('[1]FY23 '!AM61:AM86) -> 246867.11 | G53: =SUM(D53:F53) -> 789153.85
C54: Chrome Book | D54: =SUM('[1]FY23 '!AE94:AE98) -> 5472 | E54: =SUM('[1]FY23 '!AI94:AI96) -> 1440 | F54: =SUM('[1]FY23 '!AM94:AM99) -> 3217.2 | G54: =SUM(D54:F54) -> 10129.2
C55: Pavillion | D55: =SUM('[1]FY23 '!AE103:AE122) -> 177169.24 | E55: =SUM('[1]FY23 '!AI103:AI122) -> 504327.09 | F55: =SUM('[1]FY23 '!AM103:AM124) -> 363115.6 | G55: =SUM(D55:F55) -> 1044611.9
C56: Spectre | D56: 0 | E56: 0 | F56: 0 | G56: =SUM(D56:F56) -> 0
C57: Envy | D57: =SUM('[1]FY23 '!AE149:AE151) -> 68880 | E57: =SUM('[1]FY23 '!AI149:AI151) -> 78613.5 | F57: =SUM('[1]FY23 '!AM149:AM154) -> 36680 | G57: =SUM(D57:F57) -> 184173.5
C58: Stream | D58: 0 | E58: 0 | F58: 0 | G58: =SUM(D58:F58) -> 0
C59: Omen | D59: =SUM('[1]FY23 '!AE159:AE176) -> 49219.79 | E59: =SUM('[1]FY23 '!AI159:AI176) -> 19501.2 | F59: =SUM('[1]FY23 '!AM159:AM182) -> 96704.75 | G59: =SUM(D59:F59) -> 165425.74
C60: Peripherals/AMO | D60: =SUM('[1]FY23 '!AE204:AE216) -> 12518.52 | E60: =SUM('[1]FY23 '!AI204:AI216) -> 11243.2 | F60: =SUM('[1]FY23 '!AM204:AM216) -> 7012.72 | G60: =SUM(D60:F60) -> 30774.44
C61: Desktop | D61: =SUM('[1]FY23 '!AE185:AE203) -> 84495.82 | E61: =SUM('[1]FY23 '!AI185:AI203) -> 89847.9 | F61: =SUM('[1]FY23 '!AM185:AM203) -> 89918.64 | G61: =SUM(D61:F61) -> 264262.36
G62: =SUM(G40:G61) -> 5114613.3
B64: Q2 Actual by Segment
C65: Supplier | D65: 44958 | E65: 44986 | F65: 45017 | G65: Total Rebate in Q2 2023 (US$)
B66: Input Devices | C66: Acrox
B67: Input Devices | C67: Chicony
C68: Darfon
C69: Liteon
C70: Primax | D70: =SUM(D41:D61) -> 1519345.7 | E70: =SUM(E41:E61) -> 2017904.8 | F70: =SUM(F41:F61) -> 1577362.8 | G70: =SUM(D70:F70) -> 5114613.3
C71: Sunrex
F72: Total Rebate Amount
B75: Q3 Actual by Segment
C76: Segment | D76: 45047 | E76: 45078 | F76: 45108 | G76: Total Rebate in Q3 2023 (US$)
B77: CMIT Input Devices | C77: 200 series (6U) | D77: ='FY23'!BA3 -> 99646.48 | E77: ='FY23'!BC3 -> 140524 | F77: ='FY23'!BE3 -> 70083.12 | G77: =SUM(D77:F77) -> 310253.6
C78: 400 series (S) | D78: 0 | E78: 0 | F78: 0 | G78: =SUM(D78:F78) -> 0
C79: 600 series (B) | D79: 0 | E79: 0 | F79: 0 | G79: =SUM(D79:F79) -> 0
C80: 800 series (P) | D80: =SUM('FY23'!BA20:BA34) -> 545208.97 | E80: =SUM('FY23'!BC20:BC34) -> 637878.36 | F80: =SUM('FY23'!BE20:BE34) -> 509782.44 | G80: =SUM(D80:F80) -> 1692869.8
C81: 1000 series (M | D81: =SUM('FY23'!BA35:BA36) -> 6840 | E81: =SUM('FY23'!BC35:'FY23'!BC36) -> 12397.5 | F81: =SUM('FY23'!BE35+'FY23'!BE36) -> 6300 | G81: =SUM(D81:F81) -> 25537.5
C82: MWS (Workstation) | D82: ='FY23'!BA43 -> 23040 | E82: ='FY23'!BC43 -> 42642 | F82: ='FY23'!BE43 -> 49036.5 | G82: =SUM(D82:F82) -> 114718.5
C83: Soft Keyboard | D83: ='FY23'!BA45 -> 0 | E83: 0 | F83: ='FY23'!BE9 -> 0 | G83: =SUM(D83:F83) -> 0
C84: Chrome Book | D84: =SUM('FY23'!BA101:BA103) -> 1288 | E84: =SUM('FY23'!BC101:BC103) -> 1756 | F84: =SUM('FY23'!BE101:BE103) -> 3075 | G84: =SUM(D84:F84) -> 6119
C85: Clickpad | D85: 0 | E85: 0 | F85: 0 | G85: =SUM(D85:F85) -> 0
C86: Education | D86: ='FY23'!BA41 -> 9903.6 | E86: ='FY23'!BC41 -> 2094.75 | F86: ='FY23'!BE41 -> 2258.55 | G86: =SUM(D86:F86) -> 14256.9
C87: Peripherals/AMO | D87: =SUM('FY23'!BA220:BA235) -> 43495.84 | E87: =SUM('FY23'!BC220:BC235) -> 50214.16 | F87: =SUM('FY23'!BE220:BE235) -> 45828.86 | G87: =SUM(D87:F87) -> 139538.86
C88: Desktop | D88: =SUM('FY23'!BA52:BA63) -> 129341.48 | E88: =SUM('FY23'!BC52:BC63) -> 149226.83 | F88: =SUM('FY23'!BE52:BE63) -> 89856.62 | G88: =SUM(D88:F88) -> 368424.93
B89: Consumer Input Devices | C89: OPP | D89: =SUM('FY23'!BA64:BA91) -> 326836.86 | E89: =SUM('FY23'!BC64:BC91) -> 333316.08 | F89: =SUM('FY23'!BE64:BE91) -> 226276.5 | G89: =SUM(D89:F89) -> 886429.44
C90: Chrome Book | D90: =SUM('FY23'!BA98:BA100) -> 666.89 | E90: =SUM('FY23'!BC98:BC100) -> 1027.2 | F90: =SUM('FY23'!BE98:BE100) -> 6350 | G90: =SUM(D90:F90) -> 8044.09
C91: Pavillion | D91: =SUM('FY23'!BA107:BA128) -> 421028.94 | E91: =SUM('FY23'!BC107:BC128) -> 429066.69 | F91: =SUM('FY23'!BE107:BE128) -> 347485.39 | G91: =SUM(D91:F91) -> 1197581
C92: Spectre | D92: 0 | E92: 0 | F92: ='FY23'!BE18 -> 0 | G92: =SUM(D92:F92) -> 0
C93: Envy | D93: =SUM('FY23'!BA153:BA158) -> 66248.5 | E93: =SUM('FY23'!BC153:BC158) -> 68886 | F93: =SUM('FY23'!BE153:BE158) -> 47749 | G93: =SUM(D93:F93) -> 182883.5
C94: Stream | D94: 0 | E94: 0 | F94: 0 | G94: =SUM(D94:F94) -> 0
C95: Omen | D95: =SUM('FY23'!BA163:BA186) -> 81241.97 | E95: =SUM('FY23'!BC163:BC186) -> 87173.7 | F95: =SUM('FY23'!BE163:BE186) -> 72997.05 | G95: =SUM(D95:F95) -> 241412.72
C96: Peripherals/AMO | D96: =SUM('FY23'!BA208:BA219) -> 22617.2 | E96: =SUM('FY23'!BC208:BC219) -> 20032.2 | F96: =SUM('FY23'!BE208:BE219) -> 13996.88 | G96: =SUM(D96:F96) -> 56646.28
C97: Desktop | D97: =SUM('FY23'!BA189:BA207) -> 84402.25 | E97: =SUM('FY23'!BC189:BC207) -> 79765.86 | F97: =SUM('FY23'!BE189:BE207) -> 62293.17 | G97: =SUM(D97:F97) -> 226461.28
G98: =SUM(G77:G97) -> 5471177.4
B100: Q3 Actual by Segment
C101: Supplier | D101: 45047 | E101: 45078 | F101: 45108 | G101: Total Rebate in Q3 2023 (US$)
B102: Input Devices | C102: Acrox
C103: Chicony
C104: Darfon
C105: Liteon
C106: Primax | D106: =SUM(D77:D97) -> 1861807 | E106: =SUM(E77:E97) -> 2056001.3 | F106: =SUM(F77:F97) -> 1553369.1 | G106: =SUM(D106:F106) -> 5471177.4
C107: Sunrex
F108: Total Rebate Amount
B110: Q4 Actual by Segment
...

Sheet FY23
AO1: =SUM(AO3:AO235) -> 1643474.5 | AQ1: =SUM(AQ3:AQ235) -> 1869696.1 | AS1: =SUM(AS3:AS235) -> 1785552.1 | AU1: =SUM(AU3:AU235) -> 1519345.7 | AW1: =SUM(AW3:AW235) -> 2017904.8 | AY1: =SUM(AY3:AY235) -> 1577362.8 | BA1: =SUM(BA3:BA235) -> 1861807 | BC1: =SUM(BC3:BC235) -> 2056001.3 | BE1: =SUM(BE3:BE235) -> 1553369.1 | BG1: =SUM(BG3:BG235) -> 1932655.5 | BI1: =SUM(BI3:BI235) -> 1962274.7 | BK1: =SUM(BK3:BK235) -> 1580598.7
A2: FY23 | B2: SPM (Project Owner) | C2: GTK Suppliers | D2: Category | E2: Segment | F2: Series | G2: Production Year | H2: Platforms | I2: Product | J2: Size | K2: Color | L2: Location | M2: ODM | N2: The lowest unit table price (ODM cost) | O2: Table Price Nov | P2: Table Price Dec | Q2: Table Price Jan | R2: Table Price Feb | S2: Table Price Mar | T2: Table Price Apr | U2: Table Price May | V2: Table Price Jun | W2: Table Price Jul | X2: Table Price Aug | Y2: Table Price Sep | Z2: Table Price Oct | AA2: The lowest unit rebate cost | AB2: Unit Rebate Nov | AC2: Unit Rebate Dec | AD2: Unit Rebate Jan | AE2: Unit Rebate Feb | AF2: Unit Rebate Mar | AG2: Unit Rebate Apr | AH2: Unit Rebate May | AI2: Unit Rebate Jun | AJ2: Unit Rebate Jul | AK2: Unit Rebate Aug | AL2: Unit Rebate Sep | AM2: Unit Rebate Oct | AN2: Nov Q'ty | AO2: Nov Rebate Amount | AP2: Dec Q'ty | AQ2: Dec Rebate Amount | AR2: Jan Q'ty | AS2: Jan Rebate Amount | AT2: Feb Q'ty | AU2: Feb Rebate Amount | AV2: Mar Q'ty | AW2: Mar Rebate Amount | AX2: Apr Q'ty | AY2: Apr Rebate Amount | AZ2: May Q'ty | BA2: May Rebate Amount | BB2: Jun Q'ty | BC2: Jun Rebate Amount | BD2: Jul Q'ty | BE2: Jul Rebate Amount | BF2: Aug Q'ty | BG2: Aug Rebate Amount | BH2: Sep Q'ty | BI2: Sep Rebate Amount | BJ2: Oct Q'ty | BK2: Oct Rebate Amount | BL2: Supplier Part# | BM2: Comment
A3: FY23 | B3: Benson Chen | C3: Primax | D3: Commercial | E3: NB | F3: 200 | G3: 2019 | H3: LANGKAWI/REBAK | I3: BL KB | J3: 15 | K3: Pike Silver | L3: W China | M3: QUANTA | N3: 13.2 | O3: 13.2 | P3: 13.2 | Q3: 13.2 | R3: 13.2 | S3: 13.2 | T3: 13.2 | U3: 13.2 | V3: 13.2 | W3: 13.2 | X3: 13.2 | Y3: 13.2 | Z3: 13.2 | AA3: 3.44 | AB3: =AA3 -> 3.44 | AC3: =AB3 -> 3.44 | AD3: =AC3 -> 3.44 | AE3: =AD3 -> 3.44 | AF3: =AE3 -> 3.44 | AG3: =AF3 -> 3.44 | AH3: =AG3 -> 3.44 | AI3: =AH3 -> 3.44 | ... AM3: =AL3 -> 3.44 | AN3: 29062 | AO3: =AB3*AN3 -> 99973.28 | AP3: 34172 | AQ3: =AC3*AP3 -> 117551.68 | AR3: 22072 | AS3: =AD3*AR3 -> 75927.68 | AT3: 19542 | AU3: =AE3*AT3 -> 67224.48 | AV3: 34172 | AW3: =AF3*AV3 -> 117551.68 | AX3: 10030 | AY3: =AG3*AX3 -> 34503.2 | AZ3: 28967 | BA3: =AH3*AZ3 -> 99646.48 | BB3: 40850 | BC3: =AI3*BB3 -> 140524 | BD3: 20373 | BE3: =AJ3*BD3 -> 70083.12 | BF3: 30000 | BG3: =AK3*BF3 -> 103200 | BH3: 20000 | BI3: =AL3*BH3 -> 68800 | BJ3: 12800 | BK3: =AM3*BJ3 -> 44032
A4: FY23 | AO4: =AB4*AN4 -> 0 | AQ4: =AC4*AP4 -> 0 | AS4: =AD4*AR4 -> 0 | AU4: =AE4*AT4 -> 0 | AW4: =AF4*AV4 -> 0 | AY4: =AG4*AX4 -> 0 | BA4: =AH4*AZ4 -> 0 | BC4: =AI4*BB4 -> 0 | BE4: =AJ4*BD4 -> 0 | BG4: =AK4*BF4 -> 0 | BI4: =AL4*BH4 -> 0 | BK4: =AM4*BJ4 -> 0
A5: FY23 | AO5: =AB5*AN5 -> 0 | AQ5: =AC5*AP5 -> 0 | AS5: =AD5*AR5 -> 0 | AU5: =AE5*AT5 -> 0 | AW5: =AF5*AV5 -> 0 | AY5: =AG5*AX5 -> 0 | BA5: =AH5*AZ5 -> 0 | BC5: =AI5*BB5 -> 0 | BE5: =AJ5*BD5 -> 0 | BG5: =AK5*BF5 -> 0 | BI5: =AL5*BH5 -> 0 | BK5: =AM5*BJ5 -> 0
A6: FY23 | F6: 400 | AO6: =AB6*AN6 -> 0 | AQ6: =AC6*AP6 -> 0 | AS6: =AD6*AR6 -> 0 | AU6: =AE6*AT6 -> 0 | AW6: =AF6*AV6 -> 0 | AY6: =AG6*AX6 -> 0 | BA6: =AH6*AZ6 -> 0 | BC6: =AI6*BB6 -> 0 | BE6: =AJ6*BD6 -> 0 | BG6: =AK6*BF6 -> 0 | BI6: =AL6*BH6 -> 0 | BK6: =AM6*BJ6 -> 0
A7: FY23 | AO7: =AB7*AN7 -> 0 | AQ7: =AC7*AP7 -> 0 | AS7: =AD7*AR7 -> 0 | AU7: =AE7*AT7 -> 0 | AW7: =AF7*AV7 -> 0 | AY7: =AG7*AX7 -> 0 | BA7: =AH7*AZ7 -> 0 | BC7: =AI7*BB7 -> 0 | BE7: =AJ7*BD7 -> 0 | BG7: =AK7*BF7 -> 0 | BI7: =AL7*BH7 -> 0 | BK7: =AM7*BJ7 -> 0
A8: FY23 | AO8: =AB8*AN8 -> 0 | AQ8: =AC8*AP8 -> 0 | AS8: =AD8*AR8 -> 0 | AU8: =AE8*AT8 -> 0 | AW8: =AF8*AV8 -> 0 | AY8: =AG8*AX8 -> 0 | BA8: =AH8*AZ8 -> 0 | BC8: =AI8*BB8 -> 0 | BE8: =AJ8*BD8 -> 0 | BG8: =AK8*BF8 -> 0 | BI8: =AL8*BH8 -> 0 | BK8: =AM8*BJ8 -> 0
A9: FY23 | AO9: =AB9*AN9 -> 0 | AQ9: =AC9*AP9 -> 0 | AS9: =AD9*AR9 -> 0 | AU9: =AE9*AT9 -> 0 | AW9: =AF9*AV9 -> 0 | AY9: =AG9*AX9 -> 0 | BA9: =AH9*AZ9 -> 0 | BC9: =AI9*BB9 -> 0 | BE9: =AJ9*BD9 -> 0 | BG9: =AK9*BF9 -> 0 | BI9: =AL9*BH9 -> 0 | BK9: =AM9*BJ9 -> 0
A10: FY23 | AO10: =AB10*AN10 -> 0 | AQ10: =AC10*AP10 -> 0 | AS10: =AD10*AR10 -> 0 | AU10: =AE10*AT10 -> 0 | AW10: =AF10*AV10 -> 0 | AY10: =AG10*AX10 -> 0 | BA10: =AH10*AZ10 -> 0 | BC10: =AI10*BB10 -> 0 | BE10: =AJ10*BD10 -> 0 | BG10: =AK10*BF10 -> 0 | BI10: =AL10*BH10 -> 0 | BK10: =AM10*BJ10 -> 0
A11: FY23 | AO11: =AB11*AN11 -> 0 | AQ11: =AC11*AP11 -> 0 | AS11: =AD11*AR11 -> 0 | AU11: =AE11*AT11 -> 0 | AW11: =AF11*AV11 -> 0 | AY11: =AG11*AX11 -> 0 | BA11: =AH11*AZ11 -> 0 | BC11: =AI11*BB11 -> 0 | BE11: =AJ11*BD11 -> 0 | BG11: =AK11*BF11 -> 0 | BI11: =AL11*BH11 -> 0 | BK11: =AM11*BJ11 -> 0
A12: FY23 | AO12: =AB12*AN12 -> 0 | AQ12: =AC12*AP12 -> 0 | AS12: =AD12*AR12 -> 0 | AU12: =AE12*AT12 -> 0 | AW12: =AF12*AV12 -> 0 | AY12: =AG12*AX12 -> 0 | BA12: =AH12*AZ12 -> 0 | BC12: =AI12*BB12 -> 0 | BE12: =AJ12*BD12 -> 0 | BG12: =AK12*BF12 -> 0 | BI12: =AL12*BH12 -> 0 | BK12: =AM12*BJ12 -> 0
A13: FY23 | AO13: =AB13*AN13 -> 0 | AQ13: =AC13*AP13 -> 0 | AS13: =AD13*AR13 -> 0 | AU13: =AE13*AT13 -> 0 | AW13: =AF13*AV13 -> 0 | AY13: =AG13*AX13 -> 0 | BA13: =AH13*AZ13 -> 0 | BC13: =AI13*BB13 -> 0 | BE13: =AJ13*BD13 -> 0 | BG13: =AK13*BF13 -> 0 | BI13: =AL13*BH13 -> 0 | BK13: =AM13*BJ13 -> 0
A14: FY23 | F14: 600 | AO14: =AB14*AN14 -> 0 | AQ14: =AC14*AP14 -> 0 | AS14: =AD14*AR14 -> 0 | AU14: =AE14*AT14 -> 0 | AW14: =AF14*AV14 -> 0 | AY14: =AG14*AX14 -> 0 | BA14: =AH14*AZ14 -> 0 | BC14: =AI14*BB14 -> 0 | BE14: =AJ14*BD14 -> 0 | BG14: =AK14*BF14 -> 0 | BI14: =AL14*BH14 -> 0 | BK14: =AM14*BJ14 -> 0
A15: FY23 | AO15: =AB15*AN15 -> 0 | AQ15: =AC15*AP15 -> 0 | AS15: =AD15*AR15 -> 0 | AU15: =AE15*AT15 -> 0 | AW15: =AF15*AV15 -> 0 | AY15: =AG15*AX15 -> 0 | BA15: =AH15*AZ15 -> 0 | BC15: =AI15*BB15 -> 0 | BE15: =AJ15*BD15 -> 0 | BG15: =AK15*BF15 -> 0 | BI15: =AL15*BH15 -> 0 | BK15: =AM15*BJ15 -> 0
A16: FY23 | AO16: =AB16*AN16 -> 0 | AQ16: =AC16*AP16 -> 0 | AS16: =AD16*AR16 -> 0 | AU16: =AE16*AT16 -> 0 | AW16: =AF16*AV16 -> 0 | AY16: =AG16*AX16 -> 0 | BA16: =AH16*AZ16 -> 0 | BC16: =AI16*BB16 -> 0 | BE16: =AJ16*BD16 -> 0 | BG16: =AK16*BF16 -> 0 | BI16: =AL16*BH16 -> 0 | BK16: =AM16*BJ16 -> 0
A17: FY23 | AO17: =AB17*AN17 -> 0 | AQ17: =AC17*AP17 -> 0 | AS17: =AD17*AR17 -> 0 | AU17: =AE17*AT17 -> 0 | AW17: =AF17*AV17 -> 0 | AY17: =AG17*AX17 -> 0 | BA17: =AH17*AZ17 -> 0 | BC17: =AI17*BB17 -> 0 | BE17: =AJ17*BD17 -> 0 | BG17: =AK17*BF17 -> 0 | BI17: =AL17*BH17 -> 0 | BK17: =AM17*BJ17 -> 0
A18: FY23 | AO18: =AB18*AN18 -> 0 | AQ18: =AC18*AP18 -> 0 | AS18: =AD18*AR18 -> 0 | AU18: =AE18*AT18 -> 0 | AW18: =AF18*AV18 -> 0 | AY18: =AG18*AX18 -> 0 | BA18: =AH18*AZ18 -> 0 | BC18: =AI18*BB18 -> 0 | BE18: =AJ18*BD18 -> 0 | BG18: =AK18*BF18 -> 0 | BI18: =AL18*BH18 -> 0 | BK18: =AM18*BJ18 -> 0
A19: FY23 | AO19: =AB19*AN19 -> 0 | AQ19: =AC19*AP19 -> 0 | AS19: =AD19*AR19 -> 0 | AU19: =AE19*AT19 -> 0 | AW19: =AF19*AV19 -> 0 | AY19: =AG19*AX19 -> 0 | BA19: =AH19*AZ19 -> 0 | BC19: =AI19*BB19 -> 0 | BE19: =AJ19*BD19 -> 0 | BG19: =AK19*BF19 -> 0 | BI19: =AL19*BH19 -> 0 | BK19: =AM19*BJ19 -> 0
A20: FY23 | B20: Iris Huang | C20: Primax | D20: Commercial | E20: NB | F20: 800 | G20: 2020 | H20: Camellia | I20: BL KB | J20: 15 | K20: Flint Opaque | L20: W China | M20: INVENTEC | N20: 22.15 | O20: 22.15 | P20: 22.15 | Q20: 22.15 | R20: 22.15 | S20: 22.15 | T20: 22.15 | U20: 22.15 | V20: 22.15 | W20: 22.15 | X20: 22.15 | Y20: 22.15 | Z20: 22.15 | AA20: 6.5 | AB20: 7 | AC20: =AB20 -> 7 | AD20: =AC20 -> 7 | AE20: 8.21 | AF20: =AE20 -> 8.21 | AG20: =AF20 -> 8.21 | AH20: =AG20 -> 8.21 | AI20: =AH20 -> 8.21 | AJ20: =AI20 -> 8.21 | AK20: =AJ20 -> 8.21 | AL20: =AK20 -> 8.21 | AM20: =AL20 -> 8.21 | AN20: 16576 | AO20: =AB20*AN20 -> 116032 | AP20: 27267 | AQ20: =AC20*AP20 -> 190869 | AR20: 31380 | AS20: =AD20*AR20 -> 219660 | AT20: 17026 | AU20: =AE20*AT20 -> 139783.46 | AV20: 15760 | AW20: =AF20*AV20 -> 129389.6 | AX20: 14730 | AY20: =AG20*AX20 -> 120933.3 | AZ20: 10114 | BA20: =AH20*AZ20 -> 83035.94 | BB20: 8011 | BC20: =AI20*BB20 -> 65770.31 | BD20: 5790 | BE20: =AJ20*BD20 -> 47535.9 | BF20: 13370 | BG20: =AK20*BF20 -> 109767.7 | BH20: 7110 | BI20: =AL20*BH20 -> 58373.1 | BJ20: 2320 | BK20: =AM20*BJ20 -> 19047.2
A21: FY23 | B21: Iris Huang | C21: Primax | D21: Commercial | E21: NB | G21: 2020 | H21: Camellia | I21: NBL KB | J21: 15 | K21: Flint Opaque | L21: W China | M21: INVENTEC | N21: 11.09 | O21: 11.09 | P21: 11.09 | Q21: 11.09 | R21: 11.09 | S21: 11.09 | T21: 11.09 | U21: 11.09 | V21: 11.09 | W21: 11.09 | X21: 11.09 | Y21: 11.09 | Z21: 11.09 | AA21: 1 | AB21: =AA21 -> 1 | AC21: =AB21 -> 1 | AD21: =AC21 -> 1 | AE21: 1.5 | AF21: =AE21 -> 1.5 | AG21: =AF21 -> 1.5 | AH21: =AG21 -> 1.5 | AI21: =AH21 -> 1.5 | AJ21: =AI21 -> 1.5 | AK21: =AJ21 -> 1.5 | AL21: =AK21 -> 1.5 | AM21: =AL21 -> 1.5 | AN21: 3800 | AO21: =AB21*AN21 -> 3800 | AP21: 2950 | AQ21: =AC21*AP21 -> 2950 | AR21: 5320 | AS21: =AD21*AR21 -> 5320 | AT21: 2674 | AU21: =AE21*AT21 -> 4011 | AV21: 4080 | AW21: =AF21*AV21 -> 6120 | AX21: 3120 | AY21: =AG21*AX21 -> 4680 | AZ21: 3156 | BA21: =AH21*AZ21 -> 4734 | BB21: 1599 | BC21: =AI21*BB21 -> 2398.5 | BD21: 2800 | BE21: =AJ21*BD21 -> 4200 | BF21: 1800 | BG21: =AK21*BF21 -> 2700 | BH21: 480 | BI21: =AL21*BH21 -> 720 | BJ21: 320 | BK21: =AM21*BJ21 -> 480
A22: FY23 | B22: Iris Huang | C22: Primax | D22: Commercial | E22: NB | G22: 2020 | H22: Camellia/Linden | I22: BL KB | J22: 14 | K22: Flint Opaque | L22: W China | M22: INVENTEC | N22: 20.41 | O22: 20.41 | P22: 20.41 | Q22: 20.41 | R22: 20.41 | S22: 20.41 | T22: 20.41 | U22: 20.41 | V22: 20.41 | W22: 20.41 | X22: 20.41 | Y22: 20.41 | Z22: 20.41 | AA22: 4.5 | AB22: 6 | AC22: =AB22 -> 6 | AD22: =AC22 -> 6 | AE22: 6.91 | AF22: =AE22 -> 6.91 | AG22: =AF22 -> 6.91 | AH22: =AG22 -> 6.91 | AI22: =AH22 -> 6.91 | AJ22: =AI22 -> 6.91 | AK22: =AJ22 -> 6.91 | AL22: =AK22 -> 6.91 | AM22: =AL22 -> 6.91 | AN22: 2200 | AO22: =AB22*AN22 -> 13200 | AP22: 8440 | AQ22: =AC22*AP22 -> 50640 | AR22: 278 | AS22: =AD22*AR22 -> 1668 | AT22: 296 | AU22: =AE22*AT22 -> 2045.36 | AV22: 3280 | AW22: =AF22*AV22 -> 22664.8 | AX22: 3385 | AY22: =AG22*AX22 -> 23390.35 | AZ22: 3239 | BA22: =AH22*AZ22 -> 22381.49 | BB22: 2215 | BC22: =AI22*BB22 -> 15305.65 | BD22: 1114 | BE22: =AJ22*BD22 -> 7697.74 | BF22: 1320 | BG22: =AK22*BF22 -> 9121.2 | BH22: 0 | BI22: =AL22*BH22 -> 0 | BJ22: 0 | BK22: =AM22*BJ22 -> 0
A23: FY23 | B23: Iris Huang | C23: Primax | D23: Commercial | E23: NB | G23: 2020 | H23: Camellia/Linden | I23: NBL KB | J23: 14 | K23: Flint Opaque | L23: W China | M23: INVENTEC | N23: 11.02 | O23: 11.02 | P23: 11.02 | Q23: 11.02 | R23: 11.02 | S23: 11.02 | T23: 11.02 | U23: 11.02 | V23: 11.02 | W23: 11.02 | X23: 11.02 | Y23: 11.02 | Z23: 11.02 | AA23: 1 | AB23: 1.11 | AC23: =AB23 -> 1.11 | AD23: =AC23 -> 1.11 | AE23: 1.73 | AF23: =AE23 -> 1.73 | AG23: =AF23 -> 1.73 | AH23: =AG23 -> 1.73 | AI23: =AH23 -> 1.73 | AJ23: =AI23 -> 1.73 | AK23: =AJ23 -> 1.73 | AL23: =AK23 -> 1.73 | AM23: =AL23 -> 1.73 | AN23: 160 | AO23: =AB23*AN23 -> 177.6 | AP23: 2280 | AQ23: =AC23*AP23 -> 2530.8 | AR23: 80 | AS23: =AD23*AR23 -> 88.8 | AT23: 320 | AU23: =AE23*AT23 -> 553.6 | AV23: 240 | AW23: =AF23*AV23 -> 415.2 | AX23: 200 | AY23: =AG23*AX23 -> 346 | AZ23: 0 | BA23: =AH23*AZ23 -> 0 | BB23: 0 | BC23: =AI23*BB23 -> 0 | BD23: 0 | BE23: =AJ23*BD23 -> 0 | BF23: 760 | BG23: =AK23*BF23 -> 1314.8 | BH23: 0 | BI23: =AL23*BH23 -> 0 | BJ23: 0 | BK23: =AM23*BJ23 -> 0
A24: FY23 | B24: Iris Huang | C24: Primax | D24: Commercial | E24: NB | G24: 2020 | H24: Camellia/Linden | I24: BL KB | J24: 13 | K24: Flint Opaque | L24: W China | M24: INVENTEC | N24: 16.17 | O24: 16.17 | P24: 16.17 | Q24: 16.17 | R24: 16.17 | S24: 16.17 | T24: 16.17 | U24: 16.17 | V24: 16.17 | W24: 16.17 | X24: 16.17 | Y24: 16.17 | Z24: 16.17 | AA24: 4.5 | AB24: 6.5 | AC24: =AB24 -> 6.5 | AD24: =AC24 -> 6.5 | AE24: 6.97 | AF24: =AE24 -> 6.97 | AG24: =AF24 -> 6.97 | AH24: =AG24 -> 6.97 | AI24: =AH24 -> 6.97 | AJ24: =AI24 -> 6.97 | AK24: =AJ24 -> 6.97 | AL24: =AK24 -> 6.97 | AM24: =AL24 -> 6.97 | AN24: 38020 | AO24: =AB24*AN24 -> 247130 | AP24: 26816 | AQ24: =AC24*AP24 -> 174304 | AR24: 37580 | AS24: =AD24*AR24 -> 244270 | AT24: 41530 | AU24: =AE24*AT24 -> 289464.1 | AV24: 21950 | AW24: =AF24*AV24 -> 152991.5 | AX24: 17320 | AY24: =AG24*AX24 -> 120720.4 | AZ24: 14170 | BA24: =AH24*AZ24 -> 98764.9 | BB24: 19040 | BC24: =AI24*BB24 -> 132708.8 | BD24: 12580 | BE24: =AJ24*BD24 -> 87682.6 | BF24: 12490 | BG24: =AK24*BF24 -> 87055.3 | BH24: 8120 | BI24: =AL24*BH24 -> 56596.4 | BJ24: 5080 | BK24: =AM24*BJ24 -> 35407.6
A25: FY23 | B25: Iris Huang | C25: Primax | D25: Commercial | E25: NB | G25: 2020 | H25: Camellia/Linden | I25: NBL KB | J25: 13 | K25: Flint Opaque | L25: W China | M25: INVENTEC | N25: 6.78 | O25: 6.78 | P25: 6.78 | Q25: 6.78 | R25: 6.78 | S25: 6.78 | T25: 6.78 | U25: 6.78 | V25: 6.78 | W25: 6.78 | X25: 6.78 | Y25: 6.78 | Z25: 6.78 | AA25: 1 | AB25: 1.53 | AC25: =AB25 -> 1.53 | AD25: =AC25 -> 1.53 | AE25: 1.71 | AF25: =AE25 -> 1.71 | AG25: =AF25 -> 1.71 | AH25: =AG25 -> 1.71 | AI25: =AH25 -> 1.71 | AJ25: =AI25 -> 1.71 | AK25: =AJ25 -> 1.71 | AL25: =AK25 -> 1.71 | AM25: =AL25 -> 1.71 | AN25: 10350 | AO25: =AB25*AN25 -> 15835.5 | AP25: 8132 | AQ25: =AC25*AP25 -> 12441.96 | AR25: 18820 | AS25: =AD25*AR25 -> 28794.6 | AT25: 19110 | AU25: =AE25*AT25 -> 32678.1 | AV25: 22390 | AW25: =AF25*AV25 -> 38286.9 | AX25: 8200 | AY25: =AG25*AX25 -> 14022 | AZ25: 6196 | BA25: =AH25*AZ25 -> 10595.16 | BB25: 11220 | BC25: =AI25*BB25 -> 19186.2 | BD25: 5480 | BE25: =AJ25*BD25 -> 9370.8 | BF25: 10180 | BG25: =AK25*BF25 -> 17407.8 | BH25: 6510 | BI25: =AL25*BH25 -> 11132.1 | BJ25: 1080 | BK25: =AM25*BJ25 -> 1846.8
A26: FY23 | B26: Iris Huang | C26: Primax | D26: Commercial | E26: NB | G26: 2022 | H26: G9 Warpath/Warpath W/Lockheed/Firefly | I26: BL KB | J26: 16 | K26: Flint Opaque | L26: W China | M26: INVENTEC | N26: =17.3-1 -> 16.3 | O26: =17.3-1 -> 16.3 | P26: =17.3-1 -> 16.3 | Q26: =17.3-1 -> 16.3 | R26: =17.3-1 -> 16.3 | S26: =17.3-1 -> 16.3 | T26: =17.3-1 -> 16.3 | U26: =17.3-1 -> 16.3 | ... Z26: =17.3-1 -> 16.3 | AA26: 3.5 | AB26: =AA26 -> 3.5 | AC26: =AB26 -> 3.5 | AD26: =AC26 -> 3.5 | AE26: 4 | AF26: =AE26 -> 4 | AG26: =AF26 -> 4 | AH26: =AG26 -> 4 | AI26: =AH26 -> 4 | AJ26: =AI26 -> 4 | AK26: =AJ26 -> 4 | AL26: 5 | AM26: 5 | AN26: 8520 | AO26: =AB26*AN26 -> 29820 | AP26: 11481 | AQ26: =AC26*AP26 -> 40183.5 | AR26: 17120 | AS26: =AD26*AR26 -> 59920 | AT26: 12520 | AU26: =AE26*AT26 -> 50080 | AV26: 19818 | AW26: =AF26*AV26 -> 79272 | AX26: 14130 | AY26: =AG26*AX26 -> 56520 | AZ26: 19709 | BA26: =AH26*AZ26 -> 78836 | BB26: 13717 | BC26: =AI26*BB26 -> 54868 | BD26: 17237 | BE26: =AJ26*BD26 -> 68948 | BF26: 8169 | BG26: =AK26*BF26 -> 32676 | BH26: 4800 | BI26: =AL26*BH26 -> 24000 | BJ26: 4560 | BK26: =AM26*BJ26 -> 22800
A27: FY23 | B27: Iris Huang | C27: Primax | D27: Commercial | E27: NB | G27: 2022 | H27: G9 Warpath/Warpath W/Lockheed/Firefly | I27: NBL KB | J27: 16 | K27: Flint Opaque | L27: W China | M27: INVENTEC | N27: =6.95-0.7 -> 6.25 | O27: =6.95-0.7 -> 6.25 | P27: =6.95-0.7 -> 6.25 | Q27: =6.95-0.7 -> 6.25 | R27: =6.95-0.7 -> 6.25 | S27: =6.95-0.7 -> 6.25 | T27: =6.95-0.7 -> 6.25 | U27: =6.95-0.7 -> 6.25 | ... Z27: =6.95-0.7 -> 6.25 | AA27: 0.6 | AB27: =AA27 -> 0.6 | AC27: =AB27 -> 0.6 | AD27: =AC27 -> 0.6 | AE27: =AD27 -> 0.6 | AF27: =AE27 -> 0.6 | AG27: =AF27 -> 0.6 | AH27: =AG27 -> 0.6 | AI27: =AH27 -> 0.6 | ... AM27: =AL27 -> 0.6 | AN27: 960 | AO27: =AB27*AN27 -> 576 | AP27: 839 | AQ27: =AC27*AP27 -> 503.4 | AR27: 1080 | AS27: =AD27*AR27 -> 648 | AT27: 1080 | AU27: =AE27*AT27 -> 648 | AV27: 1719 | AW27: =AF27*AV27 -> 1031.4 | AX27: 760 | AY27: =AG27*AX27 -> 456 | AZ27: 1440 | BA27: =AH27*AZ27 -> 864 | BB27: 1559 | BC27: =AI27*BB27 -> 935.4 | BD27: 674 | BE27: =AJ27*BD27 -> 404.4 | BF27: 1320 | BG27: =AK27*BF27 -> 792 | BH27: 598 | BI27: =AL27*BH27 -> 358.8 | BJ27: 520 | BK27: =AM27*BJ27 -> 312
A28: FY23 | B28: Iris Huang | C28: Primax | D28: Commercial | E28: NB | G28: 2022 | H28: G9 Warpath/Warpath W/Lockheed/ Firefly | I28: BL KB | J28: 14 | K28: Flint Opaque | L28: W China | M28: INVENTEC | N28: =15.6-1 -> 14.6 | O28: =15.6-1 -> 14.6 | P28: =15.6-1 -> 14.6 | Q28: =15.6-1 -> 14.6 | R28: =15.6-1 -> 14.6 | S28: =15.6-1 -> 14.6 | T28: =15.6-1 -> 14.6 | U28: =15.6-1 -> 14.6 | ... Z28: =15.6-1 -> 14.6 | AA28: 3 | AB28: 3.47 | AC28: =AB28 -> 3.47 | AD28: =AC28 -> 3.47 | AE28: 4.42 | AF28: =AE28 -> 4.42 | AG28: =AF28 -> 4.42 | AH28: =AG28 -> 4.42 | AI28: =AH28 -> 4.42 | AJ28: =AI28 -> 4.42 | AK28: =AJ28 -> 4.42 | AL28: =AK28 -> 4.42 | AM28: =AL28 -> 4.42 | AN28: 33460 | AO28: =AB28*AN28 -> 116106.2 | AP28: 28683 | AQ28: =AC28*AP28 -> 99530.01 | AR28: 37660 | AS28: =AD28*AR28 -> 130680.2 | AT28: 36380 | AU28: =AE28*AT28 -> 160799.6 | AV28: 54487 | AW28: =AF28*AV28 -> 240832.54 | AX28: 43873 | AY28: =AG28*AX28 -> 193918.66 | AZ28: 42034 | BA28: =AH28*AZ28 -> 185790.28 | BB28: 40545 | BC28: =AI28*BB28 -> 179208.9 | BD28: 26615 | BE28: =AJ28*BD28 -> 117638.3 | BF28: 24500 | BG28: =AK28*BF28 -> 108290 | BH28: 25870 | BI28: =AL28*BH28 -> 114345.4 | BJ28: 19720 | BK28: =AM28*BJ28 -> 87162.4
A29: FY23 | B29: Iris Huang | C29: Primax | D29: Commercial | E29: NB | G29: 2022 | H29: G9 Warpath/Warpath W/Lockheed/ Firefly | I29: NBL KB | J29: 14 | K29: Flint Opaque | L29: W China | M29: INVENTEC | N29: =6.85-0.7 -> 6.15 | O29: =6.85-0.7 -> 6.15 | P29: =6.85-0.7 -> 6.15 | Q29: =6.85-0.7 -> 6.15 | R29: =6.85-0.7 -> 6.15 | S29: =6.85-0.7 -> 6.15 | T29: =6.85-0.7 -> 6.15 | U29: =6.85-0.7 -> 6.15 | ... Z29: =6.85-0.7 -> 6.15 | AA29: 0.8 | AB29: =AA29 -> 0.8 | AC29: =AB29 -> 0.8 | AD29: =AC29 -> 0.8 | AE29: 1.06 | AF29: =AE29 -> 1.06 | AG29: =AF29 -> 1.06 | AH29: =AG29 -> 1.06 | AI29: =AH29 -> 1.06 | AJ29: =AI29 -> 1.06 | AK29: =AJ29 -> 1.06 | AL29: =AK29 -> 1.06 | AM29: =AL29 -> 1.06 | AN29: 2400 | AO29: =AB29*AN29 -> 1920 | AP29: 1356 | AQ29: =AC29*AP29 -> 1084.8 | AR29: 3032 | AS29: =AD29*AR29 -> 2425.6 | AT29: 2720 | AU29: =AE29*AT29 -> 2883.2 | AV29: 3960 | AW29: =AF29*AV29 -> 4197.6 | AX29: 2080 | AY29: =AG29*AX29 -> 2204.8 | AZ29: 3800 | BA29: =AH29*AZ29 -> 4028 | BB29: 4920 | BC29: =AI29*BB29 -> 5215.2 | BD29: 3376 | BE29: =AJ29*BD29 -> 3578.56 | BF29: 3500 | BG29: =AK29*BF29 -> 3710 | BH29: 4800 | BI29: =AL29*BH29 -> 5088 | BJ29: 4012 | BK29: =AM29*BJ29 -> 4252.72
A30: FY23 | B30: Iris Huang | C30: Primax | D30: Commercial | E30: NB | G30: 2023 | H30: G10 Warg/Warg W/ Lox | I30: BL KB | J30: 16 | K30: Flint Opaque | L30: W China | M30: INVENTEC | N30: =N26+0.26 -> 16.56 | O30: =O26+0.26 -> 16.56 | P30: =P26+0.26 -> 16.56 | Q30: =Q26+0.26 -> 16.56 | R30: =R26+0.26 -> 16.56 | S30: =S26+0.26 -> 16.56 | T30: =T26+0.26 -> 16.56 | U30: =U26+0.26 -> 16.56 | ... Z30: =Z26+0.26 -> 16.56 | AA30: 0 | AB30: 0 | AC30: 0 | AD30: 0 | AE30: 0 | AF30: 0 | AG30: 0 | AH30: 4 | AI30: 4 | AJ30: 4 | AK30: 4 | AL30: 5 | AM30: 5 | AZ30: 6160 | BA30: =AH30*AZ30 -> 24640 | BB30: 14546 | BC30: =AI30*BB30 -> 58184 | BD30: 13183 | BE30: =AJ30*BD30 -> 52732 | BF30: 14848 | BG30: =AK30*BF30 -> 59392 | BH30: 23120 | BI30: =AL30*BH30 -> 115600 | BJ30: 18960 | BK30: =AM30*BJ30 -> 94800
A31: FY23 | B31: Iris Huang | C31: Primax | D31: Commercial | E31: NB | G31: 2023 | H31: G10 Warg/Warg W/ Lox | I31: NBL KB | J31: 16 | K31: Flint Opaque | L31: W China | M31: INVENTEC | N31: =N27+0.17 -> 6.42 | O31: =O27+0.17 -> 6.42 | P31: =P27+0.17 -> 6.42 | Q31: =Q27+0.17 -> 6.42 | R31: =R27+0.17 -> 6.42 | S31: =S27+0.17 -> 6.42 | T31: =T27+0.17 -> 6.42 | U31: =U27+0.17 -> 6.42 | ... Z31: =Z27+0.17 -> 6.42 | AA31: 0 | AB31: 0 | AC31: 0 | AD31: 0 | AE31: 0 | AF31: 0 | AG31: 0 | AH31: 0.6 | AI31: 0.6 | AJ31: 0.6 | AK31: 0.6 | AL31: =AK31 -> 0.6 | AM31: =AL31 -> 0.6 | AZ31: 280 | BA31: =AH31*AZ31 -> 168 | BB31: 1120 | BC31: =AI31*BB31 -> 672 | BD31: 2606 | BE31: =AJ31*BD31 -> 1563.6 | BF31: 2000 | BG31: =AK31*BF31 -> 1200 | BH31: 1592 | BI31: =AL31*BH31 -> 955.2 | BJ31: 1480 | BK31: =AM31*BJ31 -> 888
A32: FY23 | B32: Iris Huang | C32: Primax | D32: Commercial | E32: NB | G32: 2023 | H32: G10 Warg/Warg W/ Lox | I32: BL KB | J32: 14 | K32: Flint Opaque | L32: W China | M32: INVENTEC | N32: =N28+0.26 -> 14.86 | O32: =O28+0.26 -> 14.86 | P32: =P28+0.26 -> 14.86 | Q32: =Q28+0.26 -> 14.86 | R32: =R28+0.26 -> 14.86 | S32: =S28+0.26 -> 14.86 | T32: =T28+0.26 -> 14.86 | U32: =U28+0.26 -> 14.86 | ... Z32: =Z28+0.26 -> 14.86 | AA32: 0 | AB32: 0 | AC32: 0 | AD32: 0 | AE32: 0 | AF32: 0 | AG32: 0 | AH32: 4.42 | AI32: 4.42 | AJ32: 4.42 | AK32: 4.42 | AL32: =AK32 -> 4.42 | AM32: =AL32 -> 4.42 | AZ32: 7040 | BA32: =AH32*AZ32 -> 31116.8 | BB32: 23150 | BC32: =AI32*BB32 -> 102323 | BD32: 24315 | BE32: =AJ32*BD32 -> 107472.3 | BF32: 37598 | BG32: =AK32*BF32 -> 166183.16 | BH32: 48426 | BI32: =AL32*BH32 -> 214042.92 | BJ32: 62654 | BK32: =AM32*BJ32 -> 276930.68
A33: FY23 | B33: Iris Huang | C33: Primax | D33: Commercial | E33: NB | G33: 2023 | H33: G10 Warg/Warg W/ Lox | I33: NBL KB | J33: 14 | K33: Flint Opaque | L33: W China | M33: INVENTEC | N33: =N29+0.17 -> 6.32 | O33: =O29+0.17 -> 6.32 | P33: =P29+0.17 -> 6.32 | Q33: =Q29+0.17 -> 6.32 | R33: =R29+0.17 -> 6.32 | S33: =S29+0.17 -> 6.32 | T33: =T29+0.17 -> 6.32 | U33: =U29+0.17 -> 6.32 | ... Z33: =Z29+0.17 -> 6.32 | AA33: 0 | AB33: 0 | AC33: 0 | AD33: 0 | AE33: 0 | AF33: 0 | AG33: 0 | AH33: 1.06 | AI33: 1.06 | AJ33: 1.06 | AK33: 1.06 | AL33: =AK33 -> 1.06 | AM33: =AL33 -> 1.06 | AZ33: 240 | BA33: =AH33*AZ33 -> 254.4 | BB33: 1040 | BC33: =AI33*BB33 -> 1102.4 | BD33: 904 | BE33: =AJ33*BD33 -> 958.24 | BF33: 1958 | BG33: =AK33*BF33 -> 2075.48 | BH33: 2039 | BI33: =AL33*BH33 -> 2161.34 | BJ33: 2318 | BK33: =AM33*BJ33 -> 2457.08
A34: FY23 | AC34: =AB34 -> 0 | AF34: =AE34 -> 0 | AG34: =AF34 -> 0 | AH34: =AG34 -> 0 | AI34: =AH34 -> 0 | AJ34: =AI34 -> 0 | AK34: =AJ34 -> 0 | AL34: =AK34 -> 0 | AM34: =AL34 -> 0 | AO34: =AB34*AN34 -> 0 | AQ34: =AC34*AP34 -> 0 | AS34: =AD34*AR34 -> 0 | AU34: =AE34*AT34 -> 0 | AW34: =AF34*AV34 -> 0 | AY34: =AG34*AX34 -> 0 | BA34: =AH34*AZ34 -> 0 | BC34: =AI34*BB34 -> 0 | BE34: =AJ34*BD34 -> 0 | BG34: =AK34*BF34 -> 0 | BI34: =AL34*BH34 -> 0 | BK34: =AM34*BJ34 -> 0
A35: FY23 | B35: Iris Huang | C35: Primax | D35: Commercial | E35: NB | F35: 1000 | G35: 2022 | H35: G3 Starfox | I35: BL KB | J35: 13 | K35: Sentry Black | L35: W China | M35: INVENTEC | N35: 17.3 | O35: 17.3 | P35: 17.3 | Q35: 17.3 | R35: 17.3 | S35: 17.3 | T35: 17.3 | U35: 17.3 | V35: 17.3 | W35: 17.3 | X35: 17.3 | Y35: 17.3 | Z35: 17.3 | AA35: 4 | AB35: =AA35 -> 4 | AC35: =AB35 -> 4 | AD35: =AC35 -> 4 | AE35: 4.5 | AF35: =AE35 -> 4.5 | AG35: =AF35 -> 4.5 | AH35: =AG35 -> 4.5 | AI35: =AH35 -> 4.5 | AJ35: =AI35 -> 4.5 | AK35: =AJ35 -> 4.5 | AL35: 5 | AM35: 5 | AN35: 475 | AO35: =AB35*AN35 -> 1900 | AP35: 2170 | AQ35: =AC35*AP35 -> 8680 | AR35: 1170 | AS35: =AD35*AR35 -> 4680 | AT35: 440 | AU35: =AE35*AT35 -> 1980 | AV35: 240 | AW35: =AF35*AV35 -> 1080 | AX35: 160 | AY35: =AG35*AX35 -> 720 | AZ35: 120 | BA35: =AH35*AZ35 -> 540 | BB35: 160 | BC35: =AI35*BB35 -> 720 | BD35: 80 | BE35: =AJ35*BD35 -> 360 | BF35: 320 | BG35: =AK35*BF35 -> 1440 | BH35: 240 | BI35: =AL35*BH35 -> 1200 | BJ35: 320 | BK35: =AM35*BJ35 -> 1600
A36: FY23 | B36: Iris Huang | C36: Primax | D36: Commercial | E36: NB | G36: 2022 | H36: G3 Starfox | I36: BL KB | J36: 13 | K36: Slate Blue | L36: W China | M36: INVENTEC | N36: 18.65 | O36: 18.65 | P36: 18.65 | Q36: 18.65 | R36: 18.65 | S36: 18.65 | T36: 18.65 | U36: 18.65 | V36: 18.65 | W36: 18.65 | X36: 18.65 | Y36: 18.65 | Z36: 18.65 | AA36: 4 | AB36: =AA36 -> 4 | AC36: =AB36 -> 4 | AD36: =AC36 -> 4 | AE36: 4.5 | AF36: =AE36 -> 4.5 | AG36: =AF36 -> 4.5 | AH36: =AG36 -> 4.5 | AI36: =AH36 -> 4.5 | AJ36: =AI36 -> 4.5 | AK36: =AJ36 -> 4.5 | AL36: 5.2 | AM36: 5.2 | AN36: 1000 | AO36: =AB36*AN36 -> 4000 | AP36: 3039 | AQ36: =AC36*AP36 -> 12156 | AR36: 2039 | AS36: =AD36*AR36 -> 8156 | AT36: 680 | AU36: =AE36*AT36 -> 3060 | AV36: 2600 | AW36: =AF36*AV36 -> 11700 | AX36: 1280 | AY36: =AG36*AX36 -> 5760 | AZ36: 1400 | BA36: =AH36*AZ36 -> 6300 | BB36: 2595 | BC36: =AI36*BB36 -> 11677.5 | BD36: 1320 | BE36: =AJ36*BD36 -> 5940 | BF36: 2400 | BG36: =AK36*BF36 -> 10800 | BH36: 6400 | BI36: =AL36*BH36 -> 33280 | BJ36: 5800 | BK36: =AM36*BJ36 -> 30160
A37: FY23 | AC37: =AB37 -> 0 | AF37: =AE37 -> 0 | AG37: =AF37 -> 0 | AH37: =AG37 -> 0 | AI37: =AH37 -> 0 | AJ37: =AI37 -> 0 | AK37: =AJ37 -> 0 | AL37: =AK37 -> 0 | AM37: =AL37 -> 0 | AO37: =AB37*AN37 -> 0 | AQ37: =AC37*AP37 -> 0 | AS37: =AD37*AR37 -> 0 | AU37: =AE37*AT37 -> 0 | AW37: =AF37*AV37 -> 0 | AY37: =AG37*AX37 -> 0 | BA37: =AH37*AZ37 -> 0 | BC37: =AI37*BB37 -> 0 | BE37: =AJ37*BD37 -> 0 | BG37: =AK37*BF37 -> 0 | BI37: =AL37*BH37 -> 0 | BK37: =AM37*BJ37 -> 0
A38: FY23 | AC38: =AB38 -> 0 | AF38: =AE38 -> 0 | AG38: =AF38 -> 0 | AH38: =AG38 -> 0 | AI38: =AH38 -> 0 | AJ38: =AI38 -> 0 | AK38: =AJ38 -> 0 | AL38: =AK38 -> 0 | AM38: =AL38 -> 0 | AO38: =AB38*AN38 -> 0 | AQ38: =AC38*AP38 -> 0 | AS38: =AD38*AR38 -> 0 | AU38: =AE38*AT38 -> 0 | AW38: =AF38*AV38 -> 0 | AY38: =AG38*AX38 -> 0 | BA38: =AH38*AZ38 -> 0 | BC38: =AI38*BB38 -> 0 | BE38: =AJ38*BD38 -> 0 | BG38: =AK38*BF38 -> 0 | BI38: =AL38*BH38 -> 0 | BK38: =AM38*BJ38 -> 0
A39: FY23 | F39: Probook | AC39: =AB39 -> 0 | AF39: =AE39 -> 0 | AG39: =AF39 -> 0 | AH39: =AG39 -> 0 | AI39: =AH39 -> 0 | AJ39: =AI39 -> 0 | AK39: =AJ39 -> 0 | AL39: =AK39 -> 0 | AM39: =AL39 -> 0 | AO39: =AB39*AN39 -> 0 | AQ39: =AC39*AP39 -> 0 | AS39: =AD39*AR39 -> 0 | AU39: =AE39*AT39 -> 0 | AW39: =AF39*AV39 -> 0 | AY39: =AG39*AX39 -> 0 | BA39: =AH39*AZ39 -> 0 | BC39: =AI39*BB39 -> 0 | BE39: =AJ39*BD39 -> 0 | BG39: =AK39*BF39 -> 0 | BI39: =AL39*BH39 -> 0 | BK39: =AM39*BJ39 -> 0
A40: FY23 | AC40: =AB40 -> 0 | AF40: =AE40 -> 0 | AG40: =AF40 -> 0 | AH40: =AG40 -> 0 | AI40: =AH40 -> 0 | AJ40: =AI40 -> 0 | AK40: =AJ40 -> 0 | AL40: =AK40 -> 0 | AM40: =AL40 -> 0 | AO40: =AB40*AN40 -> 0 | AQ40: =AC40*AP40 -> 0 | AS40: =AD40*AR40 -> 0 | AU40: =AE40*AT40 -> 0 | AW40: =AF40*AV40 -> 0 | AY40: =AG40*AX40 -> 0 | BA40: =AH40*AZ40 -> 0 | BC40: =AI40*BB40 -> 0 | BE40: =AJ40*BD40 -> 0 | BG40: =AK40*BF40 -> 0 | BI40: =AL40*BH40 -> 0 | BK40: =AM40*BJ40 -> 0
A41: FY23 | B41: Iris Huang | C41: Primax | D41: Commercial | E41: NB | F41: Education | G41: 2020 | H41: Alloe/ Anthem | I41: NBL KB | J41: 11 | K41: Chalkboard/Gray/Dusk Blue | L41: W China | M41: INVENTEC | N41: 4.85 | O41: 4.85 | P41: 4.85 | Q41: 4.85 | R41: 4.85 | S41: 4.85 | T41: 4.85 | U41: 4.85 | V41: 4.85 | W41: 4.85 | X41: 4.85 | Y41: 4.85 | Z41: 4.85 | AA41: 0.8 | AB41: 1 | AC41: =AB41 -> 1 | AD41: =AC41 -> 1 | AE41: 1.05 | AF41: =AE41 -> 1.05 | AG41: =AF41 -> 1.05 | AH41: =AG41 -> 1.05 | AI41: =AH41 -> 1.05 | AJ41: =AI41 -> 1.05 | AK41: =AJ41 -> 1.05 | AL41: =AK41 -> 1.05 | AM41: =AL41 -> 1.05 | AN41: 1166 | AO41: =AB41*AN41 -> 1166 | AP41: 480 | AQ41: =AC41*AP41 -> 480 | AR41: 1200 | AS41: =AD41*AR41 -> 1200 | AT41: 600 | AU41: =AE41*AT41 -> 630 | AV41: 760 | AW41: =AF41*AV41 -> 798 | AX41: 1200 | AY41: =AG41*AX41 -> 1260 | AZ41: 9432 | BA41: =AH41*AZ41 -> 9903.6 | BB41: 1995 | BC41: =AI41*BB41 -> 2094.75 | BD41: 2151 | BE41: =AJ41*BD41 -> 2258.55 | BF41: 1160 | BG41: =AK41*BF41 -> 1218 | BH41: 440 | BI41: =AL41*BH41 -> 462 | BJ41: 1480 | BK41: =AM41*BJ41 -> 1554
A42: FY23 | AC42: =AB42 -> 0 | AF42: =AE42 -> 0 | AG42: =AF42 -> 0 | AH42: =AG42 -> 0 | AI42: =AH42 -> 0 | AJ42: =AI42 -> 0 | AK42: =AJ42 -> 0 | AL42: =AK42 -> 0 | AM42: =AL42 -> 0 | AO42: =AB42*AN42 -> 0 | AQ42: =AC42*AP42 -> 0 | AS42: =AD42*AR42 -> 0 | AU42: =AE42*AT42 -> 0 | AW42: =AF42*AV42 -> 0 | AY42: =AG42*AX42 -> 0 | BA42: =AH42*AZ42 -> 0 | BC42: =AI42*BB42 -> 0 | BE42: =AJ42*BD42 -> 0 | BG42: =AK42*BF42 -> 0 | BI42: =AL42*BH42 -> 0 | BK42: =AM42*BJ42 -> 0
A43: FY23 | B43: Iris Huang | C43: Primax | D43: Commercial | E43: NB | F43: MWS (Workstation) | G43: 2022 | H43: Vision | I43: BL KB | J43: 16 | K43: Flint Opaque | L43: W China | M43: INVENTEC | N43: 17.3 | O43: 17.3 | P43: 17.3 | Q43: 17.3 | R43: 17.3 | S43: 17.3 | T43: 17.3 | U43: 17.3 | V43: 17.3 | W43: 17.3 | X43: 17.3 | Y43: 17.3 | Z43: 17.3 | AA43: 3.6 | AB43: 4 | AC43: =AB43 -> 4 | AD43: =AC43 -> 4 | AE43: 4.5 | AF43: =AE43 -> 4.5 | AG43: =AF43 -> 4.5 | AH43: =AG43 -> 4.5 | AI43: =AH43 -> 4.5 | AJ43: =AI43 -> 4.5 | AK43: =AJ43 -> 4.5 | AL43: 5 | AM43: 5 | AN43: 2560 | AO43: =AB43*AN43 -> 10240 | AP43: 2560 | AQ43: =AC43*AP43 -> 10240 | AR43: 2560 | AS43: =AD43*AR43 -> 10240 | AT43: 3720 | AU43: =AE43*AT43 -> 16740 | AV43: 6159 | AW43: =AF43*AV43 -> 27715.5 | AX43: 5171 | AY43: =AG43*AX43 -> 23269.5 | AZ43: 5120 | BA43: =AH43*AZ43 -> 23040 | BB43: 9476 | BC43: =AI43*BB43 -> 42642 | BD43: 10897 | BE43: =AJ43*BD43 -> 49036.5 | BF43: 9940 | BG43: =AK43*BF43 -> 44730 | BH43: 10706 | BI43: =AL43*BH43 -> 53530 | BJ43: 7800 | BK43: =AM43*BJ43 -> 39000
A44: FY23 | AC44: =AB44 -> 0 | AF44: =AE44 -> 0 | AG44: =AF44 -> 0 | AH44: =AG44 -> 0 | AI44: =AH44 -> 0 | AJ44: =AI44 -> 0 | AK44: =AJ44 -> 0 | AL44: =AK44 -> 0 | AM44: =AL44 -> 0 | AO44: =AB44*AN44 -> 0 | AQ44: =AC44*AP44 -> 0 | AS44: =AD44*AR44 -> 0 | AU44: =AE44*AT44 -> 0 | AW44: =AF44*AV44 -> 0 | AY44: =AG44*AX44 -> 0 | BA44: =AH44*AZ44 -> 0 | BC44: =AI44*BB44 -> 0 | BE44: =AJ44*BD44 -> 0 | BG44: =AK44*BF44 -> 0 | BI44: =AL44*BH44 -> 0 | BK44: =AM44*BJ44 -> 0
A45: FY23 | B45: Iris Huang | C45: Primax | D45: Commercial | E45: NB | F45: Soft Keyboard | G45: 2019 | H45: MCLAREN | I45: NBL KB | J45: 13 | K45: Dark Grey | L45: E China | M45: COMPAL | N45: 73.7 | O45: 73.7 | P45: 73.7 | Q45: 73.7 | R45: 73.7 | S45: 73.7 | T45: 73.7 | U45: 73.7 | V45: 73.7 | W45: 73.7 | X45: 73.7 | Y45: 73.7 | Z45: 73.7 | AA45: 0 | AB45: =AA45 -> 0 | AC45: =AB45 -> 0 | AD45: =AC45 -> 0 | AE45: =AD45 -> 0 | AF45: =AE45 -> 0 | AG45: =AF45 -> 0 | AH45: =AG45 -> 0 | AI45: =AH45 -> 0 | ... AM45: =AL45 -> 0 | AN45: 6359 | AO45: =AB45*AN45 -> 0 | AP45: 6800 | AQ45: =AC45*AP45 -> 0 | AR45: 5600 | AS45: =AD45*AR45 -> 0 | AT45: 6359 | AU45: =AE45*AT45 -> 0 | AV45: 6800 | AW45: =AF45*AV45 -> 0 | AX45: 5820 | AY45: =AG45*AX45 -> 0 | AZ45: 7537 | BA45: =AH45*AZ45 -> 0 | BB45: 4060 | BC45: =AI45*BB45 -> 0 | BD45: 5600 | BE45: =AJ45*BD45 -> 0 | BF45: 4740 | BG45: =AK45*BF45 -> 0 | BH45: 6588 | BI45: =AL45*BH45 -> 0 | BJ45: 4720 | BK45: =AM45*BJ45 -> 0
A46: FY23 | AC46: =AB46 -> 0 | AF46: =AE46 -> 0 | AG46: =AF46 -> 0 | AH46: =AG46 -> 0 | AI46: =AH46 -> 0 | AJ46: =AI46 -> 0 | AK46: =AJ46 -> 0 | AL46: =AK46 -> 0 | AM46: =AL46 -> 0 | AO46: =AB46*AN46 -> 0 | AQ46: =AC46*AP46 -> 0 | AS46: =AD46*AR46 -> 0 | AU46: =AE46*AT46 -> 0 | AW46: =AF46*AV46 -> 0 | AY46: =AG46*AX46 -> 0 | BA46: =AH46*AZ46 -> 0 | BC46: =AI46*BB46 -> 0 | BE46: =AJ46*BD46 -> 0 | BG46: =AK46*BF46 -> 0 | BI46: =AL46*BH46 -> 0 | BK46: =AM46*BJ46 -> 0
A47: FY23 | AC47: =AB47 -> 0 | AF47: =AE47 -> 0 | AG47: =AF47 -> 0 | AH47: =AG47 -> 0 | AI47: =AH47 -> 0 | AJ47: =AI47 -> 0 | AK47: =AJ47 -> 0 | AL47: =AK47 -> 0 | AM47: =AL47 -> 0 | AO47: =AB47*AN47 -> 0 | AQ47: =AC47*AP47 -> 0 | AS47: =AD47*AR47 -> 0 | AU47: =AE47*AT47 -> 0 | AW47: =AF47*AV47 -> 0 | AY47: =AG47*AX47 -> 0 | BA47: =AH47*AZ47 -> 0 | BC47: =AI47*BB47 -> 0 | BE47: =AJ47*BD47 -> 0 | BG47: =AK47*BF47 -> 0 | BI47: =AL47*BH47 -> 0 | BK47: =AM47*BJ47 -> 0
A48: FY23 | AC48: =AB48 -> 0 | AF48: =AE48 -> 0 | AG48: =AF48 -> 0 | AH48: =AG48 -> 0 | AI48: =AH48 -> 0 | AJ48: =AI48 -> 0 | AK48: =AJ48 -> 0 | AL48: =AK48 -> 0 | AM48: =AL48 -> 0 | AO48: =AB48*AN48 -> 0 | AQ48: =AC48*AP48 -> 0 | AS48: =AD48*AR48 -> 0 | AU48: =AE48*AT48 -> 0 | AW48: =AF48*AV48 -> 0 | AY48: =AG48*AX48 -> 0 | BA48: =AH48*AZ48 -> 0 | BC48: =AI48*BB48 -> 0 | BE48: =AJ48*BD48 -> 0 | BG48: =AK48*BF48 -> 0 | BI48: =AL48*BH48 -> 0 | BK48: =AM48*BJ48 -> 0
A49: FY23 | F49: Chromebook | AC49: =AB49 -> 0 | AF49: =AE49 -> 0 | AG49: =AF49 -> 0 | AH49: =AG49 -> 0 | AI49: =AH49 -> 0 | AJ49: =AI49 -> 0 | AK49: =AJ49 -> 0 | AL49: =AK49 -> 0 | AM49: =AL49 -> 0 | AO49: =AB49*AN49 -> 0 | AQ49: =AC49*AP49 -> 0 | AS49: =AD49*AR49 -> 0 | AU49: =AE49*AT49 -> 0 | AW49: =AF49*AV49 -> 0 | AY49: =AG49*AX49 -> 0 | BA49: =AH49*AZ49 -> 0 | BC49: =AI49*BB49 -> 0 | BE49: =AJ49*BD49 -> 0 | BG49: =AK49*BF49 -> 0 | BI49: =AL49*BH49 -> 0 | BK49: =AM49*BJ49 -> 0
A50: FY23 | AC50: =AB50 -> 0 | AF50: =AE50 -> 0 | AG50: =AF50 -> 0 | AH50: =AG50 -> 0 | AI50: =AH50 -> 0 | AJ50: =AI50 -> 0 | AK50: =AJ50 -> 0 | AL50: =AK50 -> 0 | AM50: =AL50 -> 0 | AO50: =AB50*AN50 -> 0 | AQ50: =AC50*AP50 -> 0 | AS50: =AD50*AR50 -> 0 | AU50: =AE50*AT50 -> 0 | AW50: =AF50*AV50 -> 0 | AY50: =AG50*AX50 -> 0 | BA50: =AH50*AZ50 -> 0 | BC50: =AI50*BB50 -> 0 | BE50: =AJ50*BD50 -> 0 | BG50: =AK50*BF50 -> 0 | BI50: =AL50*BH50 -> 0 | BK50: =AM50*BJ50 -> 0
A51: FY23 | AC51: =AB51 -> 0 | AF51: =AE51 -> 0 | AG51: =AF51 -> 0 | AH51: =AG51 -> 0 | AI51: =AH51 -> 0 | AJ51: =AI51 -> 0 | AK51: =AJ51 -> 0 | AL51: =AK51 -> 0 | AM51: =AL51 -> 0 | AO51: =AB51*AN51 -> 0 | AQ51: =AC51*AP51 -> 0 | AS51: =AD51*AR51 -> 0 | AU51: =AE51*AT51 -> 0 | AW51: =AF51*AV51 -> 0 | AY51: =AG51*AX51 -> 0 | BA51: =AH51*AZ51 -> 0 | BC51: =AI51*BB51 -> 0 | BE51: =AJ51*BD51 -> 0 | BG51: =AK51*BF51 -> 0 | BI51: =AL51*BH51 -> 0 | BK51: =AM51*BJ51 -> 0
A52: FY23 | B52: Sandy Lu | C52: Primax | D52: Commercial | E52: DT | F52: DT | G52: 2015 | H52: Skylab USB KB | I52: NBL KB | J52: NA/ | K52: NA/ | L52: W China | M52: OTHERS | N52: 5.55 | O52: 5.55 | P52: 5.55 | Q52: 5.55 | R52: 5.55 | S52: 5.55 | T52: 5.55 | U52: 5.55 | V52: 5.55 | W52: 5.55 | X52: 5.55 | Y52: 5.55 | Z52: 5.55 | AA52: 0.21 | AB52: =AA52 -> 0.21 | AC52: =AB52 -> 0.21 | AD52: =AC52 -> 0.21 | AE52: =AD52 -> 0.21 | AF52: =AE52 -> 0.21 | AG52: =AF52 -> 0.21 | AH52: =AG52 -> 0.21 | AI52: =AH52 -> 0.21 | ... AM52: =AL52 -> 0.21 | AN52: 21810 | AO52: =AB52*AN52 -> 4580.1 | AP52: 7590 | AQ52: =AC52*AP52 -> 1593.9 | AR52: 25940 | AS52: =AD52*AR52 -> 5447.4 | AT52: 14700 | AU52: =AE52*AT52 -> 3087 | AV52: 7560 | AW52: =AF52*AV52 -> 1587.6 | AX52: 13020 | AY52: =AG52*AX52 -> 2734.2 | AZ52: 10610 | BA52: =AH52*AZ52 -> 2228.1 | BB52: 18910 | BC52: =AI52*BB52 -> 3971.1 | BD52: 22020 | BE52: =AJ52*BD52 -> 4624.2 | BF52: 14270 | BG52: =AK52*BF52 -> 2996.7 | BH52: 3790 | BI52: =AL52*BH52 -> 795.9 | BJ52: 4479 | BK52: =AM52*BJ52 -> 940.59 | BL52: 803181-xx1
A53: FY23 | B53: Sandy Lu | C53: Primax | D53: Commercial | E53: DT | G53: 2015 | H53: Skylab Antimicrobial KBD | I53: NBL KB | J53: NA/ | K53: NA/ | L53: W China | M53: OTHERS | N53: 6.05 | O53: 6.05 | P53: 6.05 | Q53: 6.05 | R53: 6.05 | S53: 6.05 | T53: 6.05 | U53: 6.05 | V53: 6.05 | W53: 6.05 | X53: 6.05 | Y53: 6.05 | Z53: 6.05 | AA53: 0.5 | AB53: =AA53 -> 0.5 | AC53: =AB53 -> 0.5 | AD53: =AC53 -> 0.5 | AE53: =AD53 -> 0.5 | AF53: =AE53 -> 0.5 | AG53: =AF53 -> 0.5 | AH53: =AG53 -> 0.5 | AI53: =AH53 -> 0.5 | ... AM53: =AL53 -> 0.5 | AN53: 250 | AO53: =AB53*AN53 -> 125 | AP53: 2290 | AQ53: =AC53*AP53 -> 1145 | AR53: 560 | AS53: =AD53*AR53 -> 280 | AT53: 130 | AU53: =AE53*AT53 -> 65 | AV53: 0 | AW53: =AF53*AV53 -> 0 | AX53: 2400 | AY53: =AG53*AX53 -> 1200 | AZ53: 0 | BA53: =AH53*AZ53 -> 0 | BB53: 0 | BC53: =AI53*BB53 -> 0 | BD53: 0 | BE53: =AJ53*BD53 -> 0 | BF53: 0 | BG53: =AK53*BF53 -> 0 | BH53: 330 | BI53: =AL53*BH53 -> 165 | BJ53: 10 | BK53: =AM53*BJ53 -> 5 | BL53: 911504-AA1
A54: FY23 | B54: Sandy Lu | C54: Primax | D54: Commercial | E54: DT | G54: 2012 | H54: Apollo Hardened | I54: Mouse | J54: NA/ | K54: NA/ | L54: W China | M54: OTHERS | N54: 2.32 | O54: 2.32 | P54: 2.32 | Q54: 2.32 | R54: 2.32 | S54: 2.32 | T54: 2.32 | U54: 2.32 | V54: 2.32 | W54: 2.32 | X54: 2.32 | Y54: 2.32 | Z54: 2.32 | AA54: 0.12 | AB54: =AA54 -> 0.12 | AC54: =AB54 -> 0.12 | AD54: =AC54 -> 0.12 | AE54: =AD54 -> 0.12 | AF54: =AE54 -> 0.12 | AG54: =AF54 -> 0.12 | AH54: =AG54 -> 0.12 | AI54: =AH54 -> 0.12 | ... AM54: =AL54 -> 0.12 | AN54: 14000 | AO54: =AB54*AN54 -> 1680 | AP54: 3400 | AQ54: =AC54*AP54 -> 408 | AR54: 15500 | AS54: =AD54*AR54 -> 1860 | AT54: 16200 | AU54: =AE54*AT54 -> 1944 | AV54: 29200 | AW54: =AF54*AV54 -> 3504 | AX54: 7000 | AY54: =AG54*AX54 -> 840 | AZ54: 6100 | BA54: =AH54*AZ54 -> 732 | BB54: 4300 | BC54: =AI54*BB54 -> 516 | BD54: 6400 | BE54: =AJ54*BD54 -> 768 | BF54: 1300 | BG54: =AK54*BF54 -> 156 | BH54: 1700 | BI54: =AL54*BH54 -> 204 | BJ54: 1700 | BK54: =AM54*BJ54 -> 204 | BL54: 827577-001
A55: FY23 | B55: Sandy Lu | C55: Primax | D55: Commercial | E55: DT | G55: 2020 | H55: Halley | I55: NBL KB | J55: NA/ | K55: NA/ | L55: W China | M55: OTHERS | N55: 5.26 | O55: 5.26 | P55: 5.26 | Q55: 5.26 | R55: 5.26 | S55: 5.26 | T55: 5.26 | U55: 5.26 | V55: 5.26 | W55: 5.26 | X55: 5.26 | Y55: 5.26 | Z55: 5.26 | AA55: 0.26 | AB55: =AA55 -> 0.26 | AC55: =AB55 -> 0.26 | AD55: =AC55 -> 0.26 | AE55: =AD55 -> 0.26 | AF55: =AE55 -> 0.26 | AG55: =AF55 -> 0.26 | AH55: =AG55 -> 0.26 | AI55: =AH55 -> 0.26 | ... AM55: =AL55 -> 0.26 | AN55: 78120 | AO55: =AB55*AN55 -> 20311.2 | AP55: 186459 | AQ55: =AC55*AP55 -> 48479.34 | AR55: 117600 | AS55: =AD55*AR55 -> 30576 | AT55: 105120 | AU55: =AE55*AT55 -> 27331.2 | AV55: 128979 | AW55: =AF55*AV55 -> 33534.54 | AX55: 74196 | AY55: =AG55*AX55 -> 19290.96 | AZ55: 44410 | BA55: =AH55*AZ55 -> 11546.6 | BB55: 117804 | BC55: =AI55*BB55 -> 30629.04 | BD55: 65024 | BE55: =AJ55*BD55 -> 16906.24 | BF55: 86520 | BG55: =AK55*BF55 -> 22495.2 | BH55: 88723 | BI55: =AL55*BH55 -> 23067.98 | BJ55: 142440 | BK55: =AM55*BJ55 -> 37034.4 | BL55: L96909-xx1
A56: FY23 | B56: Sandy Lu | C56: Primax | D56: Commercial | E56: DT | G56: 2020 | H56: Halley | I56: Mouse | J56: NA/ | K56: NA/ | L56: W China | M56: OTHERS | N56: 2.15 | O56: 2.15 | P56: 2.15 | Q56: 2.15 | R56: 2.15 | S56: 2.15 | T56: 2.15 | U56: 2.15 | V56: 2.15 | W56: 2.15 | X56: 2.15 | Y56: 2.15 | Z56: 2.15 | AA56: 0.1 | AB56: =AA56 -> 0.1 | AC56: =AB56 -> 0.1 | AD56: =AC56 -> 0.1 | AE56: =AD56 -> 0.1 | AF56: =AE56 -> 0.1 | AG56: =AF56 -> 0.1 | AH56: =AG56 -> 0.1 | AI56: =AH56 -> 0.1 | ... AM56: =AL56 -> 0.1 | AN56: 111840 | AO56: =AB56*AN56 -> 11184 | AP56: 158396 | AQ56: =AC56*AP56 -> 15839.6 | AR56: 185760 | AS56: =AD56*AR56 -> 18576 | AT56: 125280 | AU56: =AE56*AT56 -> 12528 | AV56: 73560 | AW56: =AF56*AV56 -> 7356 | AX56: 87360 | AY56: =AG56*AX56 -> 8736 | AZ56: 72600 | BA56: =AH56*AZ56 -> 7260 | BB56: 113040 | BC56: =AI56*BB56 -> 11304 | BD56: 159515 | BE56: =AJ56*BD56 -> 15951.5 | BF56: 147360 | BG56: =AK56*BF56 -> 14736 | BH56: 130920 | BI56: =AL56*BH56 -> 13092 | BJ56: 97520 | BK56: =AM56*BJ56 -> 9752 | BL56: L96910-001
A57: FY23 | B57: Sandy Lu | C57: Primax | D57: Commercial | E57: DT | G57: 2021 | H57: Captain Crunch Antimicrobial | I57: NBL KB | J57: NA/ | K57: NA/ | L57: W China | M57: OTHERS | N57: 4.03 | O57: 4.03 | P57: 4.03 | Q57: 4.03 | R57: 4.03 | S57: 4.03 | T57: 4.03 | U57: 4.03 | V57: 4.03 | W57: 4.03 | X57: 4.03 | Y57: 4.03 | Z57: 4.03 | AA57: 0.17 | AB57: =AA57 -> 0.17 | AC57: =AB57 -> 0.17 | AD57: =AC57 -> 0.17 | AE57: =AD57 -> 0.17 | AF57: =AE57 -> 0.17 | AG57: =AF57 -> 0.17 | AH57: =AG57 -> 0.17 | AI57: =AH57 -> 0.17 | ... AM57: =AL57 -> 0.17 | AN57: 74652 | AO57: =AB57*AN57 -> 12690.84 | AP57: 51984 | AQ57: =AC57*AP57 -> 8837.28 | AR57: 130296 | AS57: =AD57*AR57 -> 22150.32 | AT57: 42384 | AU57: =AE57*AT57 -> 7205.28 | AV57: 93888 | AW57: =AF57*AV57 -> 15960.96 | AX57: 99204 | AY57: =AG57*AX57 -> 16864.68 | AZ57: 68004 | BA57: =AH57*AZ57 -> 11560.68 | BB57: 112632 | BC57: =AI57*BB57 -> 19147.44 | BD57: 83016 | BE57: =AJ57*BD57 -> 14112.72 | BF57: 136284 | BG57: =AK57*BF57 -> 23168.28 | BH57: 95388 | BI57: =AL57*BH57 -> 16215.96 | BJ57: 106236 | BK57: =AM57*BJ57 -> 18060.12 | BL57: M27536-AA1
A58: FY23 | B58: Sandy Lu | C58: Primax | D58: Commercial | E58: DT | G58: 2021 | H58: Captain Crunch | I58: Mouse | J58: NA/ | K58: NA/ | L58: W China | M58: OTHERS | N58: 1.73 | O58: 1.73 | P58: 1.73 | Q58: 1.73 | R58: 1.73 | S58: 1.73 | T58: 1.73 | U58: 1.73 | V58: 1.73 | W58: 1.73 | X58: 1.73 | Y58: 1.73 | Z58: 1.73 | AA58: 0.03 | AB58: =AA58 -> 0.03 | AC58: =AB58 -> 0.03 | AD58: =AC58 -> 0.03 | AE58: =AD58 -> 0.03 | AF58: =AE58 -> 0.03 | AG58: =AF58 -> 0.03 | AH58: =AG58 -> 0.03 | AI58: =AH58 -> 0.03 | ... AM58: =AL58 -> 0.03 | AN58: 253560 | AO58: =AB58*AN58 -> 7606.8 | AP58: 288840 | AQ58: =AC58*AP58 -> 8665.2 | AR58: 260520 | AS58: =AD58*AR58 -> 7815.6 | AT58: 340440 | AU58: =AE58*AT58 -> 10213.2 | AV58: 439800 | AW58: =AF58*AV58 -> 13194 | AX58: 240480 | AY58: =AG58*AX58 -> 7214.4 | AZ58: 316560 | BA58: =AH58*AZ58 -> 9496.8 | BB58: 366120 | BC58: =AI58*BB58 -> 10983.6 | BD58: 243360 | BE58: =AJ58*BD58 -> 7300.8 | BF58: 411235 | BG58: =AK58*BF58 -> 12337.05 | BH58: 230640 | BI58: =AL58*BH58 -> 6919.2 | BJ58: 268245 | BK58: =AM58*BJ58 -> 8047.35 | BL58: M27537-001
A59: FY23 | B59: Sandy Lu | C59: Primax | D59: Commercial | E59: DT | G59: 2021 | H59: Captain Crunch Laser | I59: Mouse | J59: NA/ | K59: NA/ | L59: W China | M59: OTHERS | N59: 3.53 | O59: 3.53 | P59: 3.53 | Q59: 3.53 | R59: 3.53 | S59: 3.53 | T59: 3.53 | U59: 3.53 | V59: 3.53 | W59: 3.53 | X59: 3.53 | Y59: 3.53 | Z59: 3.53 | AA59: 0.03 | AB59: =AA59 -> 0.03 | AC59: =AB59 -> 0.03 | AD59: =AC59 -> 0.03 | AE59: =AD59 -> 0.03 | AF59: =AE59 -> 0.03 | AG59: =AF59 -> 0.03 | AH59: =AG59 -> 0.03 | AI59: =AH59 -> 0.03 | ... AM59: =AL59 -> 0.03 | AN59: 40080 | AO59: =AB59*AN59 -> 1202.4 | AP59: 38400 | AQ59: =AC59*AP59 -> 1152 | AR59: 37440 | AS59: =AD59*AR59 -> 1123.2 | AT59: 38160 | AU59: =AE59*AT59 -> 1144.8 | AV59: 25920 | AW59: =AF59*AV59 -> 777.6 | AX59: 37920 | AY59: =AG59*AX59 -> 1137.6 | AZ59: 42000 | BA59: =AH59*AZ59 -> 1260 | BB59: 39143 | BC59: =AI59*BB59 -> 1174.29 | BD59: 38520 | BE59: =AJ59*BD59 -> 1155.6 | BF59: 34680 | BG59: =AK59*BF59 -> 1040.4 | BH59: 47280 | BI59: =AL59*BH59 -> 1418.4 | BJ59: 57120 | BK59: =AM59*BJ59 -> 1713.6 | BL59: M27538-001
A60: FY23 | B60: Sandy Lu | C60: Primax | D60: Commercial | E60: DT | G60: 2022 | H60: Captain Crunch Wireless Black | I60: Combo | J60: NA/ | K60: BLACK | L60: W China | M60: OTHERS | N60: 12.44 | O60: 12.44 | P60: 12.44 | Q60: 12.44 | R60: 12.44 | S60: 12.44 | T60: 12.44 | U60: 12.44 | V60: 12.44 | W60: 12.44 | X60: 12.44 | Y60: 12.44 | Z60: 12.44 | AA60: 1.22 | AB60: =AA60 -> 1.22 | AC60: =AB60 -> 1.22 | AD60: =AC60 -> 1.22 | AE60: =AD60 -> 1.22 | AF60: =AE60 -> 1.22 | AG60: =AF60 -> 1.22 | AH60: =AG60 -> 1.22 | AI60: =AH60 -> 1.22 | ... AM60: =AL60 -> 1.22 | AN60: 2568 | AO60: =AB60*AN60 -> 3132.96 | AP60: 4248 | AQ60: =AC60*AP60 -> 5182.56 | AR60: 4528 | AS60: =AD60*AR60 -> 5524.16 | AT60: 3372 | AU60: =AE60*AT60 -> 4113.84 | AV60: 4740 | AW60: =AF60*AV60 -> 5782.8 | AX60: 912 | AY60: =AG60*AX60 -> 1112.64 | AZ60: 28380 | BA60: =AH60*AZ60 -> 34623.6 | BB60: 30348 | BC60: =AI60*BB60 -> 37024.56 | BD60: =6012+5040 -> 11052 | BE60: =AJ60*BD60 -> 13483.44 | BF60: 9666 | BG60: =AK60*BF60 -> 11792.52 | BH60: 16977 | BI60: =AL60*BH60 -> 20711.94 | BJ60: 5904 | BK60: =AM60*BJ60 -> 7202.88 | BL60: N00541-xx1
A61: FY23 | B61: Sandy Lu | C61: Primax | D61: Commercial | E61: DT | G61: 2022 | H61: Captain Crunch Wireless White | I61: Combo | J61: NA/ | K61: WHITE | L61: W China | M61: OTHERS | N61: 12.64 | O61: 12.64 | P61: 12.64 | Q61: 12.64 | R61: 12.64 | S61: 12.64 | T61: 12.64 | U61: 12.64 | V61: 12.64 | W61: 12.64 | X61: 12.64 | Y61: 12.64 | Z61: 12.64 | AA61: 1.24 | AB61: =AA61 -> 1.24 | AC61: =AB61 -> 1.24 | AD61: =AC61 -> 1.24 | AE61: =AD61 -> 1.24 | AF61: =AE61 -> 1.24 | AG61: =AF61 -> 1.24 | AH61: =AG61 -> 1.24 | AI61: =AH61 -> 1.24 | ... AM61: =AL61 -> 1.24 | AN61: 2004 | AO61: =AB61*AN61 -> 2484.96 | AP61: 2892 | AQ61: =AC61*AP61 -> 3586.08 | AR61: 8472 | AS61: =AD61*AR61 -> 10505.28 | AT61: 7992 | AU61: =AE61*AT61 -> 9910.08 | AV61: 2832 | AW61: =AF61*AV61 -> 3511.68 | AX61: 1356 | AY61: =AG61*AX61 -> 1681.44 | AZ61: 32880 | BA61: =AH61*AZ61 -> 40771.2 | BB61: 16070 | BC61: =AI61*BB61 -> 19926.8 | BD61: =3588 -> 3588 | BE61: =AJ61*BD61 -> 4449.12 | BF61: 9756 | BG61: =AK61*BF61 -> 12097.44 | BH61: 17412 | BI61: =AL61*BH61 -> 21590.88 | BJ61: 16116 | BK61: =AM61*BJ61 -> 19983.84 | BL61: N00542-xx1
A62: FY23 | B62: Sandy Lu | C62: Primax | D62: Commercial | E62: DT | G62: 2022 | H62: Twinkies | I62: Combo | J62: NA/ | K62: NA/ | L62: W China | M62: OTHERS | N62: 18.81 | O62: 18.81 | P62: 18.81 | Q62: 18.81 | R62: 18.81 | S62: 18.81 | T62: 18.81 | U62: 18.81 | V62: 18.81 | W62: 18.81 | X62: 18.81 | Y62: 18.81 | Z62: 18.81 | AA62: 1.25 | AB62: =AA62 -> 1.25 | AC62: =AB62 -> 1.25 | AD62: =AC62 -> 1.25 | AE62: =AD62 -> 1.25 | AF62: =AE62 -> 1.25 | AG62: =AF62 -> 1.25 | AH62: =AG62 -> 1.25 | AI62: =AH62 -> 1.25 | ... AM62: =AL62 -> 1.25 | AN62: 8456 | AO62: =AB62*AN62 -> 10570 | AP62: 12330 | AQ62: =AC62*AP62 -> 15412.5 | AR62: 12331 | AS62: =AD62*AR62 -> 15413.75 | AT62: 11470 | AU62: =AE62*AT62 -> 14337.5 | AV62: 18800 | AW62: =AF62*AV62 -> 23500 | AX62: 8190 | AY62: =AG62*AX62 -> 10237.5 | AZ62: 7890 | BA62: =AH62*AZ62 -> 9862.5 | BB62: 11640 | BC62: =AI62*BB62 -> 14550 | BD62: 8884 | BE62: =AJ62*BD62 -> 11105 | BF62: 17560 | BG62: =AK62*BF62 -> 21950 | BH62: 12144 | BI62: =AL62*BH62 -> 15180 | BJ62: 20833 | BK62: =AM62*BJ62 -> 26041.25 | BL62: M87019-xx1
A63: FY23 | AC63: =AB63 -> 0 | AF63: =AE63 -> 0 | AG63: =AF63 -> 0 | AH63: =AG63 -> 0 | AI63: =AH63 -> 0 | AJ63: =AI63 -> 0 | AK63: =AJ63 -> 0 | AL63: =AK63 -> 0 | AM63: =AL63 -> 0 | AO63: =AB63*AN63 -> 0 | AQ63: =AC63*AP63 -> 0 | AS63: =AD63*AR63 -> 0 | AU63: =AE63*AT63 -> 0 | AW63: =AF63*AV63 -> 0 | AY63: =AG63*AX63 -> 0 | BA63: =AH63*AZ63 -> 0 | BC63: =AI63*BB63 -> 0 | BE63: =AJ63*BD63 -> 0 | BG63: =AK63*BF63 -> 0 | BI63: =AL63*BH63 -> 0 | BK63: =AM63*BJ63 -> 0
A64: FY23 | B64: Benson Chen | C64: Primax | D64: Consumer | E64: NB | F64: OPP | G64: 2018 | H64: DUMBLEDOR/SNAPE/SNAPE6U | I64: NBL KB | J64: 15/17 | K64: Ash Silver | L64: W China | M64: INVENTEC | N64: 4.2 | O64: 4.2 | P64: 4.2 | Q64: 4.2 | R64: 4.2 | S64: 4.2 | T64: 4.2 | U64: 4.2 | V64: 4.2 | W64: 4.2 | X64: 4.2 | Y64: 4.2 | Z64: 4.2 | AA64: 0.7 | AB64: =AA64 -> 0.7 | AC64: =AB64 -> 0.7 | AD64: =AC64 -> 0.7 | AE64: =AD64 -> 0.7 | AF64: =AE64 -> 0.7 | AG64: =AF64 -> 0.7 | AH64: =AG64 -> 0.7 | AI64: =AH64 -> 0.7 | ... AM64: =AL64 -> 0.7 | AN64: 240 | AO64: =AB64*AN64 -> 168 | AP64: 160 | AQ64: =AC64*AP64 -> 112 | AR64: 112 | AS64: =AD64*AR64 -> 78.4 | AT64: 200 | AU64: =AE64*AT64 -> 140 | AV64: 0 | AW64: =AF64*AV64 -> 0 | AX64: 240 | AY64: =AG64*AX64 -> 168 | AZ64: 120 | BA64: =AH64*AZ64 -> 84 | BB64: 120 | BC64: =AI64*BB64 -> 84 | BD64: 120 | BE64: =AJ64*BD64 -> 84 | BF64: 200 | BG64: =AK64*BF64 -> 140 | BH64: 360 | BI64: =AL64*BH64 -> 252 | BJ64: 0 | BK64: =AM64*BJ64 -> 0
A65: FY23 | B65: Benson Chen | C65: Primax | D65: Consumer | E65: NB | G65: 2018 | H65: DUMBLEDOR/SNAPE/SNAPE6U | I65: BL KB | J65: 15/17 | K65: Ash Silver | L65: W China | M65: INVENTEC | N65: 13.2 | O65: 13.2 | P65: 13.2 | Q65: 13.2 | R65: 13.2 | S65: 13.2 | T65: 13.2 | U65: 13.2 | V65: 13.2 | W65: 13.2 | X65: 13.2 | Y65: 13.2 | Z65: 13.2 | AA65: 3.88 | AB65: =AA65 -> 3.88 | AC65: =AB65 -> 3.88 | AD65: =AC65 -> 3.88 | AE65: =AD65 -> 3.88 | AF65: =AE65 -> 3.88 | AG65: =AF65 -> 3.88 | AH65: =AG65 -> 3.88 | AI65: =AH65 -> 3.88 | ... AM65: =AL65 -> 3.88 | AN65: 80 | AO65: =AB65*AN65 -> 310.4 | AP65: 0 | AQ65: =AC65*AP65 -> 0 | AR65: 0 | AS65: =AD65*AR65 -> 0 | AT65: 0 | AU65: =AE65*AT65 -> 0 | AV65: 0 | AW65: =AF65*AV65 -> 0 | AX65: 0 | AY65: =AG65*AX65 -> 0 | AZ65: 0 | BA65: =AH65*AZ65 -> 0 | BB65: 0 | BC65: =AI65*BB65 -> 0 | BD65: 0 | BE65: =AJ65*BD65 -> 0 | BF65: 80 | BG65: =AK65*BF65 -> 310.4 | BH65: 80 | BI65: =AL65*BH65 -> 310.4 | BJ65: 0 | BK65: =AM65*BJ65 -> 0
A66: FY23 | B66: Benson Chen | C66: Primax | D66: Consumer | E66: NB | G66: 2019 | H66: ASHMORE/ASHMORE6U/ASHMORER6U/HAWKING/HEDWIG/HEDWIG6U/SILVERBELL/HEDWIGR6U | I66: NBL KB | J66: 14 | K66: Jack Black/ Ash Silver | L66: W China | M66: INVENTEC | N66: 4 | O66: 4 | P66: 4 | Q66: 4 | R66: 4 | S66: 4 | T66: 4 | U66: 4 | V66: 4 | W66: 4 | X66: 4 | Y66: 4 | Z66: 4 | AA66: 0.6 | AB66: =AA66 -> 0.6 | AC66: =AB66 -> 0.6 | AD66: =AC66 -> 0.6 | AE66: =AD66 -> 0.6 | AF66: =AE66 -> 0.6 | AG66: =AF66 -> 0.6 | AH66: =AG66 -> 0.6 | AI66: =AH66 -> 0.6 | ... AM66: =AL66 -> 0.6 | AN66: 400 | AO66: =AB66*AN66 -> 240 | AP66: 4600 | AQ66: =AC66*AP66 -> 2760 | AR66: 350 | AS66: =AD66*AR66 -> 210 | AT66: 4400 | AU66: =AE66*AT66 -> 2640 | AV66: 13000 | AW66: =AF66*AV66 -> 7800 | AX66: 600 | AY66: =AG66*AX66 -> 360 | AZ66: 3638 | BA66: =AH66*AZ66 -> 2182.8 | BB66: 18720 | BC66: =AI66*BB66 -> 11232 | BD66: 2360 | BE66: =AJ66*BD66 -> 1416 | BF66: 12000 | BG66: =AK66*BF66 -> 7200 | BH66: 8878 | BI66: =AL66*BH66 -> 5326.8 | BJ66: 1520 | BK66: =AM66*BJ66 -> 912
A67: FY23 | B67: Benson Chen | C67: Primax | D67: Consumer | E67: NB | G67: 2019 | H67: ASHMORE/ASHMORE6U/ASHMORER6U/HAWKING/HEDWIG/HEDWIG6U/SILVERBELL/HEDWIGR6U | I67: NBL KB | J67: 14 | K67: Frosted blue/ Champagne pink/Pike Silver | L67: W China | M67: INVENTEC | N67: 5.8 | O67: 5.8 | P67: 5.8 | Q67: 5.8 | R67: 5.8 | S67: 5.8 | T67: 5.8 | U67: 5.8 | V67: 5.8 | W67: 5.8 | X67: 5.8 | Y67: 5.8 | Z67: 5.8 | AA67: 0.55 | AB67: =AA67 -> 0.55 | AC67: =AB67 -> 0.55 | AD67: =AC67 -> 0.55 | AE67: =AD67 -> 0.55 | AF67: =AE67 -> 0.55 | AG67: =AF67 -> 0.55 | AH67: =AG67 -> 0.55 | AI67: =AH67 -> 0.55 | ... AM67: =AL67 -> 0.55 | AN67: 3160 | AO67: =AB67*AN67 -> 1738 | AP67: 17240 | AQ67: =AC67*AP67 -> 9482 | AR67: 3035 | AS67: =AD67*AR67 -> 1669.25 | AT67: 15800 | AU67: =AE67*AT67 -> 8690 | AV67: 5440 | AW67: =AF67*AV67 -> 2992 | AX67: 22080 | AY67: =AG67*AX67 -> 12144 | AZ67: 82078 | BA67: =AH67*AZ67 -> 45142.9 | BB67: 59622 | BC67: =AI67*BB67 -> 32792.1 | BD67: 1720 | BE67: =AJ67*BD67 -> 946 | BF67: 15880 | BG67: =AK67*BF67 -> 8734 | BH67: 96680 | BI67: =AL67*BH67 -> 53174 | BJ67: 24920 | BK67: =AM67*BJ67 -> 13706
A68: FY23 | B68: Benson Chen | C68: Primax | D68: Consumer | E68: NB | G68: 2019 | H68: ASHMORE/ASHMORE6U/ASHMORER6U/HAWKING/HEDWIG/HEDWIG6U/SILVERBELL/HEDWIGR6U | I68: BL KB | J68: 14 | K68: Pike Silver | L68: W China | M68: INVENTEC | N68: 11.9 | O68: 11.9 | P68: 11.9 | Q68: 11.9 | R68: 11.9 | S68: 11.9 | T68: 11.9 | U68: 11.9 | V68: 11.9 | W68: 11.9 | X68: 11.9 | Y68: 11.9 | Z68: 11.9 | AA68: 2.22 | AB68: =AA68 -> 2.22 | AC68: =AB68 -> 2.22 | AD68: =AC68 -> 2.22 | AE68: =AD68 -> 2.22 | AF68: =AE68 -> 2.22 | AG68: =AF68 -> 2.22 | AH68: =AG68 -> 2.22 | AI68: =AH68 -> 2.22 | ... AM68: =AL68 -> 2.22 | AN68: 39 | AO68: =AB68*AN68 -> 86.58 | AP68: 400 | AQ68: =AC68*AP68 -> 888 | AR68: 5120 | AS68: =AD68*AR68 -> 11366.4 | AT68: 1360 | AU68: =AE68*AT68 -> 3019.2 | AV68: 440 | AW68: =AF68*AV68 -> 976.8 | AX68: 720 | AY68: =AG68*AX68 -> 1598.4 | AZ68: 510 | BA68: =AH68*AZ68 -> 1132.2 | BB68: 1438 | BC68: =AI68*BB68 -> 3192.36 | BD68: 4080 | BE68: =AJ68*BD68 -> 9057.6 | BF68: 3040 | BG68: =AK68*BF68 -> 6748.8 | BH68: 1280 | BI68: =AL68*BH68 -> 2841.6 | BJ68: 400 | BK68: =AM68*BJ68 -> 888
A69: FY23 | B69: Benson Chen | C69: Primax | D69: Consumer | E69: NB | G69: 2019 | H69: ANDAMAN/ANDAMAN6U/HUBBLE | I69: NBL KB | J69: 14 | K69: Jet Black | L69: W China | M69: INVENTEC | N69: 4.2 | O69: 4.2 | P69: 4.2 | Q69: 4.2 | R69: 4.2 | S69: 4.2 | T69: 4.2 | U69: 4.2 | V69: 4.2 | W69: 4.2 | X69: 4.2 | Y69: 4.2 | Z69: 4.2 | AA69: 0.4 | AB69: =AA69 -> 0.4 | AC69: =AB69 -> 0.4 | AD69: =AC69 -> 0.4 | AE69: =AD69 -> 0.4 | AF69: =AE69 -> 0.4 | AG69: =AF69 -> 0.4 | AH69: =AG69 -> 0.4 | AI69: =AH69 -> 0.4 | ... AM69: =AL69 -> 0.4 | AN69: 5419 | AO69: =AB69*AN69 -> 2167.6 | AP69: 18674 | AQ69: =AC69*AP69 -> 7469.6 | AR69: 18737 | AS69: =AD69*AR69 -> 7494.8 | AT69: 8982 | AU69: =AE69*AT69 -> 3592.8 | AV69: 22038 | AW69: =AF69*AV69 -> 8815.2 | AX69: 23625 | AY69: =AG69*AX69 -> 9450 | AZ69: 22631 | BA69: =AH69*AZ69 -> 9052.4 | BB69: 12466 | BC69: =AI69*BB69 -> 4986.4 | BD69: 17349 | BE69: =AJ69*BD69 -> 6939.6 | BF69: 17360 | BG69: =AK69*BF69 -> 6944 | BH69: 7745 | BI69: =AL69*BH69 -> 3098 | BJ69: 6800 | BK69: =AM69*BJ69 -> 2720
A70: FY23 | B70: Benson Chen | C70: Primax | D70: Consumer | E70: NB | G70: 2019 | H70: ANDAMAN/ANDAMAN6U/HUBBLE | I70: NBL KB | J70: 14 | K70: Pike Silver | L70: W China | M70: QUANTA | N70: 6 | O70: 6 | P70: 6 | Q70: 6 | R70: 6 | S70: 6 | T70: 6 | U70: 6 | V70: 6 | W70: 6 | X70: 6 | Y70: 6 | Z70: 6 | AA70: 0.35 | AB70: =AA70 -> 0.35 | AC70: =AB70 -> 0.35 | AD70: =AC70 -> 0.35 | AE70: =AD70 -> 0.35 | AF70: =AE70 -> 0.35 | AG70: =AF70 -> 0.35 | AH70: =AG70 -> 0.35 | AI70: =AH70 -> 0.35 | ... AM70: =AL70 -> 0.35 | AN70: 22457 | AO70: =AB70*AN70 -> 7859.95 | AP70: 15636 | AQ70: =AC70*AP70 -> 5472.6 | AR70: 34435 | AS70: =AD70*AR70 -> 12052.25 | AT70: 17820 | AU70: =AE70*AT70 -> 6237 | AV70: 19280 | AW70: =AF70*AV70 -> 6748 | AX70: 25949 | AY70: =AG70*AX70 -> 9082.15 | AZ70: 49014 | BA70: =AH70*AZ70 -> 17154.9 | BB70: 37474 | BC70: =AI70*BB70 -> 13115.9 | BD70: 22133 | BE70: =AJ70*BD70 -> 7746.55 | BF70: 42240 | BG70: =AK70*BF70 -> 14784 | BH70: 21817 | BI70: =AL70*BH70 -> 7635.95 | BJ70: 9200 | BK70: =AM70*BJ70 -> 3220
A71: FY23 | B71: Benson Chen | C71: Primax | D71: Consumer | E71: NB | G71: 2019 | H71: ANDAMAN/ANDAMAN6U/HUBBLE | I71: BL KB | J71: 14 | K71: Pike Silver | L71: W China | M71: QUANTA | N71: 11.9 | O71: 11.9 | P71: 11.9 | Q71: 11.9 | R71: 11.9 | S71: 11.9 | T71: 11.9 | U71: 11.9 | V71: 11.9 | W71: 11.9 | X71: 11.9 | Y71: 11.9 | Z71: 11.9 | AA71: 2.22 | AB71: =AA71 -> 2.22 | AC71: =AB71 -> 2.22 | AD71: =AC71 -> 2.22 | AE71: =AD71 -> 2.22 | AF71: =AE71 -> 2.22 | AG71: =AF71 -> 2.22 | AH71: =AG71 -> 2.22 | AI71: =AH71 -> 2.22 | ... AM71: =AL71 -> 2.22 | AN71: 20874 | AO71: =AB71*AN71 -> 46340.28 | AP71: 35113 | AQ71: =AC71*AP71 -> 77950.86 | AR71: 25767 | AS71: =AD71*AR71 -> 57202.74 | AT71: 8300 | AU71: =AE71*AT71 -> 18426 | AV71: 18280 | AW71: =AF71*AV71 -> 40581.6 | AX71: 16703 | AY71: =AG71*AX71 -> 37080.66 | AZ71: 23569 | BA71: =AH71*AZ71 -> 52323.18 | BB71: 15193 | BC71: =AI71*BB71 -> 33728.46 | BD71: 14087 | BE71: =AJ71*BD71 -> 31273.14 | BF71: 9678 | BG71: =AK71*BF71 -> 21485.16 | BH71: 10978 | BI71: =AL71*BH71 -> 24371.16 | BJ71: 10120 | BK71: =AM71*BJ71 -> 22466.4
A72: FY23 | B72: Benson Chen | C72: Primax | D72: Consumer | E72: NB | G72: 2019 | H72: ANDAMAN/ANDAMAN6U/HUBBLE | I72: BL KB | J72: 14 | K72: Snow White | L72: W China | M72: QUANTA | N72: 13.4 | O72: 13.4 | P72: 13.4 | Q72: 13.4 | R72: 13.4 | S72: 13.4 | T72: 13.4 | U72: 13.4 | V72: 13.4 | W72: 13.4 | X72: 13.4 | Y72: 13.4 | Z72: 13.4 | AA72: 3.28 | AB72: =AA72 -> 3.28 | AC72: =AB72 -> 3.28 | AD72: =AC72 -> 3.28 | AE72: =AD72 -> 3.28 | AF72: =AE72 -> 3.28 | AG72: =AF72 -> 3.28 | AH72: =AG72 -> 3.28 | AI72: =AH72 -> 3.28 | ... AM72: =AL72 -> 3.28 | AN72: 0 | AO72: =AB72*AN72 -> 0 | AP72: 0 | AQ72: =AC72*AP72 -> 0 | AR72: 0 | AS72: =AD72*AR72 -> 0 | AT72: 0 | AU72: =AE72*AT72 -> 0 | AV72: 0 | AW72: =AF72*AV72 -> 0 | AY72: =AG72*AX72 -> 0 | AZ72: 0 | BA72: =AH72*AZ72 -> 0 | BC72: =AI72*BB72 -> 0 | BD72: 0 | BE72: =AJ72*BD72 -> 0 | BF72: 0 | BG72: =AK72*BF72 -> 0 | BH72: 0 | BI72: =AL72*BH72 -> 0 | BJ72: 0 | BK72: =AM72*BJ72 -> 0
A73: FY23 | B73: Benson Chen | C73: Primax | D73: Consumer | E73: NB | G73: 2019 | H73: MALDIVES/MALDIVES6U/HERSCHEL/HERSCHEL6U | I73: NBL KB | J73: 15 | K73: Jack Black/Ash Silver | L73: W China | M73: QUANTA | N73: 4.2 | O73: 4.2 | P73: 4.2 | Q73: 4.2 | R73: 4.2 | S73: 4.2 | T73: 4.2 | U73: 4.2 | V73: 4.2 | W73: 4.2 | X73: 4.2 | Y73: 4.2 | Z73: 4.2 | AA73: 0.7 | AB73: =AA73 -> 0.7 | AC73: =AB73 -> 0.7 | AD73: =AC73 -> 0.7 | AE73: =AD73 -> 0.7 | AF73: =AE73 -> 0.7 | AG73: =AF73 -> 0.7 | AH73: =AG73 -> 0.7 | AI73: =AH73 -> 0.7 | ... AM73: =AL73 -> 0.7 | AN73: 46187 | AO73: =AB73*AN73 -> 32330.9 | AP73: 44885 | AQ73: =AC73*AP73 -> 31419.5 | AR73: 50364 | AS73: =AD73*AR73 -> 35254.8 | AT73: 63080 | AU73: =AE73*AT73 -> 44156 | AV73: 81727 | AW73: =AF73*AV73 -> 57208.9 | AX73: 87920 | AY73: =AG73*AX73 -> 61544 | AZ73: 98002 | BA73: =AH73*AZ73 -> 68601.4 | BB73: 150616 | BC73: =AI73*BB73 -> 105431.2 | BD73: 95573 | BE73: =AJ73*BD73 -> 66901.1 | BF73: 68560 | BG73: =AK73*BF73 -> 47992 | BH73: 87720 | BI73: =AL73*BH73 -> 61404 | BJ73: 43227 | BK73: =AM73*BJ73 -> 30258.9
A74: FY23 | B74: Benson Chen | C74: Primax | D74: Consumer | E74: NB | G74: 2019 | H74: MALDIVES/MALDIVES6U/HERSCHEL/HERSCHEL6U | I74: NBL KB | J74: 15 | K74: Pike Silver | L74: E China | M74: COMPAL | N74: 6.2 | O74: 6.2 | P74: 6.2 | Q74: 6.2 | R74: 6.2 | S74: 6.2 | T74: 6.2 | U74: 6.2 | V74: 6.2 | W74: 6.2 | X74: 6.2 | Y74: 6.2 | Z74: 6.2 | AA74: 0.73 | AB74: =AA74 -> 0.73 | AC74: =AB74 -> 0.73 | AD74: =AC74 -> 0.73 | AE74: =AD74 -> 0.73 | AF74: =AE74 -> 0.73 | AG74: =AF74 -> 0.73 | AH74: =AG74 -> 0.73 | AI74: =AH74 -> 0.73 | ... AM74: =AL74 -> 0.73 | AN74: 17634 | AO74: =AB74*AN74 -> 12872.82 | AP74: 7983 | AQ74: =AC74*AP74 -> 5827.59 | AR74: 6730 | AS74: =AD74*AR74 -> 4912.9 | AT74: 7600 | AU74: =AE74*AT74 -> 5548 | AV74: 22433 | AW74: =AF74*AV74 -> 16376.09 | AX74: 15520 | AY74: =AG74*AX74 -> 11329.6 | AZ74: 484 | BA74: =AH74*AZ74 -> 353.32 | BB74: 376 | BC74: =AI74*BB74 -> 274.48 | BD74: 351 | BE74: =AJ74*BD74 -> 256.23 | BF74: 0 | BG74: =AK74*BF74 -> 0 | BH74: 40 | BI74: =AL74*BH74 -> 29.2 | BJ74: 0 | BK74: =AM74*BJ74 -> 0
A75: FY23 | B75: Benson Chen | C75: Primax | D75: Consumer | E75: NB | G75: 2019 | H75: MALDIVES/MALDIVES6U/HERSCHEL/HERSCHEL6U | I75: BL KB | J75: 15 | K75: Jack Black/Ash Silver | L75: E China | M75: COMPAL | N75: 13.2 | O75: 13.2 | P75: 13.2 | Q75: 13.2 | R75: 13.2 | S75: 13.2 | T75: 13.2 | U75: 13.2 | V75: 13.2 | W75: 13.2 | X75: 13.2 | Y75: 13.2 | Z75: 13.2 | AA75: 3.88 | AB75: =AA75 -> 3.88 | AC75: =AB75 -> 3.88 | AD75: =AC75 -> 3.88 | AE75: =AD75 -> 3.88 | AF75: =AE75 -> 3.88 | AG75: =AF75 -> 3.88 | AH75: =AG75 -> 3.88 | AI75: =AH75 -> 3.88 | ... AM75: =AL75 -> 3.88 | AN75: 11740 | AO75: =AB75*AN75 -> 45551.2 | AP75: 10922 | AQ75: =AC75*AP75 -> 42377.36 | AR75: 15182 | AS75: =AD75*AR75 -> 58906.16 | AT75: 640 | AU75: =AE75*AT75 -> 2483.2 | AV75: 14446 | AW75: =AF75*AV75 -> 56050.48 | AX75: 7720 | AY75: =AG75*AX75 -> 29953.6 | AZ75: 4517 | BA75: =AH75*AZ75 -> 17525.96 | BB75: 7476 | BC75: =AI75*BB75 -> 29006.88 | BD75: 9510 | BE75: =AJ75*BD75 -> 36898.8 | BF75: 10120 | BG75: =AK75*BF75 -> 39265.6 | BH75: 13280 | BI75: =AL75*BH75 -> 51526.4 | BJ75: 10264 | BK75: =AM75*BJ75 -> 39824.32
A76: FY23 | B76: Benson Chen | C76: Primax | D76: Consumer | E76: NB | G76: 2019 | H76: MALDIVES/MALDIVES6U/HERSCHEL/HERSCHEL6U | I76: BL KB | J76: 15 | K76: Pike Silver | L76: E China | M76: COMPAL | N76: 13.2 | O76: 13.2 | P76: 13.2 | Q76: 13.2 | R76: 13.2 | S76: 13.2 | T76: 13.2 | U76: 13.2 | V76: 13.2 | W76: 13.2 | X76: 13.2 | Y76: 13.2 | Z76: 13.2 | AA76: 3.44 | AB76: =AA76 -> 3.44 | AC76: =AB76 -> 3.44 | AD76: =AC76 -> 3.44 | AE76: =AD76 -> 3.44 | AF76: =AE76 -> 3.44 | AG76: =AF76 -> 3.44 | AH76: =AG76 -> 3.44 | AI76: =AH76 -> 3.44 | ... AM76: =AL76 -> 3.44 | AN76: 2806 | AO76: =AB76*AN76 -> 9652.64 | AP76: 1435 | AQ76: =AC76*AP76 -> 4936.4 | AR76: 0 | AS76: =AD76*AR76 -> 0 | AT76: 12000 | AU76: =AE76*AT76 -> 41280 | AV76: 2760 | AW76: =AF76*AV76 -> 9494.4 | AX76: 3480 | AY76: =AG76*AX76 -> 11971.2 | AZ76: 5040 | BA76: =AH76*AZ76 -> 17337.6 | BB76: 40 | BC76: =AI76*BB76 -> 137.6 | BD76: 40 | BE76: =AJ76*BD76 -> 137.6 | BF76: 0 | BG76: =AK76*BF76 -> 0 | BH76: 0 | BI76: =AL76*BH76 -> 0 | BJ76: 40 | BK76: =AM76*BJ76 -> 137.6
A77: FY23 | B77: Benson Chen | C77: Primax | D77: Consumer | E77: NB | G77: 2019 | H77: LANGKAWI/REBAK | I77: NBL KB | J77: 15 | K77: Jack Black | L77: E China | M77: COMPAL | N77: 4.35 | O77: 4.35 | P77: 4.35 | Q77: 4.35 | R77: 4.35 | S77: 4.35 | T77: 4.35 | U77: 4.35 | V77: 4.35 | W77: 4.35 | X77: 4.35 | Y77: 4.35 | Z77: 4.35 | AA77: 0.26 | AB77: =AA77 -> 0.26 | AC77: =AB77 -> 0.26 | AD77: =AC77 -> 0.26 | AE77: =AD77 -> 0.26 | AF77: =AE77 -> 0.26 | AG77: =AF77 -> 0.26 | AH77: =AG77 -> 0.26 | AI77: =AH77 -> 0.26 | ... AM77: =AL77 -> 0.26 | AN77: 6107 | AO77: =AB77*AN77 -> 1587.82 | AP77: 6710 | AQ77: =AC77*AP77 -> 1744.6 | AR77: 3748 | AS77: =AD77*AR77 -> 974.48 | AT77: 1800 | AU77: =AE77*AT77 -> 468 | AV77: 37000 | AW77: =AF77*AV77 -> 9620 | AX77: 0 | AY77: =AG77*AX77 -> 0 | AZ77: 0 | BA77: =AH77*AZ77 -> 0 | BB77: 0 | BC77: =AI77*BB77 -> 0 | BD77: 8474 | BE77: =AJ77*BD77 -> 2203.24 | BF77: 9840 | BG77: =AK77*BF77 -> 2558.4 | BH77: 7872 | BI77: =AL77*BH77 -> 2046.72 | BJ77: 4800 | BK77: =AM77*BJ77 -> 1248
A78: FY23 | B78: Benson Chen | C78: Primax | D78: Consumer | E78: NB | G78: 2019 | H78: LANGKAWI/REBAK | I78: NBL KB | J78: 15 | K78: Pike Silver | L78: W China | M78: QUANTA | N78: 6.35 | O78: 6.35 | P78: 6.35 | Q78: 6.35 | R78: 6.35 | S78: 6.35 | T78: 6.35 | U78: 6.35 | V78: 6.35 | W78: 6.35 | X78: 6.35 | Y78: 6.35 | Z78: 6.35 | AA78: 0.41 | AB78: =AA78 -> 0.41 | AC78: =AB78 -> 0.41 | AD78: =AC78 -> 0.41 | AE78: =AD78 -> 0.41 | AF78: =AE78 -> 0.41 | AG78: =AF78 -> 0.41 | AH78: =AG78 -> 0.41 | AI78: =AH78 -> 0.41 | ... AM78: =AL78 -> 0.41 | AN78: 72605 | AO78: =AB78*AN78 -> 29768.05 | AP78: 60221 | AQ78: =AC78*AP78 -> 24690.61 | AR78: 57517 | AS78: =AD78*AR78 -> 23581.97 | AT78: 10819 | AU78: =AE78*AT78 -> 4435.79 | AV78: 62240 | AW78: =AF78*AV78 -> 25518.4 | AX78: 0 | AY78: =AG78*AX78 -> 0 | AZ78: 0 | BA78: =AH78*AZ78 -> 0 | BB78: 0 | BC78: =AI78*BB78 -> 0 | BD78: 21604 | BE78: =AJ78*BD78 -> 8857.64 | BF78: 32198 | BG78: =AK78*BF78 -> 13201.18 | BH78: 22632 | BI78: =AL78*BH78 -> 9279.12 | BJ78: 0 | BK78: =AM78*BJ78 -> 0
A79: FY23 | B79: Benson Chen | C79: Primax | D79: Consumer | E79: NB | G79: 2019 | H79: LANGKAWI/REBAK | I79: BL KB | J79: 15 | K79: Pike Silver | L79: W China | M79: QUANTA | N79: 13.2 | O79: 13.2 | P79: 13.2 | Q79: 13.2 | R79: 13.2 | S79: 13.2 | T79: 13.2 | U79: 13.2 | V79: 13.2 | W79: 13.2 | X79: 13.2 | Y79: 13.2 | Z79: 13.2 | AA79: 3.44 | AB79: =AA79 -> 3.44 | AC79: =AB79 -> 3.44 | AD79: =AC79 -> 3.44 | AE79: =AD79 -> 3.44 | AF79: =AE79 -> 3.44 | AG79: =AF79 -> 3.44 | AH79: =AG79 -> 3.44 | AI79: =AH79 -> 3.44 | ... AM79: =AL79 -> 3.44 | AN79: 27414 | AO79: =AB79*AN79 -> 94304.16 | AP79: 33040 | AQ79: =AC79*AP79 -> 113657.6 | AR79: 0 | AS79: =AD79*AR79 -> 0 | AT79: 0 | AU79: =AE79*AT79 -> 0 | AV79: 0 | AW79: =AF79*AV79 -> 0 | AX79: 0 | AY79: =AG79*AX79 -> 0 | AZ79: =28967-AZ3 -> 0 | BA79: =AH79*AZ79 -> 0 | BB79: =40850-BB3 -> 0 | BC79: =AI79*BB79 -> 0 | BD79: =20373-BD3 -> 0 | BE79: =AJ79*BD79 -> 0 | BF79: 37640 | BG79: =AK79*BF79 -> 129481.6 | BH79: 29757 | BI79: =AL79*BH79 -> 102364.08 | BJ79: 25359 | BK79: =AM79*BJ79 -> 87234.96
A80: FY23 | B80: Benson Chen | C80: Primax | D80: Consumer | E80: NB | G80: 2019 | H80: LANGKAWI/REBAK | I80: BL KB | J80: 15 | K80: Opulent Aubergine/PEACOCK TEAL/Universe Blue | L80: W China | M80: QUANTA | N80: 14.8 | O80: 14.8 | P80: 14.8 | Q80: 14.8 | R80: 14.8 | S80: 14.8 | T80: 14.8 | U80: 14.8 | V80: 14.8 | W80: 14.8 | X80: 14.8 | Y80: 14.8 | Z80: 14.8 | AA80: 3.44 | AB80: =AA80 -> 3.44 | AC80: =AB80 -> 3.44 | AD80: =AC80 -> 3.44 | AE80: =AD80 -> 3.44 | AF80: =AE80 -> 3.44 | AG80: =AF80 -> 3.44 | AH80: =AG80 -> 3.44 | AI80: =AH80 -> 3.44 | ... AM80: =AL80 -> 3.44 | AN80: 120 | AO80: =AB80*AN80 -> 412.8 | AP80: 39 | AQ80: =AC80*AP80 -> 134.16 | AR80: 0 | AS80: =AD80*AR80 -> 0 | AT80: 2797 | AU80: =AE80*AT80 -> 9621.68 | AV80: 0 | AW80: =AF80*AV80 -> 0 | AX80: 0 | AY80: =AG80*AX80 -> 0 | AZ80: 0 | BA80: =AH80*AZ80 -> 0 | BB80: 0 | BC80: =AI80*BB80 -> 0 | BE80: =AJ80*BD80 -> 0 | BF80: 160 | BG80: =AK80*BF80 -> 550.4 | BH80: 80 | BI80: =AL80*BH80 -> 275.2 | BJ80: 0 | BK80: =AM80*BJ80 -> 0
A81: FY23 | B81: Benson Chen | C81: Primax | D81: Consumer | E81: NB | G81: 2021 | H81: VLAD/EUNICE/VLAD6U | I81: NBL KB | J81: 17 | K81: Jack Black/Ash Silver/ Soft Gray | L81: W China | M81: QUANTA | N81: 4.4 | O81: 4.4 | P81: 4.4 | Q81: 4.4 | R81: 4.4 | S81: 4.4 | T81: 4.4 | U81: 4.4 | V81: 4.4 | W81: 4.4 | X81: 4.4 | Y81: 4.4 | Z81: 4.4 | AA81: 0.7 | AB81: =AA81 -> 0.7 | AC81: =AB81 -> 0.7 | AD81: =AC81 -> 0.7 | AE81: =AD81 -> 0.7 | AF81: =AE81 -> 0.7 | AG81: =AF81 -> 0.7 | AH81: =AG81 -> 0.7 | AI81: =AH81 -> 0.7 | ... AM81: =AL81 -> 0.7 | AN81: 4000 | AO81: =AB81*AN81 -> 2800 | AP81: 4000 | AQ81: =AC81*AP81 -> 2800 | AR81: 5720 | AS81: =AD81*AR81 -> 4004 | AT81: 4760 | AU81: =AE81*AT81 -> 3332 | AV81: 18076 | AW81: =AF81*AV81 -> 12653.2 | AX81: 6160 | AY81: =AG81*AX81 -> 4312 | AZ81: 11800 | BA81: =AH81*AZ81 -> 8260 | BB81: 13017 | BC81: =AI81*BB81 -> 9111.9 | BD81: 14360 | BE81: =AJ81*BD81 -> 10052 | BF81: 13888 | BG81: =AK81*BF81 -> 9721.6 | BH81: 20520 | BI81: =AL81*BH81 -> 14364 | BJ81: 9560 | BK81: =AM81*BJ81 -> 6692
A82: FY23 | B82: Benson Chen | C82: Primax | D82: Consumer | E82: NB | G82: 2021 | H82: VLAD/EUNICE/VLAD6U | I82: NBL KB | J82: 17 | K82: Pike Silver | L82: W China | M82: INVENTEC | N82: 6.4 | O82: 6.4 | P82: 6.4 | Q82: 6.4 | R82: 6.4 | S82: 6.4 | T82: 6.4 | U82: 6.4 | V82: 6.4 | W82: 6.4 | X82: 6.4 | Y82: 6.4 | Z82: 6.4 | AA82: 1 | AB82: =AA82 -> 1 | AC82: =AB82 -> 1 | AD82: 1.4 | AE82: =AD82 -> 1.4 | AF82: =AE82 -> 1.4 | AG82: =AF82 -> 1.4 | AH82: =AG82 -> 1.4 | AI82: =AH82 -> 1.4 | AJ82: =AI82 -> 1.4 | AK82: =AJ82 -> 1.4 | AL82: =AK82 -> 1.4 | AM82: =AL82 -> 1.4 | AN82: 4440 | AO82: =AB82*AN82 -> 4440 | AP82: 4840 | AQ82: =AC82*AP82 -> 4840 | AR82: 1560 | AS82: =AD82*AR82 -> 2184 | AT82: 3040 | AU82: =AE82*AT82 -> 4256 | AV82: 3880 | AW82: =AF82*AV82 -> 5432 | AX82: 4040 | AY82: =AG82*AX82 -> 5656 | AZ82: 7596 | BA82: =AH82*AZ82 -> 10634.4 | BB82: 1920 | BC82: =AI82*BB82 -> 2688 | BD82: 1480 | BE82: =AJ82*BD82 -> 2072 | BF82: 3000 | BG82: =AK82*BF82 -> 4200 | BH82: 3000 | BI82: =AL82*BH82 -> 4200 | BJ82: 880 | BK82: =AM82*BJ82 -> 1232
A83: FY23 | B83: Benson Chen | C83: Primax | D83: Consumer | E83: NB | G83: 2021 | H83: VLAD/EUNICE/VLAD6U | I83: BL KB | J83: 17 | K83: Pike Silver/Ash Silver | L83: W China | M83: INVENTEC | N83: 13.6 | O83: 13.6 | P83: 13.6 | Q83: 13.6 | R83: 13.6 | S83: 13.6 | T83: 13.6 | U83: 13.6 | V83: 13.6 | W83: 13.6 | X83: 13.6 | Y83: 13.6 | Z83: 13.6 | AA83: 2.5 | AB83: =AA83 -> 2.5 | AC83: =AB83 -> 2.5 | AD83: 3.5 | AE83: =AD83 -> 3.5 | AF83: =AE83 -> 3.5 | AG83: =AF83 -> 3.5 | AH83: 4 | AI83: =AH83 -> 4 | AJ83: =AI83 -> 4 | AK83: =AJ83 -> 4 | AL83: =AK83 -> 4 | AM83: =AL83 -> 4 | AN83: 2916 | AO83: =AB83*AN83 -> 7290 | AP83: 6440 | AQ83: =AC83*AP83 -> 16100 | AR83: 6440 | AS83: =AD83*AR83 -> 22540 | AT83: 10040 | AU83: =AE83*AT83 -> 35140 | AV83: 10400 | AW83: =AF83*AV83 -> 36400 | AX83: 4440 | AY83: =AG83*AX83 -> 15540 | AZ83: 4992 | BA83: =AH83*AZ83 -> 19968 | BB83: 8760 | BC83: =AI83*BB83 -> 35040 | BD83: 2560 | BE83: =AJ83*BD83 -> 10240 | BF83: 5800 | BG83: =AK83*BF83 -> 23200 | BH83: 3840 | BI83: =AL83*BH83 -> 15360 | BJ83: 2440 | BK83: =AM83*BJ83 -> 9760
A84: FY23 | B84: Benson Chen | C84: Primax | D84: Consumer | E84: NB | G84: 2021 | H84: VLAD/EUNICE/VLAD6U | I84: BL KB | J84: 17 | K84: PEACOCK TEAL/Universe Blue | L84: W China | M84: INVENTEC | N84: 15.2 | O84: 15.2 | P84: 15.2 | Q84: 15.2 | R84: 15.2 | S84: 15.2 | T84: 15.2 | U84: 15.2 | V84: 15.2 | W84: 15.2 | X84: 15.2 | Y84: 15.2 | Z84: 15.2 | AA84: 2.5 | AB84: =AA84 -> 2.5 | AC84: =AB84 -> 2.5 | AD84: 3.5 | AE84: =AD84 -> 3.5 | AF84: =AE84 -> 3.5 | AG84: =AF84 -> 3.5 | AH84: 4 | AI84: =AH84 -> 4 | AJ84: =AI84 -> 4 | AK84: =AJ84 -> 4 | AL84: =AK84 -> 4 | AM84: =AL84 -> 4 | AN84: 0 | AO84: =AB84*AN84 -> 0 | AP84: 0 | AQ84: =AC84*AP84 -> 0 | AR84: 2040 | AS84: =AD84*AR84 -> 7140 | AT84: 0 | AU84: =AE84*AT84 -> 0 | AV84: 880 | AW84: =AF84*AV84 -> 3080 | AX84: 0 | AY84: =AG84*AX84 -> 0 | AZ84: 0 | BA84: =AH84*AZ84 -> 0 | BB84: 0 | BC84: =AI84*BB84 -> 0 | BD84: 0 | BE84: =AJ84*BD84 -> 0 | BF84: 40 | BG84: =AK84*BF84 -> 160 | BH84: 0 | BI84: =AL84*BH84 -> 0 | BJ84: 0 | BK84: =AM84*BJ84 -> 0
A85: FY23 | B85: Benson Chen | C85: Primax | D85: Consumer | E85: NB | G85: 2023 | H85: SEBASTIAN/OTTO | I85: NBL KB | J85: 15 | K85: Soft Grey/Jack Black | L85: W China | M85: QUANTA | N85: 4.65 | O85: 4.65 | P85: 4.65 | Q85: 4.65 | R85: 4.65 | S85: 4.65 | T85: 4.65 | U85: 4.65 | V85: 4.65 | W85: 4.65 | X85: 4.65 | Y85: 4.65 | Z85: 4.65 | AA85: 0 | AB85: =AA85 -> 0 | AC85: =AB85 -> 0 | AD85: =AC85 -> 0 | AE85: 0.5 | AF85: =AE85 -> 0.5 | AG85: =AF85 -> 0.5 | AH85: =AG85 -> 0.5 | AI85: =AH85 -> 0.5 | AJ85: =AI85 -> 0.5 | AK85: =AJ85 -> 0.5 | AL85: =AK85 -> 0.5 | AM85: =AL85 -> 0.5 | AN85: 0 | AO85: =AB85*AN85 -> 0 | AP85: 0 | AQ85: =AC85*AP85 -> 0 | AR85: 0 | AS85: =AD85*AR85 -> 0 | AT85: 6386 | AU85: =AE85*AT85 -> 3193 | AV85: 26750 | AW85: =AF85*AV85 -> 13375 | AX85: 36043 | AY85: =AG85*AX85 -> 18021.5 | AZ85: 47676 | BA85: =AH85*AZ85 -> 23838 | BB85: 50287 | BC85: =AI85*BB85 -> 25143.5 | BD85: 22058 | BE85: =AJ85*BD85 -> 11029 | BF85: 25680 | BG85: =AK85*BF85 -> 12840 | BH85: 51017 | BI85: =AL85*BH85 -> 25508.5 | BJ85: 17600 | BK85: =AM85*BJ85 -> 8800
A86: FY23 | B86: Benson Chen | C86: Primax | D86: Consumer | E86: NB | G86: 2023 | H86: SEBASTIAN/OTTO | I86: NBL KB | J86: 15 | K86: Flint Opaque | L86: W China | M86: QUANTA | N86: 6.65 | O86: 6.65 | P86: 6.65 | Q86: 6.65 | R86: 6.65 | S86: 6.65 | T86: 6.65 | U86: 6.65 | V86: 6.65 | W86: 6.65 | X86: 6.65 | Y86: 6.65 | Z86: 6.65 | AA86: 0 | AB86: =AA86 -> 0 | AC86: =AB86 -> 0 | AD86: =AC86 -> 0 | AE86: 0.7 | AF86: =AE86 -> 0.7 | AG86: =AF86 -> 0.7 | AH86: =AG86 -> 0.7 | AI86: =AH86 -> 0.7 | AJ86: =AI86 -> 0.7 | AK86: =AJ86 -> 0.7 | AL86: =AK86 -> 0.7 | AM86: =AL86 -> 0.7 | AN86: 0 | AO86: =AB86*AN86 -> 0 | AP86: 0 | AQ86: =AC86*AP86 -> 0 | AR86: 0 | AS86: =AD86*AR86 -> 0 | AT86: 80 | AU86: =AE86*AT86 -> 56 | AV86: 0 | AW86: =AF86*AV86 -> 0 | AX86: 1080 | AY86: =AG86*AX86 -> 756 | AZ86: 1319 | BA86: =AH86*AZ86 -> 923.3 | BB86: 2399 | BC86: =AI86*BB86 -> 1679.3 | BD86: 1760 | BE86: =AJ86*BD86 -> 1232 | BF86: 640 | BG86: =AK86*BF86 -> 448 | BH86: 158 | BI86: =AL86*BH86 -> 110.6 | BJ86: 560 | BK86: =AM86*BJ86 -> 392
A87: FY23 | B87: Benson Chen | C87: Primax | D87: Consumer | E87: NB | G87: 2023 | H87: SEBASTIAN/OTTO | I87: BL KB | J87: 15 | K87: Soft Grey | L87: W China | M87: QUANTA | N87: 14.3 | O87: 14.3 | P87: 14.3 | Q87: 14.3 | R87: 14.3 | S87: 14.3 | T87: 14.3 | U87: 14.3 | V87: 14.3 | W87: 14.3 | X87: 14.3 | Y87: 14.3 | Z87: 14.3 | AA87: 0 | AB87: =AA87 -> 0 | AC87: =AB87 -> 0 | AD87: =AC87 -> 0 | AE87: 1.5 | AF87: =AE87 -> 1.5 | AG87: =AF87 -> 1.5 | AH87: =AG87 -> 1.5 | AI87: =AH87 -> 1.5 | AJ87: =AI87 -> 1.5 | AK87: =AJ87 -> 1.5 | AL87: =AK87 -> 1.5 | AM87: =AL87 -> 1.5 | AN87: 0 | AO87: =AB87*AN87 -> 0 | AP87: 0 | AQ87: =AC87*AP87 -> 0 | AR87: 0 | AS87: =AD87*AR87 -> 0 | AT87: 1960 | AU87: =AE87*AT87 -> 2940 | AV87: 15020 | AW87: =AF87*AV87 -> 22530 | AX87: 8930 | AY87: =AG87*AX87 -> 13395 | AZ87: 17502 | BA87: =AH87*AZ87 -> 26253 | BB87: 13929 | BC87: =AI87*BB87 -> 20893.5 | BD87: 7426 | BE87: =AJ87*BD87 -> 11139 | BF87: 7000 | BG87: =AK87*BF87 -> 10500 | BH87: 11181 | BI87: =AL87*BH87 -> 16771.5 | BJ87: 7398 | BK87: =AM87*BJ87 -> 11097
A88: FY23 | B88: Benson Chen | C88: Primax | D88: Consumer | E88: NB | G88: 2023 | H88: SEBASTIAN/OTTO | I88: BL KB | J88: 15 | K88: Flint Opaque | L88: W China | M88: QUANTA | N88: 15.2 | O88: 15.2 | P88: 15.2 | Q88: 15.2 | R88: 15.2 | S88: 15.2 | T88: 15.2 | U88: 15.2 | V88: 15.2 | W88: 15.2 | X88: 15.2 | Y88: 15.2 | Z88: 15.2 | AA88: 0 | AB88: =AA88 -> 0 | AC88: =AB88 -> 0 | AD88: =AC88 -> 0 | AE88: 1.5 | AF88: =AE88 -> 1.5 | AG88: =AF88 -> 1.5 | AH88: =AG88 -> 1.5 | AI88: =AH88 -> 1.5 | AJ88: =AI88 -> 1.5 | AK88: =AJ88 -> 1.5 | AL88: =AK88 -> 1.5 | AM88: =AL88 -> 1.5 | AN88: 0 | AO88: =AB88*AN88 -> 0 | AP88: 0 | AQ88: =AC88*AP88 -> 0 | AR88: 0 | AS88: =AD88*AR88 -> 0 | AT88: 0 | AU88: =AE88*AT88 -> 0 | AV88: 720 | AW88: =AF88*AV88 -> 1080 | AX88: 80 | AY88: =AG88*AX88 -> 120 | AZ88: 1515 | BA88: =AH88*AZ88 -> 2272.5 | BB88: 440 | BC88: =AI88*BB88 -> 660 | BD88: 1200 | BE88: =AJ88*BD88 -> 1800 | BF88: 3399 | BG88: =AK88*BF88 -> 5098.5 | BH88: 1760 | BI88: =AL88*BH88 -> 2640 | BJ88: 200 | BK88: =AM88*BJ88 -> 300
A89: FY23 | B89: Benson Chen | C89: Primax | D89: Consumer | E89: NB | G89: 2023 | H89: HOKIE/RAMESES | I89: NBL KB | J89: 14 | K89: Soft Grey | L89: W China | M89: INVENTEC | N89: 4.9 | O89: 4.9 | P89: 4.9 | Q89: 4.9 | R89: 4.9 | S89: 4.9 | T89: 4.9 | U89: 4.9 | V89: 4.9 | W89: 4.9 | X89: 4.9 | Y89: 4.9 | Z89: 4.9 | AA89: 0 | AB89: =AA89 -> 0 | AC89: =AB89 -> 0 | AD89: =AC89 -> 0 | AE89: 0.5 | AF89: =AE89 -> 0.5 | AG89: =AF89 -> 0.5 | AH89: =AG89 -> 0.5 | AI89: =AH89 -> 0.5 | AJ89: =AI89 -> 0.5 | AK89: =AJ89 -> 0.5 | AL89: =AK89 -> 0.5 | AM89: =AL89 -> 0.5 | AN89: 0 | AO89: =AB89*AN89 -> 0 | AP89: 0 | AQ89: =AC89*AP89 -> 0 | AR89: 0 | AS89: =AD89*AR89 -> 0 | AT89: 1040 | AU89: =AE89*AT89 -> 520 | AV89: 6680 | AW89: =AF89*AV89 -> 3340 | AX89: 8080 | AY89: =AG89*AX89 -> 4040 | AZ89: 6520 | BA89: =AH89*AZ89 -> 3260 | BB89: 6797 | BC89: =AI89*BB89 -> 3398.5 | BD89: 11270 | BE89: =AJ89*BD89 -> 5635 | BF89: 4284 | BG89: =AK89*BF89 -> 2142 | BH89: 7480 | BI89: =AL89*BH89 -> 3740 | BJ89: 3555 | BK89: =AM89*BJ89 -> 1777.5
A90: FY23 | B90: Benson Chen | C90: Primax | D90: Consumer | E90: NB | G90: 2023 | H90: HOKIE/RAMESES | I90: BL KB | J90: 14 | K90: Soft Grey | L90: W China | M90: INVENTEC | N90: 15.1 | O90: 15.1 | P90: 15.1 | Q90: 15.1 | R90: 15.1 | S90: 15.1 | T90: 15.1 | U90: 15.1 | V90: 15.1 | W90: 15.1 | X90: 15.1 | Y90: 15.1 | Z90: 15.1 | AA90: 0 | AB90: =AA90 -> 0 | AC90: =AB90 -> 0 | AD90: =AC90 -> 0 | AE90: 1.5 | AF90: =AE90 -> 1.5 | AG90: =AF90 -> 1.5 | AH90: =AG90 -> 1.5 | AI90: =AH90 -> 1.5 | AJ90: =AI90 -> 1.5 | AK90: =AJ90 -> 1.5 | AL90: =AK90 -> 1.5 | AM90: =AL90 -> 1.5 | AN90: 0 | AO90: =AB90*AN90 -> 0 | AP90: 0 | AQ90: =AC90*AP90 -> 0 | AR90: 0 | AS90: =AD90*AR90 -> 0 | AT90: 1000 | AU90: =AE90*AT90 -> 1500 | AV90: 360 | AW90: =AF90*AV90 -> 540 | AX90: 230 | AY90: =AG90*AX90 -> 345 | AZ90: 278 | BA90: =AH90*AZ90 -> 417 | BB90: 120 | BC90: =AI90*BB90 -> 180 | BD90: 0 | BE90: =AJ90*BD90 -> 0 | BF90: 0 | BG90: =AK90*BF90 -> 0 | BH90: 0 | BI90: =AL90*BH90 -> 0 | BJ90: 0 | BK90: =AM90*BJ90 -> 0
A91: FY23 | B91: Benson Chen | C91: Primax | D91: Consumer | E91: NB | G91: 2023 | H91: HOKIE/RAMESES | I91: BL KB | J91: 14 | K91: Flint Opaque | L91: W China | M91: INVENTEC | N91: 16.1 | O91: 16.1 | P91: 16.1 | Q91: 16.1 | R91: 16.1 | S91: 16.1 | T91: 16.1 | U91: 16.1 | V91: 16.1 | W91: 16.1 | X91: 16.1 | Y91: 16.1 | Z91: 16.1 | AA91: 0 | AB91: =AA91 -> 0 | AC91: =AB91 -> 0 | AD91: =AC91 -> 0 | AE91: 1.5 | AF91: =AE91 -> 1.5 | AG91: =AF91 -> 1.5 | AH91: =AG91 -> 1.5 | AI91: =AH91 -> 1.5 | AJ91: =AI91 -> 1.5 | AK91: =AJ91 -> 1.5 | AL91: =AK91 -> 1.5 | AM91: =AL91 -> 1.5 | AN91: 0 | AO91: =AB91*AN91 -> 0 | AP91: 0 | AQ91: =AC91*AP91 -> 0 | AR91: 0 | AS91: =AD91*AR91 -> 0 | AT91: 0 | AU91: =AE91*AT91 -> 0 | AV91: 0 | AW91: =AF91*AV91 -> 0 | AX91: 0 | AY91: =AG91*AX91 -> 0 | AZ91: 80 | BA91: =AH91*AZ91 -> 120 | BB91: 360 | BC91: =AI91*BB91 -> 540 | BD91: 240 | BE91: =AJ91*BD91 -> 360 | BF91: 360 | BG91: =AK91*BF91 -> 540 | BH91: 400 | BI91: =AL91*BH91 -> 600 | BJ91: 1080 | BK91: =AM91*BJ91 -> 1620
A92: FY23 | AC92: =AB92 -> 0 | AF92: =AE92 -> 0 | AG92: =AF92 -> 0 | AH92: =AG92 -> 0 | AI92: =AH92 -> 0 | AJ92: =AI92 -> 0 | AK92: =AJ92 -> 0 | AL92: =AK92 -> 0 | AM92: =AL92 -> 0 | AO92: =AB92*AN92 -> 0 | AQ92: =AC92*AP92 -> 0 | AS92: =AD92*AR92 -> 0 | AU92: =AE92*AT92 -> 0 | AW92: =AF92*AV92 -> 0 | AY92: =AG92*AX92 -> 0 | BA92: =AH92*AZ92 -> 0 | BC92: =AI92*BB92 -> 0 | BE92: =AJ92*BD92 -> 0 | BG92: =AK92*BF92 -> 0 | BI92: =AL92*BH92 -> 0 | BK92: =AM92*BJ92 -> 0
A93: FY23 | AC93: =AB93 -> 0 | AF93: =AE93 -> 0 | AG93: =AF93 -> 0 | AH93: =AG93 -> 0 | AI93: =AH93 -> 0 | AJ93: =AI93 -> 0 | AK93: =AJ93 -> 0 | AL93: =AK93 -> 0 | AM93: =AL93 -> 0 | AO93: =AB93*AN93 -> 0 | AQ93: =AC93*AP93 -> 0 | AS93: =AD93*AR93 -> 0 | AU93: =AE93*AT93 -> 0 | AW93: =AF93*AV93 -> 0 | AY93: =AG93*AX93 -> 0 | BA93: =AH93*AZ93 -> 0 | BC93: =AI93*BB93 -> 0 | BE93: =AJ93*BD93 -> 0 | BG93: =AK93*BF93 -> 0 | BI93: =AL93*BH93 -> 0 | BK93: =AM93*BJ93 -> 0
A94: FY23 | AC94: =AB94 -> 0 | AF94: =AE94 -> 0 | AG94: =AF94 -> 0 | AH94: =AG94 -> 0 | AI94: =AH94 -> 0 | AJ94: =AI94 -> 0 | AK94: =AJ94 -> 0 | AL94: =AK94 -> 0 | AM94: =AL94 -> 0 | AO94: =AB94*AN94 -> 0 | AQ94: =AC94*AP94 -> 0 | AS94: =AD94*AR94 -> 0 | AU94: =AE94*AT94 -> 0 | AW94: =AF94*AV94 -> 0 | AY94: =AG94*AX94 -> 0 | BA94: =AH94*AZ94 -> 0 | BC94: =AI94*BB94 -> 0 | BE94: =AJ94*BD94 -> 0 | BG94: =AK94*BF94 -> 0 | BI94: =AL94*BH94 -> 0 | BK94: =AM94*BJ94 -> 0
A95: FY23 | AC95: =AB95 -> 0 | AF95: =AE95 -> 0 | AG95: =AF95 -> 0 | AH95: =AG95 -> 0 | AI95: =AH95 -> 0 | AJ95: =AI95 -> 0 | AK95: =AJ95 -> 0 | AL95: =AK95 -> 0 | AM95: =AL95 -> 0 | AO95: =AB95*AN95 -> 0 | AQ95: =AC95*AP95 -> 0 | AS95: =AD95*AR95 -> 0 | AU95: =AE95*AT95 -> 0 | AW95: =AF95*AV95 -> 0 | AY95: =AG95*AX95 -> 0 | BA95: =AH95*AZ95 -> 0 | BC95: =AI95*BB95 -> 0 | BE95: =AJ95*BD95 -> 0 | BG95: =AK95*BF95 -> 0 | BI95: =AL95*BH95 -> 0 | BK95: =AM95*BJ95 -> 0
A96: FY23 | AC96: =AB96 -> 0 | AF96: =AE96 -> 0 | AG96: =AF96 -> 0 | AH96: =AG96 -> 0 | AI96: =AH96 -> 0 | AJ96: =AI96 -> 0 | AK96: =AJ96 -> 0 | AL96: =AK96 -> 0 | AM96: =AL96 -> 0 | AO96: =AB96*AN96 -> 0 | AQ96: =AC96*AP96 -> 0 | AS96: =AD96*AR96 -> 0 | AU96: =AE96*AT96 -> 0 | AW96: =AF96*AV96 -> 0 | AY96: =AG96*AX96 -> 0 | BA96: =AH96*AZ96 -> 0 | BC96: =AI96*BB96 -> 0 | BE96: =AJ96*BD96 -> 0 | BG96: =AK96*BF96 -> 0 | BI96: =AL96*BH96 -> 0 | BK96: =AM96*BJ96 -> 0
A97: FY23 | AC97: =AB97 -> 0 | AF97: =AE97 -> 0 | AG97: =AF97 -> 0 | AH97: =AG97 -> 0 | AI97: =AH97 -> 0 | AJ97: =AI97 -> 0 | AK97: =AJ97 -> 0 | AL97: =AK97 -> 0 | AM97: =AL97 -> 0 | AO97: =AB97*AN97 -> 0 | AQ97: =AC97*AP97 -> 0 | AS97: =AD97*AR97 -> 0 | AU97: =AE97*AT97 -> 0 | AW97: =AF97*AV97 -> 0 | AY97: =AG97*AX97 -> 0 | BA97: =AH97*AZ97 -> 0 | BC97: =AI97*BB97 -> 0 | BE97: =AJ97*BD97 -> 0 | BG97: =AK97*BF97 -> 0 | BI97: =AL97*BH97 -> 0 | BK97: =AM97*BJ97 -> 0
A98: FY23 | B98: Iris Huang | C98: Primax | D98: Consumer | E98: NB | F98: Chromebook | G98: 2021 | H98: B52CHB/LEPUS | I98: NBL KB | J98: 14 | K98: Snow White/Jet Black | L98: W China | M98: QUANTA | N98: 3.5 | O98: 3.5 | P98: 3.5 | Q98: 3.5 | R98: 3.5 | S98: 3.5 | T98: 3.5 | U98: 3.5 | V98: 3.5 | W98: 3.5 | X98: 3.5 | Y98: 3.5 | Z98: 3.5 | AA98: 0.3 | AB98: 0.71 | AC98: =AB98 -> 0.71 | AD98: =AC98 -> 0.71 | AE98: =AD98 -> 0.71 | AF98: =AE98 -> 0.71 | AG98: =AF98 -> 0.71 | AH98: =AG98 -> 0.71 | AI98: =AH98 -> 0.71 | AJ98: =AI98 -> 0.71 | ... AM98: =AL98 -> 0.71 | AN98: 160 | AO98: =AB98*AN98 -> 113.6 | AP98: 0 | AQ98: =AC98*AP98 -> 0 | AR98: 120 | AS98: =AD98*AR98 -> 85.2 | AT98: 0 | AU98: =AE98*AT98 -> 0 | AV98: 0 | AW98: =AF98*AV98 -> 0 | AX98: 520 | AY98: =AG98*AX98 -> 369.2 | AZ98: 199 | BA98: =AH98*AZ98 -> 141.29 | BB98: 320 | BC98: =AI98*BB98 -> 227.2 | BD98: 200 | BE98: =AJ98*BD98 -> 142 | BF98: 280 | BG98: =AK98*BF98 -> 198.8 | BH98: 0 | BI98: =AL98*BH98 -> 0 | BJ98: 1560 | BK98: =AM98*BJ98 -> 1107.6
A99: FY23 | B99: Iris Huang | C99: Primax | D99: Consumer | E99: NB | G99: 2021 | H99: B52CHB/LEPUS | I99: NBL KB | J99: 14 | K99: Pike Silver | L99: W China | M99: QUANTA | N99: 5.7 | O99: 5.7 | P99: 5.7 | Q99: 5.7 | R99: 5.7 | S99: 5.7 | T99: 5.7 | U99: 5.7 | V99: 5.7 | W99: 5.7 | X99: 5.7 | Y99: 5.7 | Z99: 5.7 | AA99: 0.5 | AB99: 1.2 | AC99: =AB99 -> 1.2 | AD99: =AC99 -> 1.2 | AE99: =AD99 -> 1.2 | AF99: =AE99 -> 1.2 | AG99: =AF99 -> 1.2 | AH99: =AG99 -> 1.2 | AI99: =AH99 -> 1.2 | AJ99: =AI99 -> 1.2 | AK99: 2.1 | AL99: =AK99 -> 2.1 | AM99: =AK99 -> 2.1 | AN99: 0 | AO99: =AB99*AN99 -> 0 | AP99: 114 | AQ99: =AC99*AP99 -> 136.8 | AR99: 200 | AS99: =AD99*AR99 -> 240 | AT99: 80 | AU99: =AE99*AT99 -> 96 | AV99: 200 | AW99: =AF99*AV99 -> 240 | AX99: 240 | AY99: =AG99*AX99 -> 288 | AZ99: 38 | BA99: =AH99*AZ99 -> 45.6 | BB99: 0 | BC99: =AI99*BB99 -> 0 | BD99: 240 | BE99: =AJ99*BD99 -> 288 | BF99: 1000 | BG99: =AK99*BF99 -> 2100 | BH99: 0 | BI99: =AL99*BH99 -> 0 | BJ99: 0 | BK99: =AM99*BJ99 -> 0
A100: FY23 | B100: Iris Huang | C100: Primax | D100: Consumer | E100: NB | G100: 2021 | H100: B52CHB/LEPUS | I100: BL KB | J100: 14 | K100: Jet Black | L100: W China | M100: QUANTA | N100: 11.45 | O100: 11.45 | P100: 11.45 | Q100: 11.45 | R100: 11.45 | S100: 11.45 | T100: 11.45 | U100: 11.45 | V100: 11.45 | W100: 11.45 | X100: 11.45 | Y100: 11.45 | Z100: 11.45 | AA100: 1 | AB100: 2 | AC100: =AB100 -> 2 | AD100: =AC100 -> 2 | AE100: =AD100 -> 2 | AF100: =AE100 -> 2 | AG100: =AF100 -> 2 | AH100: =AG100 -> 2 | AI100: =AH100 -> 2 | AJ100: =AI100 -> 2 | AK100: 3.65 | AL100: =AK100 -> 3.65 | AM100: =AK100 -> 3.65 | AN100: 2794 | AO100: =AB100*AN100 -> 5588 | AP100: 0 | AQ100: =AC100*AP100 -> 0 | AR100: 2198 | AS100: =AD100*AR100 -> 4396 | AT100: 1000 | AU100: =AE100*AT100 -> 2000 | AV100: 600 | AW100: =AF100*AV100 -> 1200 | AX100: 1200 | AY100: =AG100*AX100 -> 2400 | AZ100: 240 | BA100: =AH100*AZ100 -> 480 | BB100: 400 | BC100: =AI100*BB100 -> 800 | BD100: 2960 | BE100: =AJ100*BD100 -> 5920 | BF100: 720 | BG100: =AK100*BF100 -> 2628 | BH100: 1838 | BI100: =AL100*BH100 -> 6708.7 | BJ100: 1960 | BK100: =AM100*BJ100 -> 7154
...

Sheet FY24 Summary_1
B3: Primax | C3: 2023 11 | D3: 2023 12 | E3: 2024 01 | F3: Total Q1
B4: Rebate amount | C4: ='FY24'!AP1 -> 1455240.2 | D4: ='FY24'!AR1 -> 1297732.2 | E4: ='FY24'!AT1 -> 1009232.9 | F4: =SUM(C4:E4) -> 3762205.4
B5: E&O reduction | C5: 0 | D5: 0 | E5: =47291.37*20% -> 9458.274 | F5: =SUM(C5:E5) -> 9458.274
B6: Complexity reduction | C6: 0 | D6: 0 | E6: 0 | F6: =SUM(C6:E6) -> 0 | H6: 1. 新增Summary_1, 原先的Summary重新命名為Summary_2
B7: Total amount | C7: =SUM(C4:C6) -> 1455240.2 | D7: =SUM(D4:D6) -> 1297732.2 | E7: =SUM(E4:E6) -> 1018691.2 | F7: =SUM(F4:F6) -> 3771663.6
H8: 2.黃色部位為貴司名稱, 請整份報告都跟檔名貴司名稱撰寫方式一致
B10: Primax | C10: 2024 02 | D10: 2024 03 | E10: 2024 04 | F10: Total Q2 | H10: 3. 這些欄位一定要固定, B3-B28, C3-C28, D3-D28, E3-E28, F3-F28都有賦予定義
B11: Rebate amount | C11: ='FY24'!AV1 -> 913750.01 | D11: ='FY24'!AX1 -> 1273934.4 | E11: ='FY24'!AZ1 -> 1187669.8 | F11: =SUM(C11:E11) -> 3375354.2
B12: E&O reduction | C12: 0 | D12: 0 | E12: 0 | F12: =SUM(C12:E12) -> 0 | H12: 4. Rebate amount 指得是summary_2的page金額 (就是我們一直以來收集的金額)
B13: Complexity reduction | C13: 0 | D13: 0 | E13: 0 | F13: =SUM(C13:E13) -> 0
B14: Total amount | C14: =SUM(C11:C13) -> 913750.01 | D14: =SUM(D11:D13) -> 1273934.4 | E14: =SUM(E11:E13) -> 1187669.8 | F14: =SUM(F11:F13) -> 3375354.2 | H14: 5. 新增 E&O reduction 及complexity reduction品項, 先留足空間
H15: 若目前還未有此款項存在都先填0
B17: Primax | C17: 2024 05 | D17: 2024 06 | E17: 2024 07 | F17: Total Q3 | H17: 6. 金額都放未經調整後的真實數字, 分析才具意義
B18: Rebate amount | C18: ='FY24'!BB1 -> 1527709.2 | D18: ='FY24'!BD1 -> 1759003.9 | E18: ='FY24'!BF1 -> 1510030.6 | F18: =SUM(C18:E18) -> 4796743.7
B19: E&O reduction | C19: 141204.37 | D19: 50128.95 | E19: 0 | F19: =SUM(C19:E19) -> 191333.32
B20: Complexity reduction | C20: 0 | D20: 0 | E20: 0 | F20: =SUM(C20:E20) -> 0
B21: Total amount | C21: =SUM(C18:C20) -> 1668913.6 | D21: =SUM(D18:D20) -> 1809132.8 | E21: =SUM(E18:E20) -> 1510030.6 | F21: =SUM(F18:F20) -> 4988077
B24: Primax | C24: 2024 08 | D24: 2024 09 | E24: 2024 10 | F24: Total Q4
B25: Rebate amount | C25: ='FY24'!BH1 -> 1349175.5 | D25: ='FY24'!BJ1 -> 1696123 | E25: ='FY24'!BL1 -> 1426855.9 | F25: =SUM(C25:E25) -> 4472154.4
B26: E&O reduction | C26: 17098.64 | D26: 0 | E26: 41617.84 | F26: =SUM(C26:E26) -> 58716.48
B27: Complexity reduction | C27: 0 | D27: 0 | E27: 0 | F27: =SUM(C27:E27) -> 0
B28: Total amount | C28: =SUM(C25:C27) -> 1366274.1 | D28: =SUM(D25:D27) -> 1696123 | E28: =SUM(E25:E27) -> 1468473.7 | F28: =SUM(F25:F27) -> 4530870.9

Sheet FY24 Summary_2
B3: Q1 Actual by Segment
C4: Segment | D4: 45231 | E4: 45261 | F4: 45292 | G4: Total Rebate in Q1 2024 (US$)
B5: CMIT Input Devices | C5: 200 series (6U) | D5: =SUM('FY24'!AP3:AP5)+SUM('FY24'!AP115:AP149)*0.25 -> 60832.265 | E5: =SUM('FY24'!AR3:AR5)+SUM('FY24'!AR115:AR149)*0.25 -> 63143.69 | F5: =SUM('FY24'!AT3:AT5)+SUM('FY24'!AT115:AT149)*0.25 -> 46957.1 | G5: =SUM(D5:F5) -> 170933.05
C6: 400 series (S) | D6: 0 | E6: 0 | F6: 0 | G6: =SUM(D6:F6) -> 0
C7: 600 series (B) | D7: 0 | E7: 0 | F7: 0 | G7: =SUM(D7:F7) -> 0
C8: 800 series (P) | D8: =SUM('FY24'!AP20:AP40) -> 364313.86 | E8: =SUM('FY24'!AR20:AR40) -> 249507.55 | F8: =SUM('FY24'!AT20:AT40) -> 239916.46 | G8: =SUM(D8:F8) -> 853737.87
C9: 1000 series (M | D9: =SUM('FY24'!AP41:AP44) -> 39166 | E9: =SUM('FY24'!AR41:AR44) -> 37733.6 | F9: =SUM('FY24'!AT41:AT44) -> 25016 | G9: =SUM(D9:F9) -> 101915.6
C10: MWS (Workstation) | D10: =SUM('FY24'!AP49:AP50) -> 58800 | E10: =SUM('FY24'!AR49:AR50) -> 58200 | F10: =SUM('FY24'!AT49:AT50) -> 30400 | G10: =SUM(D10:F10) -> 147400
C11: Soft Keyboard | D11: 0 | E11: 0 | F11: 0 | G11: =SUM(D11:F11) -> 0
C12: Chrome Book | D12: =SUM('FY24'!AP55:AP61) -> 4040 | E12: =SUM('FY24'!AR55:AR61) -> 5497.5 | F12: =SUM('FY24'!AT55:AT61) -> 2920 | G12: =SUM(D12:F12) -> 12457.5
C13: Clickpad | D13: 0 | E13: 0 | F13: 0 | G13: =SUM(D13:F13) -> 0
C14: Education | D14: =SUM('FY24'!AP47:AP48) -> 420 | E14: =SUM('FY24'!AR47:AR48) -> 630 | F14: =SUM('FY24'!AT47:AT48) -> 501.9 | G14: =SUM(D14:F14) -> 1551.9
C15: Peripherals/AMO | D15: =SUM('FY24'!AP304:AP327) -> 19869.6 | E15: =SUM('FY24'!AR304:AR327) -> 63934.44 | F15: =SUM('FY24'!AT304:AT327) -> 67631.44 | G15: =SUM(D15:F15) -> 151435.48
C16: Desktop | D16: =SUM('FY24'!AP62:AP84) -> 60842.46 | E16: =SUM('FY24'!AR62:AR84) -> 130721.04 | F16: =SUM('FY24'!AT62:AT84) -> 160802.56 | G16: =SUM(D16:F16) -> 352366.06
B17: Consumer Input Devices | C17: OPP | D17: =SUM('FY24'!AP85:AP114)+SUM('FY24'!AP115:AP149)*0.75 -> 238173.33 | E17: =SUM('FY24'!AR85:AR114)+SUM('FY24'!AR115:AR149)*0.75 -> 334061.67 | F17: =SUM('FY24'!AT85:AT114)+SUM('FY24'!AT115:AT149)*0.75 -> 176720.06 | G17: =SUM(D17:F17) -> 748955.06
C18: Chrome Book | D18: =SUM('FY24'!AP150:AP169) -> 27475.29 | E18: =SUM('FY24'!AR150:AR169) -> 1730.4 | F18: =SUM('FY24'!AT150:AT169) -> 6341.2 | G18: =SUM(D18:F18) -> 35546.89
C19: Pavillion | D19: =SUM('FY24'!AP170:AP205) -> 419935.3 | E19: =SUM('FY24'!AR170:AR205) -> 209434.8 | F19: =SUM('FY24'!AT170:AT205) -> 104351.85 | G19: =SUM(D19:F19) -> 733721.95
C20: Spectre | D20: 0 | E20: 0 | F20: 0 | G20: =SUM(D20:F20) -> 0
C21: Envy | D21: =SUM('FY24'!AP216:AP225) -> 40173 | E21: =SUM('FY24'!AR216:AR225) -> 57639 | F21: =SUM('FY24'!AT216:AT225) -> 51018 | G21: =SUM(D21:F21) -> 148830
C22: Stream | D22: 0 | E22: 0 | F22: 0 | G22: =SUM(D22:F22) -> 0
C23: Omen | D23: =SUM('FY24'!AP228:AP254) -> 28686.4 | E23: =SUM('FY24'!AR228:AR254) -> 15183.1 | F23: =SUM('FY24'!AT228:AT254) -> 25003.14 | G23: =SUM(D23:F23) -> 68872.64
C24: Peripherals/AMO | D24: =SUM('FY24'!AP288:AP303) -> 9537.16 | E24: =SUM('FY24'!AR288:AR303) -> 22906.4 | F24: =SUM('FY24'!AT288:AT303) -> 33744.2 | G24: =SUM(D24:F24) -> 66187.76
C25: Desktop | D25: =SUM('FY24'!AP255:AP287) -> 82975.5 | E25: =SUM('FY24'!AR255:AR287) -> 47409.06 | F25: =SUM('FY24'!AT255:AT287) -> 37909.03 | G25: =SUM(D25:F25) -> 168293.59
G26: =SUM(G5:G25) -> 3762205.4
B28: Q1 Actual by Segment
C29: Supplier | D29: 45231 | E29: 45261 | F29: 45292 | G29: Total Rebate in Q1 2024 (US$)
B30: Input Devices | C30: Acrox
C31: Chicony
C32: Darfon
C33: Liteon
C34: Primax | D34: =SUM(D5:D25) -> 1455240.2 | E34: =SUM(E5:E25) -> 1297732.2 | F34: =SUM(F5:F25) -> 1009232.9 | G34: =SUM(D34:F34) -> 3762205.4
C35: Sunrex
F36: Total Rebate Amount
B39: Q2 Actual by Segment
C40: Segment | D40: 45323 | E40: 45352 | F40: 45383 | G40: Total Rebate in Q2 2024 (US$)
B41: CMIT Input Devices | C41: 200 series (6U) | D41: =SUM('FY24'!AV115:AV149)*0.25 -> 28099.5 | E41: =SUM('FY24'!AX115:AX149)*0.25 -> 42767.6 | F41: =SUM('FY24'!AZ115:AZ149)*0.25 -> 21702 | G41: =SUM(D41:F41) -> 92569.1
C42: 400 series (S) | D42: 0 | E42: =SUM('FY24'!AX6:AX9) -> 0 | F42: =SUM('FY24'!AZ6:AZ9) -> 0 | G42: =SUM(D42:F42) -> 0
C43: 600 series (B) | D43: 0 | E43: 0 | F43: 0 | G43: =SUM(D43:F43) -> 0
C44: 800 series (P) | D44: =SUM('FY24'!AV20:AV40) -> 264543.92 | E44: =SUM('FY24'!AX20:AX40) -> 386081.68 | F44: =SUM('FY24'!AZ20:AZ40) -> 424280.28 | G44: =SUM(D44:F44) -> 1074905.9
C45: 1000 series (M | D45: =SUM('FY24'!AV41:AV44) -> 23320 | E45: =SUM('FY24'!AX41:AX44) -> 26620 | F45: =SUM('FY24'!AZ41:AZ44) -> 10956 | G45: =SUM(D45:F45) -> 60896
C46: MWS (Workstation) | D46: =SUM('FY24'!AV49:AV50) -> 49940 | E46: =SUM('FY24'!AX49:AX50) -> 64200 | F46: =SUM('FY24'!AZ49:AZ50) -> 41869.1 | G46: =SUM(D46:F46) -> 156009.1
C47: Soft Keyboard | D47: 0 | E47: 0 | F47: 0 | G47: =SUM(D47:F47) -> 0
C48: Chrome Book | D48: =SUM('FY24'!AV55:AV61) -> 1040 | E48: =SUM('FY24'!AX55:AX61) -> 2590 | F48: =SUM('FY24'!AZ55:AZ61) -> 1710 | G48: =SUM(D48:F48) -> 5340
C49: Clickpad | D49: 0 | E49: 0 | F49: 0 | G49: =SUM(D49:F49) -> 0
C50: Education | D50: ='FY24'!AV47 -> 798 | E50: ='FY24'!AX47 -> 420 | F50: ='FY24'!AZ47 -> 1176 | G50: =SUM(D50:F50) -> 2394
C51: Peripherals/AMO | D51: =SUM('FY24'!AV304:AV327) -> 48221.36 | E51: =SUM('FY24'!AX304:AX327) -> 72507.52 | F51: =SUM('FY24'!AZ304:AZ327) -> 102224.08 | G51: =SUM(D51:F51) -> 222952.96
C52: Desktop | D52: =SUM('FY24'!AV62:AV84) -> 171345.75 | E52: =SUM('FY24'!AX62:AX84) -> 152722.02 | F52: =SUM('FY24'!AZ62:AZ84) -> 161055.4 | G52: =SUM(D52:F52) -> 485123.17
B53: Consumer Input Devices | C53: OPP | D53: =SUM('FY24'!AV85:AV114)+SUM('FY24'!AV115:AV149)*0.75 -> 126568.9 | E53: =SUM('FY24'!AX85:AX114)+SUM('FY24'!AX115:AX149)*0.75 -> 224856.6 | F53: =SUM('FY24'!AZ85:AZ114)+SUM('FY24'!AZ115:AZ149)*0.75 -> 132119.95 | G53: =SUM(D53:F53) -> 483545.45
C54: Chrome Book | D54: =SUM('FY24'!AV150:AV169) -> 2161.6 | E54: =SUM('FY24'!AX150:AX169) -> 480.4 | F54: =SUM('FY24'!AZ150:AZ169) -> 896.8 | G54: =SUM(D54:F54) -> 3538.8
C55: Pavillion | D55: =SUM('FY24'!AV170:AV212) -> 66584.8 | E55: =SUM('FY24'!AX170:AX212) -> 87088.8 | F55: =SUM('FY24'!AZ170:AZ199) -> 92393.45 | G55: =SUM(D55:F55) -> 246067.05
C56: Spectre | D56: 0 | E56: 0 | F56: 0 | G56: =SUM(D56:F56) -> 0
C57: Envy | D57: =SUM('FY24'!AV216:AV225) -> 49226.55 | E57: =SUM('FY24'!AX216:AX225) -> 96810 | F57: =SUM('FY24'!AZ216:AZ225) -> 76893.45 | G57: =SUM(D57:F57) -> 222930
C58: Stream | D58: 0 | E58: 0 | F58: 0 | G58: =SUM(D58:F58) -> 0
C59: Omen | D59: =SUM('FY24'!AV228:AV254) -> 9143.2 | E59: =SUM('FY24'!AX228:AX254) -> 7736.8 | F59: =SUM('FY24'!AZ228:AZ254) -> 15757.2 | G59: =SUM(D59:F59) -> 32637.2
C60: Peripherals/AMO | D60: =SUM('FY24'!AV288:AV303) -> 8632.2 | E60: =SUM('FY24'!AX288:AX303) -> 36646.8 | F60: =SUM('FY24'!AZ288:AZ303) -> 36673.5 | G60: =SUM(D60:F60) -> 81952.5
C61: Desktop | D61: =SUM('FY24'!AV255:AV287) -> 64124.23 | E61: =SUM('FY24'!AX255:AX287) -> 72406.22 | F61: =SUM('FY24'!AZ255:AZ287) -> 67962.56 | G61: =SUM(D61:F61) -> 204493.01
G62: =SUM(G41:G61) -> 3375354.2
B64: Q2 Actual by Segment
C65: Supplier | D65: 45323 | E65: 45352 | F65: 45383 | G65: Total Rebate in Q2 2024 (US$)
B66: Input Devices | C66: Acrox
B67: Input Devices | C67: Chicony
C68: Darfon
C69: Liteon
C70: Primax | D70: =SUM(D41:D61) -> 913750.01 | E70: =SUM(E41:E61) -> 1273934.4 | F70: =SUM(F41:F61) -> 1187669.8 | G70: =SUM(D70:F70) -> 3375354.2
C71: Sunrex
F72: Total Rebate Amount
B75: Q3 Actual by Segment
C76: Segment | D76: 45413 | E76: 45444 | F76: 45474 | G76: Total Rebate in Q3 2024 (US$)
B77: CMIT Input Devices | C77: 200 series (6U) | D77: =SUM('FY24'!BB115:BB149)*0.25 -> 14045.075 | E77: =SUM('FY24'!BD115:BD149)*0.25 -> 18295.1 | F77: =SUM('FY24'!BF115:BF149)*0.25 -> 7473.2 | G77: =SUM(D77:F77) -> 39813.375
C78: 400 series (S) | D78: =SUM('FY24'!BB6:BB9) -> 0 | E78: =SUM('FY24'!BD6:BD9) -> 0 | F78: =SUM('FY24'!BF6:BF9) -> 0 | G78: =SUM(D78:F78) -> 0
C79: 600 series (B) | D79: 0 | E79: 0 | F79: 0 | G79: =SUM(D79:F79) -> 0
C80: 800 series (P) | D80: =SUM('FY24'!BB20:BB40) -> 549902.26 | E80: =SUM('FY24'!BD20:BD40) -> 666316.5 | F80: =SUM('FY24'!BF20:BF40) -> 621546.49 | G80: =SUM(D80:F80) -> 1837765.2
C81: 1000 series (M | D81: =SUM('FY24'!BB41:BB44) -> 49087.2 | E81: =SUM('FY24'!BD41:BD44) -> 30374.4 | F81: =SUM('FY24'!BF41:BF44) -> 36862.86 | G81: =SUM(D81:F81) -> 116324.46
C82: MWS (Workstation) | D82: =SUM('FY24'!BB49:BB50) -> 45752 | E82: =SUM('FY24'!BD49:BD50) -> 57551.2 | F82: =SUM('FY24'!BF49:BF50) -> 33916.68 | G82: =SUM(D82:F82) -> 137219.88
C83: Soft Keyboard | D83: 0 | E83: 0 | F83: 0 | G83: =SUM(D83:F83) -> 0
C84: Chrome Book | D84: =SUM('FY24'!BB55:BB61) -> 4177 | E84: =SUM('FY24'!BD55:BD61) -> 5957.6 | F84: =SUM('FY24'!BF55:BF61) -> 9476.8 | G84: =SUM(D84:F84) -> 19611.4
C85: Clickpad | D85: ='FY24'!BB14 -> 3971 | E85: ='FY24'!BD14 -> 7733 | F85: ='FY24'!BF14 -> 6776 | G85: =SUM(D85:F85) -> 18480
C86: Education | D86: 0 | E86: 0 | F86: 0 | G86: =SUM(D86:F86) -> 0
C87: Peripherals/AMO | D87: =SUM('FY24'!BB305:BB327) -> 85163.08 | E87: =SUM('FY24'!BD305:BD327) -> 94223.04 | F87: =SUM('FY24'!BF306:BF327) -> 39135.68 | G87: =SUM(D87:F87) -> 218521.8
C88: Desktop | D88: =SUM('FY24'!BB62:BB84) -> 236323.57 | E88: =SUM('FY24'!BD62:BD84) -> 273642.55 | F88: =SUM('FY24'!BF62:BF84) -> 222288.29 | G88: =SUM(D88:F88) -> 732254.41
B89: Consumer Input Devices | C89: OPP | D89: =SUM('FY24'!BB85:BB114)+SUM('FY24'!BB115:BB149)*0.75 -> 145774.62 | E89: =SUM('FY24'!BD85:BD114)+SUM('FY24'!BD115:BD149)*0.75 -> 189589.8 | F89: =SUM('FY24'!BF85:BF114)+SUM('FY24'!BF115:BF149)*0.75 -> 105323.6 | G89: =SUM(D89:F89) -> 440688.03
C90: Chrome Book | D90: =SUM('FY24'!BB150:BB169) -> 22679.75 | E90: =SUM('FY24'!BD150:BD169) -> 9146.4 | F90: =SUM('FY24'!BF150:BF169) -> 38591.2 | G90: =SUM(D90:F90) -> 70417.35
C91: Pavillion | D91: =SUM('FY24'!BB170:BB199) -> 155308.28 | E91: =SUM('FY24'!BD170:BD199) -> 191670.8 | F91: =SUM('FY24'!BF170:BF199) -> 238498.65 | G91: =SUM(D91:F91) -> 585477.73
C92: Spectre | D92: 0 | E92: 0 | F92: 0 | G92: =SUM(D92:F92) -> 0
C93: Envy | D93: =SUM('FY24'!BB216:BB225) -> 33119.6 | E93: =SUM('FY24'!BD216:BD225) -> 29531 | F93: =SUM('FY24'!BF216:BF225) -> 18786 | G93: =SUM(D93:F93) -> 81436.6
C94: Stream | D94: 0 | E94: 0 | F94: 0 | G94: =SUM(D94:F94) -> 0
C95: Omen | D95: =SUM('FY24'!BB228:BB254) -> 15650.95 | E95: =SUM('FY24'!BD228:BD254) -> 4236 | F95: =SUM('FY24'!BF228:BF254) -> 14449.8 | G95: =SUM(D95:F95) -> 34336.75
C96: Peripherals/AMO | D96: =SUM('FY24'!BB288:BB305) -> 42034.6 | E96: =SUM('FY24'!BD288:BD305) -> 40859.2 | F96: =SUM('FY24'!BF288:BF305) -> 13537.2 | G96: =SUM(D96:F96) -> 96431
C97: Desktop | D97: =SUM('FY24'!BB255:BB287) -> 124720.24 | E97: =SUM('FY24'!BD255:BD287) -> 139877.26 | F97: =SUM('FY24'!BF255:BF287) -> 103368.15 | G97: =SUM(D97:F97) -> 367965.65
G98: =SUM(G77:G97) -> 4796743.7
B100: Q3 Actual by Segment
C101: Supplier | D101: 45413 | E101: 45444 | F101: 45474 | G101: Total Rebate in Q3 2024 (US$)
B102: Input Devices | C102: Acrox
C103: Chicony
C104: Darfon
C105: Liteon
C106: Primax | D106: =SUM(D77:D97) -> 1527709.2 | E106: =SUM(E77:E97) -> 1759003.9 | F106: =SUM(F77:F97) -> 1510030.6 | G106: =SUM(D106:F106) -> 4796743.7
C107: Sunrex
F108: Total Rebate Amount
B110: Q4 Actual by Segment
...

Sheet FY24
D1: Consumer/Commercial/ Peripheral | E1: NB/DT/Peripheral | G1: 2020/2021/2022 | H1: Remove Size/Color, define Platform naming Hagrid/Hedwig/Granger/Ashmore/Ramla (follow naming rule of product list) | I1: NBL KB/BL KB/Mouse /Combo/Clickpad/Others | J1: NA/ | K1: NA/ | L1: (E China/W China/S China/NMC) | M1: COMPAL/ QUANTA /INVENTEC /WISTRON/ FOXCONN/ OTHERS | AP1: =SUM(AP3:AP327) -> 1455240.2 | AR1: =SUM(AR3:AR327) -> 1297732.2 | AT1: =SUM(AT3:AT327) -> 1009232.9 | AV1: =SUM(AV3:AV327) -> 913750.01 | AX1: =SUM(AX3:AX327) -> 1273934.4 | AZ1: =SUM(AZ3:AZ327) -> 1187669.8 | BB1: =SUM(BB3:BB327) -> 1527709.2 | BD1: =SUM(BD3:BD327) -> 1759003.9 | BF1: =SUM(BF3:BF327) -> 1510030.6 | BH1: =SUM(BH3:BH327) -> 1349175.5 | BJ1: =SUM(BJ3:BJ327) -> 1696123 | BL1: =SUM(BL3:BL327) -> 1426855.9 | BN1: =SUM(AP1:BL1) -> 16406458 | BO1: NA/EMEA/APJ
A2: FY24 | B2: SPM (Project Owner) | C2: GTK Suppliers | D2: Category | E2: Segment | F2: Series | G2: Production Year | H2: Platforms | I2: Product | J2: Size | K2: Color | L2: Location | M2: ODM | N2: RFQ Final Cost | O2: The lowest unit table price (ODM cost) | P2: Table Price Nov | Q2: Table Price Dec | R2: Table Price Jan | S2: Table Price Feb | T2: Table Price Mar | U2: Table Price Apr | V2: Table Price May | W2: Table Price Jun | X2: Table Price Jul | Y2: Table Price Aug | Z2: Table Price Sep | AA2: Table Price Oct | AB2: The lowest unit rebate cost | AC2: Unit Rebate Nov | AD2: Unit Rebate Dec | AE2: Unit Rebate Jan | AF2: Unit Rebate Feb | AG2: Unit Rebate Mar | AH2: Unit Rebate Apr | AI2: Unit Rebate May | AJ2: Unit Rebate Jun | AK2: Unit Rebate Jul | AL2: Unit Rebate Aug | AM2: Unit Rebate Sep | AN2: Unit Rebate Oct | AO2: Nov Q'ty | AP2: Nov Rebate Amount | AQ2: Dec Q'ty | AR2: Dec Rebate Amount | AS2: Jan Q'ty | AT2: Jan Rebate Amount | AU2: Feb Q'ty | AV2: Feb Rebate Amount | AW2: Mar Q'ty | AX2: Mar Rebate Amount | AY2: Apr Q'ty | AZ2: Apr Rebate Amount | BA2: May Q'ty | BB2: May Rebate Amount | BC2: Jun Q'ty | BD2: Jun Rebate Amount | BE2: Jul Q'ty | BF2: Jul Rebate Amount | BG2: Aug Q'ty | BH2: Aug Rebate Amount | BI2: Sep Q'ty | BJ2: Sep Rebate Amount | BK2: Oct Q'ty | BL2: Oct Rebate Amount | BM2: Supplier Part# | BN2: Comment | BO2: Region
A3: FY24 | F3: 200 | AO3: 0 | AP3: =AC3*AO3 -> 0 | AQ3: 0 | AR3: =AD3*AQ3 -> 0 | AS3: 0 | AT3: =AE3*AS3 -> 0 | AU3: 0 | AV3: =AF3*AU3 -> 0 | AW3: 0 | AX3: =AG3*AW3 -> 0 | AY3: 0 | AZ3: =AH3*AY3 -> 0 | BA3: 0 | BB3: =AI3*BA3 -> 0 | BC3: 0 | BD3: =AJ3*BC3 -> 0 | BE3: 0 | BF3: =AK3*BE3 -> 0 | BG3: 0 | BH3: =AL3*BG3 -> 0 | BI3: 520 | BJ3: =AM3*BI3 -> 0 | BK3: 1283 | BL3: =AN3*BK3 -> 0
A4: FY24 | AP4: =AC4*AO4 -> 0 | AR4: =AD4*AQ4 -> 0 | AT4: =AE4*AS4 -> 0 | AV4: =AF4*AU4 -> 0 | AX4: =AG4*AW4 -> 0 | AZ4: =AH4*AY4 -> 0 | BB4: =AI4*BA4 -> 0 | BD4: =AJ4*BC4 -> 0 | BE4: 0 | BF4: =AK4*BE4 -> 0 | BG4: 0 | BH4: =AL4*BG4 -> 0 | BI4: 120 | BJ4: =AM4*BI4 -> 0 | BL4: =AN4*BK4 -> 0
A5: FY24 | AO5: 0 | AP5: =AC5*AO5 -> 0 | AQ5: 0 | AR5: =AD5*AQ5 -> 0 | AS5: 0 | AT5: =AE5*AS5 -> 0 | AU5: 0 | AV5: =AF5*AU5 -> 0 | AW5: 0 | AX5: =AG5*AW5 -> 0 | AY5: 0 | AZ5: =AH5*AY5 -> 0 | BA5: 0 | BB5: =AI5*BA5 -> 0 | BC5: 0 | BD5: =AJ5*BC5 -> 0 | BE5: 0 | BF5: =AK5*BE5 -> 0 | BG5: 0 | BH5: =AL5*BG5 -> 0 | BI5: 758 | BJ5: =AM5*BI5 -> 0 | BK5: 43 | BL5: =AN5*BK5 -> 0
A6: FY24 | B6: Sandy Lu | C6: Primax | D6: Commercial | E6: NB | F6: 400/600 | G6: 2024 | H6: ROZ 14/REX 13/14/ OAKEN 14/OLAF 14 | I6: BL KB | J6: 14 | K6: Soft Grey | L6: W China | M6: QUANTA | N6: 7.35 | O6: 12.39 | S6: 14.16 | T6: 14.16 | U6: 14.16 | V6: 12.39 | W6: 12.39 | X6: 12.39 | Y6: 12.39 | Z6: 12.39 | AA6: 12.39 | AB6: 0 | AI6: 5.04 | AJ6: 5.04 | AK6: 5.04 | AL6: 5.04 | AM6: 5.04 | AN6: 5.04 | AP6: =AC6*AO6 -> 0 | AR6: =AD6*AQ6 -> 0 | AT6: =AE6*AS6 -> 0 | AV6: =AF6*AU6 -> 0 | AX6: =AG6*AW6 -> 0 | AZ6: =AH6*AY6 -> 0 | BB6: =AI6*BA6 -> 0 | BD6: =AJ6*BC6 -> 0 | BF6: =AK6*BE6 -> 0 | BG6: 21640 | BH6: =AL6*BG6 -> 109065.6 | BI6: 48325 | BJ6: =AM6*BI6 -> 243558 | BK6: 76734 | BL6: =AN6*BK6 -> 386739.36 | BM6: 2H-BERUSQ19511
A7: FY24 | B7: Sandy Lu | C7: Primax | D7: Commercial | E7: NB | G7: 2024 | H7: ROZ 14/REX 13/14/ OAKEN 14/OLAF 14 | I7: NBL KB | J7: 14 | K7: Soft Grey | L7: W China | M7: QUANTA | N7: 3.65 | O7: 4.16 | S7: 4.24 | T7: 4.24 | U7: 4.24 | V7: 4.16 | W7: 4.16 | X7: 4.16 | Y7: 4.16 | Z7: 4.16 | AA7: 4.16 | AB7: 0 | AI7: 0.51 | AJ7: 0.51 | AK7: 0.51 | AL7: 0.51 | AM7: 0.51 | AN7: 0.51 | AP7: =AC7*AO7 -> 0 | AR7: =AD7*AQ7 -> 0 | AT7: =AE7*AS7 -> 0 | AV7: =AF7*AU7 -> 0 | AX7: =AG7*AW7 -> 0 | AZ7: =AH7*AY7 -> 0 | BB7: =AI7*BA7 -> 0 | BD7: =AJ7*BC7 -> 0 | BF7: =AK7*BE7 -> 0 | BG7: 6440 | BH7: =AL7*BG7 -> 3284.4 | BI7: 7240 | BJ7: =AM7*BI7 -> 3692.4 | BK7: 9689 | BL7: =AN7*BK7 -> 4941.39 | BM7: 2H-AERUSQ19511
A8: FY24 | B8: Sandy Lu | C8: Primax | D8: Commercial | E8: NB | G8: 2024 | H8: ROZ 16/REX 16/ OAKEN 16/OLAF 16 | I8: BL KB | J8: 16 | K8: Soft Grey | L8: W China | M8: QUANTA | N8: 7.88 | O8: 13.63 | S8: 15.58 | T8: 15.58 | U8: 15.58 | V8: 13.63 | W8: 13.63 | X8: 13.63 | Y8: 13.63 | Z8: 13.63 | AA8: 13.63 | AB8: 0 | AI8: 5.75 | AJ8: 5.75 | AK8: 5.75 | AL8: 5.75 | AM8: 5.75 | AN8: 5.75 | AP8: =AC8*AO8 -> 0 | AR8: =AD8*AQ8 -> 0 | AT8: =AE8*AS8 -> 0 | AV8: =AF8*AU8 -> 0 | AX8: =AG8*AW8 -> 0 | AZ8: =AH8*AY8 -> 0 | BB8: =AI8*BA8 -> 0 | BD8: =AJ8*BC8 -> 0 | BF8: =AK8*BE8 -> 0 | BG8: 4080 | BH8: =AL8*BG8 -> 23460 | BI8: 9344 | BJ8: =AM8*BI8 -> 53728 | BK8: 17330 | BL8: =AN8*BK8 -> 99647.5 | BM8: 2H-BESUSQ19511
A9: FY24 | B9: Sandy Lu | C9: Primax | D9: Commercial | E9: NB | G9: 2024 | H9: ROZ 16/REX 16/ OAKEN 16/OLAF 16 | I9: NBL KB | J9: 16 | K9: Soft Grey | L9: W China | M9: QUANTA | N9: 4 | O9: 4.43 | S9: 4.52 | T9: 4.52 | U9: 4.52 | V9: 4.43 | W9: 4.43 | X9: 4.43 | Y9: 4.43 | Z9: 4.43 | AA9: 4.43 | AB9: 0 | AI9: 0.43 | AJ9: 0.43 | AK9: 0.43 | AL9: 0.43 | AM9: 0.43 | AN9: 0.43 | AP9: =AC9*AO9 -> 0 | AR9: =AD9*AQ9 -> 0 | AT9: =AE9*AS9 -> 0 | AV9: =AF9*AU9 -> 0 | AX9: =AG9*AW9 -> 0 | AZ9: =AH9*AY9 -> 0 | BB9: =AI9*BA9 -> 0 | BD9: =AJ9*BC9 -> 0 | BF9: =AK9*BE9 -> 0 | BG9: 4720 | BH9: =AL9*BG9 -> 2029.6 | BI9: 1520 | BJ9: =AM9*BI9 -> 653.6 | BK9: 10610 | BL9: =AN9*BK9 -> 4562.3 | BM9: 2H-AESUSQ19511
A10: FY24 | B10: Sandy Lu | C10: Primax | D10: Commercial | E10: NB | G10: 2024 | H10: ROZ 14/REX 13/14/ OAKEN 14/OLAF 14 | I10: BL KB | J10: 14 | K10: Soft Grey | L10: W China | M10: QUANTA | N10: 7.35 | O10: 12.39 | S10: 14.16 | T10: 14.16 | U10: 14.16 | V10: 12.39 | W10: 12.39 | X10: 12.39 | Y10: 12.39 | Z10: 12.39 | AA10: 12.39 | AB10: 0 | AI10: 5.04 | AJ10: 5.04 | AK10: 5.04 | AL10: 5.04 | AM10: 5.04 | AN10: 5.04 | AP10: =AC10*AO10 -> 0 | AR10: =AD10*AQ10 -> 0 | AT10: =AE10*AS10 -> 0 | AV10: =AF10*AU10 -> 0 | AX10: =AG10*AW10 -> 0 | AZ10: =AH10*AY10 -> 0 | BB10: =AI10*BA10 -> 0 | BD10: =AJ10*BC10 -> 0 | BF10: =AK10*BE10 -> 0 | BG10: 0 | BH10: =AL10*BG10 -> 0 | BI10: 280 | BJ10: =AM10*BI10 -> 1411.2 | BK10: 1080 | BL10: =AN10*BK10 -> 5443.2 | BM10: 2H-BERUSQ19532
A11: FY24 | B11: Sandy Lu | C11: Primax | D11: Commercial | E11: NB | G11: 2024 | H11: ROZ 14/REX 13/14/ OAKEN 14/OLAF 14 | I11: NBL KB | J11: 14 | K11: Soft Grey | L11: W China | M11: QUANTA | N11: 3.65 | O11: 4.16 | S11: 4.24 | T11: 4.24 | U11: 4.24 | V11: 4.16 | W11: 4.16 | X11: 4.16 | Y11: 4.16 | Z11: 4.16 | AA11: 4.16 | AB11: 0 | AI11: 0.51 | AJ11: 0.51 | AK11: 0.51 | AL11: 0.51 | AM11: 0.51 | AN11: 0.51 | AP11: =AC11*AO11 -> 0 | AR11: =AD11*AQ11 -> 0 | AT11: =AE11*AS11 -> 0 | AV11: =AF11*AU11 -> 0 | AX11: =AG11*AW11 -> 0 | AZ11: =AH11*AY11 -> 0 | BB11: =AI11*BA11 -> 0 | BD11: =AJ11*BC11 -> 0 | BF11: =AK11*BE11 -> 0 | BG11: 0 | BH11: =AL11*BG11 -> 0 | BI11: 120 | BJ11: =AM11*BI11 -> 61.2 | BK11: 760 | BL11: =AN11*BK11 -> 387.6 | BM11: 2H-AERUSQ19522
A12: FY24 | B12: Sandy Lu | C12: Primax | D12: Commercial | E12: NB | G12: 2024 | H12: ROZ 16/REX 16/ OAKEN 16/OLAF 16 | I12: BL KB | J12: 16 | K12: Soft Grey | L12: W China | M12: QUANTA | N12: 7.88 | O12: 13.63 | S12: 15.58 | T12: 15.58 | U12: 15.58 | V12: 13.63 | W12: 13.63 | X12: 13.63 | Y12: 13.63 | Z12: 13.63 | AA12: 13.63 | AB12: 0 | AI12: 5.75 | AJ12: 5.75 | AK12: 5.75 | AL12: 5.75 | AM12: 5.75 | AN12: 5.75 | AP12: =AC12*AO12 -> 0 | AR12: =AD12*AQ12 -> 0 | AT12: =AE12*AS12 -> 0 | AV12: =AF12*AU12 -> 0 | AX12: =AG12*AW12 -> 0 | AZ12: =AH12*AY12 -> 0 | BB12: =AI12*BA12 -> 0 | BD12: =AJ12*BC12 -> 0 | BF12: =AK12*BE12 -> 0 | BG12: 8120 | BH12: =AL12*BG12 -> 46690 | BI12: 12560 | BJ12: =AM12*BI12 -> 72220 | BK12: 10760 | BL12: =AN12*BK12 -> 61870 | BM12: 2H-BESUSQ19532
A13: FY24 | B13: Sandy Lu | C13: Primax | D13: Commercial | E13: NB | G13: 2024 | H13: ROZ 16/REX 16/ OAKEN 16/OLAF 16 | I13: NBL KB | J13: 16 | K13: Soft Grey | L13: W China | M13: QUANTA | N13: 4 | O13: 4.43 | S13: 4.52 | T13: 4.52 | U13: 4.52 | V13: 4.43 | W13: 4.43 | X13: 4.43 | Y13: 4.43 | Z13: 4.43 | AA13: 4.43 | AB13: 0 | AI13: 0.43 | AJ13: 0.43 | AK13: 0.43 | AL13: 0.43 | AM13: 0.43 | AN13: 0.43 | AP13: =AC13*AO13 -> 0 | AR13: =AD13*AQ13 -> 0 | AT13: =AE13*AS13 -> 0 | AV13: =AF13*AU13 -> 0 | AX13: =AG13*AW13 -> 0 | AZ13: =AH13*AY13 -> 0 | BB13: =AI13*BA13 -> 0 | BD13: =AJ13*BC13 -> 0 | BF13: =AK13*BE13 -> 0 | BG13: 3040 | BH13: =AL13*BG13 -> 1307.2 | BI13: 2800 | BJ13: =AM13*BI13 -> 1204 | BK13: 3160 | BL13: =AN13*BK13 -> 1358.8 | BM13: 2H-AESUSQ19522
A14: FY24 | B14: Mandy Yu | C14: Primax | D14: Commercial | E14: Clickpad | F14: 400/600 | G14: 2024 | H14: DIVINITY/OAKEN14/OLAF14/PUDDING14/RAINBOWCAKE14/REX13&14/ROZ14/WAFER13&14/WAFFLE14 | I14: Clickpad | J14: 14 | K14: NA/ | L14: W China | M14: QUANTA | N14: 4.66 | O14: 4.69 | P14: 4.86 | Q14: 4.86 | R14: 4.86 | S14: 4.86 | T14: 4.86 | U14: 4.86 | V14: 4.86 | W14: 4.86 | X14: 4.86 | Y14: 4.86 | Z14: 4.69 | AA14: 4.69 | AB14: =AN14 -> 0.11 | AI14: 0.1 | AJ14: 0.1 | AK14: 0.1 | AL14: 0.2 | AM14: 0.11 | AN14: 0.11 | AP14: =AC14*AO14 -> 0 | AR14: =AD14*AQ14 -> 0 | AT14: =AE14*AS14 -> 0 | AV14: =AF14*AU14 -> 0 | AW14: 220 | AX14: =AG14*AW14 -> 0 | AY14: 9872 | AZ14: =AH14*AY14 -> 0 | BA14: 39710 | BB14: =AI14*BA14 -> 3971 | BC14: 77330 | BD14: =AJ14*BC14 -> 7733 | BE14: 67760 | BF14: =AK14*BE14 -> 6776 | BG14: 101640 | BH14: =AL14*BG14 -> 20328 | BI14: 131450 | BJ14: =AM14*BI14 -> 14459.5 | BK14: 245630 | BL14: =AN14*BK14 -> 27019.3 | BM14: 2A-1A901H101 2A-1AJ01H101
A15: FY24 | B15: Mandy Yu | C15: Primax | D15: Commercial | E15: Clickpad | G15: 2024 | H15: DIVINITY/OAKEN14/OLAF14/PUDDING14/RAINBOWCAKE14/REX13&14/ROZ14/WAFER13&14/WAFFLE14 | I15: Clickpad | J15: 14 | K15: NA/ | L15: NMC | M15: QMB | N15: 4.66 | O15: 4.69 | P15: 4.86 | Q15: 4.86 | R15: 4.86 | S15: 4.86 | T15: 4.86 | U15: 4.86 | V15: 4.86 | W15: 4.86 | X15: 4.86 | Y15: 4.86 | Z15: 4.69 | AA15: 4.69 | AB15: =AN15 -> 0.11 | AI15: 0.1 | AJ15: 0.1 | AK15: 0.1 | AL15: 0.2 | AM15: 0.11 | AN15: 0.11 | AP15: =AC15*AO15 -> 0 | AR15: =AD15*AQ15 -> 0 | AT15: =AE15*AS15 -> 0 | AV15: =AF15*AU15 -> 0 | AX15: =AG15*AW15 -> 0 | AZ15: =AH15*AY15 -> 0 | BB15: =AI15*BA15 -> 0 | BD15: =AJ15*BC15 -> 0 | BF15: =AK15*BE15 -> 0 | BH15: =AL15*BG15 -> 0 | BI15: 1300 | BJ15: =AM15*BI15 -> 143 | BK15: 10000 | BL15: =AN15*BK15 -> 1100 | BM15: 2A-1A901H102
A16: FY24 | AP16: =AC16*AO16 -> 0 | AR16: =AD16*AQ16 -> 0 | AT16: =AE16*AS16 -> 0 | AV16: =AF16*AU16 -> 0 | AX16: =AG16*AW16 -> 0 | AZ16: =AH16*AY16 -> 0 | BB16: =AI16*BA16 -> 0 | BD16: =AJ16*BC16 -> 0 | BF16: =AK16*BE16 -> 0 | BH16: =AL16*BG16 -> 0 | BJ16: =AM16*BI16 -> 0 | BL16: =AN16*BK16 -> 0
A17: FY24 | AP17: =AC17*AO17 -> 0 | AR17: =AD17*AQ17 -> 0 | AT17: =AE17*AS17 -> 0 | AV17: =AF17*AU17 -> 0 | AX17: =AG17*AW17 -> 0 | AZ17: =AH17*AY17 -> 0 | BB17: =AI17*BA17 -> 0 | BD17: =AJ17*BC17 -> 0 | BF17: =AK17*BE17 -> 0 | BH17: =AL17*BG17 -> 0 | BJ17: =AM17*BI17 -> 0 | BL17: =AN17*BK17 -> 0
A18: FY24 | AP18: =AC18*AO18 -> 0 | AR18: =AD18*AQ18 -> 0 | AT18: =AE18*AS18 -> 0 | AV18: =AF18*AU18 -> 0 | AX18: =AG18*AW18 -> 0 | AZ18: =AH18*AY18 -> 0 | BB18: =AI18*BA18 -> 0 | BD18: =AJ18*BC18 -> 0 | BF18: =AK18*BE18 -> 0 | BH18: =AL18*BG18 -> 0 | BJ18: =AM18*BI18 -> 0 | BL18: =AN18*BK18 -> 0
A19: FY24 | AP19: =AC19*AO19 -> 0 | AR19: =AD19*AQ19 -> 0 | AT19: =AE19*AS19 -> 0 | AV19: =AF19*AU19 -> 0 | AX19: =AG19*AW19 -> 0 | AZ19: =AH19*AY19 -> 0 | BB19: =AI19*BA19 -> 0 | BD19: =AJ19*BC19 -> 0 | BF19: =AK19*BE19 -> 0 | BH19: =AL19*BG19 -> 0 | BJ19: =AM19*BI19 -> 0 | BL19: =AN19*BK19 -> 0
A20: FY24 | B20: Sandy Lu | C20: Primax | D20: Commercial | E20: NB | F20: 800 | G20: 2020 | H20: LANCIA/CADILLAC/LINDEN/CAMELLIA | I20: BL KB | J20: 15 | K20: Flint Opaque | L20: W China | M20: INVENTEC | N20: 13.94 | O20: 22.15 | P20: 22.15 | Q20: 22.15 | R20: 22.15 | S20: 22.15 | T20: 22.15 | U20: 22.15 | V20: 22.15 | W20: 22.15 | X20: 22.15 | Y20: 22.15 | Z20: 22.15 | AA20: 22.15 | AB20: 8.21 | AC20: 8.21 | AD20: 8.21 | AE20: 8.21 | AF20: 8.21 | AG20: 8.21 | AH20: 8.21 | AI20: 8.21 | AJ20: 8.21 | AK20: 8.21 | AL20: 8.21 | AM20: 8.21 | AN20: 8.21 | AO20: 2400 | AP20: =AC20*AO20 -> 19704 | AQ20: 3439 | AR20: =AD20*AQ20 -> 28234.19 | AS20: 3000 | AT20: =AE20*AS20 -> 24630 | AU20: 1680 | AV20: =AF20*AU20 -> 13792.8 | AW20: 2160 | AX20: =AG20*AW20 -> 17733.6 | AY20: 1080 | AZ20: =AH20*AY20 -> 8866.8 | BB20: =AI20*BA20 -> 0 | BD20: =AJ20*BC20 -> 0 | BF20: =AK20*BE20 -> 0 | BH20: =AL20*BG20 -> 0 | BJ20: =AM20*BI20 -> 0 | BL20: =AN20*BK20 -> 0 | BM20: 2H-BCFUSI64312
A21: FY24 | B21: Sandy Lu | C21: Primax | D21: Commercial | E21: NB | G21: 2020 | H21: LANCIA/CADILLAC/LINDEN/CAMELLIA | J21: 15 | K21: Flint Opaque | L21: W China | M21: INVENTEC | N21: 9.59 | O21: 11.09 | P21: 11.09 | Q21: 11.09 | R21: 11.09 | S21: 11.09 | T21: 11.09 | U21: 11.09 | V21: 11.09 | W21: 11.09 | X21: 11.09 | Y21: 11.09 | Z21: 11.09 | AA21: 11.09 | AB21: 1.5 | AC21: 1.5 | AD21: 1.5 | AE21: 1.5 | AF21: 1.5 | AG21: 1.5 | AH21: 1.5 | AI21: 1.5 | AJ21: 1.5 | AK21: 1.5 | AL21: 1.5 | AM21: 1.5 | AN21: 1.5 | AO21: 240 | AP21: =AC21*AO21 -> 360 | AQ21: 520 | AR21: =AD21*AQ21 -> 780 | AS21: 280 | AT21: =AE21*AS21 -> 420 | AU21: 240 | AV21: =AF21*AU21 -> 360 | AW21: 360 | AX21: =AG21*AW21 -> 540 | AY21: 280 | AZ21: =AH21*AY21 -> 420 | BB21: =AI21*BA21 -> 0 | BD21: =AJ21*BC21 -> 0 | BF21: =AK21*BE21 -> 0 | BH21: =AL21*BG21 -> 0 | BJ21: =AM21*BI21 -> 0 | BL21: =AN21*BK21 -> 0 | BM21: 2H-ACFUSI64312
A22: FY24 | B22: Sandy Lu | C22: Primax | D22: Commercial | E22: NB | G22: 2020 | H22: LANCIA/CORVETTE/CORVETTE/CAMELLIA/LINDEN/LOCHNESS | I22: BL KB | J22: 14 | K22: Flint Opaque | L22: W China | M22: INVENTEC | N22: 13.5 | O22: 20.41 | P22: 20.41 | Q22: 20.41 | R22: 20.41 | S22: 20.41 | T22: 20.41 | U22: 20.41 | V22: 20.41 | W22: 20.41 | X22: 20.41 | Y22: 20.41 | Z22: 20.41 | AA22: 20.41 | AB22: 6.91 | AC22: 6.91 | AD22: 6.91 | AE22: 6.91 | AF22: 6.91 | AG22: 6.91 | AH22: 6.91 | AI22: 6.91 | AJ22: 6.91 | AK22: 6.91 | AL22: 6.91 | AM22: 6.91 | AN22: 6.91 | AO22: 0 | AP22: =AC22*AO22 -> 0 | AQ22: 0 | AR22: =AD22*AQ22 -> 0 | AS22: 0 | AT22: =AE22*AS22 -> 0 | AU22: 0 | AV22: =AF22*AU22 -> 0 | AW22: 0 | AX22: =AG22*AW22 -> 0 | AY22: 0 | AZ22: =AH22*AY22 -> 0 | BB22: =AI22*BA22 -> 0 | BD22: =AJ22*BC22 -> 0 | BF22: =AK22*BE22 -> 0 | BH22: =AL22*BG22 -> 0 | BJ22: =AM22*BI22 -> 0 | BL22: =AN22*BK22 -> 0 | BM22: 2H-BCGUSI64312
A23: FY24 | B23: Sandy Lu | C23: Primax | D23: Commercial | E23: NB | G23: 2020 | H23: LANCIA/CORVETTE/CORVETTE/CAMELLIA/LINDEN/LOCHNESS | I23: NBL KB | J23: 14 | K23: Flint Opaque | L23: W China | M23: INVENTEC | N23: 9.29 | O23: 11.02 | P23: 11.02 | Q23: 11.02 | R23: 11.02 | S23: 11.02 | T23: 11.02 | U23: 11.02 | V23: 11.02 | W23: 11.02 | X23: 11.02 | Y23: 11.02 | Z23: 11.02 | AA23: 11.02 | AB23: 1.73 | AC23: 1.73 | AD23: 1.73 | AE23: 1.73 | AF23: 1.73 | AG23: 1.73 | AH23: 1.73 | AI23: 1.73 | AJ23: 1.73 | AK23: 1.73 | AL23: 1.73 | AM23: 1.73 | AN23: 1.73 | AO23: 0 | AP23: =AC23*AO23 -> 0 | AQ23: 0 | AR23: =AD23*AQ23 -> 0 | AS23: 0 | AT23: =AE23*AS23 -> 0 | AU23: 0 | AV23: =AF23*AU23 -> 0 | AW23: 0 | AX23: =AG23*AW23 -> 0 | AY23: 0 | AZ23: =AH23*AY23 -> 0 | BB23: =AI23*BA23 -> 0 | BD23: =AJ23*BC23 -> 0 | BF23: =AK23*BE23 -> 0 | BH23: =AL23*BG23 -> 0 | BJ23: =AM23*BI23 -> 0 | BL23: =AN23*BK23 -> 0 | BM23: 2H-ACGUSI64312
A24: FY24 | B24: Sandy Lu | C24: Primax | D24: Commercial | E24: NB | G24: 2020 | H24: GRIZZLY/GRIZZLY2/LANCIA/CORVETTE/CAMELLIA/HOKKAIDO/OPEL/LINDEN/OLEANDER | I24: BL KB | J24: 13 | K24: Flint Opaque | L24: W China | M24: INVENTEC | N24: 9.2 | O24: 16.17 | P24: 16.17 | Q24: 16.17 | R24: 16.17 | S24: 16.17 | T24: 16.17 | U24: 16.17 | V24: 16.17 | W24: 16.17 | X24: 16.17 | Y24: 16.17 | Z24: 16.17 | AA24: 16.17 | AB24: 6.97 | AC24: 6.97 | AD24: 6.97 | AE24: 6.97 | AF24: 6.97 | AG24: 6.97 | AH24: 6.97 | AI24: 6.97 | AJ24: 6.97 | AK24: 6.97 | AL24: 6.97 | AM24: 6.97 | AN24: 6.97 | AO24: 2800 | AP24: =AC24*AO24 -> 19516 | AQ24: 2200 | AR24: =AD24*AQ24 -> 15334 | AS24: 5392 | AT24: =AE24*AS24 -> 37582.24 | AU24: 2920 | AV24: =AF24*AU24 -> 20352.4 | AW24: 2620 | AX24: =AG24*AW24 -> 18261.4 | AY24: 1280 | AZ24: =AH24*AY24 -> 8921.6 | BB24: =AI24*BA24 -> 0 | BD24: =AJ24*BC24 -> 0 | BF24: =AK24*BE24 -> 0 | BH24: =AL24*BG24 -> 0 | BJ24: =AM24*BI24 -> 0 | BL24: =AN24*BK24 -> 0 | BM24: 2H-BCHUSI64311
A25: FY24 | B25: Sandy Lu | C25: Primax | D25: Commercial | E25: NB | G25: 2020 | H25: GRIZZLY/GRIZZLY2/LANCIA/CORVETTE/CAMELLIA/HOKKAIDO/OPEL/LINDEN/OLEANDER | I25: NBL KB | J25: 13 | K25: Flint Opaque | L25: W China | M25: INVENTEC | N25: 5.07 | O25: 6.78 | P25: 6.78 | Q25: 6.78 | R25: 6.78 | S25: 6.78 | T25: 6.78 | U25: 6.78 | V25: 6.78 | W25: 6.78 | X25: 6.78 | Y25: 6.78 | Z25: 6.78 | AA25: 6.78 | AB25: 1.71 | AC25: 1.71 | AD25: 1.71 | AE25: 1.71 | AF25: 1.71 | AG25: 1.71 | AH25: 1.71 | AI25: 1.71 | AJ25: 1.71 | AK25: 1.71 | AL25: 1.71 | AM25: 1.71 | AN25: 1.71 | AO25: 8320 | AP25: =AC25*AO25 -> 14227.2 | AQ25: 600 | AR25: =AD25*AQ25 -> 1026 | AS25: 1316 | AT25: =AE25*AS25 -> 2250.36 | AU25: 720 | AV25: =AF25*AU25 -> 1231.2 | AW25: 560 | AX25: =AG25*AW25 -> 957.6 | AY25: 720 | AZ25: =AH25*AY25 -> 1231.2 | BB25: =AI25*BA25 -> 0 | BD25: =AJ25*BC25 -> 0 | BF25: =AK25*BE25 -> 0 | BH25: =AL25*BG25 -> 0 | BJ25: =AM25*BI25 -> 0 | BL25: =AN25*BK25 -> 0 | BM25: 2H-ACHUSI64311
A26: FY24 | B26: Sandy Lu | C26: Primax | D26: Commercial | E26: NB | G26: 2022 | H26: FIREFLY 16W/WARPATH 16/WARPATHW 16 LOCKHEED 16 | I26: BL KB | J26: 16 | K26: Flint Opaque | L26: W China | M26: INVENTEC | N26: 9.19 | O26: 14.91 | P26: =17.3-1 -> 16.3 | Q26: =17.3-1 -> 16.3 | R26: =17.3-1 -> 16.3 | S26: =17.3-1 -> 16.3 | T26: =17.3-1 -> 16.3 | U26: =17.3-1 -> 16.3 | V26: 14.91 | W26: 14.91 | X26: 14.91 | Y26: 14.91 | Z26: 14.91 | AA26: 14.91 | AB26: 5 | AC26: 5 | AD26: 5 | AE26: 5 | AF26: 5 | AG26: 5 | AH26: 5 | AI26: 5.72 | AJ26: 5.72 | AK26: 5.72 | AL26: 5.72 | AM26: 5.72 | AN26: 5.72 | AO26: 2080 | AP26: =AC26*AO26 -> 10400 | AQ26: 760 | AR26: =AD26*AQ26 -> 3800 | AS26: 2000 | AT26: =AE26*AS26 -> 10000 | AU26: 880 | AV26: =AF26*AU26 -> 4400 | AW26: 560 | AX26: =AG26*AW26 -> 2800 | AY26: 360 | AZ26: =AH26*AY26 -> 1800 | BA26: 480 | BB26: =AI26*BA26 -> 2745.6 | BC26: 160 | BD26: =AJ26*BC26 -> 915.2 | BF26: =AK26*BE26 -> 0 | BH26: =AL26*BG26 -> 0 | BJ26: =AM26*BI26 -> 0 | BL26: =AN26*BK26 -> 0 | BM26: 2H-BDNUSI64311
A27: FY24 | B27: Sandy Lu | C27: Primax | D27: Commercial | E27: NB | G27: 2022 | H27: FIREFLY 16W/WARPATH 16/WARPATHW 16 LOCKHEED 16 | I27: NBL KB | J27: 16 | K27: Flint Opaque | L27: W China | M27: INVENTEC | N27: 5.01 | O27: 6.06 | P27: =6.95-0.7 -> 6.25 | Q27: =6.95-0.7 -> 6.25 | R27: =6.95-0.7 -> 6.25 | S27: =6.95-0.7 -> 6.25 | T27: =6.95-0.7 -> 6.25 | U27: =6.95-0.7 -> 6.25 | V27: 6.06 | W27: 6.06 | X27: 6.06 | Y27: 6.06 | Z27: 6.06 | AA27: 6.06 | AB27: 0.6 | AC27: 0.6 | AD27: 0.6 | AE27: 0.6 | AF27: 0.6 | AG27: 0.6 | AH27: 0.6 | AI27: 0.41 | AJ27: 0.41 | AK27: 0.41 | AL27: 0.41 | AM27: 0.41 | AN27: 0.41 | AO27: 440 | AP27: =AC27*AO27 -> 264 | AQ27: 40 | AR27: =AD27*AQ27 -> 24 | AS27: 160 | AT27: =AE27*AS27 -> 96 | AU27: 280 | AV27: =AF27*AU27 -> 168 | AW27: 440 | AX27: =AG27*AW27 -> 264 | AY27: 0 | AZ27: =AH27*AY27 -> 0 | BA27: 80 | BB27: =AI27*BA27 -> 32.8 | BC27: 40 | BD27: =AJ27*BC27 -> 16.4 | BF27: =AK27*BE27 -> 0 | BH27: =AL27*BG27 -> 0 | BJ27: =AM27*BI27 -> 0 | BL27: =AN27*BK27 -> 0 | BM27: 2H-ADNUSI64311
A28: FY24 | B28: Sandy Lu | C28: Primax | D28: Commercial | E28: NB | G28: 2022 | H28: FIREFLY 14W/WARPATH 14/WARPATHW 14//WARPATH 14L/WARPATH 14LX/WARPATH13 | I28: BL KB | J28: 14 | K28: Flint Opaque | L28: W China | M28: INVENTEC | N28: 8.44 | O28: 13.36 | P28: =15.6-1 -> 14.6 | Q28: =15.6-1 -> 14.6 | R28: =15.6-1 -> 14.6 | S28: =15.6-1 -> 14.6 | T28: =15.6-1 -> 14.6 | U28: =15.6-1 -> 14.6 | V28: 13.36 | W28: 13.36 | X28: 13.36 | Y28: 13.36 | Z28: 13.36 | AA28: 13.36 | AB28: 4.42 | AC28: 4.42 | AD28: 4.42 | AE28: 4.42 | AF28: 4.42 | AG28: 4.42 | AH28: 4.42 | AI28: 5.26 | AJ28: 5.26 | AK28: 5.26 | AL28: 5.26 | AM28: 5.26 | AN28: 5.26 | AO28: 4399 | AP28: =AC28*AO28 -> 19443.58 | AQ28: 2000 | AR28: =AD28*AQ28 -> 8840 | AS28: 2678 | AT28: =AE28*AS28 -> 11836.76 | AU28: 2000 | AV28: =AF28*AU28 -> 8840 | AW28: 2996 | AX28: =AG28*AW28 -> 13242.32 | AY28: 1154 | AZ28: =AH28*AY28 -> 5100.68 | BA28: 1240 | BB28: =AI28*BA28 -> 6522.4 | BC28: 800 | BD28: =AJ28*BC28 -> 4208 | BE28: 1000 | BF28: =AK28*BE28 -> 5260 | BH28: =AL28*BG28 -> 0 | BJ28: =AM28*BI28 -> 0 | BL28: =AN28*BK28 -> 0 | BM28: 2H-BDMUSI64311
A29: FY24 | B29: Sandy Lu | C29: Primax | D29: Commercial | E29: NB | G29: 2022 | H29: FIREFLY 14W/WARPATH 14/WARPATHW 14//WARPATH 14L/WARPATH 14LX/WARPATH13 | I29: NBL KB | J29: 14 | K29: Flint Opaque | L29: W China | M29: INVENTEC | N29: 4.46 | O29: 5.97 | P29: =6.85-0.7 -> 6.15 | Q29: =6.85-0.7 -> 6.15 | R29: =6.85-0.7 -> 6.15 | S29: =6.85-0.7 -> 6.15 | T29: =6.85-0.7 -> 6.15 | U29: =6.85-0.7 -> 6.15 | V29: 5.97 | W29: 5.97 | X29: 5.97 | Y29: 5.97 | Z29: 5.97 | AA29: 5.97 | AB29: 0.97 | AC29: 1.06 | AD29: 1.06 | AE29: 1.06 | AF29: 1.06 | AG29: 1.06 | AH29: 1.06 | AI29: 0.97 | AJ29: 0.97 | AK29: 0.97 | AL29: 0.97 | AM29: 0.97 | AN29: 0.97 | AO29: 898 | AP29: =AC29*AO29 -> 951.88 | AQ29: 1240 | AR29: =AD29*AQ29 -> 1314.4 | AS29: 640 | AT29: =AE29*AS29 -> 678.4 | AU29: 1360 | AV29: =AF29*AU29 -> 1441.6 | AW29: 2960 | AX29: =AG29*AW29 -> 3137.6 | AY29: 1280 | AZ29: =AH29*AY29 -> 1356.8 | BA29: 1200 | BB29: =AI29*BA29 -> 1164 | BC29: 680 | BD29: =AJ29*BC29 -> 659.6 | BE29: 120 | BF29: =AK29*BE29 -> 116.4 | BH29: =AL29*BG29 -> 0 | BJ29: =AM29*BI29 -> 0 | BL29: =AN29*BK29 -> 0 | BM29: 2H-ADMUSI64311
A30: FY24 | B30: Sandy Lu | C30: Primax | D30: Commercial | E30: NB | G30: 2022 | H30: WARPATH 14/LOCKHEED 14 | I30: BL KB | J30: 14 | K30: Flint Opaque | L30: W China | M30: INVENTEC | N30: =N28+0.02 -> 8.46 | O30: 13.38 | P30: =P28+0.02 -> 14.62 | Q30: =Q28+0.02 -> 14.62 | R30: =R28+0.02 -> 14.62 | S30: =S28+0.02 -> 14.62 | T30: =T28+0.02 -> 14.62 | U30: =U28+0.02 -> 14.62 | V30: =V28+0.02 -> 13.38 | W30: =W28+0.02 -> 13.38 | ... AA30: =AA28+0.02 -> 13.38 | AB30: 4.42 | AC30: 4.42 | AD30: 4.42 | AE30: 4.42 | AF30: 4.42 | AG30: 4.42 | AH30: 4.42 | AI30: 5.26 | AJ30: 5.26 | AK30: 5.26 | AL30: 5.26 | AM30: 5.26 | AN30: 5.26 | AO30: 2680 | AP30: =AC30*AO30 -> 11845.6 | AQ30: 2440 | AR30: =AD30*AQ30 -> 10784.8 | AS30: 3240 | AT30: =AE30*AS30 -> 14320.8 | AU30: 720 | AV30: =AF30*AU30 -> 3182.4 | AW30: 2000 | AX30: =AG30*AW30 -> 8840 | AY30: 10520 | AZ30: =AH30*AY30 -> 46498.4 | BA30: 7200 | BB30: =AI30*BA30 -> 37872 | BC30: 0 | BD30: =AJ30*BC30 -> 0 | BF30: =AK30*BE30 -> 0 | BH30: =AL30*BG30 -> 0 | BJ30: =AM30*BI30 -> 0 | BL30: =AN30*BK30 -> 0 | BM30: 2H-BDMUSI64334
A31: FY24 | B31: Sandy Lu | C31: Primax | D31: Commercial | E31: NB | G31: 2022 | H31: WARPATH 14/LOCKHEED 14 | I31: NBL KB | J31: 14 | K31: Flint Opaque | L31: W China | M31: INVENTEC | N31: =N29+0.02 -> 4.48 | O31: 5.99 | P31: =P29+0.02 -> 6.17 | Q31: =Q29+0.02 -> 6.17 | R31: =R29+0.02 -> 6.17 | S31: =S29+0.02 -> 6.17 | T31: =T29+0.02 -> 6.17 | U31: =U29+0.02 -> 6.17 | V31: =V29+0.02 -> 5.99 | W31: =W29+0.02 -> 5.99 | ... AA31: =AA29+0.02 -> 5.99 | AB31: 0.97 | AC31: 1.06 | AD31: 1.06 | AE31: 1.06 | AF31: 1.06 | AG31: 1.06 | AH31: 1.06 | AI31: 0.97 | AJ31: 0.97 | AK31: 0.97 | AL31: 0.97 | AM31: 0.97 | AN31: 0.97 | AO31: 560 | AP31: =AC31*AO31 -> 593.6 | AQ31: 440 | AR31: =AD31*AQ31 -> 466.4 | AS31: 480 | AT31: =AE31*AS31 -> 508.8 | AU31: 80 | AV31: =AF31*AU31 -> 84.8 | AW31: 0 | AX31: =AG31*AW31 -> 0 | AY31: 0 | AZ31: =AH31*AY31 -> 0 | BA31: 0 | BB31: =AI31*BA31 -> 0 | BC31: 0 | BD31: =AJ31*BC31 -> 0 | BF31: =AK31*BE31 -> 0 | BH31: =AL31*BG31 -> 0 | BJ31: =AM31*BI31 -> 0 | BL31: =AN31*BK31 -> 0 | BM31: 2H-ADMUSI64332
A32: FY24 | B32: Sandy Lu | C32: Primax | D32: Commercial | E32: NB | G32: 2023 | H32: WARG 16/WARGW 16/LOX 16 | I32: BL KB | J32: 16 | K32: Flint Opaque | L32: W China | M32: INVENTEC | N32: 9.45 | O32: 14.91 | P32: =P26+0.26 -> 16.56 | Q32: =Q26+0.26 -> 16.56 | R32: =R26+0.26 -> 16.56 | S32: =S26+0.26 -> 16.56 | T32: 16.3 | U32: 16.3 | V32: =V26 -> 14.91 | W32: =W26 -> 14.91 | X32: =X26 -> 14.91 | Y32: =Y26 -> 14.91 | Z32: =Z26 -> 14.91 | AA32: =AA26 -> 14.91 | AB32: 5 | AC32: 5 | AD32: 5 | AE32: 5 | AF32: 5 | AG32: 5 | AH32: 5 | AI32: 5.72 | AJ32: 5.72 | AK32: 5.72 | AL32: 5.72 | AM32: 5.72 | AN32: 5.72 | AO32: 18640 | AP32: =AC32*AO32 -> 93200 | AQ32: 15741 | AR32: =AD32*AQ32 -> 78705 | AS32: 16079 | AT32: =AE32*AS32 -> 80395 | AU32: 16724 | AV32: =AF32*AU32 -> 83620 | AW32: 25304 | AX32: =AG32*AW32 -> 126520 | AY32: 19160 | AZ32: =AH32*AY32 -> 95800 | BA32: 17840 | BB32: =AI32*BA32 -> 102044.8 | BC32: =17370-BC33 -> 14360 | BD32: =AJ32*BC32 -> 82139.2 | BE32: 27516 | BF32: =AK32*BE32 -> 157391.52 | BG32: 12800 | BH32: =AL32*BG32 -> 73216 | BI32: =17440-BI33 -> 16320 | BJ32: =AM32*BI32 -> 93350.4 | BK32: 12680 | BL32: =AN32*BK32 -> 72529.6 | BM32: 2H-BDNUSI64332
A33: FY24 | B33: Sandy Lu | C33: Primax | D33: Commercial | E33: NB | G33: 2023 | H33: WARG 16/WARGW 16/LOX 16 | I33: NBL KB | J33: 16 | K33: Flint Opaque | L33: W China | M33: INVENTEC | N33: 5.18 | O33: 6.06 | P33: =P27+0.17 -> 6.42 | Q33: =Q27+0.17 -> 6.42 | R33: =R27+0.17 -> 6.42 | S33: =S27+0.17 -> 6.42 | T33: 6.25 | U33: 6.25 | V33: =V27 -> 6.06 | W33: =W27 -> 6.06 | X33: =X27 -> 6.06 | Y33: =Y27 -> 6.06 | Z33: =Z27 -> 6.06 | AA33: =AA27 -> 6.06 | AB33: 0.41 | AC33: 0.6 | AD33: 0.6 | AE33: 0.6 | AF33: 0.6 | AG33: 0.6 | AH33: 0.6 | AI33: 0.41 | AJ33: 0.41 | AK33: 0.41 | AL33: 0.41 | AM33: 0.41 | AN33: 0.41 | AO33: 2760 | AP33: =AC33*AO33 -> 1656 | AQ33: 2376 | AR33: =AD33*AQ33 -> 1425.6 | AS33: 2570 | AT33: =AE33*AS33 -> 1542 | AU33: 2344 | AV33: =AF33*AU33 -> 1406.4 | AW33: 1124 | AX33: =AG33*AW33 -> 674.4 | AY33: 3120 | AZ33: =AH33*AY33 -> 1872 | BA33: 4080 | BB33: =AI33*BA33 -> 1672.8 | BC33: 3010 | BD33: =AJ33*BC33 -> 1234.1 | BE33: 3668 | BF33: =AK33*BE33 -> 1503.88 | BG33: 1356 | BH33: =AL33*BG33 -> 555.96 | BI33: =1080+40 -> 1120 | BJ33: =AM33*BI33 -> 459.2 | BK33: 1760 | BL33: =AN33*BK33 -> 721.6 | BM33: 2H-ADNUSI64332
A34: FY24 | B34: Sandy Lu | C34: Primax | D34: Commercial | E34: NB | G34: 2023 | H34: WARG 13/14/13X/14L/14LX/WARGW 14/LOX13/14/LOXW 14 | I34: BL KB | J34: 14 | K34: Flint Opaque | L34: W China | M34: INVENTEC | N34: 8.7 | O34: 13.36 | P34: =P28+0.26 -> 14.86 | Q34: =Q28+0.26 -> 14.86 | R34: =R28+0.26 -> 14.86 | S34: =S28+0.26 -> 14.86 | T34: 14.6 | U34: 14.6 | V34: =V28 -> 13.36 | W34: =W28 -> 13.36 | X34: =X28 -> 13.36 | Y34: =Y28 -> 13.36 | Z34: =Z28 -> 13.36 | AA34: =AA28 -> 13.36 | AB34: 4.42 | AC34: 4.42 | AD34: 4.42 | AE34: 4.42 | AF34: 4.42 | AG34: 4.42 | AH34: 4.42 | AI34: 5.26 | AJ34: 5.26 | AK34: 5.26 | AL34: 5.26 | AM34: 5.26 | AN34: 5.26 | AO34: 38440 | AP34: =AC34*AO34 -> 169904.8 | AQ34: 21590 | AR34: =AD34*AQ34 -> 95427.8 | AS34: 11814 | AT34: =AE34*AS34 -> 52217.88 | AU34: 23147 | AV34: =AF34*AU34 -> 102309.74 | AW34: 34836 | AX34: =AG34*AW34 -> 153975.12 | AY34: 35320 | AZ34: =AH34*AY34 -> 156114.4 | BA34: 62731 | BB34: =AI34*BA34 -> 329965.06 | BC34: =69440-4360 -> 65080 | BD34: =AJ34*BC34 -> 342320.8 | BE34: 55359 | BF34: =AK34*BE34 -> 291188.34 | BG34: 9225 | BH34: =AL34*BG34 -> 48523.5 | BI34: =17596-BI35 -> 15636 | BJ34: =AM34*BI34 -> 82245.36 | BK34: 13033 | BL34: =AN34*BK34 -> 68553.58 | BM34: 2H-BDMUSI64333
A35: FY24 | B35: Sandy Lu | C35: Primax | D35: Commercial | E35: NB | G35: 2023 | H35: WARG 13/14/13X/14L/14LX/WARGW 14/LOX13/14/LOXW 14 | I35: NBL KB | J35: 14 | K35: Flint Opaque | L35: W China | M35: INVENTEC | N35: 4.63 | O35: 5.97 | P35: =P29+0.17 -> 6.32 | Q35: =Q29+0.17 -> 6.32 | R35: =R29+0.17 -> 6.32 | S35: =S29+0.17 -> 6.32 | T35: 6.15 | U35: 6.15 | V35: =V29 -> 5.97 | W35: =W29 -> 5.97 | X35: =X29 -> 5.97 | Y35: =Y29 -> 5.97 | Z35: =Z29 -> 5.97 | AA35: =AA29 -> 5.97 | AB35: 0.97 | AC35: 1.06 | AD35: 1.06 | AE35: 1.06 | AF35: 1.06 | AG35: 1.06 | AH35: 1.06 | AI35: 0.97 | AJ35: 0.97 | AK35: 0.97 | AL35: 0.97 | AM35: 0.97 | AN35: 0.97 | AO35: 2120 | AP35: =AC35*AO35 -> 2247.2 | AQ35: 3156 | AR35: =AD35*AQ35 -> 3345.36 | AS35: 777 | AT35: =AE35*AS35 -> 823.62 | AU35: 3333 | AV35: =AF35*AU35 -> 3532.98 | AW35: 3934 | AX35: =AG35*AW35 -> 4170.04 | AY35: 4680 | AZ35: =AH35*AY35 -> 4960.8 | BA35: =6520+440 -> 6960 | BB35: =AI35*BA35 -> 6751.2 | BC35: 4360 | BD35: =AJ35*BC35 -> 4229.2 | BE35: 5712 | BF35: =AK35*BE35 -> 5540.64 | BG35: 2720 | BH35: =AL35*BG35 -> 2638.4 | BI35: 1960 | BJ35: =AM35*BI35 -> 1901.2 | BK35: 4134 | BL35: =AN35*BK35 -> 4009.98 | BM35: 2H-ADMUSI64333
A36: FY24 | B36: Sandy Lu | C36: Primax | D36: Commercial | E36: NB | G36: 2023 | H36: WARG 16/WARGW 16/LOX 16 | I36: BL KB | J36: 16 | K36: Flint Opaque | L36: W China | M36: INVENTEC | N36: =N32+0.02 -> 9.47 | O36: 14.93 | P36: =P32+0.02 -> 16.58 | Q36: =Q32+0.02 -> 16.58 | R36: =R32+0.02 -> 16.58 | S36: =S32+0.02 -> 16.58 | T36: =T32+0.02 -> 16.32 | U36: =U32+0.02 -> 16.32 | V36: =V32+0.02 -> 14.93 | W36: =W32+0.02 -> 14.93 | ... AA36: =AA32+0.02 -> 14.93 | AB36: 5 | AC36: 5 | AD36: 5 | AE36: 5 | AF36: 5 | AG36: 5 | AH36: 5 | AI36: 5.72 | AJ36: 5.72 | AK36: 5.72 | AL36: 5.72 | AM36: 5.72 | AN36: 5.72 | AS36: 0 | AT36: =AE36*AS36 -> 0 | AU36: 2520 | AV36: =AF36*AU36 -> 12600 | AW36: 3520 | AX36: =AG36*AW36 -> 17600 | AY36: 6560 | AZ36: =AH36*AY36 -> 32800 | BA36: 2360 | BB36: =AI36*BA36 -> 13499.2 | BC36: 10520 | BD36: =AJ36*BC36 -> 60174.4 | BE36: 8680 | BF36: =AK36*BE36 -> 49649.6 | BG36: 6920 | BH36: =AL36*BG36 -> 39582.4 | BI36: 12480 | BJ36: =AM36*BI36 -> 71385.6 | BK36: 360 | BL36: =AN36*BK36 -> 2059.2 | BM36: 2H-BDMUSI64361
A37: FY24 | B37: Sandy Lu | C37: Primax | D37: Commercial | E37: NB | G37: 2023 | H37: WARG 16/WARGW 16/LOX 16 | I37: NBL KB | J37: 16 | K37: Flint Opaque | L37: W China | M37: INVENTEC | N37: =N33+0.02 -> 5.2 | O37: 6.08 | P37: =P33+0.02 -> 6.44 | Q37: =Q33+0.02 -> 6.44 | R37: =R33+0.02 -> 6.44 | S37: =S33+0.02 -> 6.44 | T37: =T33+0.02 -> 6.27 | U37: =U33+0.02 -> 6.27 | V37: =V33+0.02 -> 6.08 | W37: =W33+0.02 -> 6.08 | ... AA37: =AA33+0.02 -> 6.08 | AB37: 0.41 | AC37: 0.6 | AD37: 0.6 | AE37: 0.6 | AF37: 0.6 | AG37: 0.6 | AH37: 0.6 | AI37: 0.41 | AJ37: 0.41 | AK37: 0.41 | AL37: 0.41 | AM37: 0.41 | AN37: 0.41 | AS37: 100 | AT37: =AE37*AS37 -> 60 | AU37: 120 | AV37: =AF37*AU37 -> 72 | AW37: 160 | AX37: =AG37*AW37 -> 96 | AY37: 360 | AZ37: =AH37*AY37 -> 216 | BA37: 320 | BB37: =AI37*BA37 -> 131.2 | BC37: 160 | BD37: =AJ37*BC37 -> 65.6 | BE37: 223 | BF37: =AK37*BE37 -> 91.43 | BG37: 80 | BH37: =AL37*BG37 -> 32.8 | BI37: 280 | BJ37: =AM37*BI37 -> 114.8 | BK37: 280 | BL37: =AN37*BK37 -> 114.8 | BM37: 2H-ADMUSI64351
A38: FY24 | B38: Sandy Lu | C38: Primax | D38: Commercial | E38: NB | G38: 2023 | H38: WARG 13/14/13X/14L/14LX/WARGW 14/LOX13/14/LOXW 14 | I38: BL KB | J38: 14 | K38: Flint Opaque | L38: W China | M38: INVENTEC | N38: =N34+0.02 -> 8.72 | O38: 13.38 | P38: =P34+0.02 -> 14.88 | Q38: =Q34+0.02 -> 14.88 | R38: =R34+0.02 -> 14.88 | S38: =S34+0.02 -> 14.88 | T38: =T34+0.02 -> 14.62 | U38: =U34+0.02 -> 14.62 | V38: =V34+0.02 -> 13.38 | W38: =W34+0.02 -> 13.38 | ... AA38: =AA34+0.02 -> 13.38 | AB38: 4.42 | AC38: 4.42 | AD38: 4.42 | AE38: 4.42 | AF38: 4.42 | AG38: 4.42 | AH38: 4.42 | AI38: 5.26 | AJ38: 5.26 | AK38: 5.26 | AL38: 5.26 | AM38: 5.26 | AN38: 5.26 | AS38: 530 | AT38: =AE38*AS38 -> 2342.6 | AU38: 1560 | AV38: =AF38*AU38 -> 6895.2 | AW38: 3840 | AX38: =AG38*AW38 -> 16972.8 | AY38: 12840 | AZ38: =AH38*AY38 -> 56752.8 | BA38: 8920 | BB38: =AI38*BA38 -> 46919.2 | BC38: 32040 | BD38: =AJ38*BC38 -> 168530.4 | BE38: 20918 | BF38: =AK38*BE38 -> 110028.68 | BG38: 4000 | BH38: =AL38*BG38 -> 21040 | BI38: 5400 | BJ38: =AM38*BI38 -> 28404 | BK38: 1920 | BL38: =AN38*BK38 -> 10099.2 | BM38: 2H-BDNUSI64381
A39: FY24 | B39: Sandy Lu | C39: Primax | D39: Commercial | E39: NB | G39: 2023 | H39: WARG 13/14/13X/14L/14LX/WARGW 14/LOX13/14/LOXW 14 | I39: NBL KB | J39: 14 | K39: Flint Opaque | L39: W China | M39: INVENTEC | N39: =N35+0.02 -> 4.65 | O39: 5.99 | P39: =P35+0.02 -> 6.34 | Q39: =Q35+0.02 -> 6.34 | R39: =R35+0.02 -> 6.34 | S39: =S35+0.02 -> 6.34 | T39: =T35+0.02 -> 6.17 | U39: =U35+0.02 -> 6.17 | V39: =V35+0.02 -> 5.99 | W39: =W35+0.02 -> 5.99 | ... AA39: =AA35+0.02 -> 5.99 | AB39: 0.97 | AC39: 1.06 | AD39: 1.06 | AE39: 1.06 | AF39: 1.06 | AG39: 1.06 | AH39: 1.06 | AI39: 0.97 | AJ39: 0.97 | AK39: 0.97 | AL39: 0.97 | AM39: 0.97 | AN39: 0.97 | AS39: 200 | AT39: =AE39*AS39 -> 212 | AU39: 240 | AV39: =AF39*AU39 -> 254.4 | AW39: 280 | AX39: =AG39*AW39 -> 296.8 | AY39: 1480 | AZ39: =AH39*AY39 -> 1568.8 | BA39: 600 | BB39: =AI39*BA39 -> 582 | BC39: 1880 | BD39: =AJ39*BC39 -> 1823.6 | BE39: 800 | BF39: =AK39*BE39 -> 776 | BG39: 120 | BH39: =AL39*BG39 -> 116.4 | BI39: 440 | BJ39: =AM39*BI39 -> 426.8 | BK39: 1040 | BL39: =AN39*BK39 -> 1008.8 | BM39: 2H-ADNUSI64351
A40: FY24 | AP40: =AC40*AO40 -> 0 | AR40: =AD40*AQ40 -> 0 | AT40: =AE40*AS40 -> 0 | AV40: =AF40*AU40 -> 0
A41: FY24 | B41: Sandy Lu | C41: Primax | D41: Commercial | E41: NB | F41: Dragonfly | G41: 2022 | H41: STARFOX | I41: BL KB | J41: 13 | K41: Sentry Black | L41: W China | M41: INVENTEC | N41: 10.52 | O41: 17.3 | P41: 17.3 | Q41: 17.3 | R41: 17.3 | S41: 17.3 | T41: 17.3 | U41: 17.3 | V41: 17.3 | W41: 17.3 | X41: 17.3 | Y41: 17.3 | Z41: 17.3 | AA41: 17.3 | AB41: 5 | AC41: 5 | AD41: 5 | AE41: 5 | AF41: 5 | AG41: 5 | AH41: 5 | AI41: 6.78 | AJ41: 6.78 | AK41: 6.78 | AL41: 6.78 | AM41: 6.78 | AN41: 6.78 | AO41: 2550 | AP41: =AC41*AO41 -> 12750 | AQ41: 1600 | AR41: =AB41*AQ41 -> 8000 | AS41: 760 | AT41: =AD41*AS41 -> 3800 | AU41: 840 | AV41: 4620 | AW41: 0 | AX41: 0 | AY41: 80 | AZ41: =AH41*AY41 -> 400 | BA41: 440 | BB41: =AI41*BA41 -> 2983.2 | BC41: 120 | BD41: =AJ41*BC41 -> 813.6 | BE41: 717 | BF41: =AK41*BE41 -> 4861.26 | BG41: 2480 | BH41: =AL41*BG41 -> 16814.4 | BI41: 0 | BJ41: =AM41*BI41 -> 0 | BK41: 440 | BL41: =AN41*BK41 -> 2983.2 | BM41: 2H-BDRUSI64321
A42: FY24 | B42: Sandy Lu | C42: Primax | D42: Commercial | E42: NB | G42: 2022 | H42: STARFOX | I42: BL KB | J42: 13 | K42: Slate Blue | L42: W China | M42: INVENTEC | N42: 11.87 | O42: 18.65 | P42: 18.65 | Q42: 18.65 | R42: 18.65 | S42: 18.65 | T42: 18.65 | U42: 18.65 | V42: 18.65 | W42: 18.65 | X42: 18.65 | Y42: 18.65 | Z42: 18.65 | AA42: 18.65 | AB42: 5.2 | AC42: 5.2 | AD42: 5.2 | AE42: 5.2 | AF42: 5.2 | AG42: 5.2 | AH42: 5.2 | AI42: =AI41 -> 6.78 | AJ42: =AJ41 -> 6.78 | AK42: =AK41 -> 6.78 | AL42: =AL41 -> 6.78 | AM42: =AM41 -> 6.78 | AN42: =AN41 -> 6.78 | AO42: 5080 | AP42: =AC42*AO42 -> 26416 | AQ42: 5718 | AR42: =AB42*AQ42 -> 29733.6 | AS42: 4080 | AT42: =AD42*AS42 -> 21216 | AU42: 3400 | AV42: 18700 | AW42: 4840 | AX42: 26620 | AY42: 2030 | AZ42: =AH42*AY42 -> 10556 | BA42: 6800 | BB42: =AI42*BA42 -> 46104 | BC42: 4360 | BD42: =AJ42*BC42 -> 29560.8 | BE42: 4200 | BF42: =AK42*BE42 -> 28476 | BG42: 6116 | BH42: =AL42*BG42 -> 41466.48 | BI42: 6720 | BJ42: =AM42*BI42 -> 45561.6 | BK42: 5280 | BL42: =AN42*BK42 -> 35798.4 | BM42: 2H-BDRUSI68821
A43: FY24 | B43: Sandy Lu | C43: Primax | D43: Commercial | E43: NB | G43: 2023 | H43: SANDWALKER | I43: BL KB | J43: 13 | K43: Sentry Black | L43: W China | M43: INVENTEC | N43: 10.52 | O43: 17.3 | P43: =P41+0.26 -> 17.56 | Q43: =Q41+0.26 -> 17.56 | R43: =R41+0.26 -> 17.56 | S43: =S41+0.26 -> 17.56 | T43: 17.3 | U43: 17.3 | V43: 17.3 | W43: 17.3 | X43: 17.3 | Y43: 17.3 | Z43: 17.3 | AA43: 17.3 | AB43: 5 | AC43: 5 | AD43: 5 | AE43: 5 | AF43: 5 | AG43: 5 | AH43: 5 | AI43: =AI41 -> 6.78 | AJ43: =AJ41 -> 6.78 | AK43: =AK41 -> 6.78 | AL43: =AL41 -> 6.78 | AM43: =AM41 -> 6.78 | AN43: =AN41 -> 6.78 | AO43: 0 | AP43: =AC43*AO43 -> 0 | AQ43: 0 | AR43: =AD43*AQ43 -> 0 | AT43: =AD43*AS43 -> 0 | AV43: =AF43*AU43 -> 0 | AX43: =AG43*AW43 -> 0 | AZ43: =AH43*AY43 -> 0 | BB43: =AI43*BA43 -> 0 | BD43: =AJ43*BC43 -> 0 | BE43: 160 | BF43: =AK43*BE43 -> 1084.8 | BH43: =AL43*BG43 -> 0 | BJ43: =AM43*BI43 -> 0 | BL43: =AN43*BK43 -> 0
A44: FY24 | B44: Sandy Lu | C44: Primax | D44: Commercial | E44: NB | G44: 2023 | H44: SANDWALKER | I44: BL KB | J44: 13 | K44: Slate Blue | L44: W China | M44: INVENTEC | N44: 11.87 | O44: 18.65 | P44: =P42+0.26 -> 18.91 | Q44: =Q42+0.26 -> 18.91 | R44: =R42+0.26 -> 18.91 | S44: =S42+0.26 -> 18.91 | T44: 18.65 | U44: 18.65 | V44: 18.65 | W44: 18.65 | X44: 18.65 | Y44: 18.65 | Z44: 18.65 | AA44: 18.65 | AB44: 5.2 | AC44: 5.2 | AD44: 5.2 | AE44: 5.2 | AF44: 5.2 | AG44: 5.2 | AH44: 5.2 | AI44: =AI41 -> 6.78 | AJ44: =AJ41 -> 6.78 | AK44: =AK41 -> 6.78 | AL44: =AL41 -> 6.78 | AM44: =AM41 -> 6.78 | AN44: =AN41 -> 6.78 | AO44: 0 | AP44: =AC44*AO44 -> 0 | AQ44: 0 | AR44: =AD44*AQ44 -> 0 | AT44: =AD44*AS44 -> 0 | AV44: =AF44*AU44 -> 0 | AX44: =AG44*AW44 -> 0 | AZ44: =AH44*AY44 -> 0 | BB44: =AI44*BA44 -> 0 | BD44: =AJ44*BC44 -> 0 | BE44: 360 | BF44: =AK44*BE44 -> 2440.8 | BH44: =AL44*BG44 -> 0 | BJ44: =AM44*BI44 -> 0 | BL44: =AN44*BK44 -> 0
A45: FY24
A46: FY24
A47: FY24 | B47: Sandy Lu | C47: Primax | D47: Commercial | E47: NB | F47: Education | G47: 2020 | H47: ALOE/ALOE2 | I47: NBL KB | J47: 11 | K47: Gray | L47: W China | M47: INVENTEC | N47: 3.8 | O47: 4.85 | P47: 4.85 | Q47: 4.85 | R47: 4.85 | S47: 4.85 | T47: 4.85 | U47: 4.85 | V47: 4.85 | W47: 4.85 | X47: 4.85 | Y47: 4.85 | Z47: 4.85 | AA47: 4.85 | AB47: 1.05 | AC47: 1.05 | AD47: 1.05 | AE47: 1.05 | AF47: 1.05 | AG47: 1.05 | AH47: 1.05 | AI47: 1.05 | AJ47: 1.05 | AK47: 1.05 | AL47: 1.05 | AM47: 1.05 | AN47: 1.05 | AO47: 360 | AP47: =AC47*AO47 -> 378 | AQ47: 600 | AR47: =AD47*AQ47 -> 630 | AS47: 478 | AT47: =AE47*AS47 -> 501.9 | AU47: 760 | AV47: =AF47*AU47 -> 798 | AW47: 400 | AX47: =AG47*AW47 -> 420 | AY47: 1120 | AZ47: =AH47*AY47 -> 1176 | BA47: 0 | BB47: =AI47*BA47 -> 0 | BC47: 0 | BD47: =AJ47*BC47 -> 0 | BE47: 0 | BF47: =AK47*BE47 -> 0 | BG47: 0 | BH47: =AL47*BG47 -> 0 | BI47: 0 | BJ47: =AM47*BI47 -> 0 | BK47: 0 | BL47: =AN47*BK47 -> 0 | BM47: 2H-ACAUSI66011
A48: FY24 | B48: Sandy Lu | C48: Primax | D48: Commercial | E48: NB | G48: 2020 | H48: ALOE/ALOE2 | I48: NBL KB | J48: 11 | K48: Dusk Blue | L48: W China | M48: INVENTEC | N48: 3.8 | O48: 4.85 | P48: 4.85 | Q48: 4.85 | R48: 4.85 | S48: 4.85 | T48: 4.85 | U48: 4.85 | V48: 4.85 | W48: 4.85 | X48: 4.85 | Y48: 4.85 | Z48: 4.85 | AA48: 4.85 | AB48: 1.05 | AC48: 1.05 | AD48: 1.05 | AE48: 1.05 | AF48: 1.05 | AG48: 1.05 | AH48: 1.05 | AI48: 1.05 | AJ48: 1.05 | AK48: 1.05 | AL48: 1.05 | AM48: 1.05 | AN48: 1.05 | AO48: 40 | AP48: =AC48*AO48 -> 42 | AQ48: 0 | AR48: =AD48*AQ48 -> 0 | AS48: 0 | AT48: =AE48*AS48 -> 0 | AU48: 0 | AV48: =AF48*AU48 -> 0 | AW48: 0 | AX48: =AG48*AW48 -> 0 | AY48: 0 | AZ48: =AH48*AY48 -> 0 | BA48: 0 | BB48: =AI48*BA48 -> 0 | BC48: 0 | BD48: =AJ48*BC48 -> 0 | BE48: 0 | BF48: =AK48*BE48 -> 0 | BG48: 0 | BH48: =AL48*BG48 -> 0 | BI48: 0 | BJ48: =AM48*BI48 -> 0 | BK48: 0 | BL48: =AN48*BK48 -> 0 | BM48: 2H-ACAUSI66211
A49: FY24 | B49: Sandy Lu | C49: Primax | D49: Commercial | E49: NB | F49: MWS | G49: 2022 | H49: VISION | I49: BL KB | J49: 16 | K49: Flint Opaque | L49: W China | M49: INVENTEC | N49: 11.39 | O49: =17.3 -> 17.3 | P49: 17.3 | Q49: 17.3 | R49: 17.3 | S49: 17.3 | T49: 17.3 | U49: 17.3 | V49: 17.3 | W49: 17.3 | X49: 17.3 | Y49: 17.3 | Z49: 17.3 | AA49: 17.3 | AB49: 5 | AC49: 5 | AD49: 5 | AE49: 5 | AF49: 5 | AG49: 5 | AH49: 5 | AI49: 6.02 | AJ49: 6.02 | AK49: 6.02 | AL49: 6.02 | AM49: 6.02 | AN49: 6.02 | AO49: 11760 | AP49: =AC49*AO49 -> 58800 | AQ49: 11640 | AR49: =AD49*AQ49 -> 58200 | AS49: 1080 | AT49: =AE49*AS49 -> 5400 | AU49: 80 | AV49: 440 | AW49: 0 | AX49: 0 | AY49: 0 | AZ49: =AH49*AY49 -> 0 | BA49: 0 | BB49: =AI49*BA49 -> 0 | BC49: 0 | BD49: =AJ49*BC49 -> 0 | BE49: 0 | BF49: =AK49*BE49 -> 0 | BG49: 0 | BH49: =AL49*BG49 -> 0 | BI49: 0 | BJ49: =AM49*BI49 -> 0 | BK49: 0 | BL49: =AN49*BK49 -> 0 | BM49: 2H-BE0USI64311
A50: FY24 | B50: Sandy Lu | C50: Primax | D50: Commercial | E50: NB | G50: 2023 | H50: VARCOLARC | I50: BL KB | J50: 16 | K50: Flint Opaque | L50: W China | M50: INVENTEC | N50: 11.65 | O50: =O49+0.26 -> 17.56 | P50: =P49+0.26 -> 17.56 | Q50: =Q49+0.26 -> 17.56 | R50: =R49+0.26 -> 17.56 | S50: =S49+0.26 -> 17.56 | T50: 17.3 | U50: 17.3 | V50: 17.3 | W50: 17.3 | X50: 17.3 | Y50: 17.3 | Z50: 17.3 | AA50: 17.3 | AB50: 5 | AC50: 5 | AD50: 5 | AE50: 5 | AF50: 5 | AG50: 5 | AH50: 5 | AI50: =AI49 -> 6.02 | AJ50: =AJ49 -> 6.02 | AK50: =AK49 -> 6.02 | AL50: =AL49 -> 6.02 | AM50: =AM49 -> 6.02 | AN50: =AN49 -> 6.02 | AO50: 0 | AP50: =AC50*AO50 -> 0 | AQ50: 0 | AR50: =AE50*AQ50 -> 0 | AS50: 5000 | AT50: =AG50*AS50 -> 25000 | AU50: 9000 | AV50: 49500 | AW50: 12840 | AX50: =AH50*AW50 -> 64200 | AY50: 6955 | AZ50: =AJ50*AY50 -> 41869.1 | BA50: 7600 | BB50: =AI50*BA50 -> 45752 | BC50: 9560 | BD50: =AJ50*BC50 -> 57551.2 | BE50: 5634 | BF50: =AK50*BE50 -> 33916.68 | BG50: 6465 | BH50: =AL50*BG50 -> 38919.3 | BI50: 6660 | BJ50: =AM50*BI50 -> 40093.2 | BK50: 8240 | BL50: =AN50*BK50 -> 49604.8 | BM50: 2H-BE0USI64312
A51: FY24 | B51: Sandy Lu | C51: Primax | D51: Commercial | E51: NB | F51: 1000 | G51: 2019 | H51: MCLAREN | I51: NBL KB | J51: 13 | K51: Dark Grey | L51: E China | M51: COMPAL | N51: 71.24 | O51: 73.7 | P51: 73.7 | Q51: 73.7 | R51: 73.7 | S51: 73.7 | T51: 73.7 | U51: 73.7 | V51: 73.7 | W51: 73.7 | X51: 73.7 | Y51: 73.7 | Z51: 73.7 | AA51: 73.7 | AB51: 0 | AC51: =AB51 -> 0 | AD51: =AC51 -> 0 | AE51: =AD51 -> 0 | AF51: =AE51 -> 0 | AG51: =AF51 -> 0 | AH51: =AG51 -> 0 | AI51: =AH51 -> 0 | AJ51: =AI51 -> 0 | ... AN51: =AM51 -> 0 | AO51: 6460 | AP51: =AC51*AO51 -> 0 | AQ51: 8358 | AR51: =AD51*AQ51 -> 0 | AS51: 5840 | AT51: =AE51*AS51 -> 0 | AU51: 5680 | AV51: 0 | AW51: 3320 | AX51: =AG51*AW51 -> 0 | AY51: 2621 | AZ51: =AH51*AY51 -> 0 | BA51: 2260 | BB51: =AI51*BA51 -> 0 | BC51: 880 | BD51: =AJ51*BC51 -> 0 | BE51: 1100 | BF51: =AK51*BE51 -> 0 | BG51: 1620 | BH51: =AL51*BG51 -> 0 | BI51: 1320 | BJ51: =AM51*BI51 -> 0 | BK51: 422 | BL51: =AN51*BK51 -> 0 | BM51: 2H-BDAUSQ14211
A52: FY24 | AP52: =AC52*AO52 -> 0 | AR52: =AD52*AQ52 -> 0 | AT52: =AE52*AS52 -> 0 | AV52: =AF52*AU52 -> 0 | AX52: =AG52*AW52 -> 0 | AZ52: =AH52*AY52 -> 0 | BB52: =AI52*BA52 -> 0 | BD52: =AJ52*BC52 -> 0 | BF52: =AK52*BE52 -> 0 | BH52: =AL52*BG52 -> 0 | BJ52: =AM52*BI52 -> 0 | BL52: =AN52*BK52 -> 0
A53: FY24 | AP53: =AC53*AO53 -> 0 | AR53: =AD53*AQ53 -> 0 | AT53: =AE53*AS53 -> 0 | AV53: =AF53*AU53 -> 0 | AX53: =AG53*AW53 -> 0 | AZ53: =AH53*AY53 -> 0 | BB53: =AI53*BA53 -> 0 | BD53: =AJ53*BC53 -> 0 | BF53: =AK53*BE53 -> 0 | BH53: =AL53*BG53 -> 0 | BJ53: =AM53*BI53 -> 0 | BL53: =AN53*BK53 -> 0
A54: FY24 | AP54: =AC54*AO54 -> 0 | AR54: =AD54*AQ54 -> 0 | AT54: =AE54*AS54 -> 0 | AV54: =AF54*AU54 -> 0 | AX54: =AG54*AW54 -> 0 | AZ54: =AH54*AY54 -> 0 | BB54: =AI54*BA54 -> 0 | BD54: =AJ54*BC54 -> 0 | BF54: =AK54*BE54 -> 0 | BH54: =AL54*BG54 -> 0 | BJ54: =AM54*BI54 -> 0 | BL54: =AN54*BK54 -> 0
A55: FY24 | B55: Benson Chen | C55: Primax | D55: Commercial | E55: Chromebook | F55: Chromebook | G55: 2022 | H55: BJORK/SURVIVOR | I55: NBL KB | J55: 14 | K55: Flint Silver | L55: W China | M55: QUANTA | N55: 5.15 | O55: 5.83 | P55: 5.83 | Q55: 5.83 | R55: 5.83 | S55: 5.83 | T55: 5.83 | U55: 5.83 | V55: 5.83 | W55: 5.83 | X55: 5.83 | Y55: 5.83 | Z55: 5.83 | AA55: 5.83 | AB55: 0.25 | AC55: 0.25 | AD55: =AC55 -> 0.25 | AE55: =AD55 -> 0.25 | AF55: 0.25 | AG55: =AF55 -> 0.25 | AH55: =AG55 -> 0.25 | AI55: 0.25 | AJ55: 0.68 | AK55: 0.68 | AL55: 0.68 | AM55: 0.68 | AN55: 0.68 | AO55: 560 | AP55: =AC55*AO55 -> 140 | AQ55: 0 | AR55: =AD55*AQ55 -> 0 | AS55: 400 | AT55: =AE55*AS55 -> 100 | AU55: 560 | AV55: =AF55*AU55 -> 140 | AW55: 1000 | AX55: =AG55*AW55 -> 250 | AY55: 1080 | AZ55: =AH55*AY55 -> 270 | BA55: 400 | BB55: =AI55*BA55 -> 100 | BC55: 320 | BD55: =AJ55*BC55 -> 217.6 | BE55: 760 | BF55: =AK55*BE55 -> 516.8 | BG55: 400 | BH55: =AL55*BG55 -> 272 | BI55: 758 | BJ55: =AM55*BI55 -> 515.44 | BK55: 600 | BL55: =AN55*BK55 -> 408 | BM55: 2H-WE3USQ14311
A56: FY24 | B56: Benson Chen | C56: Primax | D56: Commercial | E56: Chromebook | G56: 2022 | H56: BJORK/SURVIVOR | I56: BL KB | J56: 14 | K56: Flint Silver | L56: W China | M56: QUANTA | N56: 8.95 | O56: 12.45 | P56: 12.45 | Q56: 12.45 | R56: 12.45 | S56: 12.45 | T56: 12.45 | U56: 12.45 | V56: 12.45 | W56: 12.45 | X56: 12.45 | Y56: 12.45 | Z56: 12.45 | AA56: 12.45 | AB56: 1.5 | AC56: 1.5 | AD56: 1.5 | AE56: 1.5 | AF56: 1.5 | AG56: 1.5 | AH56: 1.5 | AI56: 1.5 | AJ56: 3.5 | AK56: 3.5 | AL56: 3.5 | AM56: 3.5 | AN56: 3.5 | AO56: 1120 | AP56: =AC56*AO56 -> 1680 | AQ56: 1433 | AR56: =AD56*AQ56 -> 2149.5 | AS56: 960 | AT56: =AE56*AS56 -> 1440 | AU56: 520 | AV56: =AF56*AU56 -> 780 | AW56: 1520 | AX56: =AG56*AW56 -> 2280 | AY56: 640 | AZ56: =AH56*AY56 -> 960 | BA56: 1478 | BB56: =AI56*BA56 -> 2217 | BC56: 680 | BD56: =AJ56*BC56 -> 2380 | BE56: 1720 | BF56: =AK56*BE56 -> 6020 | BG56: 1239 | BH56: =AL56*BG56 -> 4336.5 | BI56: 520 | BJ56: =AM56*BI56 -> 1820 | BK56: 520 | BL56: =AN56*BK56 -> 1820 | BM56: 2H-XE3USQ14311
A57: FY24 | B57: Benson Chen | C57: Primax | D57: Commercial | E57: Chromebook | G57: 2023 | H57: CARBINE | I57: BL KB | J57: 14 | K57: Mineral Silver | L57: W China | M57: WISTRON | N57: 8.95 | O57: 12.45 | P57: 12.45 | Q57: 12.45 | R57: 12.45 | S57: 12.45 | T57: 12.45 | U57: 12.45 | V57: 12.45 | W57: 12.45 | X57: 12.45 | Y57: 12.45 | Z57: 12.45 | AA57: 12.45 | AB57: 1.5 | AC57: 1.5 | AD57: 1.5 | AE57: 1.5 | AF57: 1.5 | AG57: 1.5 | AH57: 1.5 | AI57: 1.5 | AJ57: 3.5 | AK57: 3.5 | AL57: 3.5 | AM57: 3.5 | AN57: 3.5 | AO57: 1480 | AP57: =AC57*AO57 -> 2220 | AQ57: 2232 | AR57: =AD57*AQ57 -> 3348 | AS57: 920 | AT57: =AE57*AS57 -> 1380 | AU57: 80 | AV57: =AF57*AU57 -> 120 | AW57: 40 | AX57: =AG57*AW57 -> 60 | AY57: 320 | AZ57: =AH57*AY57 -> 480 | BA57: 1240 | BB57: =AI57*BA57 -> 1860 | BC57: 960 | BD57: =AJ57*BC57 -> 3360 | BE57: 840 | BF57: =AK57*BE57 -> 2940 | BH57: =AL57*BG57 -> 0 | BI57: 120 | BJ57: =AM57*BI57 -> 420 | BK57: 80 | BL57: =AN57*BK57 -> 280 | BM57: 2H-XDZUSW65211
A58: FY24 | B58: Benson Chen | C58: Primax | D58: Commercial | E58: Chromebook | G58: 2023 | H58: CARBINE | I58: BL KB | J58: 14 | K58: Soft Gray | L58: W China | M58: WISTRON | N58: 8.95 | O58: 12.45 | U58: 12.45 | V58: 12.45 | W58: 12.45 | X58: 12.45 | Y58: 12.45 | Z58: 12.45 | AA58: 12.45 | AB58: 3.5 | AI58: 3.5 | AJ58: 3.5 | AK58: 3.5 | AL58: 3.5 | AM58: 3.5 | AN58: 3.5 | AP58: =AC58*AO58 -> 0 | AR58: =AD58*AQ58 -> 0 | AT58: =AE58*AS58 -> 0 | AV58: =AF58*AU58 -> 0 | AX58: =AG58*AW58 -> 0 | AZ58: =AH58*AY58 -> 0 | BB58: =AI58*BA58 -> 0 | BD58: =AJ58*BC58 -> 0 | BF58: =AK58*BE58 -> 0 | BH58: =AL58*BG58 -> 0 | BJ58: =AM58*BI58 -> 0 | BL58: =AN58*BK58 -> 0 | BM58: 2H-XDZUSW69511
A59: FY24 | G59: 2024 | H59: GRACEBAY | I59: NBL KB | J59: 14 | K59: Darker Sky Blue Opaque | L59: W China | M59: WISTRON | N59: 3.45 | O59: 3.99 | P59: 3.99 | Q59: 3.99 | R59: 3.99 | S59: 3.99 | T59: 3.99 | U59: 3.99 | AB59: 0.54 | AP59: =AC59*AO59 -> 0 | AR59: =AD59*AQ59 -> 0 | AT59: =AE59*AS59 -> 0 | AV59: =AF59*AU59 -> 0 | AW59: 1560 | AX59: =AG59*AW59 -> 0 | AY59: 13800 | AZ59: =AH59*AY59 -> 0 | BB59: =AI59*BA59 -> 0 | BD59: =AJ59*BC59 -> 0 | BF59: =AK59*BE59 -> 0 | BH59: =AL59*BG59 -> 0 | BJ59: =AM59*BI59 -> 0 | BL59: =AN59*BK59 -> 0 | BM59: 2H-WDZUSW6AA11
A60: FY24 | G60: 2024 | H60: GRACEBAY | I60: NBL KB | J60: 14 | K60: Soft Gray | L60: W China | M60: WISTRON | N60: 3.45 | O60: 3.99 | P60: 3.99 | Q60: 3.99 | R60: 3.99 | S60: 3.99 | T60: 3.99 | U60: 3.99 | AB60: 0.54 | AP60: =AC60*AO60 -> 0 | AR60: =AD60*AQ60 -> 0 | AT60: =AE60*AS60 -> 0 | AV60: =AF60*AU60 -> 0 | AX60: =AG60*AW60 -> 0 | AY60: 2960 | AZ60: =AH60*AY60 -> 0 | BB60: =AI60*BA60 -> 0 | BD60: =AJ60*BC60 -> 0 | BF60: =AK60*BE60 -> 0 | BH60: =AL60*BG60 -> 0 | BJ60: =AM60*BI60 -> 0 | BL60: =AN60*BK60 -> 0 | BM60: 2H-WDZUSW69511
A61: FY24
A62: FY24 | B62: Chris Chang | C62: Primax | D62: Commercial | E62: DT | F62: DT | G62: 2015 | H62: SKYLAB USB KB | I62: NBL KB | J62: NA/ | K62: NA/ | L62: W China | M62: OTHERS | N62: 5.55 | O62: 5.55 | P62: 5.55 | Q62: 5.55 | R62: 5.55 | S62: 5.55 | T62: 5.55 | U62: 5.55 | V62: 5.55 | W62: 5.55 | X62: 5.55 | Y62: 5.55 | Z62: 5.55 | AA62: 5.55 | AB62: 0.21 | AC62: 0.21 | AD62: =AC62 -> 0.21 | AE62: =AD62 -> 0.21 | AF62: =AE62 -> 0.21 | AG62: =AF62 -> 0.21 | AH62: =AG62 -> 0.21 | AI62: 0.24 | AJ62: =AI62 -> 0.24 | AK62: =AJ62 -> 0.24 | AL62: =AK62 -> 0.24 | AM62: =AL62 -> 0.24 | AN62: =AM62 -> 0.24 | AO62: 21810 | AP62: =AC62*AO62 -> 4580.1 | AQ62: 8260 | AR62: =AD62*AQ62 -> 1734.6 | AS62: 11950 | AT62: =AE62*AS62 -> 2509.5 | AU62: 4830 | AV62: =AF62*AU62 -> 1014.3 | AW62: 1500 | AX62: =AG62*AW62 -> 315 | AY62: 5020 | AZ62: =AH62*AY62 -> 1054.2 | BA62: 1984 | BB62: =AI62*BA62 -> 476.16 | BC62: 3582 | BD62: =AJ62*BC62 -> 859.68 | BE62: 1920 | BF62: =AK62*BE62 -> 460.8 | BG62: 2950 | BH62: =AL62*BG62 -> 708 | BI62: 2570 | BJ62: =BI62*AM62 -> 616.8 | BK62: 260 | BL62: =AN62*BK62 -> 62.4 | BM62: 803181-xx1 | BO62: ODM
A63: FY24 | B63: Chris Chang | C63: Primax | D63: Commercial | E63: DT | G63: 2015 | H63: SKYLAB ANTIMICROBIAL KBD | I63: NBL KB | J63: NA/ | K63: NA/ | L63: W China | M63: OTHERS | N63: 6.05 | O63: 6.05 | P63: 6.05 | Q63: 6.05 | R63: 6.05 | S63: 6.05 | T63: 6.05 | U63: 6.05 | V63: 6.05 | W63: 6.05 | X63: 6.05 | Y63: 6.05 | Z63: 6.05 | AA63: 6.05 | AB63: 0.5 | AC63: 0.5 | AD63: =AC63 -> 0.5 | AE63: =AD63 -> 0.5 | AF63: =AE63 -> 0.5 | AG63: =AF63 -> 0.5 | AH63: =AG63 -> 0.5 | AI63: =AH63 -> 0.5 | AJ63: =AI63 -> 0.5 | AK63: =AJ63 -> 0.5 | ... AN63: =AM63 -> 0.5 | AO63: 250 | AP63: =AC63*AO63 -> 125 | AQ63: 180 | AR63: =AD63*AQ63 -> 90 | AS63: 620 | AT63: =AE63*AS63 -> 310 | AU63: 0 | AV63: =AF63*AU63 -> 0 | AW63: 0 | AX63: =AG63*AW63 -> 0 | AY63: 0 | AZ63: =AH63*AY63 -> 0 | BA63: 0 | BB63: =AI63*BA63 -> 0 | BC63: 0 | BD63: =AJ63*BC63 -> 0 | BE63: 0 | BF63: =AK63*BE63 -> 0 | BG63: 0 | BH63: =AL63*BG63 -> 0 | BI63: 0 | BJ63: =AM63*BI63 -> 0 | BK63: 0 | BL63: =AN63*BK63 -> 0 | BM63: 911504-AA1 | BO63: ODM
A64: FY24 | B64: Chris Chang | C64: Primax | D64: Commercial | E64: DT | G64: 2012 | H64: APOLLO HARDENED | I64: Mouse | J64: NA/ | K64: NA/ | L64: W China | M64: OTHERS | N64: 2.32 | O64: 2.32 | P64: 2.32 | Q64: 2.32 | R64: 2.32 | S64: 2.32 | T64: 2.32 | U64: 2.32 | V64: 2.32 | W64: 2.32 | X64: 2.32 | Y64: 2.32 | Z64: 2.32 | AA64: 2.32 | AB64: 0.12 | AC64: 0.12 | AD64: =AC64 -> 0.12 | AE64: =AD64 -> 0.12 | AF64: =AE64 -> 0.12 | AG64: =AF64 -> 0.12 | AH64: =AG64 -> 0.12 | AI64: 0.13 | AJ64: =AI64 -> 0.13 | AK64: =AJ64 -> 0.13 | AL64: =AK64 -> 0.13 | AM64: =AL64 -> 0.13 | AN64: =AM64 -> 0.13 | AO64: 14000 | AP64: =AC64*AO64 -> 1680 | AQ64: 2600 | AR64: =AD64*AQ64 -> 312 | AS64: 1900 | AT64: =AE64*AS64 -> 228 | AU64: 1100 | AV64: =AF64*AU64 -> 132 | AW64: 2000 | AX64: =AG64*AW64 -> 240 | AY64: 800 | AZ64: =AH64*AY64 -> 96 | BA64: 1600 | BB64: =AI64*BA64 -> 208 | BC64: 1300 | BD64: =AJ64*BC64 -> 169 | BE64: 1692 | BF64: =AK64*BE64 -> 219.96 | BG64: 300 | BH64: =AL64*BG64 -> 39 | BI64: 2300 | BJ64: =AM64*BI64 -> 299 | BK64: 300 | BL64: =AN64*BK64 -> 39 | BM64: 827577-001 | BO64: ODM
A65: FY24 | B65: Chris Chang | C65: Primax | D65: Commercial | E65: DT | G65: 2017 | H65: APOLLO PS2 MOUSE | I65: Mouse | J65: NA/ | K65: NA/ | L65: W China | M65: OTHERS | N65: 2.04 | O65: 2.04 | P65: 2.04 | Q65: 2.04 | R65: 2.04 | S65: 2.04 | T65: 2.04 | U65: 2.04 | V65: 2.04 | W65: 2.04 | X65: 2.04 | Y65: 2.04 | Z65: 2.04 | AA65: 2.04 | AB65: 0 | AC65: 0 | AD65: 0 | AE65: 0 | AF65: 0 | AG65: 0 | AH65: 0 | AI65: 0.01 | AJ65: =AI65 -> 0.01 | AK65: =AJ65 -> 0.01 | AL65: =AK65 -> 0.01 | AM65: =AL65 -> 0.01 | AN65: =AM65 -> 0.01 | AO65: 800 | AP65: =AC65*AO65 -> 0 | AQ65: 22600 | AR65: =AD65*AQ65 -> 0 | AS65: 1400 | AT65: =AE65*AS65 -> 0 | AU65: 500 | AV65: =AF65*AU65 -> 0 | AW65: 1200 | AX65: =AG65*AW65 -> 0 | AY65: 300 | AZ65: =AH65*AY65 -> 0 | BA65: 800 | BB65: =AI65*BA65 -> 8 | BC65: 3000 | BD65: =AJ65*BC65 -> 30 | BE65: 400 | BF65: =AK65*BE65 -> 4 | BG65: 1100 | BH65: =AL65*BG65 -> 11 | BI65: 1200 | BJ65: =AM65*BI65 -> 12 | BK65: 400 | BL65: =AN65*BK65 -> 4 | BM65: 672651-001 | BO65: ODM
A66: FY24 | B66: Chris Chang | C66: Primax | D66: Commercial | E66: DT | G66: 2017 | H66: APOLLO USB MOUSE | I66: Mouse | J66: NA/ | K66: NA/ | L66: W China | M66: OTHERS | N66: 1.86 | O66: 1.86 | P66: 1.86 | Q66: 1.86 | R66: 1.86 | S66: 1.86 | T66: 1.86 | U66: 1.86 | V66: 1.86 | W66: 1.86 | X66: 1.86 | Y66: 1.86 | Z66: 1.86 | AA66: 1.86 | AB66: 0 | AC66: 0 | AD66: 0 | AE66: 0 | AF66: 0 | AG66: 0 | AH66: 0 | AI66: 0.01 | AJ66: =AI66 -> 0.01 | AK66: =AJ66 -> 0.01 | AL66: =AK66 -> 0.01 | AM66: =AL66 -> 0.01 | AN66: =AM66 -> 0.01 | AO66: 83250 | AP66: =AC66*AO66 -> 0 | AQ66: 10300 | AR66: =AD66*AQ66 -> 0 | AS66: 3000 | AT66: =AE66*AS66 -> 0 | AU66: 7900 | AV66: =AF66*AU66 -> 0 | AW66: 5500 | AX66: =AG66*AW66 -> 0 | AY66: 4700 | AZ66: =AH66*AY66 -> 0 | BA66: 2900 | BB66: =AI66*BA66 -> 29 | BC66: 3500 | BD66: =AJ66*BC66 -> 35 | BE66: 11200 | BF66: =AK66*BE66 -> 112 | BG66: 700 | BH66: =AL66*BG66 -> 7 | BI66: 2000 | BJ66: =AM66*BI66 -> 20 | BK66: 4300 | BL66: =AN66*BK66 -> 43 | BM66: 672652-001 | BO66: ODM
A67: FY24 | B67: Chris Chang | C67: Primax | D67: Commercial | E67: DT | G67: 2017 | H67: APOLLO USB OPTICAL MOUSE | I67: Mouse | J67: NA/ | K67: NA/ | L67: W China | M67: OTHERS | N67: 1.75 | O67: 1.75 | P67: 1.75 | Q67: 1.75 | R67: 1.75 | S67: 1.75 | T67: 1.75 | U67: 1.75 | V67: 1.75 | W67: 1.75 | X67: 1.75 | Y67: 1.75 | Z67: 1.75 | AA67: 1.75 | AB67: 0 | AC67: 0 | AD67: 0 | AE67: 0 | AF67: 0 | AG67: 0 | AH67: 0 | AI67: 0.01 | AJ67: =AI67 -> 0.01 | AK67: =AJ67 -> 0.01 | AL67: =AK67 -> 0.01 | AM67: =AL67 -> 0.01 | AN67: =AM67 -> 0.01 | AO67: 800 | AP67: =AC67*AO67 -> 0 | AQ67: 100 | AR67: =AD67*AQ67 -> 0 | AS67: 3800 | AT67: =AE67*AS67 -> 0 | AU67: 100 | AV67: =AF67*AU67 -> 0 | AW67: 400 | AX67: =AG67*AW67 -> 0 | AY67: 2900 | AZ67: =AH67*AY67 -> 0 | BA67: 100 | BB67: =AI67*BA67 -> 1 | BC67: 100 | BD67: =AJ67*BC67 -> 1 | BE67: 600 | BF67: =AK67*BE67 -> 6 | BG67: 2000 | BH67: =AL67*BG67 -> 20 | BI67: 500 | BJ67: =AM67*BI67 -> 5 | BK67: 200 | BL67: =AN67*BK67 -> 2 | BM67: 672652-002 | BO67: ODM
A68: FY24 | B68: Chris Chang | C68: Primax | D68: Commercial | E68: DT | G68: 2017 | H68: APOLLO USB ANTIMICROBIAL MOUSE | I68: Mouse | J68: NA/ | K68: NA/ | L68: W China | M68: OTHERS | N68: 2.55 | O68: 2.55 | P68: 2.55 | Q68: 2.55 | R68: 2.55 | S68: 2.55 | T68: 2.55 | U68: 2.55 | V68: 2.55 | W68: 2.55 | X68: 2.55 | Y68: 2.55 | Z68: 2.55 | AA68: 2.55 | AB68: 0 | AC68: 0 | AD68: 0 | AE68: 0 | AF68: 0 | AG68: 0 | AH68: 0 | AI68: 0 | AJ68: 0 | AK68: 0 | AL68: 0 | AM68: 0 | AN68: 0 | AO68: 0 | AP68: =AC68*AO68 -> 0 | AQ68: 0 | AR68: =AD68*AQ68 -> 0 | AS68: 0 | AT68: =AE68*AS68 -> 0 | AU68: 0 | AV68: =AF68*AU68 -> 0 | AW68: 0 | AX68: =AG68*AW68 -> 0 | AY68: 0 | AZ68: =AH68*AY68 -> 0 | BA68: 0 | BB68: =AI68*BA68 -> 0 | BC68: 0 | BD68: =AJ68*BC68 -> 0 | BE68: 0 | BF68: =AK68*BE68 -> 0 | BG68: 0 | BH68: =AL68*BG68 -> 0 | BI68: 0 | BJ68: =AM68*BI68 -> 0 | BK68: 0 | BL68: =AN68*BK68 -> 0 | BM68: 796145-001 | BO68: ODM
A69: FY24 | B69: Chris Chang | C69: Primax | D69: Commercial | E69: DT | G69: 2017 | H69: BLK PORTIA MOUSE | I69: Mouse | J69: NA/ | K69: BLACK | L69: W China | M69: OTHERS | N69: 2.01 | O69: 2.01 | P69: 2.01 | Q69: 2.01 | R69: 2.01 | S69: 2.01 | T69: 2.01 | U69: 2.01 | V69: 2.01 | W69: 2.01 | X69: 2.01 | Y69: 2.01 | Z69: 2.01 | AA69: 2.01 | AB69: 0 | AC69: 0 | AD69: 0 | AE69: 0 | AF69: 0 | AG69: 0 | AH69: 0 | AI69: 0 | AJ69: 0 | AK69: 0 | AL69: 0 | AM69: 0 | AN69: 0 | AO69: 4200 | AP69: =AC69*AO69 -> 0 | AQ69: 0 | AR69: =AD69*AQ69 -> 0 | AS69: 0 | AT69: =AE69*AS69 -> 0 | AU69: 0 | AV69: =AF69*AU69 -> 0 | AW69: 0 | AX69: =AG69*AW69 -> 0 | AY69: 0 | AZ69: =AH69*AY69 -> 0 | BA69: 0 | BB69: =AI69*BA69 -> 0 | BC69: 0 | BD69: =AJ69*BC69 -> 0 | BE69: 0 | BF69: =AK69*BE69 -> 0 | BG69: 0 | BH69: =AL69*BG69 -> 0 | BI69: 0 | BJ69: =AM69*BI69 -> 0 | BK69: 0 | BL69: =AN69*BK69 -> 0 | BM69: 697738-001 | BO69: ODM
A70: FY24 | B70: Chris Chang | C70: Primax | D70: Commercial | E70: DT | G70: 2017 | H70: WHT PORTIA MOUSE | I70: Mouse | J70: NA/ | K70: WHITE | L70: W China | M70: OTHERS | N70: 2.21 | O70: 2.21 | P70: 2.21 | Q70: 2.21 | R70: 2.21 | S70: 2.21 | T70: 2.21 | U70: 2.21 | V70: 2.21 | W70: 2.21 | X70: 2.21 | Y70: 2.21 | Z70: 2.21 | AA70: 2.21 | AB70: 0 | AC70: 0 | AD70: 0 | AE70: 0 | AF70: 0 | AG70: 0 | AH70: 0 | AI70: 0 | AJ70: 0 | AK70: 0 | AL70: 0 | AM70: 0 | AN70: 0 | AO70: 4560 | AP70: =AC70*AO70 -> 0 | AQ70: 1440 | AR70: =AD70*AQ70 -> 0 | AS70: 1920 | AT70: =AE70*AS70 -> 0 | AU70: 2280 | AV70: =AF70*AU70 -> 0 | AW70: 480 | AX70: =AG70*AW70 -> 0 | AY70: 3120 | AZ70: =AH70*AY70 -> 0 | BA70: 720 | BB70: =AI70*BA70 -> 0 | BC70: 360 | BD70: =AJ70*BC70 -> 0 | BE70: 0 | BF70: =AK70*BE70 -> 0 | BG70: 0 | BH70: =AL70*BG70 -> 0 | BI70: 240 | BJ70: =AM70*BI70 -> 0 | BK70: 0 | BL70: =AN70*BK70 -> 0 | BM70: 904368-001 | BO70: ODM
A71: FY24 | B71: Chris Chang | C71: Primax | D71: Commercial | E71: DT | G71: 2020 | H71: HALLEY | I71: NBL KB | J71: NA/ | K71: NA/ | L71: W China | M71: OTHERS | N71: 5.26 | O71: 5.26 | P71: 5.26 | Q71: 5.26 | R71: 5.26 | S71: 5.26 | T71: 5.26 | U71: 5.26 | V71: 5.26 | W71: 5.26 | X71: 5.26 | Y71: 5.26 | Z71: 5.26 | AA71: 5.26 | AB71: 0.26 | AC71: 0.26 | AD71: =AC71 -> 0.26 | AE71: =AD71 -> 0.26 | AF71: =AE71 -> 0.26 | AG71: =AF71 -> 0.26 | AH71: =AG71 -> 0.26 | AI71: 0.51 | AJ71: =AI71 -> 0.51 | AK71: =AJ71 -> 0.51 | AL71: =AK71 -> 0.51 | AM71: =AL71 -> 0.51 | AN71: =AM71 -> 0.51 | AO71: 34920 | AP71: =AC71*AO71 -> 9079.2 | AQ71: 73617 | AR71: =AD71*AQ71 -> 19140.42 | AS71: 181147 | AT71: =AE71*AS71 -> 47098.22 | AU71: 88399 | AV71: =AF71*AU71 -> 22983.74 | AW71: 53940 | AX71: =AG71*AW71 -> 14024.4 | AY71: 52379 | AZ71: =AH71*AY71 -> 13618.54 | BA71: 81823 | BB71: =AI71*BA71 -> 41729.73 | BC71: 170029 | BD71: =AJ71*BC71 -> 86714.79 | BE71: 53160 | BF71: =AK71*BE71 -> 27111.6 | BG71: 41132 | BH71: =AL71*BG71 -> 20977.32 | BI71: 57156 | BJ71: =AM71*BI71 -> 29149.56 | BK71: 24204 | BL71: =AN71*BK71 -> 12344.04 | BM71: L96909-xx1 | BO71: ODM
A72: FY24 | B72: Chris Chang | C72: Primax | D72: Commercial | E72: DT | G72: 2020 | H72: HALLEY | I72: Mouse | J72: NA/ | K72: NA/ | L72: W China | M72: OTHERS | N72: 2.15 | O72: 2.15 | P72: 2.15 | Q72: 2.15 | R72: 2.15 | S72: 2.15 | T72: 2.15 | U72: 2.15 | V72: 2.15 | W72: 2.15 | X72: 2.15 | Y72: 2.15 | Z72: 2.15 | AA72: 2.15 | AB72: 0.1 | AC72: 0.1 | AD72: =AC72 -> 0.1 | AE72: =AD72 -> 0.1 | AF72: =AE72 -> 0.1 | AG72: =AF72 -> 0.1 | AH72: =AG72 -> 0.1 | AI72: 0.2 | AJ72: =AI72 -> 0.2 | AK72: =AJ72 -> 0.2 | AL72: =AK72 -> 0.2 | AM72: =AL72 -> 0.2 | AN72: =AM72 -> 0.2 | AO72: 78240 | AP72: =AC72*AO72 -> 7824 | AQ72: 86400 | AR72: =AD72*AQ72 -> 8640 | AS72: 166800 | AT72: =AE72*AS72 -> 16680 | AU72: 62640 | AV72: =AF72*AU72 -> 6264 | AW72: 87000 | AX72: =AG72*AW72 -> 8700 | AY72: 89880 | AZ72: =AH72*AY72 -> 8988 | BA72: 106920 | BB72: =AI72*BA72 -> 21384 | BC72: 82080 | BD72: =AJ72*BC72 -> 16416 | BE72: 103080 | BF72: =AK72*BE72 -> 20616 | BG72: 112200 | BH72: =AL72*BG72 -> 22440 | BI72: 73200 | BJ72: =AM72*BI72 -> 14640 | BK72: 109920 | BL72: =AN72*BK72 -> 21984 | BM72: L96910-001 | BO72: ODM
A73: FY24 | B73: Chris Chang | C73: Primax | D73: Commercial | E73: DT | G73: 2021 | H73: CAPTAIN CRUNCH ANTIMICROBIAL | I73: NBL KB | J73: NA/ | K73: NA/ | L73: W China | M73: OTHERS | N73: 4.03 | O73: 4.03 | P73: 4.03 | Q73: 4.03 | R73: 4.03 | S73: 4.03 | T73: 4.03 | U73: 4.03 | V73: 4.03 | W73: 4.03 | X73: 4.03 | Y73: 4.03 | Z73: 4.03 | AA73: 4.03 | AB73: 0.17 | AC73: 0.17 | AD73: =AC73 -> 0.17 | AE73: =AD73 -> 0.17 | AF73: =AE73 -> 0.17 | AG73: =AF73 -> 0.17 | AH73: =AG73 -> 0.17 | AI73: 0.25 | AJ73: =AI73 -> 0.25 | AK73: =AJ73 -> 0.25 | AL73: =AK73 -> 0.25 | AM73: =AL73 -> 0.25 | AN73: =AM73 -> 0.25 | AO73: 74712 | AP73: =AC73*AO73 -> 12701.04 | AQ73: 130236 | AR73: =AD73*AQ73 -> 22140.12 | AS73: 64680 | AT73: =AE73*AS73 -> 10995.6 | AU73: 39720 | AV73: =AF73*AU73 -> 6752.4 | AW73: 93240 | AX73: =AG73*AW73 -> 15850.8 | AY73: 48180 | AZ73: =AH73*AY73 -> 8190.6 | BA73: 47400 | BB73: =AI73*BA73 -> 11850 | BC73: 85740 | BD73: =AJ73*BC73 -> 21435 | BE73: 35988 | BF73: =AK73*BE73 -> 8997 | BG73: 89952 | BH73: =AL73*BG73 -> 22488 | BI73: 82908 | BJ73: =AM73*BI73 -> 20727 | BK73: 16992 | BL73: =AN73*BK73 -> 4248 | BM73: M27536-AA1 | BO73: ODM
A74: FY24 | B74: Chris Chang | C74: Primax | D74: Commercial | E74: DT | G74: 2021 | H74: CAPTAIN CRUNCH | I74: Mouse | J74: NA/ | K74: NA/ | L74: W China | M74: OTHERS | N74: 1.73 | O74: 1.73 | P74: 1.73 | Q74: 1.73 | R74: 1.73 | S74: 1.73 | T74: 1.73 | U74: 1.73 | V74: 1.73 | W74: 1.73 | X74: 1.73 | Y74: 1.73 | Z74: 1.73 | AA74: 1.73 | AB74: 0.03 | AC74: 0.03 | AD74: =AC74 -> 0.03 | AE74: =AD74 -> 0.03 | AF74: =AE74 -> 0.03 | AG74: =AF74 -> 0.03 | AH74: =AG74 -> 0.03 | AI74: 0.07 | AJ74: =AI74 -> 0.07 | AK74: =AJ74 -> 0.07 | AL74: =AK74 -> 0.07 | AM74: =AL74 -> 0.07 | AN74: =AM74 -> 0.07 | AO74: 253560 | AP74: =AC74*AO74 -> 7606.8 | AQ74: 358920 | AR74: =AD74*AQ74 -> 10767.6 | AS74: 342960 | AT74: =AE74*AS74 -> 10288.8 | AU74: 222000 | AV74: =AF74*AU74 -> 6660 | AW74: 273480 | AX74: =AG74*AW74 -> 8204.4 | AY74: 274920 | AZ74: =AH74*AY74 -> 8247.6 | BA74: 257880 | BB74: =AI74*BA74 -> 18051.6 | BC74: 273240 | BD74: =AJ74*BC74 -> 19126.8 | BE74: 190890.15 | BF74: =AK74*BE74 -> 13362.311 | BG74: 213240 | BH74: =AL74*BG74 -> 14926.8 | BI74: 195000 | BJ74: =AM74*BI74 -> 13650 | BK74: 198120 | BL74: =AN74*BK74 -> 13868.4 | BM74: M27537-001 | BO74: ODM
A75: FY24 | B75: Chris Chang | C75: Primax | D75: Commercial | E75: DT | G75: 2021 | H75: CAPTAIN CRUNCH | I75: Mouse | J75: NA/ | K75: NA/ | L75: W China | M75: OTHERS | N75: 1.73 | O75: 1.73 | P75: 2.01 | Q75: 2.01 | R75: 2.01 | S75: 2.01 | T75: 2.01 | U75: 2.01 | V75: 2.01 | W75: 2.01 | X75: 2.01 | Y75: 2.01 | Z75: 2.01 | AA75: 2.01 | AB75: 0.05 | AC75: 0.05 | AD75: 0.05 | AE75: 0.05 | AF75: 0.05 | AG75: 0.05 | AH75: 0.05 | AI75: 0.15 | AJ75: =AI75 -> 0.15 | AK75: =AJ75 -> 0.15 | AL75: =AK75 -> 0.15 | AM75: =AL75 -> 0.15 | AN75: =AM75 -> 0.15 | AO75: 0 | AP75: =AC75*AO75 -> 0 | AQ75: 16320 | AR75: =AD75*AQ75 -> 816 | AS75: 18120 | AT75: =AE75*AS75 -> 906 | AU75: 15160 | AV75: =AF75*AU75 -> 758 | AW75: 24600 | AX75: =AG75*AW75 -> 1230 | AY75: 31320 | AZ75: =AH75*AY75 -> 1566 | BA75: 12720 | BB75: =AI75*BA75 -> 1908 | BC75: 28080 | BD75: =AJ75*BC75 -> 4212 | BE75: 19680 | BF75: =AK75*BE75 -> 2952 | BG75: 16560 | BH75: =AL75*BG75 -> 2484 | BI75: 28320 | BJ75: =AM75*BI75 -> 4248 | BK75: 7800 | BL75: =AN75*BK75 -> 1170 | BM75: N51148-001 | BO75: ODM
A76: FY24 | B76: Chris Chang | C76: Primax | D76: Commercial | E76: DT | G76: 2021 | H76: CAPTAIN CRUNCH LASER | I76: Mouse | J76: NA/ | K76: NA/ | L76: W China | M76: OTHERS | N76: 3.53 | O76: 3.53 | P76: 3.53 | Q76: 3.53 | R76: 3.53 | S76: 3.53 | T76: 3.53 | U76: 3.53 | V76: 3.53 | W76: 3.53 | X76: 3.53 | Y76: 3.53 | Z76: 3.53 | AA76: 3.53 | AB76: 0.03 | AC76: 0.03 | AD76: =AC76 -> 0.03 | AE76: =AD76 -> 0.03 | AF76: =AE76 -> 0.03 | AG76: =AF76 -> 0.03 | AH76: =AG76 -> 0.03 | AI76: 0.1 | AJ76: =AI76 -> 0.1 | AK76: =AJ76 -> 0.1 | AL76: =AK76 -> 0.1 | AM76: =AL76 -> 0.1 | AN76: =AM76 -> 0.1 | AO76: 35280 | AP76: =AC76*AO76 -> 1058.4 | AQ76: 42600 | AR76: =AD76*AQ76 -> 1278 | AS76: 87000 | AT76: =AE76*AS76 -> 2610 | AU76: 37920 | AV76: =AF76*AU76 -> 1137.6 | AW76: 49920 | AX76: =AG76*AW76 -> 1497.6 | AY76: 45240 | AZ76: =AH76*AY76 -> 1357.2 | BA76: 49200 | BB76: =AI76*BA76 -> 4920 | BC76: 44880 | BD76: =AJ76*BC76 -> 4488 | BE76: 61439 | BF76: =AK76*BE76 -> 6143.9 | BG76: 66720 | BH76: =AL76*BG76 -> 6672 | BI76: 53520 | BJ76: =AM76*BI76 -> 5352 | BK76: 28200 | BL76: =AN76*BK76 -> 2820 | BM76: M27538-001 | BO76: ODM
A77: FY24 | B77: Chris Chang | C77: Primax | D77: Commercial | E77: DT | G77: 2022 | H77: CAPTAIN CRUNCH WIRELESS BLACK | I77: Combo | J77: NA/ | K77: BLACK | L77: W China | M77: OTHERS | N77: 12.44 | O77: 12.44 | P77: 12.44 | Q77: 12.44 | R77: 12.44 | S77: 12.44 | T77: 12.44 | U77: 12.44 | V77: 12.44 | W77: 12.44 | X77: 12.44 | Y77: 12.44 | Z77: 12.44 | AA77: 12.44 | AB77: 1.22 | AC77: 1.22 | AD77: 2.43 | AE77: =AD77 -> 2.43 | AF77: =AE77 -> 2.43 | AG77: =AF77 -> 2.43 | AH77: =AG77 -> 2.43 | AI77: 2.63 | AJ77: =AI77 -> 2.63 | AK77: =AJ77 -> 2.63 | AL77: =AK77 -> 2.63 | AM77: =AL77 -> 2.63 | AN77: =AM77 -> 2.63 | AO77: 2568 | AP77: =AC77*AO77 -> 3132.96 | AQ77: 9084 | AR77: =AD77*AQ77 -> 22074.12 | AS77: 1860 | AT77: =AE77*AS77 -> 4519.8 | AU77: 2628 | AV77: =AF77*AU77 -> 6386.04 | AW77: 540 | AX77: =AG77*AW77 -> 1312.2 | AY77: 432 | AZ77: =AH77*AY77 -> 1049.76 | BA77: 456 | BB77: =AI77*BA77 -> 1199.28 | BC77: 336 | BD77: =AJ77*BC77 -> 883.68 | BE77: 0 | BF77: =AK77*BE77 -> 0 | BG77: 0 | BH77: =AL77*BG77 -> 0 | BI77: 972 | BJ77: =AM77*BI77 -> 2556.36 | BK77: 24 | BL77: =AN77*BK77 -> 63.12 | BM77: N00541-xx1 | BO77: ODM
A78: FY24 | B78: Chris Chang | C78: Primax | D78: Commercial | E78: DT | G78: 2022 | H78: CAPTAIN CRUNCH WIRELESS BLACK | I78: Combo | J78: NA/ | K78: BLACK | L78: W China | M78: OTHERS | N78: 13.52 | O78: 13.52 | P78: 13.52 | Q78: 13.52 | R78: 13.52 | S78: 13.52 | T78: 13.52 | U78: 13.52 | V78: 13.52 | W78: 13.52 | X78: 13.52 | Y78: 13.52 | Z78: 13.52 | AA78: 13.52 | AB78: 1.22 | AC78: 1.22 | AD78: 2.43 | AE78: =AD78 -> 2.43 | AF78: =AE78 -> 2.43 | AG78: =AF78 -> 2.43 | AH78: =AG78 -> 2.43 | AI78: 2.63 | AJ78: =AI78 -> 2.63 | AK78: =AJ78 -> 2.63 | AL78: =AK78 -> 2.63 | AM78: =AL78 -> 2.63 | AN78: =AM78 -> 2.63 | AO78: 0 | AP78: =AC78*AO78 -> 0 | AQ78: 120 | AR78: =AD78*AQ78 -> 291.6 | AS78: 0 | AT78: =AE78*AS78 -> 0 | AU78: 0 | AV78: =AF78*AU78 -> 0 | AW78: 1464 | AX78: =AG78*AW78 -> 3557.52 | AY78: 4248 | AZ78: =AH78*AY78 -> 10322.64 | BA78: 14820 | BB78: =AI78*BA78 -> 38976.6 | BC78: 5268 | BD78: =AJ78*BC78 -> 13854.84 | BE78: 6732 | BF78: =AK78*BE78 -> 17705.16 | BG78: 6792 | BH78: =AL78*BG78 -> 17862.96 | BI78: 4860 | BJ78: =AM78*BI78 -> 12781.8 | BK78: 2268 | BL78: =AN78*BK78 -> 5964.84 | BM78: N21809-xx1 | BO78: ODM
A79: FY24 | B79: Chris Chang | C79: Primax | D79: Commercial | E79: DT | G79: 2022 | H79: CAPTAIN CRUNCH WIRELESS BLACK | I79: Combo | J79: NA/ | K79: BLACK | L79: W China | M79: OTHERS | N79: 14.02 | O79: 14.02 | P79: 14.02 | Q79: 14.02 | R79: 14.02 | S79: 14.02 | T79: 14.02 | U79: 14.02 | V79: 14.02 | W79: 14.02 | X79: 14.02 | Y79: 14.02 | Z79: 14.02 | AA79: 14.02 | AB79: 1.22 | AC79: 1.22 | AD79: 2.45 | AE79: =AD79 -> 2.45 | AF79: =AE79 -> 2.45 | AG79: =AF79 -> 2.45 | AH79: =AG79 -> 2.45 | AI79: 2.66 | AJ79: =AI79 -> 2.66 | AK79: =AJ79 -> 2.66 | AL79: =AK79 -> 2.66 | AM79: =AL79 -> 2.66 | AN79: =AM79 -> 2.66 | AO79: 0 | AP79: =AC79*AO79 -> 0 | AQ79: 5364 | AR79: =AD79*AQ79 -> 13141.8 | AS79: 5160 | AT79: =AE79*AS79 -> 12642 | AU79: 16884 | AV79: =AF79*AU79 -> 41365.8 | AW79: 7560 | AX79: =AG79*AW79 -> 18522 | AY79: 10692 | AZ79: =AH79*AY79 -> 26195.4 | BA79: 9792 | BB79: =AI79*BA79 -> 26046.72 | BC79: 7920 | BD79: =AJ79*BC79 -> 21067.2 | BE79: 11052 | BF79: =AK79*BE79 -> 29398.32 | BG79: 11724 | BH79: =AL79*BG79 -> 31185.84 | BI79: 12924 | BJ79: =AM79*BI79 -> 34377.84 | BK79: 5460 | BL79: =AN79*BK79 -> 14523.6 | BM79: N51138-xx1 | BO79: ODM
A80: FY24 | B80: Chris Chang | C80: Primax | D80: Commercial | E80: DT | G80: 2022 | H80: CAPTAIN CRUNCH WIRELESS WHITE | I80: Combo | J80: NA/ | K80: WHITE | L80: W China | M80: OTHERS | N80: 13.57 | O80: 13.57 | P80: 12.64 | Q80: 13.57 | R80: 13.57 | S80: 13.57 | T80: 13.57 | U80: 13.57 | V80: 13.57 | W80: 13.57 | X80: 13.57 | Y80: 13.57 | Z80: 13.57 | AA80: 13.57 | AB80: 1.24 | AC80: 1.24 | AD80: 2.47 | AE80: =AD80 -> 2.47 | AF80: =AE80 -> 2.47 | AG80: =AF80 -> 2.47 | AH80: =AG80 -> 2.47 | AI80: 2.67 | AJ80: =AI80 -> 2.67 | AK80: =AJ80 -> 2.67 | AL80: =AK80 -> 2.67 | AM80: =AL80 -> 2.67 | AN80: =AM80 -> 2.67 | AO80: 2004 | AP80: =AC80*AO80 -> 2484.96 | AQ80: 5924 | AR80: =AD80*AQ80 -> 14632.28 | AS80: 3288 | AT80: =AE80*AS80 -> 8121.36 | AU80: 5400 | AV80: =AF80*AU80 -> 13338 | AW80: 11400 | AX80: =AG80*AW80 -> 28158 | AY80: 4704 | AZ80: =AH80*AY80 -> 11618.88 | BA80: 5052 | BB80: =AI80*BA80 -> 13488.84 | BC80: 4404 | BD80: =AJ80*BC80 -> 11758.68 | BE80: 8220 | BF80: =AK80*BE80 -> 21947.4 | BG80: 4620 | BH80: =AL80*BG80 -> 12335.4 | BI80: 13068 | BJ80: =AM80*BI80 -> 34891.56 | BK80: 1596 | BL80: =AN80*BK80 -> 4261.32 | BM80: N00542-xx1 | BO80: ODM
A81: FY24 | B81: Chris Chang | C81: Primax | D81: Commercial | E81: DT | G81: 2022 | H81: CAPTAIN CRUNCH WIRELESS WHITE | I81: Combo | J81: NA/ | K81: WHITE | L81: W China | M81: OTHERS | N81: 13.72 | O81: 13.72 | P81: 13.72 | Q81: 13.72 | R81: 13.72 | S81: 13.72 | T81: 13.72 | U81: 13.72 | V81: 13.72 | W81: 13.72 | X81: 13.72 | Y81: 13.72 | Z81: 13.72 | AA81: 13.72 | AB81: 1.24 | AC81: 1.24 | AD81: 2.47 | AE81: =AD81 -> 2.47 | AF81: =AE81 -> 2.47 | AG81: =AF81 -> 2.47 | AH81: =AG81 -> 2.47 | AI81: 2.68 | AJ81: =AI81 -> 2.68 | AK81: =AJ81 -> 2.68 | AL81: =AK81 -> 2.68 | AM81: =AL81 -> 2.68 | AN81: =AM81 -> 2.68 | AO81: 0 | AP81: =AC81*AO81 -> 0 | AQ81: 0 | AR81: =AD81*AQ81 -> 0 | AS81: 0 | AT81: =AE81*AS81 -> 0 | AU81: 0 | AV81: =AF81*AU81 -> 0 | AW81: 0 | AX81: =AG81*AW81 -> 0 | AY81: 0 | AZ81: =AH81*AY81 -> 0 | BA81: 0 | BB81: =AI81*BA81 -> 0 | BC81: 0 | BD81: =AJ81*BC81 -> 0 | BE81: 0 | BF81: =AK81*BE81 -> 0 | BG81: 216 | BH81: =AL81*BG81 -> 578.88 | BI81: 0 | BJ81: =AM81*BI81 -> 0 | BK81: 0 | BL81: =AN81*BK81 -> 0 | BM81: N21810-xx1 | BO81: ODM
A82: FY24 | B82: Chris Chang | C82: Primax | D82: Commercial | E82: DT | G82: 2022 | H82: CAPTAIN CRUNCH WIRELESS WHITE | I82: Combo | J82: NA/ | K82: WHITE | L82: W China | M82: OTHERS | N82: 14.22 | O82: 14.22 | P82: 14.22 | Q82: 14.22 | R82: 14.22 | S82: 14.22 | T82: 14.22 | U82: 14.22 | V82: 14.22 | W82: 14.22 | X82: 14.22 | Y82: 14.22 | Z82: 14.22 | AA82: 14.22 | AB82: 1.24 | AC82: 1.24 | AD82: 2.47 | AE82: =AD82 -> 2.47 | AF82: =AE82 -> 2.47 | AG82: =AF82 -> 2.47 | AH82: =AG82 -> 2.47 | AI82: 2.69 | AJ82: =AI82 -> 2.69 | AK82: =AJ82 -> 2.69 | AL82: =AK82 -> 2.69 | AM82: =AL82 -> 2.69 | AN82: =AM82 -> 2.69 | AO82: 0 | AP82: =AC82*AO82 -> 0 | AQ82: 0 | AR82: =AD82*AQ82 -> 0 | AS82: 11660 | AT82: =AE82*AS82 -> 28800.2 | AU82: 10500 | AV82: =AF82*AU82 -> 25935 | AW82: 11748 | AX82: =AG82*AW82 -> 29017.56 | AY82: 16824 | AZ82: =AH82*AY82 -> 41555.28 | BA82: 15000 | BB82: =AI82*BA82 -> 40350 | BC82: 15600 | BD82: =AJ82*BC82 -> 41964 | BE82: 19104 | BF82: =AK82*BE82 -> 51389.76 | BG82: 17964 | BH82: =AL82*BG82 -> 48323.16 | BI82: 26304 | BJ82: =AM82*BI82 -> 70757.76 | BK82: 7128 | BL82: =AN82*BK82 -> 19174.32 | BM82: N51137-xx1 | BO82: ODM
A83: FY24 | B83: Chris Chang | C83: Primax | D83: Commercial | E83: DT | G83: 2023 | H83: CAPTAIN CRUNCH WIRELESS CASHMERE WHITE | I83: Combo | J83: NA/ | K83: CASHMERE WHITE | L83: W China | M83: OTHERS | N83: 13.75 | O83: 13.75 | P83: 13.75 | Q83: 13.75 | R83: 13.75 | S83: 13.75 | T83: 13.75 | U83: 13.75 | V83: 13.75 | W83: 13.75 | X83: 13.75 | Y83: 13.75 | Z83: 13.75 | AA83: 13.75 | AB83: 2.74 | AC83: 2.74 | AD83: 2.47 | AE83: =AD83 -> 2.47 | AF83: =AE83 -> 2.47 | AG83: =AF83 -> 2.47 | AH83: =AG83 -> 2.47 | AI83: 2.96 | AJ83: =AI83 -> 2.96 | AK83: =AJ83 -> 2.96 | AL83: =AK83 -> 2.96 | AM83: =AL83 -> 2.96 | AN83: =AM83 -> 2.96 | AO83: 0 | AP83: =AC83*AO83 -> 0 | AQ83: 0 | AR83: =AD83*AQ83 -> 0 | AS83: 564 | AT83: =AE83*AS83 -> 1393.08 | AU83: 9996 | AV83: =AF83*AU83 -> 24690.12 | AW83: 1332 | AX83: =AG83*AW83 -> 3290.04 | AY83: 3240 | AZ83: =AH83*AY83 -> 8002.8 | BA83: 2184 | BB83: =AI83*BA83 -> 6464.64 | BC83: 5628 | BD83: =AJ83*BC83 -> 16658.88 | BE83: 1548 | BF83: =AK83*BE83 -> 4582.08 | BG83: 5076 | BH83: =AL83*BG83 -> 15024.96 | BI83: 1332 | BJ83: =AM83*BI83 -> 3942.72 | BK83: 300 | BL83: =AN83*BK83 -> 888 | BM83: N69405-xx1 | BO83: ODM
A84: FY24 | B84: Chris Chang | C84: Primax | D84: Commercial | E84: DT | G84: 2022 | H84: TWINKIES | I84: Combo | J84: NA/ | K84: NA/ | L84: W China | M84: OTHERS | N84: 18.81 | O84: 18.81 | P84: 18.81 | Q84: 18.81 | R84: 18.81 | S84: 18.81 | T84: 18.81 | U84: 18.81 | V84: 18.81 | W84: 18.81 | X84: 18.81 | Y84: 18.81 | Z84: 18.81 | AA84: 18.81 | AB84: 1.25 | AC84: 1.25 | AD84: =AC84 -> 1.25 | AE84: =AD84 -> 1.25 | AF84: =AE84 -> 1.25 | AG84: =AF84 -> 1.25 | AH84: =AG84 -> 1.25 | AI84: 1.6 | AJ84: =AI84 -> 1.6 | AK84: =AJ84 -> 1.6 | AL84: =AK84 -> 1.6 | AM84: =AL84 -> 1.6 | AN84: =AM84 -> 1.6 | AO84: 8456 | AP84: =AC84*AO84 -> 10570 | AQ84: 12530 | AR84: =AD84*AQ84 -> 15662.5 | AS84: 10960 | AT84: =AE84*AS84 -> 13700 | AU84: 11143 | AV84: =AF84*AU84 -> 13928.75 | AW84: 15042 | AX84: =AG84*AW84 -> 18802.5 | AY84: 15354 | AZ84: =AH84*AY84 -> 19192.5 | BA84: 5770 | BB84: =AI84*BA84 -> 9232 | BC84: 8730 | BD84: =AJ84*BC84 -> 13968 | BE84: 10800 | BF84: =AK84*BE84 -> 17280 | BG84: 9963 | BH84: =AL84*BG84 -> 15940.8 | BI84: 6260 | BJ84: =AM84*BI84 -> 10016 | BK84: 7560 | BL84: =AN84*BK84 -> 12096 | BM84: M87019-xx1 | BO84: ODM
A85: FY24 | B85: Benson Chen | C85: Primax | D85: Consumer | E85: NB | F85: OPP | G85: 2019 | H85: LANGKAWI/REBAK | I85: NBL KB | J85: 15 | K85: Jack Black | L85: E China | M85: QUANTA | N85: 3.6 | O85: 4 | P85: 4.35 | Q85: 4.35 | R85: 4.35 | S85: 4.35 | T85: 4.35 | U85: 4.35 | V85: 4 | W85: 4 | X85: 4 | Y85: 4 | Z85: 4 | AA85: 4 | AB85: 0.26 | AC85: 0.26 | AD85: 0.26 | AE85: 0.26 | AF85: 0.26 | AG85: 0.26 | AH85: 0.26 | AI85: 0.4 | AJ85: 0.4 | AK85: 0.4 | AL85: 0.4 | AM85: 0.4 | AN85: 0.4 | AO85: 800 | AP85: =AC85*AO85 -> 208 | AQ85: 2800 | AR85: =AD85*AQ85 -> 728 | AS85: 560 | AT85: =AE85*AS85 -> 145.6 | AU85: 4120 | AV85: =AF85*AU85 -> 1071.2 | AW85: 6080 | AX85: =AG85*AW85 -> 1580.8 | AY85: 320 | AZ85: =AH85*AY85 -> 83.2 | BA85: 1560 | BB85: =AI85*BA85 -> 624 | BD85: =AJ85*BC85 -> 0 | BF85: =AK85*BE85 -> 0 | BH85: =AL85*BG85 -> 0 | BI85: 40 | BJ85: =AM85*BI85 -> 16 | BL85: =AN85*BK85 -> 0 | BM85: 2H-AB3USQ13211
A86: FY24 | B86: Benson Chen | C86: Primax | D86: Consumer | E86: NB | G86: 2019 | H86: LANGKAWI/REBAK | I86: NBL KB | J86: 15 | K86: Pike Silver | L86: W China | M86: QUANTA | N86: 5.8 | O86: 5.8 | P86: 6.35 | Q86: 6.35 | R86: 6.35 | S86: 6.35 | T86: 6.35 | U86: 6.35 | V86: 5.8 | W86: 5.8 | X86: 5.8 | Y86: 5.8 | Z86: 5.8 | AA86: 5.8 | AB86: 0 | AC86: 0.41 | AD86: 0.41 | AE86: 0.41 | AF86: 0.41 | AG86: 0.41 | AH86: 0.41 | AI86: 0 | AJ86: 0 | AK86: 0 | AL86: 0 | AM86: 0 | AN86: 0 | AO86: 3560 | AP86: =AC86*AO86 -> 1459.6 | AQ86: 1560 | AR86: =AD86*AQ86 -> 639.6 | AS86: 680 | AT86: =AE86*AS86 -> 278.8 | AU86: 2680 | AV86: =AF86*AU86 -> 1098.8 | AW86: 7440 | AX86: =AG86*AW86 -> 3050.4 | AY86: 5960 | AZ86: =AH86*AY86 -> 2443.6 | BA86: 1560 | BB86: =AI86*BA86 -> 0 | BC86: 3960 | BD86: =AJ86*BC86 -> 0 | BE86: 1240 | BF86: =AK86*BE86 -> 0 | BG86: 360 | BH86: =AL86*BG86 -> 0 | BI86: 520 | BJ86: =AM86*BI86 -> 0 | BK86: 560 | BL86: =AN86*BK86 -> 0 | BM86: 2H-AB3USQ13411
A87: FY24 | B87: Benson Chen | C87: Primax | D87: Consumer | E87: NB | G87: 2019 | H87: LANGKAWI/REBAK | I87: BL KB | J87: 15 | K87: Pike Silver | L87: W China | M87: QUANTA | N87: 8.5 | O87: 11.4 | P87: 13.2 | Q87: 13.2 | R87: 13.2 | S87: 13.2 | T87: 13.2 | U87: 13.2 | V87: 11.4 | W87: 11.4 | X87: 11.4 | Y87: 11.4 | Z87: 11.4 | AA87: 11.4 | AB87: 2.9 | AC87: 3.44 | AD87: 3.44 | AE87: 3.44 | AF87: 3.44 | AG87: 3.44 | AH87: 3.44 | AI87: 2.9 | AJ87: 2.9 | AK87: 2.9 | AL87: 2.9 | AM87: 2.9 | AN87: 2.9 | AO87: 8996 | AP87: =AC87*AO87 -> 30946.24 | AQ87: 33360 | AR87: =AD87*AQ87 -> 114758.4 | AS87: 6319 | AT87: =AE87*AS87 -> 21737.36 | AU87: 1840 | AV87: =AF87*AU87 -> 6329.6 | AW87: 15040 | AX87: =AG87*AW87 -> 51737.6 | AY87: 4439 | AZ87: =AH87*AY87 -> 15270.16 | BA87: 16040 | BB87: =AI87*BA87 -> 46516 | BC87: 12720 | BD87: =AJ87*BC87 -> 36888 | BE87: 4840 | BF87: =AK87*BE87 -> 14036 | BG87: 16320 | BH87: =AL87*BG87 -> 47328 | BI87: 14960 | BJ87: =AM87*BI87 -> 43384 | BK87: 3760 | BL87: =AN87*BK87 -> 10904 | BM87: 2H-BB3USQ13411
A88: FY24 | B88: Benson Chen | C88: Primax | D88: Consumer | E88: NB | G88: 2019 | H88: LANGKAWI/REBAK | I88: BL KB | J88: 15 | K88: Opulent Aubergine | L88: W China | M88: QUANTA | N88: 11.36 | O88: 13.1 | P88: 14.8 | Q88: 14.8 | R88: 14.8 | S88: 14.8 | T88: 14.8 | U88: 14.8 | V88: 13.1 | W88: 13.1 | X88: 13.1 | Y88: 13.1 | Z88: 13.1 | AA88: 13.1 | AB88: 1.74 | AC88: 3.44 | AD88: 3.44 | AE88: 3.44 | AF88: 3.44 | AG88: 3.44 | AH88: 3.44 | AI88: 1.74 | AJ88: 1.74 | AK88: 1.74 | AL88: 1.74 | AM88: 1.74 | AN88: 1.74 | AO88: 80 | AP88: =AC88*AO88 -> 275.2 | AR88: =AD88*AQ88 -> 0 | AT88: =AE88*AS88 -> 0 | AV88: =AF88*AU88 -> 0 | AX88: =AG88*AW88 -> 0 | AZ88: =AH88*AY88 -> 0 | BB88: =AI88*BA88 -> 0 | BD88: =AJ88*BC88 -> 0 | BF88: =AK88*BE88 -> 0 | BH88: =AL88*BG88 -> 0 | BJ88: =AM88*BI88 -> 0 | BL88: =AN88*BK88 -> 0 | BM88: 2H-BB3USQ18711
A89: FY24 | B89: Benson Chen | C89: Primax | D89: Consumer | E89: NB | G89: 2019 | H89: LANGKAWI/REBAK | I89: BL KB | J89: 15 | K89: PEACOCK TEAL | L89: W China | M89: QUANTA | N89: 11.36 | O89: 13.1 | P89: 14.8 | Q89: 14.8 | R89: 14.8 | S89: 14.8 | T89: 14.8 | U89: 14.8 | V89: 13.1 | W89: 13.1 | X89: 13.1 | Y89: 13.1 | Z89: 13.1 | AA89: 13.1 | AB89: 1.74 | AC89: 3.44 | AD89: 3.44 | AE89: 3.44 | AF89: 3.44 | AG89: 3.44 | AH89: 3.44 | AI89: 1.74 | AJ89: 1.74 | AK89: 1.74 | AL89: 1.74 | AM89: 1.74 | AN89: 1.74 | AO89: 0 | AP89: =AC89*AO89 -> 0 | AR89: =AD89*AQ89 -> 0 | AT89: =AE89*AS89 -> 0 | AV89: =AF89*AU89 -> 0 | AX89: =AG89*AW89 -> 0 | AZ89: =AH89*AY89 -> 0 | BB89: =AI89*BA89 -> 0 | BD89: =AJ89*BC89 -> 0 | BF89: =AK89*BE89 -> 0 | BH89: =AL89*BG89 -> 0 | BJ89: =AM89*BI89 -> 0 | BL89: =AN89*BK89 -> 0 | BM89: 2H-BB3USQ19311
A90: FY24 | B90: Benson Chen | C90: Primax | D90: Consumer | E90: NB | G90: 2019 | H90: LANGKAWI/REBAK | I90: BL KB | J90: 15 | K90: Universe Blue | L90: W China | M90: QUANTA | N90: 11.36 | O90: 13.1 | P90: 14.8 | Q90: 14.8 | R90: 14.8 | S90: 14.8 | T90: 14.8 | U90: 14.8 | V90: 13.1 | W90: 13.1 | X90: 13.1 | Y90: 13.1 | Z90: 13.1 | AA90: 13.1 | AB90: 1.74 | AC90: 3.44 | AD90: 3.44 | AE90: 3.44 | AF90: 3.44 | AG90: 3.44 | AH90: 3.44 | AI90: 1.74 | AJ90: 1.74 | AK90: 1.74 | AL90: 1.74 | AM90: 1.74 | AN90: 1.74 | AO90: 0 | AP90: =AC90*AO90 -> 0 | AR90: =AD90*AQ90 -> 0 | AT90: =AE90*AS90 -> 0 | AV90: =AF90*AU90 -> 0 | AX90: =AG90*AW90 -> 0 | AZ90: =AH90*AY90 -> 0 | BB90: =AI90*BA90 -> 0 | BD90: =AJ90*BC90 -> 0 | BF90: =AK90*BE90 -> 0 | BH90: =AL90*BG90 -> 0 | BJ90: =AM90*BI90 -> 0 | BL90: =AN90*BK90 -> 0 | BM90: 2H-BB3USQ19211
A91: FY24 | B91: Benson Chen | C91: Primax | D91: Consumer | E91: NB | G91: 2023 | H91: SEBASTIAN/OTTO | I91: NBL KB | J91: 15 | K91: Soft Grey | L91: W China | M91: QUANTA | N91: 3.65 | O91: 4.25 | P91: 4.65 | Q91: 4.65 | R91: 4.65 | S91: 4.65 | T91: 4.65 | U91: 4.65 | V91: 4.25 | W91: 4.25 | X91: 4.25 | Y91: 4.25 | Z91: 4.25 | AA91: 4.25 | AB91: 0.5 | AC91: 0.5 | AD91: 1 | AE91: 1 | AF91: 1 | AG91: 1 | AH91: 0.5 | AI91: 0.6 | AJ91: 0.6 | AK91: 0.6 | AL91: 0.6 | AM91: 0.6 | AN91: 0.6 | AO91: 6040 | AP91: =AC91*AO91 -> 3020 | AQ91: 120 | AR91: =AD91*AQ91 -> 120 | AS91: 1640 | AT91: =AE91*AS91 -> 1640 | AU91: 280 | AV91: =AF91*AU91 -> 280 | AX91: =AG91*AW91 -> 0 | AY91: 9360 | AZ91: =AH91*AY91 -> 4680 | BA91: 9840 | BB91: =AI91*BA91 -> 5904 | BC91: 12000 | BD91: =AJ91*BC91 -> 7200 | BE91: 16760 | BF91: =AK91*BE91 -> 10056 | BG91: 16200 | BH91: =AL91*BG91 -> 9720 | BI91: 11240 | BJ91: =AM91*BI91 -> 6744 | BK91: 5720 | BL91: =AN91*BK91 -> 3432 | BM91: 2H-AEEUSQ19511
A92: FY24 | B92: Benson Chen | C92: Primax | D92: Consumer | E92: NB | G92: 2023 | H92: SEBASTIAN/OTTO | I92: NBL KB | J92: 15 | K92: Jack Black | L92: W China | M92: QUANTA | N92: 3.65 | O92: 4.25 | P92: 4.65 | Q92: 4.65 | R92: 4.65 | S92: 4.65 | T92: 4.65 | U92: 4.65 | V92: 4.25 | W92: 4.25 | X92: 4.25 | Y92: 4.25 | Z92: 4.25 | AA92: 4.25 | AB92: 0.5 | AC92: 0.5 | AD92: 1 | AE92: 1 | AF92: 1 | AG92: 1 | AH92: 0.5 | AI92: 0.6 | AJ92: 0.6 | AK92: 0.6 | AL92: 0.6 | AM92: 0.6 | AN92: 0.6 | AO92: 7279 | AP92: =AC92*AO92 -> 3639.5 | AQ92: 3755 | AR92: =AD92*AQ92 -> 3755 | AS92: 1080 | AT92: =AE92*AS92 -> 1080 | AU92: 640 | AV92: =AF92*AU92 -> 640 | AW92: 7199 | AX92: =AG92*AW92 -> 7199 | AY92: 1120 | AZ92: =AH92*AY92 -> 560 | BA92: 6279 | BB92: =AI92*BA92 -> 3767.4 | BC92: 2239 | BD92: =AJ92*BC92 -> 1343.4 | BE92: 1400 | BF92: =AK92*BE92 -> 840 | BG92: 665 | BH92: =AL92*BG92 -> 399 | BI92: 2280 | BJ92: =AM92*BI92 -> 1368 | BK92: 799 | BL92: =AN92*BK92 -> 479.4 | BM92: 2H-AEEUSQ13211
A93: FY24 | B93: Benson Chen | C93: Primax | D93: Consumer | E93: NB | G93: 2023 | H93: SEBASTIAN/OTTO | I93: NBL KB | J93: 15 | K93: Flint Opaque | L93: W China | M93: QUANTA | N93: 6 | O93: 6 | P93: 6.65 | Q93: 6.65 | R93: 6.65 | S93: 6.65 | T93: 6.65 | U93: 6.65 | V93: 6 | W93: 6 | X93: 6 | Y93: 6 | Z93: 6 | AA93: 6 | AB93: 0 | AC93: 0.7 | AD93: 1 | AE93: 1 | AF93: 1 | AG93: 1 | AH93: 0.61 | AI93: 0 | AJ93: 0 | AK93: 0 | AL93: 0 | AM93: 0 | AN93: 0 | AO93: 440 | AP93: =AC93*AO93 -> 308 | AQ93: 120 | AR93: =AD93*AQ93 -> 120 | AT93: =AE93*AS93 -> 0 | AU93: 40 | AV93: =AF93*AU93 -> 40 | AX93: =AG93*AW93 -> 0 | AY93: 40 | AZ93: =AH93*AY93 -> 24.4 | BA93: 40 | BB93: =AI93*BA93 -> 0 | BD93: =AJ93*BC93 -> 0 | BF93: =AK93*BE93 -> 0 | BG93: 1840 | BH93: =AL93*BG93 -> 0 | BI93: 3280 | BJ93: =AM93*BI93 -> 0 | BK93: 400 | BL93: =AN93*BK93 -> 0 | BM93: 2H-AEEUSQ14311
A94: FY24 | B94: Benson Chen | C94: Primax | D94: Consumer | E94: NB | G94: 2023 | H94: SEBASTIAN/OTTO | I94: BL KB | J94: 15 | K94: Soft Grey | L94: W China | M94: QUANTA | N94: 10 | O94: 12.5 | P94: 14.3 | Q94: 14.3 | R94: 14.3 | S94: 14.3 | T94: 14.3 | U94: 14.3 | V94: 12.5 | W94: 12.5 | X94: 12.5 | Y94: 12.5 | Z94: 12.5 | AA94: 12.5 | AB94: 1.5 | AC94: 1.5 | AD94: 2.5 | AE94: 2.5 | AF94: 2.5 | AG94: 2.5 | AH94: 2.11 | AI94: 2.5 | AJ94: 2.5 | AK94: 2.5 | AL94: 2.5 | AM94: 2.5 | AN94: 2.5 | AO94: 6400 | AP94: =AC94*AO94 -> 9600 | AQ94: 6040 | AR94: =AD94*AQ94 -> 15100 | AS94: 1838 | AT94: =AE94*AS94 -> 4595 | AU94: 1800 | AV94: =AF94*AU94 -> 4500 | AW94: 1920 | AX94: =AG94*AW94 -> 4800 | AY94: 4560 | AZ94: =AH94*AY94 -> 9621.6 | BA94: 3760 | BB94: =AI94*BA94 -> 9400 | BC94: 14440 | BD94: =AJ94*BC94 -> 36100 | BE94: 9080 | BF94: =AK94*BE94 -> 22700 | BG94: 22159 | BH94: =AL94*BG94 -> 55397.5 | BI94: 14040 | BJ94: =AM94*BI94 -> 35100 | BK94: 1240 | BL94: =AN94*BK94 -> 3100 | BM94: 2H-BEEUSQ19511
A95: FY24 | B95: Benson Chen | C95: Primax | D95: Consumer | E95: NB | G95: 2023 | H95: SEBASTIAN/OTTO | I95: BL KB | J95: 15 | K95: Flint Opaque | L95: W China | M95: QUANTA | N95: 10 | O95: 12.5 | P95: 15.2 | Q95: 15.2 | R95: 15.2 | S95: 15.2 | T95: 15.2 | U95: 15.2 | V95: 12.5 | W95: 12.5 | X95: 12.5 | Y95: 12.5 | Z95: 12.5 | AA95: 12.5 | AB95: 1.5 | AC95: 1.5 | AD95: 2.5 | AE95: 2.5 | AF95: 2.5 | AG95: 2.5 | AH95: 2.11 | AI95: 2.5 | AJ95: 2.5 | AK95: 2.5 | AL95: 2.5 | AM95: 2.5 | AN95: 2.5 | AO95: 1880 | AP95: =AC95*AO95 -> 2820 | AQ95: 1160 | AR95: =AD95*AQ95 -> 2900 | AT95: =AE95*AS95 -> 0 | AV95: =AF95*AU95 -> 0 | AW95: 80 | AX95: =AG95*AW95 -> 200 | AZ95: =AH95*AY95 -> 0 | BA95: 960 | BB95: =AI95*BA95 -> 2400 | BC95: 240 | BD95: =AJ95*BC95 -> 600 | BF95: =AK95*BE95 -> 0 | BH95: =AL95*BG95 -> 0 | BJ95: =AM95*BI95 -> 0 | BL95: =AN95*BK95 -> 0 | BM95: 2H-BEEUSQ14311
A96: FY24 | B96: Benson Chen | C96: Primax | D96: Consumer | E96: NB | G96: 2023 | H96: HOKIE/RAMESES | I96: NBL KB | J96: 14 | K96: Soft Grey | L96: W China | M96: INVENTEC | N96: 3.6 | O96: 4.4 | P96: 4.9 | Q96: 4.9 | R96: 4.9 | S96: 4.9 | T96: 4.9 | U96: 4.9 | V96: 4.4 | W96: 4.4 | X96: 4.4 | Y96: 4.4 | Z96: 4.4 | AA96: 4.4 | AB96: 0.5 | AC96: 0.5 | AD96: 0.8 | AE96: 0.8 | AF96: 0.8 | AG96: 0.8 | AH96: 0.8 | AI96: 0.8 | AJ96: 0.8 | AK96: 0.8 | AL96: 0.8 | AM96: 0.8 | AN96: 0.8 | AO96: 5720 | AP96: =AC96*AO96 -> 2860 | AQ96: 6787 | AR96: =AD96*AQ96 -> 5429.6 | AS96: 6104 | AT96: =AE96*AS96 -> 4883.2 | AU96: 18880 | AV96: =AF96*AU96 -> 15104 | AW96: 12685 | AX96: =AG96*AW96 -> 10148 | AY96: 16680 | AZ96: =AH96*AY96 -> 13344 | BA96: 10600 | BB96: =AI96*BA96 -> 8480 | BC96: 11800 | BD96: =AJ96*BC96 -> 9440 | BE96: 6000 | BF96: =AK96*BE96 -> 4800 | BG96: 4160 | BH96: =AL96*BG96 -> 3328 | BI96: 4800 | BJ96: =AM96*BI96 -> 3840 | BK96: 6520 | BL96: =AN96*BK96 -> 5216 | BM96: 2H-AEFUSI69511
A97: FY24 | B97: Benson Chen | C97: Primax | D97: Consumer | E97: NB | G97: 2023 | H97: HOKIE/RAMESES | I97: NBL KB | J97: 14 | K97: Jack Black | L97: W China | M97: INVENTEC | N97: 3.6 | O97: 4.4 | V97: 4.4 | W97: 4.4 | X97: 4.4 | Y97: 4.4 | Z97: 4.4 | AA97: 4.4 | AB97: 0.5 | AI97: 0.8 | AJ97: 0.8 | AK97: 0.8 | AL97: 0.8 | AM97: 0.8 | AN97: 0.8 | AP97: =AC97*AO97 -> 0 | AR97: =AD97*AQ97 -> 0 | AT97: =AE97*AS97 -> 0 | AV97: =AF97*AU97 -> 0 | AX97: =AG97*AW97 -> 0 | AZ97: =AH97*AY97 -> 0 | BA97: 560 | BB97: =AI97*BA97 -> 448 | BC97: 840 | BD97: =AJ97*BC97 -> 672 | BE97: 1520 | BF97: =AK97*BE97 -> 1216 | BG97: 840 | BH97: =AL97*BG97 -> 672 | BI97: 2560 | BJ97: =AM97*BI97 -> 2048 | BK97: 320 | BL97: =AN97*BK97 -> 256 | BM97: 2H-AEFUSI69512
A98: FY24 | B98: Benson Chen | C98: Primax | D98: Consumer | E98: NB | G98: 2023 | H98: HOKIE/RAMESES | I98: BL KB | J98: 14 | K98: Soft Grey | L98: W China | M98: INVENTEC | N98: 11 | O98: 13.3 | P98: 15.1 | Q98: 15.1 | R98: 15.1 | S98: 15.1 | T98: 15.1 | U98: 15.1 | V98: 13.3 | W98: 13.3 | X98: 13.3 | Y98: 13.3 | Z98: 13.3 | AA98: 13.3 | AB98: 1.5 | AC98: 1.5 | AD98: 2.5 | AE98: 2.5 | AF98: 2.5 | AG98: 2.5 | AH98: 2.5 | AI98: 2.3 | AJ98: 2.3 | AK98: 2.3 | AL98: 2.3 | AM98: 2.3 | AN98: 2.3 | AO98: 0 | AP98: =AC98*AO98 -> 0 | AR98: =AD98*AQ98 -> 0 | AT98: =AE98*AS98 -> 0 | AV98: =AF98*AU98 -> 0 | AX98: =AG98*AW98 -> 0 | AZ98: =AH98*AY98 -> 0 | BA98: 2440 | BB98: =AI98*BA98 -> 5612 | BC98: 1840 | BD98: =AJ98*BC98 -> 4232 | BE98: 520 | BF98: =AK98*BE98 -> 1196 | BG98: 4551 | BH98: =AL98*BG98 -> 10467.3 | BI98: 7360 | BJ98: =AM98*BI98 -> 16928 | BK98: 280 | BL98: =AN98*BK97 -> 736 | BM98: 2H-BEFUSI69511
A99: FY24 | B99: Benson Chen | C99: Primax | D99: Consumer | E99: NB | G99: 2023 | H99: HOKIE/RAMESES | I99: NBL KB | J99: 14 | K99: Flint Opaque | L99: W China | M99: INVENTEC | N99: 5.5 | O99: 6 | P99: 6.5 | Q99: 6.5 | R99: 6.5 | S99: 6.5 | T99: 6.5 | U99: 6.5 | V99: 6 | W99: 6 | X99: 6 | Y99: 6 | Z99: 6 | AA99: 6 | AB99: 0.5 | AE99: 0.8 | AF99: 0.8 | AG99: 0.8 | AH99: 0.8 | AI99: 0.5 | AJ99: 0.5 | AK99: 0.5 | AL99: 0.5 | AM99: 0.5 | AN99: 0.5 | AS99: 1486 | AT99: =AE99*AS99 -> 1188.8 | AU99: 1960 | AV99: =AF99*AU99 -> 1568 | AW99: 1280 | AX99: =AG99*AW99 -> 1024 | AY99: 2080 | AZ99: =AH99*AY99 -> 1664 | BA99: 1240 | BB99: =AI99*BA99 -> 620 | BC99: 2080 | BD99: =AJ99*BC99 -> 1040 | BE99: 1040 | BF99: =AK99*BE99 -> 520 | BG99: 2440 | BH99: =AL99*BG99 -> 1220 | BI99: 2640 | BJ99: =AM99*BI99 -> 1320 | BK99: 1320 | BL99: =AN99*BK99 -> 660 | BM99: 2H-AEFUSI64311
A100: FY24 | B100: Benson Chen | C100: Primax | D100: Consumer | E100: NB | G100: 2023 | H100: HOKIE/RAMESES | I100: BL KB | J100: 14 | K100: Flint Opaque | L100: W China | M100: INVENTEC | N100: 11 | O100: 13.3 | P100: 16.1 | Q100: 16.1 | R100: 16.1 | S100: 16.1 | T100: 16.1 | U100: 16.1 | V100: 13.3 | W100: 13.3 | X100: 13.3 | Y100: 13.3 | Z100: 13.3 | AA100: 13.3 | AB100: 1.5 | AC100: 1.5 | AD100: 1.5 | AE100: 1.5 | AF100: 1.5 | AG100: 1.5 | AH100: 2.5 | AI100: 2.3 | AJ100: 2.3 | AK100: 2.3 | AL100: 2.3 | AM100: 2.3 | AN100: 2.3 | AO100: 360 | AP100: =AC100*AO100 -> 540 | AR100: =AD100*AQ100 -> 0 | AS100: 200 | AT100: =AE100*AS100 -> 300 | AU100: 1280 | AV100: =AF100*AU100 -> 1920 | AW100: 800 | AX100: =AG100*AW100 -> 1200 | AY100: 1720 | AZ100: =AH100*AY100 -> 4300 | BA100: 1480 | BB100: =AI100*BA100 -> 3404 | BC100: 3157 | BD100: =AJ100*BC100 -> 7261.1 | BE100: 400 | BF100: =AK100*BE100 -> 920 | BG100: 2554 | BH100: =AL100*BG100 -> 5874.2 | BI100: 6760 | BJ100: =AM100*BI100 -> 15548 | BK100: 4920 | BL100: =AN100*BK100 -> 11316 | BM100: 2H-BEFUSI64311
...

Sheet FY25 Summary_1
B3: Primax | C3: 2024 11 | D3: 2024 12 | E3: 2025 01 | F3: Total Q1
B4: Rebate amount | C4: ='FY25'!AP2 -> 332.8 | D4: ='FY25'!AR2 -> 499.2 | E4: ='FY25'!AT2 -> 2188.8 | F4: =SUM(C4:E4) -> 3020.8
B5: E&O reduction | C5: 0 | D5: 1686.02 | E5: 28326.04 | F5: =SUM(C5:E5) -> 30012.06
B6: Complexity reduction | H6: 1. 新增Summary_1, 原先的Summary重新命名為Summary_2
B7: Total amount | C7: =SUM(C4:C6) -> 332.8 | D7: =SUM(D4:D6) -> 2185.22 | E7: =SUM(E4:E6) -> 30514.84 | F7: =SUM(F4:F6) -> 33032.86
H8: 2.黃色部位為貴司名稱, 請整份報告都跟檔名貴司名稱撰寫方式一致
B10: Primax | C10: 2025 02 | D10: 2025 03 | E10: 2025 04 | F10: Total Q2 | H10: 3. 這些欄位一定要固定, B3-B28, C3-C28, D3-D28, E3-E28, F3-F28都有賦予定義
B11: Rebate amount | C11: ='FY25'!AV2 -> 0 | D11: ='FY25'!AX2 -> 665.6 | E11: ='FY25'!AZ2 -> 832 | F11: =SUM(C11:E11) -> 1497.6
B12: E&O reduction | C12: 0 | D12: 0 | E12: 512.09 | F12: =SUM(C12:E12) -> 512.09 | H12: 4. Rebate amount 指得是summary_2的page金額 (就是我們一直以來收集的金額)
B13: Complexity reduction
B14: Total amount | C14: =SUM(C11:C13) -> 0 | D14: =SUM(D11:D13) -> 665.6 | E14: =SUM(E11:E13) -> 1344.09 | F14: =SUM(F11:F13) -> 2009.69 | H14: 5. 新增 E&O reduction 及complexity reduction品項, 先留足空間
H15: 若目前還未有此款項存在都先填0
B17: Primax | C17: 2025 05 | D17: 2025 06 | E17: 2025 07 | F17: Total Q3 | H17: 6. 金額都放未經調整後的真實數字, 分析才具意義
B18: Rebate amount | C18: ='FY25'!BB2 -> 537.6 | D18: ='FY25'!BD2 -> 998.4 | E18: ='FY25'!BF2 -> 998.4 | F18: =SUM(C18:E18) -> 2534.4
B19: E&O reduction | C19: 115504.03 | D19: 11334.67 | E19: 99133.04 | F19: =SUM(C19:E19) -> 225971.74
B20: Complexity reduction
B21: Total amount | C21: =SUM(C18:C20) -> 116041.63 | D21: =SUM(D18:D20) -> 12333.07 | E21: =SUM(E18:E20) -> 100131.44 | F21: =SUM(F18:F20) -> 228506.14
B24: Primax | C24: 2025 08 | D24: 2025 09 | E24: 2025 10 | F24: Total Q4
B25: Rebate amount | C25: ='FY25'!BH2 -> 1779.2 | D25: ='FY25'!BJ2 -> 499.2 | E25: ='FY25'!BL2 -> 1548.8 | F25: =SUM(C25:E25) -> 3827.2
B26: E&O reduction | C26: 142.56
B27: Complexity reduction
B28: Total amount | C28: =SUM(C25:C27) -> 1921.76 | D28: =SUM(D25:D27) -> 499.2 | E28: =SUM(E25:E27) -> 1548.8 | F28: =SUM(C28:E28) -> 3969.76

