Workbook
Name Region: #REF!
Name Region: #REF!
Name Region: #REF!
Name Region: #REF!

Sheet 說明頁_更新版
A1: ID | B1: Action | C1: Remark
A2: 1 | B2: A-M欄及BM-BP欄照理來說不會更動只會新增
A3: 2 | B3: 檔名的部分請像這樣 "Rebate and Spending report Supplier’s name_2025 01"，勿加上其他說明，若有V2版本請寫 "Rebate and Spending report Supplier’s name_2025 01_V2"
A4: 3 | B4: 請全年度都放在同一個tab，Summary也是Q1-Q4都放在一起，若有更新的年度請一樣要加上對應的Summary
A5: 4 | B5: Title相關規範請看右方所示, 請按照此欄位進行填寫, 勿更改資料次序 *上面也附上Example, 參考的顏色表以及Mason的PDF instruction | C5: A欄位:打上年度，新年度記得要更新
C6: B欄位: SPM, 請填全名, ex Benson Chen, 而不是Benson，若SPM有異動也請更新
C7: C 欄位: 一律填自己公司名稱
C8: D欄位: 請照上方指示, 勿自創提詞, 須注意只有NB和DT才會有Consumer/Commercial之分, F欄位是Peripheral則D和E都是填Peripheral
C9: E欄位 : 請照上方指示, 勿自創提詞
C10: F欄位 : Peripheral只需填寫Peripheral
C11: G欄位 : 已更新到2025
C12: H欄位 : -請一定不能空白此欄位，不然後面的數字都會讀不到 -如果多個platforms共用同keyboard, 請用 '/' 去 group這些platforms，大小寫沒關係。 -請Platform name請跟LTF一模一樣，像是有些後面會加上尺寸也請加上( BAYMAX14/LUISA14/BAYMAXW14/BAYMAX13/BAYMAX13X) -請用"/"來 Grouping 不同 Platform (e.g. ANDAZ/ABU) ，勿用其他符號，錯誤範例如:ANDAZ&ABU
C13: I欄位 : 請照上方指示, 勿自創提詞
C14: J欄位 : 如果沒有Size，則填寫"NA/"，不要只寫"NA"
C15: K欄 : -要注意勿將 Color grouping 在一起，像是Jet Black/Soft Grey，若有n個顏色需分成n筆資料去填 -如果沒有Color，則填寫"NA/"，請注意不要只寫"NA" -Color 需確保填寫正確，如 SEAFOAM TEAL PEARL 需完整打出來，避免填成 SEAFOAM TEAL -請確保在顏色中間加上空格，大小寫沒關係。 -關於灰色，請使用“Grey” 而非“Gray” -Color 欄位需保持正常format，像是 PERFORMANCE BLUE OPAQUE 請避免填成 PERFORMANCE BLUE OPAQUE-RGB -針對CNB Gaming，關於Numpad及RGB方面請遵照以下方式及右方的說明 : RGB Per Key W Numpad_Soft Grey RGB Per Key W/O Numpad_Soft Grey 1 Zone W Numpad_Soft Grey, 1 Zone Red W Numpad_Soft Grey 4 Zone RGB W Numpad_Soft Grey 1 Zone W/O Numpad_Soft Grey, 1 Zone Red W/O Numpad_Soft Grey 4 Zone RGB W/O Numpad_Soft Grey 1 Zone RGB W Numpad_Soft Grey 1 Zone RGB W/O Numpad_Soft Grey
C16: L欄 : 請照上方指示，勿自創提詞，注意NMC更新為Thailand/Vietnam
C17: M欄 : 請照上方指示填寫對應ODM，勿自創提詞或簡寫。若發生ODM不存在於上方的情況，請勿寫上OTHERS，需參照在contract中寫的ODM或Regional site名稱
... C22: BP欄 : 如果有HP Part#就填上，如果沒有的話就填上ODM Part# (語言別的部分可以屏蔽並用星號代替，除非有語言別會造成價格不同的情況才需列出語言別的部分)
A23: 5 | B23: 當月出貨的所有品項都必須填上, 即使rebate=0的項目, 定義為FCS之後, EOL前的platform 當月出貨都需要寫上(也就是不含service part)
A24: 6 | B24: 每個月10日固定上傳此份rebate and spending report，請注意目前的Share point已經與財務共用，因此有任何要更新的地方都請通知Jenny並且上傳V2/V3…版本，且舊檔案勿刪除
A25: 7 | B25: 在上傳此份檔案前針對數字的部分需再三確認，因為這些數字會直接當作日後開發票的金額
A26: 8 | B26: excel欄位有相乘的部分 (rebate amount), 請不要直接在公式以外做數字上的調整, 沒有邏輯性的數字, 程式會偵測異常
A27: 9 | B27: Summary_1不能有任何註記, 需要呈現最真實的數字, Summary_2貴司可有一些註記符號, 或是rebate抵扣等地紀錄是能夠被容許的

Sheet FY23 Summary_1
B3: Sunrex | C3: 2022 11 | D3: 2022 12 | E3: 2023 01 | F3: Total Q1
B4: Rebate amount | C4: ='FY23'!AO1 -> 713857.41 | D4: ='FY23'!AQ1 -> 505702.96 | E4: ='FY23'!AS1 -> 450934.89 | F4: =SUM(C4:E4) -> 1670495.3
B5: E&O reduction | F5: =SUM(C5:E5) -> 0
B6: Complexity reduction | F6: =SUM(C6:E6) -> 0 | H6: 1. 新增Summary_1, 原先的Summary重新命名為Summary_2
B7: Total amount | C7: =SUM(C4:C6) -> 713857.41 | D7: =SUM(D4:D6) -> 505702.96 | E7: =SUM(E4:E6) -> 450934.89 | F7: =SUM(F4:F6) -> 1670495.3
H8: 2.黃色部位為貴司名稱, 請整份報告都跟檔名貴司名稱撰寫方式一致
B10: Sunrex | C10: 2023 02 | D10: 2023 03 | E10: 2023 04 | F10: Total Q2 | H10: 3. 這些欄位一定要固定, B3-B28, C3-C28, D3-D28, E3-E28, F3-F28都有賦予定義
B11: Rebate amount | C11: ='FY23'!AU1 -> 658718.2 | D11: ='FY23'!AW1 -> 951497.85 | E11: ='FY23'!AY1 -> 773763.87 | F11: =SUM(C11:E11) -> 2383979.9
B12: E&O reduction | F12: =SUM(C12:E12) -> 0 | H12: 4. Rebate amount 指得是summary_2的page金額 (就是我們一直以來收集的金額)
B13: Complexity reduction | F13: =SUM(C13:E13) -> 0
B14: Total amount | C14: =SUM(C11:C13) -> 658718.2 | D14: =SUM(D11:D13) -> 951497.85 | E14: =SUM(E11:E13) -> 773763.87 | F14: =SUM(F11:F13) -> 2383979.9 | H14: 5. 新增 E&O reduction 及complexity reduction品項, 先留足空間
H15: 若目前還未有此款項存在都先填0
B17: Sunrex | C17: 2023 05 | D17: 2023 06 | E17: 2023 07 | F17: Total Q3 | H17: 6. 金額都放未經調整後的真實數字, 分析才具意義
B18: Rebate amount | C18: ='FY23'!BA1 -> 964658.73 | D18: ='FY23'!BC1 -> 1151172.7 | E18: ='FY23'!BE1 -> 937017.67 | F18: =SUM(C18:E18) -> 3052849.1
B19: E&O reduction | F19: =SUM(C19:E19) -> 0
B20: Complexity reduction | F20: =SUM(C20:E20) -> 0
B21: Total amount | C21: =SUM(C18:C20) -> 964658.73 | D21: =SUM(D18:D20) -> 1151172.7 | E21: =SUM(E18:E20) -> 937017.67 | F21: =SUM(F18:F20) -> 3052849.1
B24: Sunrex | C24: 2023 08 | D24: 2023 09 | E24: 2023 10 | F24: Total Q4
B25: Rebate amount | C25: ='FY23'!BG1 -> 1034158.6 | D25: ='FY23'!BI1 -> 998920.3 | E25: ='FY23'!BK1 -> 980312.27 | F25: =SUM(C25:E25) -> 3013391.1
B26: E&O reduction | E26: 7185 | F26: =SUM(C26:E26) -> 7185
B27: Complexity reduction | F27: =SUM(C27:E27) -> 0
B28: Total amount | C28: =SUM(C25:C27) -> 1034158.6 | D28: =SUM(D25:D27) -> 998920.3 | E28: =SUM(E25:E27) -> 987497.27 | F28: =SUM(F25:F27) -> 3020576.1

Sheet FY23 Summary_2
B3: Q1 Actual by Segment
C4: Segment | D4: 44866 | E4: 44896 | F4: 44927 | G4: Total Rebate in Q1 2023 (US$)
B5: CMIT Input Devices | C5: 200 series (6U) | D5: 5144.225 | E5: 10523.725 | F5: 7217.425 | G5: =SUM(D5:F5) -> 22885.375
C6: 400 series (S) | D6: 263753.36 | E6: 270470.45 | F6: 255563.81 | G6: =SUM(D6:F6) -> 789787.62
C7: 600 series (B) | D7: 65938.34 | E7: 67617.612 | F7: 63890.952 | G7: =SUM(D7:F7) -> 197446.9
C8: 800 series (P) | G8: =SUM(D8:F8) -> 0
C9: 1000 series (M | G9: =SUM(D9:F9) -> 0
C10: MWS (Workstation) | G10: =SUM(D10:F10) -> 0
C11: Soft Keyboard | G11: =SUM(D11:F11) -> 0
C12: Chrome Book | D12: 51637.01 | E12: 24995 | F12: 12473.88 | G12: =SUM(D12:F12) -> 89105.89
C13: Clickpad | D13: 32551 | E13: 31883 | F13: 21837.55 | G13: =SUM(D13:F13) -> 86271.55
C14: Education | G14: =SUM(D14:F14) -> 0
C15: Peripherals/AMO | G15: =SUM(D15:F15) -> 0
C16: Desktop | G16: =SUM(D16:F16) -> 0
B17: Consumer Input Devices | C17: OPP | D17: 15432.675 | E17: 31571.175 | F17: 21652.275 | G17: =SUM(D17:F17) -> 68656.125
C18: Chrome Book | E18: 0 | F18: 0 | G18: =SUM(D18:F18) -> 0
C19: Pavilion | D19: 220661.7 | E19: 44739 | F19: 44339.5 | G19: =SUM(D19:F19) -> 309740.2
C20: Spectre | G20: =SUM(D20:F20) -> 0
C21: Envy | D21: 27264.6 | E21: 10483 | F21: 16387 | G21: =SUM(D21:F21) -> 54134.6
C22: Stream | G22: =SUM(D22:F22) -> 0
C23: Omen | D23: 31474.5 | E23: 13420 | F23: 7572.5 | G23: =SUM(D23:F23) -> 52467
C24: Peripherals/AMO | G24: =SUM(D24:F24) -> 0
C25: Desktop | G25: =SUM(D25:F25) -> 0
G26: =SUM(G5:G25) -> 1670495.3
B28: Q1 Actual by Segment
C29: Supplier | D29: 44866 | E29: 44896 | F29: 44927 | G29: Total Rebate in Q1 2023 (US$)
B30: Input Devices | C30: Chicony
C31: Darfon
C32: Liteon
C33: Primax
C34: Sunrex | D34: =SUM(D5:D25) -> 713857.41 | E34: =SUM(E5:E25) -> 505702.96 | F34: =SUM(F5:F25) -> 450934.89 | G34: =SUM(D34:F34) -> 1670495.3
B35: reserved | F35: 50000 | G35: 50000
C36: Total Q1 Rebate Amount Afer Adjustment | G36: =G34-G35 -> 1620495.3
B38: Q2 Actual by Segment
C39: Segment | D39: 44958 | E39: 44986 | F39: 45017 | G39: Total Rebate in Q2 2023 (US$)
B40: CMIT Input Devices | C40: 200 series (6U) | D40: 9153.55 | E40: 19520.875 | F40: 12753.225 | G40: =SUM(D40:F40) -> 41427.65
C41: 400 series (S) | D41: 335091.24 | E41: 390527.09 | F41: 366128.04 | G41: =SUM(D41:F41) -> 1091746.4
C42: 600 series (B) | D42: 83772.81 | E42: 97631.772 | F42: 91532.01 | G42: =SUM(D42:F42) -> 272936.59
C43: 800 series (P) | G43: =SUM(D43:F43) -> 0
C44: 1000 series (M | G44: =SUM(D44:F44) -> 0
C45: MWS (Workstation) | G45: =SUM(D45:F45) -> 0
C46: Soft Keyboard | G46: =SUM(D46:F46) -> 0
C47: Chrome Book | D47: 28617.55 | E47: 123737.95 | F47: 45645.82 | G47: =SUM(D47:F47) -> 198001.32
C48: Clickpad | D48: 41090.1 | E48: 45136.14 | F48: 39243.3 | G48: =SUM(D48:F48) -> 125469.54
C49: Education | G49: =SUM(D49:F49) -> 0
C50: Peripherals/AMO | G50: =SUM(D50:F50) -> 0
C51: Desktop | D51: 35434.8 | E51: 5442.4 | F51: 4514.8 | G51: =SUM(D51:F51) -> 45392
B52: Consumer Input Devices | C52: OPP | D52: 27460.65 | E52: 58562.625 | F52: 38259.675 | G52: =SUM(D52:F52) -> 124282.95
C53: Chrome Book | G53: =SUM(D53:F53) -> 0
C54: Pavillion | D54: 82236.5 | E54: 178135 | F54: 156083 | G54: =SUM(D54:F54) -> 416454.5
C55: Spectre | G55: =SUM(D55:F55) -> 0
C56: Envy | D56: 5999 | E56: 6345.5 | F56: 10195 | G56: =SUM(D56:F56) -> 22539.5
C57: Stream | G57: =SUM(D57:F57) -> 0
C58: Omen | D58: 9862 | E58: 26458.5 | F58: 9409 | G58: =SUM(D58:F58) -> 45729.5
C59: Peripherals/AMO | G59: =SUM(D59:F59) -> 0
C60: Desktop | G60: =SUM(D60:F60) -> 0
G61: =SUM(G40:G60) -> 2383979.9
B63: Q2 Actual by Segment
C64: Supplier | D64: 44958 | E64: 44986 | F64: 45017 | G64: Total Rebate in Q2 2023 (US$)
B65: Input Devices | C65: Chicony
C66: Darfon
C67: Liteon
C68: Primax
C69: Sunrex | D69: =SUM(D40:D60) -> 658718.2 | E69: =SUM(E40:E60) -> 951497.85 | F69: =SUM(F40:F60) -> 773763.87 | G69: =SUM(D69:F69) -> 2383979.9
B70: reserved | E70: 200000 | F70: 100000 | G70: =SUM(D70:F70) -> 300000
C71: Total Q2 Rebate Amount Afer Adjustment | G71: =G69-G70 -> 2083979.9
B74: Q3 Actual by Segment
C75: Segment | D75: 45047 | E75: 45078 | F75: 45108 | G75: Total Rebate in Q3 2023 (US$)
B76: CMIT Input Devices | C76: 200 series (6U) | D76: 27884.45 | E76: 30808.75 | F76: 16971.175 | G76: =SUM(D76:F76) -> 75664.375
C77: 400 series (S) | D77: 378847.48 | E77: 500624.07 | F77: 448400.78 | G77: =SUM(D77:F77) -> 1327872.3
C78: 600 series (B) | D78: 94711.87 | E78: 125156.02 | F78: 112100.19 | G78: =SUM(D78:F78) -> 331968.08
C79: 800 series (P) | G79: =SUM(D79:F79) -> 0
C80: 1000 series (M | G80: =SUM(D80:F80) -> 0
C81: MWS (Workstation) | G81: =SUM(D81:F81) -> 0
C82: Soft Keyboard | G82: =SUM(D82:F82) -> 0
C83: Chrome Book | D83: 142896.38 | E83: 76618.03 | F83: 48676.56 | G83: =SUM(D83:F83) -> 268190.97
C84: Clickpad | D84: 51141.3 | E84: 64800.06 | F84: 50208.64 | G84: =SUM(D84:F84) -> 166150
C85: Education | G85: =SUM(D85:F85) -> 0
C86: Peripherals/AMO | G86: =SUM(D86:F86) -> 0
C87: Desktop | D87: 10564.4 | E87: 16180 | F87: 13804.8 | G87: =SUM(D87:F87) -> 40549.2
B88: Consumer Input Devices | C88: OPP | D88: 83653.35 | E88: 92426.25 | F88: 50913.525 | G88: =SUM(D88:F88) -> 226993.12
C89: Chrome Book | G89: =SUM(D89:F89) -> 0
C90: Pavillion | D90: 134352.5 | E90: 212940 | F90: 169678.5 | G90: =SUM(D90:F90) -> 516971
C91: Spectre | G91: =SUM(D91:F91) -> 0
C92: Envy | D92: 19392 | E92: 11232.5 | F92: 19281 | G92: =SUM(D92:F92) -> 49905.5
C93: Stream | G93: =SUM(D93:F93) -> 0
C94: Omen | D94: 21215 | E94: 20387 | F94: 6982.5 | G94: =SUM(D94:F94) -> 48584.5
C95: Peripherals/AMO | G95: =SUM(D95:F95) -> 0
C96: Desktop | G96: =SUM(D96:F96) -> 0
G97: =SUM(G76:G96) -> 3052849.1
B99: Q3 Actual by Segment
C100: Supplier | D100: 45047 | E100: 45078 | F100: 45108 | G100: Total Rebate in Q3 2023 (US$)
C101: Sunrex | D101: =SUM(D76:D96) -> 964658.73 | E101: =SUM(E76:E96) -> 1151172.7 | F101: =SUM(F76:F96) -> 937017.67 | G101: =SUM(D101:F101) -> 3052849.1
B102: reserved | F102: 100000 | G102: 100000
F103: Total Rebate Amount | G103: =G101-G102 -> 2952849.1
B105: Q4 Actual by Segment
C106: Segment | D106: 45139 | E106: 45170 | F106: 45200 | G106: Total Rebate in Q4 2023 (US$)
B107: CMIT Input Devices | C107: 200 series (6U) | D107: 27083.875 | E107: 26570.75 | F107: 24185.35 | G107: =SUM(D107:F107) -> 77839.975
C108: 400 series (S) | D108: 437658.19 | E108: 406434.26 | F108: 455849.67 | G108: =SUM(D108:F108) -> 1299942.1
C109: 600 series (B) | D109: 109414.55 | E109: 101608.56 | F109: 113962.42 | G109: =SUM(D109:F109) -> 324985.53
...

Sheet FY23
D1: Consumer/Commercial/ Peripheral | E1: NB/DT/Peripheral | G1: 2020/2021/2022 | H1: Remove Size/Color, define Platform naming Hagrid/Hedwig/Granger/Ashmore/Ramla (follow naming rule of product list) | I1: NBL KB/BL KB/Mouse /Combo/Clickpad/Others | J1: NA/ | K1: NA/ | L1: (E China/W China/S China/NMC) | M1: COMPAL/ QUANTA /INVENTEC /WISTRON/ FOXCONN/ OTHERS | AB1: =SUM(AB3:AB115) -> 161.86 | AC1: =SUM(AC3:AC115) -> 161.86 | AD1: =SUM(AD3:AD115) -> 170.76 | AE1: =SUM(AE3:AE115) -> 207.19 | AF1: =SUM(AF3:AF115) -> 211 | AG1: =SUM(AG3:AG115) -> 221 | AH1: =SUM(AH3:AH115) -> 244.82 | AI1: =SUM(AI3:AI115) -> 244.82 | ... AM1: =SUM(AM3:AM115) -> 254.08 | AO1: =SUM(AO3:AO1004) -> 713857.41 | AQ1: =SUM(AQ3:AQ1004) -> 505702.96 | AS1: =SUM(AS3:AS1004) -> 450934.89 | AU1: =SUM(AU3:AU1004) -> 658718.2 | AW1: =SUM(AW3:AW1004) -> 951497.85 | AY1: =SUM(AY3:AY1004) -> 773763.87 | BA1: =SUM(BA3:BA1004) -> 964658.73 | BC1: =SUM(BC3:BC1004) -> 1151172.7 | BE1: =SUM(BE3:BE1004) -> 937017.67 | BG1: =SUM(BG3:BG1004) -> 1034158.6 | BI1: =SUM(BI3:BI1004) -> 998920.3 | BK1: =SUM(BK3:BK1004) -> 980312.27
A2: FY23 | B2: SPM (Project Owner) | C2: GTK Suppliers | D2: Category | E2: Segment | F2: Series | G2: Production Year | H2: Platforms | I2: Product | J2: Size | K2: Color | L2: Location | M2: ODM | N2: The lowest unit table price (ODM cost) | O2: Table Price Nov | P2: Table Price Dec | Q2: Table Price Jan | R2: Table Price Feb | S2: Table Price Mar | T2: Table Price Apr | U2: Table Price May | V2: Table Price Jun | W2: Table Price Jul | X2: Table Price Aug | Y2: Table Price Sep | Z2: Table Price Oct | AA2: The lowest unit rebate cost | AB2: Unit Rebate Nov | AC2: Unit Rebate Dec | AD2: Unit Rebate Jan | AE2: Unit Rebate Feb | AF2: Unit Rebate Mar | AG2: Unit Rebate Apr | AH2: Unit Rebate May | AI2: Unit Rebate Jun | AJ2: Unit Rebate Jul | AK2: Unit Rebate Aug | AL2: Unit Rebate Sep | AM2: Unit Rebate Oct | AN2: Nov Q'ty | AO2: Nov Rebate Amount | AP2: Dec Q'ty | AQ2: Dec Rebate Amount | AR2: Jan Q'ty | AS2: Jan Rebate Amount | AT2: Feb Q'ty | AU2: Feb Rebate Amount | AV2: Mar Q'ty | AW2: Mar Rebate Amount | AX2: Apr Q'ty | AY2: Apr Rebate Amount | AZ2: May Q'ty | BA2: May Rebate Amount | BB2: Jun Q'ty | BC2: Jun Rebate Amount | BD2: Jul Q'ty | BE2: Jul Rebate Amount | BF2: Aug Q'ty | BG2: Aug Rebate Amount | BH2: Sep Q'ty | BI2: Sep Rebate Amount | BJ2: Oct Q'ty | BK2: Oct Rebate Amount | BL2: Supplier Part# | BM2: Comment
A3: FY23 | C3: SUNREX | D3: Commercial | E3: NB | F3: 200 | AO3: =AB3*AN3 -> 0 | AQ3: =AC3*AP3 -> 0 | AS3: =AD3*AR3 -> 0 | AU3: =AE3*AT3 -> 0 | AW3: =AF3*AV3 -> 0 | AY3: =AG3*AX3 -> 0 | BA3: =AH3*AZ3 -> 0 | BC3: =AI3*BB3 -> 0 | BE3: =AJ3*BD3 -> 0 | BG3: =AK3*BF3 -> 0 | BI3: =AL3*BH3 -> 0 | BK3: =AM3*BJ3 -> 0
A4: FY23 | C4: SUNREX | E4: NB | AO4: =AB4*AN4 -> 0 | AQ4: =AC4*AP4 -> 0 | AS4: =AD4*AR4 -> 0 | AU4: =AE4*AT4 -> 0 | AW4: =AF4*AV4 -> 0 | AY4: =AG4*AX4 -> 0 | BA4: =AH4*AZ4 -> 0 | BC4: =AI4*BB4 -> 0 | BE4: =AJ4*BD4 -> 0 | BG4: =AK4*BF4 -> 0 | BI4: =AL4*BH4 -> 0 | BK4: =AM4*BJ4 -> 0
A5: FY23 | B5: Iris Huang | C5: SUNREX | E5: NB | F5: 400 | G5: 2021 | H5: PRIMROSE/PEPPER/PIXIE/PAX | I5: NBL KB | J5: 13 | K5: FLINT OPAQUE | L5: W China | M5: INVENTEC | N5: 4.4 | O5: 4.4 | P5: 4.4 | Q5: 4.4 | R5: 4.4 | S5: 4.4 | T5: 4.4 | U5: 4.4 | V5: 4.4 | W5: 4.4 | X5: 4.4 | Y5: 4.4 | Z5: 4.4 | AA5: 0.73 | AB5: 0.73 | AC5: 0.73 | AD5: 0.73 | AE5: 0.73 | AF5: 0.73 | AG5: 0.73 | AH5: 0.73 | AI5: 0.73 | AJ5: 0.73 | AK5: 0.73 | AL5: 0.73 | AM5: 0.73 | AN5: 400 | AO5: =AB5*AN5 -> 292 | AP5: 1352 | AQ5: =AC5*AP5 -> 986.96 | AR5: 1352 | AS5: =AD5*AR5 -> 986.96 | AT5: 1160 | AU5: =AE5*AT5 -> 846.8 | AV5: 3647 | AW5: =AF5*AV5 -> 2662.31 | AX5: 400 | AY5: =AG5*AX5 -> 292 | AZ5: 400 | BA5: =AH5*AZ5 -> 292 | BB5: 6959 | BC5: =AI5*BB5 -> 5080.07 | BD5: 1600 | BE5: =AJ5*BD5 -> 1168 | BF5: 5419 | BG5: =AK5*BF5 -> 3955.87 | BH5: 4560 | BI5: =AL5*BH5 -> 3328.8 | BJ5: 2840 | BK5: =AM5*BJ5 -> 2073.2
A6: FY23 | B6: Iris Huang | C6: SUNREX | E6: NB | G6: 2021 | H6: PRIMROSE/PEPPER/PIXIE/PAX | I6: BL KB | J6: 13 | K6: FLINT OPAQUE | L6: W China | M6: INVENTEC | N6: 14.9 | O6: 14.9 | P6: 14.9 | Q6: 14.9 | R6: 14.9 | S6: 14.9 | T6: 14.9 | U6: 14.9 | V6: 14.9 | W6: 14.9 | X6: 14.9 | Y6: 14.9 | Z6: 14.9 | AA6: 6.79 | AB6: 6.79 | AC6: 6.79 | AD6: 6.79 | AE6: 6.79 | AF6: 6.79 | AG6: 6.79 | AH6: 6.79 | AI6: 6.79 | AJ6: 6.79 | AK6: 6.79 | AL6: 6.79 | AM6: 6.79 | AN6: 1920 | AO6: =AB6*AN6 -> 13036.8 | AP6: 400 | AQ6: =AC6*AP6 -> 2716 | AR6: 400 | AS6: =AD6*AR6 -> 2716 | AT6: 1200 | AU6: =AE6*AT6 -> 8148 | AV6: 2840 | AW6: =AF6*AV6 -> 19283.6 | AX6: 1352 | AY6: =AG6*AX6 -> 9180.08 | AZ6: 1352 | BA6: =AH6*AZ6 -> 9180.08 | BB6: 3018 | BC6: =AI6*BB6 -> 20492.22 | BD6: 1120 | BE6: =AJ6*BD6 -> 7604.8 | BF6: 1320 | BG6: =AK6*BF6 -> 8962.8 | BH6: 2860 | BI6: =AL6*BH6 -> 19419.4 | BJ6: 2840 | BK6: =AM6*BJ6 -> 19283.6
A7: FY23 | B7: Iris Huang | C7: SUNREX | E7: NB | G7: 2020 | H7: DIANSHAN/REEDS/IONIAN/KRAKEN | I7: NBL KB | J7: 13 | K7: FLINT OPAQUE | L7: W China | M7: QUANTA | N7: 4.4 | O7: 4.4 | P7: 4.4 | Q7: 4.4 | R7: 4.4 | S7: 4.4 | T7: 4.4 | U7: 4.4 | V7: 4.4 | W7: 4.4 | X7: 4.4 | Y7: 4.4 | Z7: 4.4 | AA7: 0.2 | AB7: 0.2 | AC7: 0.2 | AD7: 0.2 | AE7: 0.25 | AF7: 0.25 | AG7: 0.25 | AH7: 0.25 | AI7: 0.25 | AJ7: 0.25 | AK7: 0.25 | AL7: 0.25 | AM7: 0.25 | AN7: 41999 | AO7: =AB7*AN7 -> 8399.8 | AP7: 12001 | AQ7: =AC7*AP7 -> 2400.2 | AR7: 6266 | AS7: =AD7*AR7 -> 1253.2 | AT7: 10388 | AU7: =AE7*AT7 -> 2597 | AV7: 7638 | AW7: =AF7*AV7 -> 1909.5 | AX7: 35382 | AY7: =AG7*AX7 -> 8845.5 | AZ7: 8111 | BA7: =AH7*AZ7 -> 2027.75 | BB7: 7079 | BC7: =AI7*BB7 -> 1769.75 | BD7: 14280 | BE7: =AJ7*BD7 -> 3570 | BF7: 10154 | BG7: =AK7*BF7 -> 2538.5 | BH7: 18676 | BI7: =AL7*BH7 -> 4669 | BJ7: 24229 | BK7: =AM7*BJ7 -> 6057.25
A8: FY23 | B8: Iris Huang | C8: SUNREX | E8: NB | G8: 2020 | H8: DIANSHAN/REEDS/IONIAN/KRAKEN | I8: BL KB | J8: 13 | K8: FLINT OPAQUE | L8: W China | M8: QUANTA | N8: 14.9 | O8: 14.9 | P8: 14.9 | Q8: 14.9 | R8: 14.9 | S8: 14.9 | T8: 14.9 | U8: 14.9 | V8: 14.9 | W8: 14.9 | X8: 14.9 | Y8: 14.9 | Z8: 14.9 | AA8: 4.5 | AB8: 4.5 | AC8: 4.5 | AD8: 4.5 | AE8: 4.86 | AF8: 4.86 | AG8: 4.86 | AH8: 4.86 | AI8: 4.86 | AJ8: 4.86 | AK8: 4.86 | AL8: 4.86 | AM8: 5.22 | AN8: 5705 | AO8: =AB8*AN8 -> 25672.5 | AP8: 7445 | AQ8: =AC8*AP8 -> 33502.5 | AR8: 4202 | AS8: =AD8*AR8 -> 18909 | AT8: 4999 | AU8: =AE8*AT8 -> 24295.14 | AV8: 5647 | AW8: =AF8*AV8 -> 27444.42 | AX8: 17385 | AY8: =AG8*AX8 -> 84491.1 | AZ8: 6286 | BA8: =AH8*AZ8 -> 30549.96 | BB8: 4439 | BC8: =AI8*BB8 -> 21573.54 | BD8: 3640 | BE8: =AJ8*BD8 -> 17690.4 | BF8: 1445 | BG8: =AK8*BF8 -> 7022.7 | BH8: 1953 | BI8: =AL8*BH8 -> 9491.58 | BJ8: 1728 | BK8: =AM8*BJ8 -> 9020.16
A9: FY23 | B9: Iris Huang | C9: SUNREX | E9: NB | G9: 2020 | H9: DONGQIAN/DIANSHAN/PETROF/RABON/IONIAN/IRONOAK/KRAKEN/ROC/XUANWU/KNUCKER/PAN | I9: NBL KB | J9: 14 | K9: FLINT OPAQUE | L9: W China | M9: QUANTA | N9: 4.4 | O9: 4.4 | P9: 4.4 | Q9: 4.4 | R9: 4.4 | S9: 4.4 | T9: 4.4 | U9: 4.4 | V9: 4.4 | W9: 4.4 | X9: 4.4 | Y9: 4.4 | Z9: 4.4 | AA9: 0.6 | AB9: 0.6 | AC9: 0.6 | AD9: 0.6 | AE9: 0.6 | AF9: 0.6 | AG9: 0.6 | AH9: 0.6 | AI9: 0.6 | AJ9: 0.6 | AK9: 0.6 | AL9: 0.6 | AM9: 0.6 | AN9: 118724 | AO9: =AB9*AN9 -> 71234.4 | AP9: 62690 | AQ9: =AC9*AP9 -> 37614 | AR9: 50367 | AS9: =AD9*AR9 -> 30220.2 | AT9: 38708 | AU9: =AE9*AT9 -> 23224.8 | AV9: 132419 | AW9: =AF9*AV9 -> 79451.4 | AX9: 127352 | AY9: =AG9*AX9 -> 76411.2 | AZ9: 116480 | BA9: =AH9*AZ9 -> 69888 | BB9: 133026 | BC9: =AI9*BB9 -> 79815.6 | BD9: 163850 | BE9: =AJ9*BD9 -> 98310 | BF9: 187965 | BG9: =AK9*BF9 -> 112779 | BH9: 133405 | BI9: =AL9*BH9 -> 80043 | BJ9: 148756 | BK9: =AM9*BJ9 -> 89253.6
A10: FY23 | B10: Iris Huang | C10: SUNREX | E10: NB | G10: 2020 | H10: DONGQIAN/DIANSHAN/PETROF/RABON/IONIAN/IRONOAK/KRAKEN/ROC/XUANWU/KNUCKER/PAN | I10: BL KB | J10: 14 | K10: FLINT OPAQUE | L10: W China | M10: QUANTA | N10: 14.9 | O10: 14.9 | P10: 14.9 | Q10: 14.9 | R10: 14.9 | S10: 14.9 | T10: 14.9 | U10: 14.9 | V10: 14.9 | W10: 14.9 | X10: 14.9 | Y10: 14.9 | Z10: 14.9 | AA10: 5 | AB10: 5 | AC10: 5 | AD10: 5 | AE10: 5.36 | AF10: 5.36 | AG10: 5.36 | AH10: 5.36 | AI10: 5.36 | AJ10: 5.36 | AK10: 5.36 | AL10: 5.36 | AM10: 6.17 | AN10: 34889 | AO10: =AB10*AN10 -> 174445 | AP10: 41656 | AQ10: =AC10*AP10 -> 208280 | AR10: 37451 | AS10: =AD10*AR10 -> 187255 | AT10: 57790 | AU10: =AE10*AT10 -> 309754.4 | AV10: 53728 | AW10: =AF10*AV10 -> 287982.08 | AX10: 42735 | AY10: =AG10*AX10 -> 229059.6 | AZ10: 55251 | BA10: =AH10*AZ10 -> 296145.36 | BB10: 63684 | BC10: =AI10*BB10 -> 341346.24 | BD10: 60669 | BE10: =AJ10*BD10 -> 325185.84 | BF10: 57771 | BG10: =AK10*BF10 -> 309652.56 | BH10: 56529 | BI10: =AL10*BH10 -> 302995.44 | BJ10: 50733 | BK10: =AM10*BJ10 -> 313022.61
A11: FY23 | B11: Iris Huang | C11: SUNREX | E11: NB | G11: 2020 | H11: DIANSHAN/PECONIC/RARITAN/IONIAN/IRONOAK/KRAKEN/ROC/XUANWU/KNUCKER/PAN | I11: NBL KB | J11: 15 | K11: FLINT OPAQUE | L11: W China | M11: QUANTA | N11: 4.5 | O11: 4.5 | P11: 4.5 | Q11: 4.5 | R11: 4.5 | S11: 4.5 | T11: 4.5 | U11: 4.5 | V11: 4.5 | W11: 4.5 | X11: 4.5 | Y11: 4.5 | Z11: 4.5 | AA11: 0.8 | AB11: 0.8 | AC11: 0.8 | AD11: 0.8 | AE11: 0.81 | AF11: 0.81 | AG11: 0.81 | AH11: 0.81 | AI11: 0.81 | AJ11: 0.81 | AK11: 0.81 | AL11: 0.81 | AM11: 0.81 | AN11: 20459 | AO11: =AB11*AN11 -> 16367.2 | AP11: 21253 | AQ11: =AC11*AP11 -> 17002.4 | AR11: 8018 | AS11: =AD11*AR11 -> 6414.4 | AT11: 17567 | AU11: =AE11*AT11 -> 14229.27 | AV11: 23995 | AW11: =AF11*AV11 -> 19435.95 | AX11: 12557 | AY11: =AG11*AX11 -> 10171.17 | AZ11: 30316 | BA11: =AH11*AZ11 -> 24555.96 | BB11: 33783 | BC11: =AI11*BB11 -> 27364.23 | BD11: 30469 | BE11: =AJ11*BD11 -> 24679.89 | BF11: 36347 | BG11: =AK11*BF11 -> 29441.07 | BH11: 41980 | BI11: =AL11*BH11 -> 34003.8 | BJ11: 92967 | BK11: =AM11*BJ11 -> 75303.27
A12: FY23 | B12: Iris Huang | C12: SUNREX | E12: NB | G12: 2020 | H12: DIANSHAN/PECONIC/RARITAN/IONIAN/IRONOAK/KRAKEN/ROC/XUANWU/KNUCKER/PAN | I12: BL KB | J12: 15 | K12: FLINT OPAQUE | L12: W China | M12: QUANTA | N12: 16.2 | O12: 16.2 | P12: 16.2 | Q12: 16.2 | R12: 16.2 | S12: 16.2 | T12: 16.2 | U12: 16.2 | V12: 16.2 | W12: 16.2 | X12: 16.2 | Y12: 16.2 | Z12: 16.2 | AA12: 6 | AB12: 6 | AC12: 6 | AD12: 6 | AE12: 6.36 | AF12: 6.36 | AG12: 6.36 | AH12: 6.36 | AI12: 6.36 | AJ12: 6.36 | AK12: 6.36 | AL12: 6.36 | AM12: 7.42 | AN12: 3374 | AO12: =AB12*AN12 -> 20244 | AP12: 5931 | AQ12: =AC12*AP12 -> 35586 | AR12: 11950 | AS12: =AD12*AR12 -> 71700 | AT12: 5624 | AU12: =AE12*AT12 -> 35768.64 | AV12: 7860 | AW12: =AF12*AV12 -> 49989.6 | AX12: 6165 | AY12: =AG12*AX12 -> 39209.4 | AZ12: 6434 | BA12: =AH12*AZ12 -> 40920.24 | BB12: 20179 | BC12: =AI12*BB12 -> 128338.44 | BD12: 12939 | BE12: =AJ12*BD12 -> 82292.04 | BF12: 11434 | BG12: =AK12*BF12 -> 72720.24 | BH12: 8505 | BI12: =AL12*BH12 -> 54091.8 | BJ12: 7520 | BK12: =AM12*BJ12 -> 55798.4
A13: FY23 | B13: Chris Chang | C13: SUNREX | E13: NB | G13: 2020 | H13: IONIAN/RABON/PRTROF/REEDS/DONGQIAN/DIANSHAN | I13: CLICKPAD | J13: 13/14 | K13: PIKE SILVER | L13: W China | M13: QUANTA | N13: 4.46 | O13: 4.46 | P13: 4.46 | Q13: 4.46 | R13: 4.46 | S13: 4.46 | T13: 4.46 | U13: 4.46 | V13: 4.46 | W13: 4.46 | X13: 4.46 | Y13: 4.46 | Z13: 4.46 | AA13: 0.05 | AB13: 0.05 | AC13: 0.05 | AD13: 0.05 | AE13: 0.05 | AF13: 0.05 | AG13: 0.05 | AH13: 0.05 | AI13: 0.05 | AJ13: 0.05 | AK13: 0.05 | AL13: 0.05 | AM13: 0.05 | AN13: 97560 | AO13: =AB13*AN13 -> 4878 | AP13: 45600 | AQ13: =AC13*AP13 -> 2280 | AR13: 38520 | AS13: =AD13*AR13 -> 1926 | AT13: 0 | AU13: =AE13*AT13 -> 0 | AV13: 8839 | AW13: =AF13*AV13 -> 441.95 | AX13: 1200 | AY13: =AG13*AX13 -> 60 | AZ13: 1880 | BA13: =AH13*AZ13 -> 94 | BB13: 3000 | BC13: =AI13*BB13 -> 150 | BD13: 720 | BE13: =AJ13*BD13 -> 36 | BF13: 2280 | BG13: =AK13*BF13 -> 114 | BH13: 0 | BI13: =AL13*BH13 -> 0 | BJ13: 960 | BK13: =AM13*BJ13 -> 48
A14: FY23 | B14: Chris Chang | C14: SUNREX | E14: NB | G14: 2020 | H14: IONIAN/RABON/PRTROF/REEDS | I14: CLICKPAD | J14: 13/14 | K14: PIKE SILVER | L14: W China | M14: QUANTA | N14: 4.5 | O14: 4.5 | P14: 4.5 | Q14: 4.5 | R14: 4.5 | S14: 4.5 | T14: 4.5 | U14: 4.5 | V14: 4.5 | W14: 4.5 | X14: 4.5 | Y14: 4.5 | Z14: 4.5 | AA14: 0.05 | AB14: 0.05 | AC14: 0.05 | AD14: 0.05 | AE14: 0.05 | AF14: 0.05 | AG14: 0.05 | AH14: 0.05 | AI14: 0.05 | AJ14: 0.05 | AK14: 0.05 | AL14: 0.05 | AM14: 0.05 | AN14: 2180 | AO14: =AB14*AN14 -> 109 | AP14: 460 | AQ14: =AC14*AP14 -> 23 | AR14: 3191 | AS14: =AD14*AR14 -> 159.55 | AT14: 5229 | AU14: =AE14*AT14 -> 261.45 | AV14: 0 | AW14: =AF14*AV14 -> 0 | AX14: 9120 | AY14: =AG14*AX14 -> 456 | AZ14: 5560 | BA14: =AH14*AZ14 -> 278 | BB14: 6436 | BC14: =AI14*BB14 -> 321.8 | BD14: 6360 | BE14: =AJ14*BD14 -> 318 | BF14: 14599 | BG14: =AK14*BF14 -> 729.95 | BH14: 13409 | BI14: =AL14*BH14 -> 670.45 | BJ14: 13359 | BK14: =AM14*BJ14 -> 667.95
A15: FY23 | B15: Chris Chang | C15: SUNREX | E15: NB | G15: 2022 | H15: THANS/THUNDRA/RONIN/PRIMA/DOOP/REDSTART/DARKSTAR | I15: CLICKPAD | J15: 13/14 | K15: PIKE SILVER | L15: W China | M15: QUANTA | N15: 4.46 | O15: 4.46 | P15: 4.46 | Q15: 4.46 | R15: 4.46 | S15: 4.46 | T15: 4.46 | U15: 4.46 | V15: 4.46 | W15: 4.46 | X15: 4.46 | Y15: 4.46 | Z15: 4.46 | AA15: 0.05 | AB15: 0.05 | AC15: 0.05 | AD15: 0.05 | AE15: 0.05 | AF15: 0.05 | AG15: 0.05 | AH15: 0.05 | AI15: 0.05 | AJ15: 0.05 | AK15: 0.05 | AL15: 0.05 | AM15: 0.05 | AN15: 386980 | AO15: =AB15*AN15 -> 19349 | AP15: 273120 | AQ15: =AC15*AP15 -> 13656 | AR15: 100080 | AS15: =AD15*AR15 -> 5004 | AT15: 250777 | AU15: =AE15*AT15 -> 12538.85 | AV15: 326040 | AW15: =AF15*AV15 -> 16302 | AX15: 336480 | AY15: =AG15*AX15 -> 16824 | AZ15: 266220 | BA15: =AH15*AZ15 -> 13311 | BB15: 288360 | BC15: =AI15*BB15 -> 14418 | BD15: 187560 | BE15: =AJ15*BD15 -> 9378 | BF15: 220968 | BG15: =AK15*BF15 -> 11048.4 | BH15: 161760 | BI15: =AL15*BH15 -> 8088 | BJ15: 143360 | BK15: =AM15*BJ15 -> 7168
A16: FY23 | B16: Chris Chang | C16: SUNREX | E16: NB | G16: 2023 | H16: KRAKEN/PAN/ROC/KNUCKER/KRAKEN/XUANWU | I16: CLICKPAD | J16: 13/14 | K16: PIKE SILVER | L16: W China | M16: QUANTA | N16: 4.46 | O16: 4.46 | P16: 4.46 | Q16: 4.46 | R16: 4.46 | S16: 4.46 | T16: 4.46 | U16: 4.46 | V16: 4.46 | W16: 4.46 | X16: 4.46 | Y16: 4.46 | Z16: 4.46 | AA16: 0 | AB16: 0 | AC16: 0 | AD16: 0 | AE16: 0 | AF16: 0.05 | AG16: 0.05 | AH16: 0.05 | AI16: 0.05 | AJ16: 0.05 | AK16: 0.05 | AL16: 0.05 | AM16: 0.05 | AN16: 0 | AO16: =AB16*AN16 -> 0 | AP16: 0 | AQ16: =AC16*AP16 -> 0 | AR16: 0 | AS16: =AD16*AR16 -> 0 | AT16: 0 | AU16: =AE16*AT16 -> 0 | AV16: 120 | AW16: =AF16*AV16 -> 6 | AX16: 23040 | AY16: =AG16*AX16 -> 1152 | AZ16: 73640 | BA16: =AH16*AZ16 -> 3682 | BB16: 144824 | BC16: =AI16*BB16 -> 7241.2 | BD16: 192360 | BE16: =AJ16*BD16 -> 9618 | BF16: 162600 | BG16: =AK16*BF16 -> 8130 | BH16: 237600 | BI16: =AL16*BH16 -> 11880 | BJ16: 291027 | BK16: =AM16*BJ16 -> 14551.35
A17: FY23 | C17: SUNREX | E17: NB | AO17: =AB17*AN17 -> 0 | AQ17: =AC17*AP17 -> 0 | AS17: =AD17*AR17 -> 0 | AU17: =AE17*AT17 -> 0 | AW17: =AF17*AV17 -> 0 | AY17: =AG17*AX17 -> 0 | BA17: =AH17*AZ17 -> 0 | BB17: 0 | BC17: =AI17*BB17 -> 0 | BE17: =AJ17*BD17 -> 0 | BF17: 0 | BG17: =AK17*BF17 -> 0 | BH17: 0 | BI17: =AL17*BH17 -> 0
A18: FY23 | C18: SUNREX | E18: NB | F18: 600 | AO18: =AB18*AN18 -> 0 | AQ18: =AC18*AP18 -> 0 | AS18: =AD18*AR18 -> 0 | AU18: =AE18*AT18 -> 0 | AW18: =AF18*AV18 -> 0 | AY18: =AG18*AX18 -> 0 | BA18: =AH18*AZ18 -> 0 | BC18: =AI18*BB18 -> 0 | BE18: =AJ18*BD18 -> 0 | BF18: 0 | BG18: =AK18*BF18 -> 0 | BH18: 0 | BI18: =AL18*BH18 -> 0 | BK18: =AM18*BJ18 -> 0
A19: FY23 | C19: SUNREX | E19: NB | AO19: =AB19*AN19 -> 0 | AQ19: =AC19*AP19 -> 0 | AS19: =AD19*AR19 -> 0 | AU19: =AE19*AT19 -> 0 | AW19: =AF19*AV19 -> 0 | AY19: =AG19*AX19 -> 0 | BA19: =AH19*AZ19 -> 0 | BC19: =AI19*BB19 -> 0 | BE19: =AJ19*BD19 -> 0 | BF19: 0 | BG19: =AK19*BF19 -> 0 | BH19: 0 | BI19: =AL19*BH19 -> 0 | BK19: =AM19*BJ19 -> 0
A20: FY23 | B20: Chris Chang | C20: SUNREX | E20: NB | F20: 800 | G20: 2021 | H20: WARPATH/LOCKHEED | I20: CLICKPAD | J20: 14 | K20: PIKE SILVER/NOUVELLE SILVER | L20: W China | M20: INVENTEC | N20: 8.12 | O20: 8.12 | P20: 8.12 | Q20: 8.12 | R20: 8.12 | S20: 8.12 | T20: 8.12 | U20: 8.12 | V20: 8.12 | W20: 8.12 | X20: 8.12 | Y20: 8.12 | Z20: 8.12 | AA20: 0 | AB20: 0.2 | AC20: 0.2 | AD20: 0.2 | AE20: 0.26 | AF20: 0.26 | AG20: 0.26 | AH20: 0.26 | AI20: 0.26 | AJ20: 0.26 | AK20: 0.26 | AL20: 0.26 | AM20: 0.26 | AN20: 21400 | AO20: =AB20*AN20 -> 4280 | AP20: 68700 | AQ20: =AC20*AP20 -> 13740 | AR20: 47920 | AS20: =AD20*AR20 -> 9584 | AT20: 92510 | AU20: =AE20*AT20 -> 24052.6 | AV20: 89506 | AW20: =AF20*AV20 -> 23271.56 | AX20: 70000 | AY20: =AG20*AX20 -> 18200 | AZ20: 95800 | BA20: =AH20*AZ20 -> 24908 | BB20: 70000 | BC20: =AI20*BB20 -> 18200 | BD20: 71304 | BE20: =AJ20*BD20 -> 18539.04 | BF20: 128477 | BG20: =AK20*BF20 -> 33404.02 | BH20: 41500 | BI20: =AL20*BH20 -> 10790 | BJ20: 102910 | BK20: =AM20*BJ20 -> 26756.6
A21: FY23 | B21: Chris Chang | C21: SUNREX | E21: NB | G21: 2023 | H21: LOX/WARG/LOXW | I21: CLICKPAD | J21: 14 | K21: PIKE SILVER/NOUVELLE SILVER | L21: W China | M21: INVENTEC | N21: 8.12 | O21: 8.12 | P21: 8.12 | Q21: 8.12 | R21: 8.12 | S21: 8.12 | T21: 8.12 | U21: 8.12 | V21: 8.12 | W21: 8.12 | X21: 8.12 | Y21: 8.12 | Z21: 8.12 | AA21: 0 | AB21: 0 | AC21: 0 | AD21: 0 | AE21: 0 | AF21: 0.26 | AG21: 0.26 | AH21: 0.26 | AI21: 0.26 | AJ21: 0.26 | AK21: 0.26 | AL21: 0.26 | AM21: 0.26 | AN21: 0 | AO21: =AB21*AN21 -> 0 | AP21: 0 | AQ21: =AC21*AP21 -> 0 | AR21: 0 | AS21: =AD21*AR21 -> 0 | AT21: 0 | AU21: =AE21*AT21 -> 0 | AV21: 3645 | AW21: =AF21*AV21 -> 947.7 | AX21: 3839 | AY21: =AG21*AX21 -> 998.14 | AZ21: 16200 | BA21: =AH21*AZ21 -> 4212 | BB21: 80301 | BC21: =AI21*BB21 -> 20878.26 | BD21: 29861 | BE21: =AJ21*BD21 -> 7763.86 | BF21: 83789 | BG21: =AK21*BF21 -> 21785.14 | BH21: 83899 | BI21: =AL21*BH21 -> 21813.74 | BJ21: 86040 | BK21: =AM21*BJ21 -> 22370.4
A22: FY23 | C22: SUNREX | E22: NB | AO22: =AB22*AN22 -> 0 | AQ22: =AC22*AP22 -> 0 | AS22: =AD22*AR22 -> 0 | AU22: =AE22*AT22 -> 0 | AW22: =AF22*AV22 -> 0 | AY22: =AG22*AX22 -> 0 | BA22: =AH22*AZ22 -> 0 | BB22: 0 | BC22: =AI22*BB22 -> 0 | BD22: 0 | BE22: =AJ22*BD22 -> 0 | BF22: 0 | BG22: =AK22*BF22 -> 0 | BH22: 0 | BI22: =AL22*BH22 -> 0 | BK22: =AM22*BJ22 -> 0
A23: FY23 | B23: Chris Chang | C23: SUNREX | E23: NB | F23: 1000 | G23: 2020 | H23: SPYKER | I23: CLICKPAD | J23: 14 | K23: PIKE SILVER | L23: E China | M23: COMPAL | N23: 6.94 | O23: 6.94 | P23: 6.94 | Q23: 6.94 | R23: 6.94 | S23: 6.94 | T23: 6.94 | U23: 6.94 | V23: 6.94 | W23: 6.94 | X23: 6.94 | Y23: 6.94 | Z23: 6.94 | AA23: 0.05 | AB23: 0.05 | AC23: 0.05 | AD23: 0.05 | AE23: 0.05 | AF23: 0.05 | AG23: 0.05 | AH23: 0.05 | AI23: 0.05 | AJ23: 0.05 | AK23: 0.05 | AL23: 0.05 | AM23: 0.05 | AN23: 9120 | AO23: =AB23*AN23 -> 456 | AP23: 1920 | AQ23: =AC23*AP23 -> 96 | AR23: 4200 | AS23: =AD23*AR23 -> 210 | AT23: 9600 | AU23: =AE23*AT23 -> 480 | AV23: 1920 | AW23: =AF23*AV23 -> 96 | AX23: 4440 | AY23: =AG23*AX23 -> 222 | AZ23: 0 | BA23: =AH23*AZ23 -> 0 | BB23: 3120 | BC23: =AI23*BB23 -> 156 | BD23: 720 | BE23: =AJ23*BD23 -> 36 | BF23: 0 | BG23: =AK23*BF23 -> 0 | BH23: 0 | BI23: =AL23*BH23 -> 0 | BJ23: 0 | BK23: =AM23*BJ23 -> 0
A24: FY23 | B24: Chris Chang | C24: SUNREX | E24: NB | G24: 2020 | H24: SPYKER | I24: CLICKPAD | J24: 13 | K24: PIKE SILVER | L24: E China | M24: COMPAL | N24: 6.69 | O24: 6.69 | P24: 6.69 | Q24: 6.69 | R24: 6.69 | S24: 6.69 | T24: 6.69 | U24: 6.69 | V24: 6.69 | W24: 6.69 | X24: 6.69 | Y24: 6.69 | Z24: 6.69 | AA24: 0.05 | AB24: 0.05 | AC24: 0.05 | AD24: 0.05 | AE24: 0.05 | AF24: 0.05 | AG24: 0.05 | AH24: 0.05 | AI24: 0.05 | AJ24: 0.05 | AK24: 0.05 | AL24: 0.05 | AM24: 0.05 | AN24: 11760 | AO24: =AB24*AN24 -> 588 | AP24: 0 | AQ24: =AC24*AP24 -> 0 | AR24: 10440 | AS24: =AD24*AR24 -> 522 | AT24: 0 | AU24: =AE24*AT24 -> 0 | AV24: 3600 | AW24: =AF24*AV24 -> 180 | AX24: 3000 | AY24: =AG24*AX24 -> 150 | AZ24: 0 | BA24: =AH24*AZ24 -> 0 | BB24: 0 | BC24: =AI24*BB24 -> 0 | BD24: 720 | BE24: =AJ24*BD24 -> 36 | BF24: 0 | BG24: =AK24*BF24 -> 0 | BH24: 0 | BI24: =AL24*BH24 -> 0 | BJ24: 0 | BK24: =AM24*BJ24 -> 0
A25: FY23 | B25: Chris Chang | C25: SUNREX | E25: NB | G25: 2019 | H25: SYLVA | I25: CLICKPAD | J25: 13 | K25: GALAXY BLUE | L25: W China | M25: INVENTEC | N25: 6.52 | O25: 6.52 | P25: 6.52 | Q25: 6.52 | R25: 6.52 | S25: 6.52 | T25: 6.52 | U25: 6.52 | V25: 6.52 | W25: 6.52 | X25: 6.52 | Y25: 6.52 | Z25: 6.52 | AA25: 0.1 | AB25: 0.1 | AC25: 0.1 | AD25: 0.1 | AE25: 0.1 | AF25: 0.1 | AG25: 0.1 | AH25: 0.1 | AI25: 0.1 | AJ25: 0.1 | AK25: 0.1 | AL25: 0.1 | AM25: 0.1 | AN25: 8040 | AO25: =AB25*AN25 -> 804 | AP25: 4800 | AQ25: =AC25*AP25 -> 480 | AR25: =960+60+8400 -> 9420 | AS25: =AD25*AR25 -> 942 | AT25: 5040 | AU25: =AE25*AT25 -> 504 | AV25: 0 | AW25: =AF25*AV25 -> 0 | AX25: 720 | AY25: =AG25*AX25 -> 72 | AZ25: 0 | BA25: =AH25*AZ25 -> 0 | BB25: 480 | BC25: =AI25*BB25 -> 48 | BD25: 240 | BE25: =AJ25*BD25 -> 24 | BF25: 0 | BG25: =AK25*BF25 -> 0 | BH25: 0 | BI25: =AL25*BH25 -> 0 | BJ25: 0 | BK25: =AM25*BJ25 -> 0
A26: FY23 | B26: Chris Chang | C26: SUNREX | E26: NB | G26: 2020 | H26: STARLIGHT | I26: CLICKPAD | J26: 13 | K26: SPARKING BLACK | L26: W China | M26: INVENTEC | N26: 6.53 | O26: 6.53 | P26: 6.53 | Q26: 6.53 | R26: 6.53 | S26: 6.53 | T26: 6.53 | U26: 6.53 | V26: 6.53 | W26: 6.53 | X26: 6.53 | Y26: 6.53 | Z26: 6.53 | AA26: 0.1 | AB26: 0.1 | AC26: 0.1 | AD26: 0.1 | AE26: 0.1 | AF26: 0.1 | AG26: 0.1 | AH26: 0.1 | AI26: 0.1 | AJ26: 0.1 | AK26: 0.1 | AL26: 0.1 | AM26: 0.1 | AN26: 0 | AO26: =AB26*AN26 -> 0 | AP26: 120 | AQ26: =AC26*AP26 -> 12 | AR26: 0 | AS26: =AD26*AR26 -> 0 | AT26: 0 | AU26: =AE26*AT26 -> 0 | AV26: 0 | AW26: =AF26*AV26 -> 0 | AY26: =AG26*AX26 -> 0 | AZ26: 0 | BA26: =AH26*AZ26 -> 0 | BB26: 0 | BC26: =AI26*BB26 -> 0 | BD26: 0 | BE26: =AJ26*BD26 -> 0 | BF26: 0 | BG26: =AK26*BF26 -> 0 | BH26: 0 | BI26: =AL26*BH26 -> 0 | BJ26: 0 | BK26: =AM26*BJ26 -> 0
A27: FY23 | B27: Chris Chang | C27: SUNREX | E27: NB | G27: 2021 | H27: STARFOX | I27: CLICKPAD | J27: 13 | K27: PIKE SILVER/SLATE BLUE | L27: W China | M27: INVENTEC | N27: 8.18 | O27: 8.18 | P27: 8.18 | Q27: 8.18 | R27: 8.18 | S27: 8.18 | T27: 8.18 | U27: 8.18 | V27: 8.18 | W27: 8.18 | X27: 8.18 | Y27: 8.18 | Z27: 8.18 | AA27: 0 | AB27: 0.25 | AC27: 0.25 | AD27: 0.25 | AE27: 0.31 | AF27: 0.31 | AG27: 0.31 | AH27: 0.31 | AI27: 0.31 | AJ27: 0.31 | AK27: 0.31 | AL27: 0.31 | AM27: 0.31 | AN27: 6908 | AO27: =AB27*AN27 -> 1727 | AP27: 4800 | AQ27: =AC27*AP27 -> 1200 | AR27: 10600 | AS27: =AD27*AR27 -> 2650 | AT27: 7200 | AU27: =AE27*AT27 -> 2232 | AV27: 9393 | AW27: =AF27*AV27 -> 2911.83 | AX27: 3096 | AY27: =AG27*AX27 -> 959.76 | AZ27: 10800 | BA27: =AH27*AZ27 -> 3348 | BB27: 9800 | BC27: =AI27*BB27 -> 3038 | BD27: 13324 | BE27: =AJ27*BD27 -> 4130.44 | BF27: 13416 | BG27: =AK27*BF27 -> 4158.96 | BH27: 25400 | BI27: =AL27*BH27 -> 7874 | BJ27: 12184 | BK27: =AM27*BJ27 -> 3777.04
A28: FY23 | C28: SUNREX | E28: NB | AO28: =AB28*AN28 -> 0 | AQ28: =AC28*AP28 -> 0 | AS28: =AD28*AR28 -> 0 | AU28: =AE28*AT28 -> 0 | AW28: =AF28*AV28 -> 0 | AY28: =AG28*AX28 -> 0 | BA28: =AH28*AZ28 -> 0 | BB28: 0 | BC28: =AI28*BB28 -> 0 | BD28: 0 | BE28: =AJ28*BD28 -> 0 | BF28: 0 | BG28: =AK28*BF28 -> 0 | BH28: 0 | BI28: =AL28*BH28 -> 0 | BJ28: 0 | BK28: =AM28*BJ28 -> 0
A29: FY23 | B29: Chris Chang | C29: SUNREX | E29: NB | F29: Probook | G29: 2020 | H29: GRIZZLY | I29: CLICKPAD | J29: 13 | K29: PIKE SILVER | L29: W China | M29: INVENTEC | N29: 6.69 | O29: 6.69 | P29: 6.69 | Q29: 6.69 | R29: 6.69 | S29: 6.69 | T29: 6.69 | U29: 6.69 | V29: 6.69 | W29: 6.69 | X29: 6.69 | Y29: 6.69 | Z29: 6.69 | AA29: 0.1 | AB29: 0.1 | AC29: 0.1 | AD29: 0.1 | AE29: 0.1 | AF29: 0.1 | AG29: 0.1 | AH29: 0.1 | AI29: 0.1 | AJ29: 0.1 | AK29: 0.1 | AL29: 0.1 | AM29: 0.1 | AN29: 3600 | AO29: =AB29*AN29 -> 360 | AP29: 3960 | AQ29: =AC29*AP29 -> 396 | AR29: 8400 | AS29: =AD29*AR29 -> 840 | AT29: 10212 | AU29: =AE29*AT29 -> 1021.2 | AV29: 9791 | AW29: =AF29*AV29 -> 979.1 | AX29: 1494 | AY29: =AG29*AX29 -> 149.4 | AZ29: 13083 | BA29: =AH29*AZ29 -> 1308.3 | BB29: 3488 | BC29: =AI29*BB29 -> 348.8 | BD29: 3293 | BE29: =AJ29*BD29 -> 329.3 | BF29: 9680 | BG29: =AK29*BF29 -> 968 | BH29: 1680 | BI29: =AL29*BH29 -> 168 | BJ29: 1200 | BK29: =AM29*BJ29 -> 120
A30: FY23 | C30: SUNREX | E30: NB | AO30: =AB30*AN30 -> 0 | AQ30: =AC30*AP30 -> 0 | AS30: =AD30*AR30 -> 0 | AU30: =AE30*AT30 -> 0 | AW30: =AF30*AV30 -> 0 | AY30: =AG30*AX30 -> 0 | BA30: =AH30*AZ30 -> 0 | BB30: 0 | BC30: =AI30*BB30 -> 0 | BE30: =AJ30*BD30 -> 0 | BF30: 0 | BG30: =AK30*BF30 -> 0 | BI30: =AL30*BH30 -> 0 | BK30: =AM30*BJ30 -> 0
A31: FY23 | C31: SUNREX | E31: NB | F31: Education | AO31: =AB31*AN31 -> 0 | AQ31: =AC31*AP31 -> 0 | AS31: =AD31*AR31 -> 0 | AU31: =AE31*AT31 -> 0 | AW31: =AF31*AV31 -> 0 | AY31: =AG31*AX31 -> 0 | BA31: =AH31*AZ31 -> 0 | BC31: =AI31*BB31 -> 0 | BE31: =AJ31*BD31 -> 0 | BF31: 0 | BG31: =AK31*BF31 -> 0 | BI31: =AL31*BH31 -> 0 | BK31: =AM31*BJ31 -> 0
A32: FY23 | C32: SUNREX | E32: NB | AO32: =AB32*AN32 -> 0 | AQ32: =AC32*AP32 -> 0 | AS32: =AD32*AR32 -> 0 | AU32: =AE32*AT32 -> 0 | AW32: =AF32*AV32 -> 0 | AY32: =AG32*AX32 -> 0 | BA32: =AH32*AZ32 -> 0 | BC32: =AI32*BB32 -> 0 | BE32: =AJ32*BD32 -> 0 | BF32: 0 | BG32: =AK32*BF32 -> 0 | BI32: =AL32*BH32 -> 0 | BK32: =AM32*BJ32 -> 0
A33: FY23 | C33: SUNREX | E33: NB | F33: MWS (Workstation) | AO33: =AB33*AN33 -> 0 | AQ33: =AC33*AP33 -> 0 | AS33: =AD33*AR33 -> 0 | AU33: =AE33*AT33 -> 0 | AW33: =AF33*AV33 -> 0 | AY33: =AG33*AX33 -> 0 | BA33: =AH33*AZ33 -> 0 | BC33: =AI33*BB33 -> 0 | BE33: =AJ33*BD33 -> 0 | BF33: 0 | BG33: =AK33*BF33 -> 0 | BI33: =AL33*BH33 -> 0 | BK33: =AM33*BJ33 -> 0
A34: FY23 | C34: SUNREX | E34: NB | AO34: =AB34*AN34 -> 0 | AQ34: =AC34*AP34 -> 0 | AS34: =AD34*AR34 -> 0 | AU34: =AE34*AT34 -> 0 | AW34: =AF34*AV34 -> 0 | AY34: =AG34*AX34 -> 0 | BA34: =AH34*AZ34 -> 0 | BC34: =AI34*BB34 -> 0 | BE34: =AJ34*BD34 -> 0 | BF34: 0 | BG34: =AK34*BF34 -> 0 | BI34: =AL34*BH34 -> 0 | BK34: =AM34*BJ34 -> 0
A35: FY23 | C35: SUNREX | E35: NB | F35: Soft Keyboard | AO35: =AB35*AN35 -> 0 | AQ35: =AC35*AP35 -> 0 | AS35: =AD35*AR35 -> 0 | AU35: =AE35*AT35 -> 0 | AW35: =AF35*AV35 -> 0 | AY35: =AG35*AX35 -> 0 | BA35: =AH35*AZ35 -> 0 | BC35: =AI35*BB35 -> 0 | BE35: =AJ35*BD35 -> 0 | BF35: 0 | BG35: =AK35*BF35 -> 0 | BI35: =AL35*BH35 -> 0 | BK35: =AM35*BJ35 -> 0
A36: FY23 | C36: SUNREX | E36: NB | AO36: =AB36*AN36 -> 0 | AQ36: =AC36*AP36 -> 0 | AS36: =AD36*AR36 -> 0 | AU36: =AE36*AT36 -> 0 | AW36: =AF36*AV36 -> 0 | AY36: =AG36*AX36 -> 0 | BA36: =AH36*AZ36 -> 0 | BC36: =AI36*BB36 -> 0 | BE36: =AJ36*BD36 -> 0 | BF36: 0 | BG36: =AK36*BF36 -> 0 | BI36: =AL36*BH36 -> 0 | BK36: =AM36*BJ36 -> 0
A37: FY23 | B37: Iris Huang | C37: SUNREX | E37: NB | F37: Chromebook | G37: 2020 | H37: AIRES | I37: NBL KB | J37: 14 | K37: JET BLACK/SNOW WHITE/DARKER LIGHT TEAL | L37: W China | M37: QUANTA | N37: 3.5 | O37: 3.5 | P37: 3.5 | Q37: 3.5 | R37: 3.5 | S37: 3.5 | T37: 3.5 | U37: 3.5 | V37: 3.5 | W37: 3.5 | X37: 3.5 | Y37: 3.5 | Z37: 3.5 | AA37: 0.77 | AB37: 0.77 | AC37: 0.77 | AD37: 0.77 | AE37: 0.77 | AF37: 0.77 | AG37: 0.77 | AH37: 0.77 | AI37: 0.77 | AJ37: 0.77 | AK37: 0.77 | AL37: 0.77 | AM37: 0.77 | AN37: 5557 | AO37: =AB37*AN37 -> 4278.89 | AP37: 1200 | AQ37: =AC37*AP37 -> 924 | AR37: 238 | AS37: =AD37*AR37 -> 183.26 | AT37: 4520 | AU37: =AE37*AT37 -> 3480.4 | AV37: 879 | AW37: =AF37*AV37 -> 676.83 | AX37: 3220 | AY37: =AG37*AX37 -> 2479.4 | AZ37: 1599 | BA37: =AH37*AZ37 -> 1231.23 | BB37: 2199 | BC37: =AI37*BB37 -> 1693.23 | BD37: 4113 | BE37: =AJ37*BD37 -> 3167.01 | BF37: 6478 | BG37: =AK37*BF37 -> 4988.06 | BH37: 0 | BI37: =AL37*BH37 -> 0 | BJ37: 3999 | BK37: =AM37*BJ37 -> 3079.23
A38: FY23 | B38: Iris Huang | C38: SUNREX | E38: NB | G38: 2020 | H38: AIRES | I38: BL KB | J38: 14 | K38: JET BLACK | L38: W China | M38: QUANTA | N38: 11.45 | O38: 11.45 | P38: 11.45 | Q38: 11.45 | R38: 11.45 | S38: 11.45 | T38: 11.45 | U38: 11.45 | V38: 11.45 | W38: 11.45 | X38: 11.45 | Y38: 11.45 | Z38: 11.45 | AA38: 2.2 | AB38: 2.2 | AC38: 2.2 | AD38: 2.2 | AE38: 2.2 | AF38: 2.2 | AG38: 2.2 | AH38: 2.2 | AI38: 2.2 | AJ38: 2.2 | AK38: 2.8 | AL38: 2.8 | AM38: 2.8 | AN38: 200 | AO38: =AB38*AN38 -> 440 | AP38: 0 | AQ38: =AC38*AP38 -> 0 | AR38: 40 | AS38: =AD38*AR38 -> 88 | AT38: 0 | AU38: =AE38*AT38 -> 0 | AV38: 0 | AW38: =AF38*AV38 -> 0 | AX38: 40 | AY38: =AG38*AX38 -> 88 | AZ38: 2720 | BA38: =AH38*AZ38 -> 5984 | BB38: 720 | BC38: =AI38*BB38 -> 1584 | BD38: 1079 | BE38: =AJ38*BD38 -> 2373.8 | BF38: 1865 | BG38: =AK38*BF38 -> 5222 | BH38: 0 | BI38: =AL38*BH38 -> 0 | BJ38: 2359 | BK38: =AM38*BJ38 -> 6605.2
A39: FY23 | B39: Iris Huang | C39: SUNREX | E39: NB | G39: 2020 | H39: AIRES | I39: BL KB | J39: 14 | K39: CERAMIC WHITE/DARKER LIGHT TEAL | L39: W China | M39: QUANTA | N39: 12.15 | O39: 12.15 | P39: 12.15 | Q39: 12.15 | R39: 12.15 | S39: 12.15 | T39: 12.15 | U39: 12.15 | V39: 12.15 | W39: 12.15 | X39: 12.15 | Y39: 12.15 | Z39: 12.15 | AA39: 2.2 | AB39: 2.2 | AC39: 2.2 | AD39: 2.2 | AE39: 2.2 | AF39: 2.2 | AG39: 2.2 | AH39: 2.2 | AI39: 2.2 | AJ39: 2.2 | AK39: 2.8 | AL39: 2.8 | AM39: 2.8 | AN39: 80 | AO39: =AB39*AN39 -> 176 | AP39: 0 | AQ39: =AC39*AP39 -> 0 | AR39: 0 | AS39: =AD39*AR39 -> 0 | AT39: 0 | AU39: =AE39*AT39 -> 0 | AV39: 0 | AW39: =AF39*AV39 -> 0 | AX39: 0 | AY39: =AG39*AX39 -> 0 | AZ39: 0 | BA39: =AH39*AZ39 -> 0 | BB39: 0 | BC39: =AI39*BB39 -> 0 | BD39: 0 | BE39: =AJ39*BD39 -> 0 | BF39: 0 | BG39: =AK39*BF39 -> 0 | BH39: 0 | BI39: =AL39*BH39 -> 0 | BJ39: 0 | BK39: =AM39*BJ39 -> 0
A40: FY23 | B40: Iris Huang | C40: SUNREX | E40: NB | G40: 2020 | H40: B52CHB/LEPUS | I40: NBL KB | J40: 14 | K40: SNOW WHITE/ASH GRAY /JACK BLACK | L40: W China | M40: QUANTA | N40: 3.5 | O40: 3.5 | P40: 3.5 | Q40: 3.5 | R40: 3.5 | S40: 3.5 | T40: 3.5 | U40: 3.5 | V40: 3.5 | W40: 3.5 | X40: 3.5 | Y40: 3.5 | Z40: 3.5 | AA40: 0.5 | AB40: 0.52 | AC40: 0.52 | AD40: 0.52 | AE40: 0.52 | AF40: 0.52 | AG40: 0.52 | AH40: 0.52 | AI40: 0.52 | AJ40: 0.52 | AK40: 0.52 | AL40: 0.52 | AM40: 0.52 | AN40: 2126 | AO40: =AB40*AN40 -> 1105.52 | AP40: 400 | AQ40: =AC40*AP40 -> 208 | AR40: 3101 | AS40: =AD40*AR40 -> 1612.52 | AT40: 200 | AU40: =AE40*AT40 -> 104 | AV40: 6398 | AW40: =AF40*AV40 -> 3326.96 | AX40: 6058 | AY40: =AG40*AX40 -> 3150.16 | AZ40: 8800 | BA40: =AH40*AZ40 -> 4576 | BB40: 1842 | BC40: =AI40*BB40 -> 957.84 | BD40: 5720 | BE40: =AJ40*BD40 -> 2974.4 | BF40: 8500 | BG40: =AK40*BF40 -> 4420 | BH40: 10449 | BI40: =AL40*BH40 -> 5433.48 | BJ40: 5049 | BK40: =AM40*BJ40 -> 2625.48
A41: FY23 | B41: Iris Huang | C41: SUNREX | E41: NB | G41: 2020 | H41: B52CHB/LEPUS | I41: NBL KB | J41: 14 | K41: PIKE SILVER | L41: W China | M41: QUANTA | N41: 5.7 | O41: 5.7 | P41: 5.7 | Q41: 5.7 | R41: 5.7 | S41: 5.7 | T41: 5.7 | U41: 5.7 | V41: 5.7 | W41: 5.7 | X41: 5.7 | Y41: 5.7 | Z41: 5.7 | AA41: 0.7 | AB41: 0.7 | AC41: 0.7 | AD41: 0.7 | AE41: 0.7 | AF41: 0.7 | AG41: 0.7 | AH41: 0.7 | AI41: 0.7 | AJ41: 0.7 | AK41: 1.02 | AL41: 1.02 | AM41: 1.02 | AN41: 0 | AO41: =AB41*AN41 -> 0 | AP41: 0 | AQ41: =AC41*AP41 -> 0 | AR41: 0 | AS41: =AD41*AR41 -> 0 | AT41: 40 | AU41: =AE41*AT41 -> 28 | AV41: 0 | AW41: =AF41*AV41 -> 0 | AX41: 119 | AY41: =AG41*AX41 -> 83.3 | AZ41: 0 | BA41: =AH41*AZ41 -> 0 | BB41: 0 | BC41: =AI41*BB41 -> 0 | BD41: 560 | BE41: =AJ41*BD41 -> 392 | BF41: 299 | BG41: =AK41*BF41 -> 304.98 | BH41: 0 | BI41: =AL41*BH41 -> 0 | BJ41: 197 | BK41: =AM41*BJ41 -> 200.94
A42: FY23 | B42: Iris Huang | C42: SUNREX | E42: NB | G42: 2020 | H42: B52CHB/LEPUS | I42: BL KB | J42: 14 | K42: CERAMIC WHITE | L42: W China | M42: QUANTA | N42: 12.15 | O42: 12.15 | P42: 12.15 | Q42: 12.15 | R42: 12.15 | S42: 12.15 | T42: 12.15 | U42: 12.15 | V42: 12.15 | W42: 12.15 | X42: 12.15 | Y42: 12.15 | Z42: 12.15 | AA42: 2 | AB42: 2 | AC42: 2 | AD42: 2 | AE42: 2 | AF42: 2 | AG42: 2 | AH42: 2 | AI42: 2 | AJ42: 2 | AK42: 3.27 | AL42: 3.27 | AM42: 3.27 | AN42: 0 | AO42: =AB42*AN42 -> 0 | AP42: 0 | AQ42: =AC42*AP42 -> 0 | AR42: 0 | AS42: =AD42*AR42 -> 0 | AT42: 400 | AU42: =AE42*AT42 -> 800 | AV42: 0 | AW42: =AF42*AV42 -> 0 | AX42: 0 | AY42: =AG42*AX42 -> 0 | AZ42: 0 | BA42: =AH42*AZ42 -> 0 | BB42: 0 | BC42: =AI42*BB42 -> 0 | BD42: 0 | BE42: =AJ42*BD42 -> 0 | BF42: 0 | BG42: =AK42*BF42 -> 0 | BH42: 0 | BI42: =AL42*BH42 -> 0 | BJ42: 0 | BK42: =AM42*BJ42 -> 0
A43: FY23 | B43: Iris Huang | C43: SUNREX | E43: NB | G43: 2020 | H43: B52CHB/LEPUS | I43: BL KB | J43: 14 | K43: ASH GRAY/JACK BLACK | L43: W China | M43: QUANTA | N43: 11.45 | O43: 11.45 | P43: 11.45 | Q43: 11.45 | R43: 11.45 | S43: 11.45 | T43: 11.45 | U43: 11.45 | V43: 11.45 | W43: 11.45 | X43: 11.45 | Y43: 11.45 | Z43: 11.45 | AA43: 2 | AB43: 2.97 | AC43: 2.97 | AD43: 2.97 | AE43: 2.97 | AF43: 2.97 | AG43: 2.97 | AH43: 2.97 | AI43: 2.97 | AJ43: 2.97 | AK43: 2.97 | AL43: 2.97 | AM43: 2.97 | AN43: 920 | AO43: =AB43*AN43 -> 2732.4 | AP43: 0 | AQ43: =AC43*AP43 -> 0 | AR43: 820 | AS43: =AD43*AR43 -> 2435.4 | AT43: 0 | AU43: =AE43*AT43 -> 0 | AV43: 1078 | AW43: =AF43*AV43 -> 3201.66 | AX43: 2943 | AY43: =AG43*AX43 -> 8740.71 | AZ43: 0 | BA43: =AH43*AZ43 -> 0 | BB43: 3598 | BC43: =AI43*BB43 -> 10686.06 | BD43: 0 | BE43: =AJ43*BD43 -> 0 | BF43: 536 | BG43: =AK43*BF43 -> 1591.92 | BH43: 0 | BI43: =AL43*BH43 -> 0 | BJ43: 2520 | BK43: =AM43*BJ43 -> 7484.4
A44: FY23 | B44: Iris Huang | C44: SUNREX | E44: NB | G44: 2020 | H44: B52CHB/LEPUS | I44: BL KB | J44: 14 | K44: PIKE SILVER | L44: W China | M44: QUANTA | N44: 12.15 | O44: 12.15 | P44: 12.15 | Q44: 12.15 | R44: 12.15 | S44: 12.15 | T44: 12.15 | U44: 12.15 | V44: 12.15 | W44: 12.15 | X44: 12.15 | Y44: 12.15 | Z44: 12.15 | AA44: 2 | AB44: 2.97 | AC44: 2.97 | AD44: 2.97 | AE44: 2.97 | AF44: 2.97 | AG44: 2.97 | AH44: 2.97 | AI44: 2.97 | AJ44: 2.97 | AK44: 2.97 | AL44: 2.97 | AM44: 2.97 | AN44: 0 | AO44: =AB44*AN44 -> 0 | AP44: 0 | AQ44: =AC44*AP44 -> 0 | AR44: 0 | AS44: =AD44*AR44 -> 0 | AT44: 0 | AU44: =AE44*AT44 -> 0 | AV44: 0 | AW44: =AF44*AV44 -> 0 | AX44: 0 | AY44: =AG44*AX44 -> 0 | AZ44: 0 | BA44: =AH44*AZ44 -> 0 | BB44: 0 | BC44: =AI44*BB44 -> 0 | BD44: 0 | BE44: =AJ44*BD44 -> 0 | BF44: 0 | BG44: =AK44*BF44 -> 0 | BH44: 0 | BI44: =AL44*BH44 -> 0 | BJ44: 0 | BK44: =AM44*BJ44 -> 0
A45: FY23 | B45: Iris Huang | C45: SUNREX | E45: NB | G45: 2021 | H45: HITCHCOCK/OZU/MCKAY | I45: NBL KB | J45: 11 | K45: NAUTICAL TEAL/JACK BLACK | L45: W China | M45: QUANTA | N45: 4.1 | O45: 4.1 | P45: 4.1 | Q45: 4.1 | R45: 4.1 | S45: 4.1 | T45: 4.1 | U45: 4.1 | V45: 4.1 | W45: 4.1 | X45: 4.1 | Y45: 4.1 | Z45: 4.1 | AA45: 0.7 | AB45: 0.7 | AC45: 0.7 | AD45: 0.7 | AE45: 0.7 | AF45: 0.7 | AG45: 0.7 | AH45: 0.7 | AI45: 0.7 | AJ45: 0.7 | AK45: 0.96 | AL45: 0.96 | AM45: 0.96 | AN45: 56751 | AO45: =AB45*AN45 -> 39725.7 | AP45: 34090 | AQ45: =AC45*AP45 -> 23863 | AR45: 6211 | AS45: =AD45*AR45 -> 4347.7 | AT45: 30547 | AU45: =AE45*AT45 -> 21382.9 | AV45: 155360 | AW45: =AF45*AV45 -> 108752 | AX45: 32590 | AY45: =AG45*AX45 -> 22813 | AZ45: 161462 | BA45: =AH45*AZ45 -> 113023.4 | BB45: 77827 | BC45: =AI45*BB45 -> 54478.9 | BD45: 53628 | BE45: =AJ45*BD45 -> 37539.6 | BF45: 21913 | BG45: =AK45*BF45 -> 21036.48 | BH45: 2001 | BI45: =AL45*BH45 -> 1920.96 | BJ45: 2342 | BK45: =AM45*BJ45 -> 2248.32
A46: FY23 | B46: Iris Huang | C46: SUNREX | E46: NB | G46: 2021 | H46: TARANTINO | I46: NBL KB | J46: 11 | K46: NAUTICAL TEAL/JACK BLACK | L46: W China | M46: QUANTA | N46: 4.4 | O46: 4.4 | P46: 4.4 | Q46: 4.4 | R46: 4.4 | S46: 4.4 | T46: 4.4 | U46: 4.4 | V46: 4.4 | W46: 4.4 | X46: 4.4 | Y46: 4.4 | Z46: 4.4 | AA46: 0.75 | AB46: 0.75 | AC46: 0.75 | AD46: 0.75 | AE46: 0.75 | AF46: 0.75 | AG46: 0.75 | AH46: 0.75 | AI46: 0.75 | AJ46: 0.75 | AK46: 1.11 | AL46: 1.11 | AM46: 1.11 | AN46: 4238 | AO46: =AB46*AN46 -> 3178.5 | AP46: 0 | AQ46: =AC46*AP46 -> 0 | AR46: =2400+2676 -> 5076 | AS46: =AD46*AR46 -> 3807 | AT46: 3763 | AU46: =AE46*AT46 -> 2822.25 | AV46: 10374 | AW46: =AF46*AV46 -> 7780.5 | AX46: 11055 | AY46: =AG46*AX46 -> 8291.25 | AZ46: 24109 | BA46: =AH46*AZ46 -> 18081.75 | BB46: 9624 | BC46: =AI46*BB46 -> 7218 | BD46: 2973 | BE46: =AJ46*BD46 -> 2229.75 | BF46: 9000 | BG46: =AK46*BF46 -> 9990 | BH46: 6015 | BI46: =AL46*BH46 -> 6676.65 | BJ46: 1797 | BK46: =AM46*BJ46 -> 1994.67
A47: FY23 | B47: Iris Huang | C47: SUNREX | E47: NB | G47: 2021 | H47: CANIS | I47: NBL KB | J47: 14 | K47: JET BLACK | L47: E China | M47: COMPAL | N47: 3.5 | O47: 3.5 | P47: 3.5 | Q47: 3.5 | R47: 3.5 | S47: 3.5 | T47: 3.5 | U47: 3.5 | V47: 3.5 | W47: 3.5 | X47: 3.5 | Y47: 3.5 | Z47: 3.5 | AA47: 0.5 | AB47: 0.5 | AC47: 0.5 | AD47: 0.5 | AE47: 0.5 | AF47: 0.5 | AG47: 0.5 | AH47: 0.5 | AI47: 0.5 | AJ47: 0.5 | AK47: 0.52 | AL47: 0.52 | AM47: 0.52 | AN47: 0 | AO47: =AB47*AN47 -> 0 | AP47: 0 | AQ47: =AC47*AP47 -> 0 | AR47: 0 | AS47: =AD47*AR47 -> 0 | AT47: 0 | AU47: =AE47*AT47 -> 0 | AV47: 0 | AW47: =AF47*AV47 -> 0 | AX47: 0 | AY47: =AG47*AX47 -> 0 | AZ47: 0 | BA47: =AH47*AZ47 -> 0 | BB47: 0 | BC47: =AI47*BB47 -> 0 | BD47: 0 | BE47: =AJ47*BD47 -> 0 | BF47: 0 | BG47: =AK47*BF47 -> 0 | BH47: 0 | BI47: =AL47*BH47 -> 0 | BJ47: 0 | BK47: =AM47*BJ47 -> 0
A48: FY23 | B48: Iris Huang | C48: SUNREX | E48: NB | G48: 2021 | H48: CANIS | I48: NBL KB | J48: 14 | K48: SPRUCE BLUE | L48: E China | M48: COMPAL | N48: 5.7 | O48: 5.7 | P48: 5.7 | Q48: 5.7 | R48: 5.7 | S48: 5.7 | T48: 5.7 | U48: 5.7 | V48: 5.7 | W48: 5.7 | X48: 5.7 | Y48: 5.7 | Z48: 5.7 | AA48: 0.8 | AB48: 0.8 | AC48: 0.8 | AD48: 0.8 | AE48: 0.8 | AF48: 0.8 | AG48: 0.8 | AH48: 0.8 | AI48: 0.8 | AJ48: 0.8 | AK48: 1.02 | AL48: 1.02 | AM48: 1.02 | AN48: 0 | AO48: =AB48*AN48 -> 0 | AP48: 0 | AQ48: =AC48*AP48 -> 0 | AR48: 0 | AS48: =AD48*AR48 -> 0 | AT48: 0 | AU48: =AE48*AT48 -> 0 | AV48: 0 | AW48: =AF48*AV48 -> 0 | AX48: 0 | AY48: =AG48*AX48 -> 0 | AZ48: 0 | BA48: =AH48*AZ48 -> 0 | BB48: 0 | BC48: =AI48*BB48 -> 0 | BD48: 0 | BE48: =AJ48*BD48 -> 0 | BF48: 0 | BG48: =AK48*BF48 -> 0 | BH48: 0 | BI48: =AL48*BH48 -> 0 | BJ48: 0 | BK48: =AM48*BJ48 -> 0
A49: FY23 | B49: Iris Huang | C49: SUNREX | E49: NB | G49: 2021 | H49: CANIS | I49: BL KB | J49: 14 | K49: SPRUCE BLUE | L49: E China | M49: COMPAL | N49: 13.15 | O49: 13.15 | P49: 13.15 | Q49: 13.15 | R49: 13.15 | S49: 13.15 | T49: 13.15 | U49: 13.15 | V49: 13.15 | W49: 13.15 | X49: 13.15 | Y49: 13.15 | Z49: 13.15 | AA49: 2.5 | AB49: 2.5 | AC49: 2.5 | AD49: 2.5 | AE49: 2.5 | AF49: 2.5 | AG49: 2.5 | AH49: 2.5 | AI49: 2.5 | AJ49: 2.5 | AK49: 3.27 | AL49: 3.27 | AM49: 3.27 | AN49: 0 | AO49: =AB49*AN49 -> 0 | AP49: 0 | AQ49: =AC49*AP49 -> 0 | AR49: 0 | AS49: =AD49*AR49 -> 0 | AT49: 0 | AU49: =AE49*AT49 -> 0 | AV49: 0 | AW49: =AF49*AV49 -> 0 | AX49: 0 | AY49: =AG49*AX49 -> 0 | AZ49: 0 | BA49: =AH49*AZ49 -> 0 | BB49: 0 | BC49: =AI49*BB49 -> 0 | BD49: 0 | BE49: =AJ49*BD49 -> 0 | BF49: 0 | BG49: =AK49*BF49 -> 0 | BH49: 0 | BI49: =AL49*BH49 -> 0 | BJ49: 0 | BK49: =AM49*BJ49 -> 0
A50: FY23 | B50: Iris Huang | C50: SUNREX | E50: NB | G50: 2021 | H50: CANIS | I50: BL KB | J50: 14 | K50: BLACK LICORICE | L50: E China | M50: COMPAL | N50: 12.15 | O50: 12.15 | P50: 12.15 | Q50: 12.15 | R50: 12.15 | S50: 12.15 | T50: 12.15 | U50: 12.15 | V50: 12.15 | W50: 12.15 | X50: 12.15 | Y50: 12.15 | Z50: 12.15 | AA50: 2 | AB50: 2.5 | AC50: 2.5 | AD50: 2.5 | AE50: 2.5 | AF50: 2.5 | AG50: 2.5 | AH50: 2.5 | AI50: 2.5 | AJ50: 2.5 | AK50: 3.27 | AL50: 3.27 | AM50: 3.27 | AN50: 0 | AO50: =AB50*AN50 -> 0 | AP50: 0 | AQ50: =AC50*AP50 -> 0 | AR50: 0 | AS50: =AD50*AR50 -> 0 | AT50: 0 | AU50: =AE50*AT50 -> 0 | AV50: 0 | AW50: =AF50*AV50 -> 0 | AX50: 0 | AY50: =AG50*AX50 -> 0 | AZ50: 0 | BA50: =AH50*AZ50 -> 0 | BB50: 0 | BC50: =AI50*BB50 -> 0 | BD50: 0 | BE50: =AJ50*BD50 -> 0 | BF50: 0 | BG50: =AK50*BF50 -> 0 | BH50: 0 | BI50: =AL50*BH50 -> 0 | BJ50: 0 | BK50: =AM50*BJ50 -> 0
A51: FY23 | C51: SUNREX | E51: NB | AO51: =AB51*AN51 -> 0 | AQ51: =AC51*AP51 -> 0 | AS51: =AD51*AR51 -> 0 | AU51: =AE51*AT51 -> 0 | AW51: =AF51*AV51 -> 0 | AY51: =AG51*AX51 -> 0 | BA51: =AH51*AZ51 -> 0 | BB51: 0 | BC51: =AI51*BB51 -> 0 | BE51: =AJ51*BD51 -> 0 | BG51: =AK51*BF51 -> 0 | BI51: =AL51*BH51 -> 0 | BK51: =AM51*BJ51 -> 0
A52: FY23 | B52: Simon Yang | C52: SUNREX | D52: Peripheral | E52: Peripheral | F52: Peripheral | G52: 2015 | H52: BUBLE WIRELESS | I52: MS | K52: BLACK | L52: S China | M52: OTHERS | N52: 12 | O52: 12 | P52: 12 | Q52: 12 | R52: 12 | S52: 12 | T52: 12 | U52: 12 | V52: 12 | W52: 12 | X52: 12 | Y52: 12 | Z52: 12 | AA52: 0 | AB52: 0 | AC52: 0 | AD52: 0 | AE52: 0.37 | AF52: 0.37 | AG52: 0.37 | AH52: 0.37 | AI52: 0.37 | AJ52: 0.37 | AK52: 0.37 | AL52: 0.37 | AM52: 0.37 | AN52: 0 | AO52: =AB52*AN52 -> 0 | AP52: 0 | AQ52: =AC52*AP52 -> 0 | AR52: 0 | AS52: =AD52*AR52 -> 0 | AT52: 4840 | AU52: =AE52*AT52 -> 1790.8 | AV52: 1920 | AW52: =AF52*AV52 -> 710.4 | AX52: 3840 | AY52: =AG52*AX52 -> 1420.8 | AZ52: 1920 | BA52: =AH52*AZ52 -> 710.4 | BB52: 4800 | BC52: =AI52*BB52 -> 1776 | BD52: 8640 | BE52: =AJ52*BD52 -> 3196.8 | BF52: 6720 | BG52: =AK52*BF52 -> 2486.4 | BH52: 960 | BI52: =AL52*BH52 -> 355.2 | BJ52: 960 | BK52: =AM52*BJ52 -> 355.2
A53: FY23 | B53: Simon Yang | C53: SUNREX | E53: Peripheral | G53: 2018 | H53: ELVIS | I53: COMBO | K53: BLACK | L53: S China | M53: OTHERS | N53: 42.75 | O53: 42.75 | P53: 42.75 | Q53: 42.75 | R53: 42.75 | S53: 42.75 | T53: 42.75 | U53: 42.75 | V53: 42.75 | W53: 42.75 | X53: 42.75 | Y53: 42.75 | Z53: 42.75 | AA53: 0 | AB53: 0 | AC53: 0 | AD53: 0 | AE53: 2.6 | AF53: 2.6 | AG53: 2.6 | AH53: 2.6 | AI53: 2.6 | AJ53: 2.6 | AK53: 2.6 | AL53: 2.6 | AM53: 2.6 | AN53: 0 | AO53: =AB53*AN53 -> 0 | AP53: 0 | AQ53: =AC53*AP53 -> 0 | AR53: 0 | AS53: =AD53*AR53 -> 0 | AT53: 12940 | AU53: =AE53*AT53 -> 33644 | AV53: 1820 | AW53: =AF53*AV53 -> 4732 | AX53: 1190 | AY53: =AG53*AX53 -> 3094 | AZ53: 3790 | BA53: =AH53*AZ53 -> 9854 | BB53: 5540 | BC53: =AI53*BB53 -> 14404 | BD53: 4080 | BE53: =AJ53*BD53 -> 10608 | BF53: 1600 | BG53: =AK53*BF53 -> 4160 | BH53: 280 | BI53: =AL53*BH53 -> 728 | BJ53: 470 | BK53: =AM53*BJ53 -> 1222
A54: FY24 | B54: Simon Yang | C54: SUNREX | E54: Peripheral | G54: 2023 | H54: ASH BT | I54: KB | K54: BLACK | L54: S China | M54: OTHERS | N54: 11.73 | O54: 11.73 | P54: 11.73 | Q54: 11.73 | R54: 11.73 | S54: 11.73 | T54: 11.73 | U54: 11.73 | V54: 11.73 | W54: 11.73 | X54: 11.73 | Y54: 11.73 | Z54: 11.73 | AA54: 0 | AB54: 0 | AC54: 0 | AD54: 0 | AE54: 0 | AF54: 0 | AG54: 0 | AH54: 0 | AI54: 0 | AJ54: 0 | AK54: 0 | AL54: 0.46 | AM54: 0.46 | AN54: 0 | AO54: =AB54*AN54 -> 0 | AP54: 0 | AQ54: =AC54*AP54 -> 0 | AR54: 0 | AS54: =AD54*AR54 -> 0 | AT54: 0 | AU54: =AE54*AT54 -> 0 | AV54: 0 | AW54: =AF54*AV54 -> 0 | AX54: 0 | AY54: =AG54*AX54 -> 0 | AZ54: 0 | BA54: =AH54*AZ54 -> 0 | BB54: 0 | BC54: =AI54*BB54 -> 0 | BD54: 0 | BE54: =AJ54*BD54 -> 0 | BF54: 0 | BG54: =AK54*BF54 -> 0 | BH54: 7000 | BI54: =AL54*BH54 -> 3220 | BJ54: 3000 | BK54: =AM54*BJ54 -> 1380
A55: FY24 | B55: Simon Yang | C55: SUNREX | E55: Peripheral | G55: 2023 | H55: ASH DUAL | I55: KB | K55: BLACK | L55: S China | M55: OTHERS | N55: 13.63 | O55: 13.63 | P55: 13.63 | Q55: 13.63 | R55: 13.63 | S55: 13.63 | T55: 13.63 | U55: 13.63 | V55: 13.63 | W55: 13.63 | X55: 13.63 | Y55: 13.63 | Z55: 13.63 | AA55: 0 | AB55: 0 | AC55: 0 | AD55: 0 | AE55: 0 | AF55: 0 | AG55: 0 | AH55: 0 | AI55: 0 | AJ55: 0 | AK55: 0 | AL55: 0.46 | AM55: 0.46 | AN55: 0 | AO55: =AB55*AN55 -> 0 | AP55: 0 | AQ55: =AC55*AP55 -> 0 | AR55: 0 | AS55: =AD55*AR55 -> 0 | AT55: 0 | AU55: =AE55*AT55 -> 0 | AV55: 0 | AW55: =AF55*AV55 -> 0 | AX55: 0 | AY55: =AG55*AX55 -> 0 | AZ55: 0 | BA55: =AH55*AZ55 -> 0 | BB55: 0 | BC55: =AI55*BB55 -> 0 | BD55: 0 | BE55: =AJ55*BD55 -> 0 | BF55: 0 | BG55: =AK55*BF55 -> 0 | BH55: 0 | BI55: =AL55*BH55 -> 0 | BJ55: 8300 | BK55: =AM55*BJ55 -> 3818
A56: FY24 | B56: Simon Yang | C56: SUNREX | E56: Peripheral | G56: 2023 | H56: ASH MACRO | I56: KB | K56: BLACK | L56: S China | M56: OTHERS | N56: 12.97 | O56: 12.97 | P56: 12.97 | Q56: 12.97 | R56: 12.97 | S56: 12.97 | T56: 12.97 | U56: 12.97 | V56: 12.97 | W56: 12.97 | X56: 12.97 | Y56: 12.97 | Z56: 12.97 | AA56: 0 | AB56: 0 | AC56: 0 | AD56: 0 | AE56: 0 | AF56: 0 | AG56: 0 | AH56: 0 | AI56: 0 | AJ56: 0 | AK56: 0 | AL56: 0.46 | AM56: 0.46 | AN56: 0 | AO56: =AB56*AN56 -> 0 | AP56: 0 | AQ56: =AC56*AP56 -> 0 | AR56: 0 | AS56: =AD56*AR56 -> 0 | AT56: 0 | AU56: =AE56*AT56 -> 0 | AV56: 0 | AW56: =AF56*AV56 -> 0 | AX56: 0 | AY56: =AG56*AX56 -> 0 | AZ56: 0 | BA56: =AH56*AZ56 -> 0 | BB56: 0 | BC56: =AI56*BB56 -> 0 | BD56: 0 | BE56: =AJ56*BD56 -> 0 | BF56: 0 | BG56: =AK56*BF56 -> 0 | BH56: 0 | BI56: =AL56*BH56 -> 0 | BJ56: 0 | BK56: =AM56*BJ56 -> 0
A57: FY24 | B57: Simon Yang | C57: SUNREX | E57: Peripheral | G57: 2023 | H57: ASH WIRED | I57: KB | K57: BLACK | L57: S China | M57: OTHERS | N57: 15.75 | O57: 15.75 | P57: 15.75 | Q57: 15.75 | R57: 15.75 | S57: 15.75 | T57: 15.75 | U57: 15.75 | V57: 15.75 | W57: 15.75 | X57: 15.75 | Y57: 15.75 | Z57: 15.75 | AA57: 0 | AB57: 0 | AC57: 0 | AD57: 0 | AE57: 0 | AF57: 0 | AG57: 0 | AH57: 0 | AI57: 0 | AJ57: 0 | AK57: 0 | AL57: 0.46 | AM57: 0.46 | AN57: 0 | AO57: =AB57*AN57 -> 0 | AP57: 0 | AQ57: =AC57*AP57 -> 0 | AR57: 0 | AS57: =AD57*AR57 -> 0 | AT57: 0 | AU57: =AE57*AT57 -> 0 | AV57: 0 | AW57: =AF57*AV57 -> 0 | AX57: 0 | AY57: =AG57*AX57 -> 0 | AZ57: 0 | BA57: =AH57*AZ57 -> 0 | BB57: 0 | BC57: =AI57*BB57 -> 0 | BD57: 0 | BE57: =AJ57*BD57 -> 0 | BF57: 0 | BG57: =AK57*BF57 -> 0 | BH57: 0 | BI57: =AL57*BH57 -> 0 | BJ57: 0 | BK57: =AM57*BJ57 -> 0
A58: FY23 | C58: SUNREX | E58: Peripheral
A59: FY23 | B59: Benson Chen | C59: SUNREX | D59: Consumer | E59: NB | F59: OPP | G59: 2019 | H59: MALDIVES/MALDIVES6U/HERSCHEL/HERSCHEL6U | I59: NBL KB | J59: 15 | K59: JACK BLACK | L59: E China | M59: COMPAL | N59: 4.2 | O59: 4.2 | P59: 4.2 | Q59: 4.2 | R59: 4.2 | S59: 4.2 | T59: 4.2 | U59: 4.2 | V59: 4.2 | W59: 4.2 | X59: 4.2 | Y59: 4.2 | Z59: 4.2 | AA59: 0.7 | AB59: 0.7 | AC59: 0.7 | AD59: 0.7 | AE59: 0.7 | AF59: 0.7 | AG59: 0.7 | AH59: 0.7 | AI59: 0.7 | AJ59: 0.7 | AK59: 0.7 | AL59: 0.7 | AM59: 0.7 | AN59: 23727 | AO59: =AB59*AN59 -> 16608.9 | AP59: 53867 | AQ59: =AC59*AP59 -> 37706.9 | AR59: 33371 | AS59: =AD59*AR59 -> 23359.7 | AT59: 36420 | AU59: =AE59*AT59 -> 25494 | AV59: 68218 | AW59: =AF59*AV59 -> 47752.6 | AX59: 23263 | AY59: =AG59*AX59 -> 16284.1 | AZ59: 64248 | BA59: =AH59*AZ59 -> 44973.6 | BB59: 86491 | BC59: =AI59*BB59 -> 60543.7 | BD59: 29737 | BE59: =AJ59*BD59 -> 20815.9 | BF59: 47776 | BG59: =AK59*BF59 -> 33443.2 | BH59: 56221 | BI59: =AL59*BH59 -> 39354.7 | BJ59: 25777 | BK59: =AM59*BJ59 -> 18043.9
A60: FY23 | B60: Benson Chen | C60: SUNREX | E60: NB | G60: 2021 | H60: VLAD/EUNICE/VLAD6U | I60: NBL KB | J60: 17 | K60: SNOW WHITE/JET BLACK | L60: W China | M60: INVENTEC | N60: 4.4 | O60: 4.4 | P60: 4.4 | Q60: 4.4 | R60: 4.4 | S60: 4.4 | T60: 4.4 | U60: 4.4 | V60: 4.4 | W60: 4.4 | X60: 4.4 | Y60: 4.4 | Z60: 4.4 | AA60: 0.7 | AB60: 0.7 | AC60: 0.7 | AD60: 0.7 | AE60: 0.7 | AF60: 0.7 | AG60: 0.7 | AH60: 1 | AI60: 1 | AJ60: 1 | AK60: 1 | AL60: 1 | AM60: 1 | AN60: 1840 | AO60: =AB60*AN60 -> 1288 | AP60: 2040 | AQ60: =AC60*AP60 -> 1428 | AR60: 5240 | AS60: =AD60*AR60 -> 3668 | AT60: =8881+440 -> 9321 | AU60: =AE60*AT60 -> 6524.7 | AV60: 30652 | AW60: =AF60*AV60 -> 21456.4 | AX60: 12680 | AY60: =AG60*AX60 -> 8876 | AZ60: 21518 | BA60: =AH60*AZ60 -> 21518 | BB60: 23240 | BC60: =AI60*BB60 -> 23240 | BD60: 15600 | BE60: =AJ60*BD60 -> 15600 | BF60: 28140 | BG60: =AK60*BF60 -> 28140 | BH60: 26040 | BI60: =AL60*BH60 -> 26040 | BJ60: 20405 | BK60: =AM60*BJ60 -> 20405
A61: FY23 | B61: Benson Chen | C61: SUNREX | E61: NB | G61: 2021 | H61: VLAD/EUNICE/VLAD6U | I61: NBL KB | J61: 17 | K61: PIKE SILVER | L61: W China | M61: INVENTEC | N61: 6.4 | O61: 6.4 | P61: 6.4 | Q61: 6.4 | R61: 6.4 | S61: 6.4 | T61: 6.4 | U61: 6.4 | V61: 6.4 | W61: 6.4 | X61: 6.4 | Y61: 6.4 | Z61: 6.4 | AA61: 1 | AB61: 1 | AC61: 1 | AD61: 1 | AE61: 1 | AF61: 1 | AG61: 1 | AH61: 1.7 | AI61: 1.7 | AJ61: 1.7 | AK61: 1.7 | AL61: 1.7 | AM61: 1.7 | AN61: 1280 | AO61: =AB61*AN61 -> 1280 | AP61: 2960 | AQ61: =AC61*AP61 -> 2960 | AR61: 1842 | AS61: =AD61*AR61 -> 1842 | AT61: 3440 | AU61: =AE61*AT61 -> 3440 | AV61: 80 | AW61: =AF61*AV61 -> 80 | AX61: 2440 | AY61: =AG61*AX61 -> 2440 | AZ61: 6040 | BA61: =AH61*AZ61 -> 10268 | BB61: 3280 | BC61: =AI61*BB61 -> 5576 | BD61: 2800 | BE61: =AJ61*BD61 -> 4760 | BF61: 0 | BG61: =AK61*BF61 -> 0 | BH61: 0 | BI61: =AL61*BH61 -> 0 | BJ61: 0 | BK61: =AM61*BJ61 -> 0
A62: FY23 | B62: Benson Chen | C62: SUNREX | E62: NB | G62: 2021 | H62: VLAD/EUNICE/VLAD6U | I62: BL KB | J62: 17 | K62: SNOW WHITE/SEAFOAM TEAL PEARL/WISTERIA LAVENDER PEARL | L62: W China | M62: INVENTEC | N62: 14.3 | O62: 14.3 | P62: 14.3 | Q62: 14.3 | R62: 14.3 | S62: 14.3 | T62: 14.3 | U62: 14.3 | V62: 14.3 | W62: 14.3 | X62: 14.3 | Y62: 14.3 | Z62: 14.3 | AA62: 2.5 | AB62: 2.5 | AC62: 2.5 | AD62: 2.5 | AE62: 2.5 | AF62: 2.5 | AG62: 2.5 | AH62: 4 | AI62: 4 | AJ62: 4 | AK62: 4 | AL62: 4 | AM62: 4 | AN62: 560 | AO62: =AB62*AN62 -> 1400 | AP62: 0 | AQ62: =AC62*AP62 -> 0 | AR62: 0 | AS62: =AD62*AR62 -> 0 | AT62: 0 | AU62: =AE62*AT62 -> 0 | AV62: 120 | AW62: =AF62*AV62 -> 300 | AX62: 0 | AY62: =AG62*AX62 -> 0 | AZ62: 0 | BA62: =AH62*AZ62 -> 0 | BB62: 0 | BC62: =AI62*BB62 -> 0 | BD62: 0 | BE62: =AJ62*BD62 -> 0 | BF62: 0 | BG62: =AK62*BF62 -> 0 | BH62: 40 | BI62: =AL62*BH62 -> 160 | BJ62: 10440 | BK62: =AM62*BJ62 -> 41760
A63: FY23 | B63: Benson Chen | C63: SUNREX | E63: NB | G63: 2023 | H63: VLAD/EUNICE/VLAD6U | I63: BL KB | J63: 17 | K63: SOFT GREY | L63: W China | M63: INVENTEC | N63: 15.2 | O63: 15.2 | P63: 15.2 | Q63: 15.2 | R63: 15.2 | S63: 15.2 | T63: 15.2 | U63: 15.2 | V63: 15.2 | W63: 15.2 | X63: 15.2 | Y63: 15.2 | Z63: 15.2 | AA63: 0 | AB63: 0 | AC63: 0 | AD63: 0 | AE63: 2.5 | AF63: 2.5 | AG63: 2.5 | AH63: 2.5 | AI63: 2.5 | AJ63: 2.5 | AK63: 2.5 | AL63: 2.5 | AM63: 2.5 | AN63: 0 | AO63: =AB63*AN63 -> 0 | AP63: 0 | AQ63: =AC63*AP63 -> 0 | AR63: 0 | AS63: =AD63*AR63 -> 0 | AT63: 80 | AU63: =AE63*AT63 -> 200 | AV63: 2120 | AW63: =AF63*AV63 -> 5300 | AX63: 3360 | AY63: =AG63*AX63 -> 8400 | AZ63: 7080 | BA63: =AH63*AZ63 -> 17700 | BB63: 5240 | BC63: =AI63*BB63 -> 13100 | BD63: 3399 | BE63: =AJ63*BD63 -> 8497.5 | BF63: 5720 | BG63: =AK63*BF63 -> 14300 | BH63: 5068 | BI63: =AL63*BH63 -> 12670 | BJ63: 0 | BK63: =AM63*BJ63 -> 0
A64: FY23 | B64: Benson Chen | C64: SUNREX | E64: NB | G64: 2023 | H64: OTTO/SEBASTIAN | I64: NBL KB | J64: 15 | K64: SOFT GREY | L64: W China | M64: QUANTA | N64: 4.65 | O64: 4.65 | P64: 4.65 | Q64: 4.65 | R64: 4.65 | S64: 4.65 | T64: 4.65 | U64: 4.65 | V64: 4.65 | W64: 4.65 | X64: 4.65 | Y64: 4.65 | Z64: 4.65 | AA64: 0 | AB64: 0 | AC64: 0 | AD64: 0 | AE64: 0.5 | AF64: 0.5 | AG64: 0.5 | AH64: 0.5 | AI64: 0.5 | AJ64: 0.5 | AK64: 0.5 | AL64: 0.5 | AM64: 0.5 | AN64: 0 | AO64: =AB64*AN64 -> 0 | AP64: 0 | AQ64: =AC64*AP64 -> 0 | AR64: 0 | AS64: =AD64*AR64 -> 0 | AT64: 79 | AU64: =AE64*AT64 -> 39.5 | AV64: 2954 | AW64: =AF64*AV64 -> 1477 | AX64: 21720 | AY64: =AG64*AX64 -> 10860 | AZ64: 22198 | BA64: =AH64*AZ64 -> 11099 | BB64: 23432 | BC64: =AI64*BB64 -> 11716 | BD64: 26001 | BE64: =AJ64*BD64 -> 13000.5 | BF64: 45142 | BG64: =AK64*BF64 -> 22571 | BH64: 36049 | BI64: =AL64*BH64 -> 18024.5 | BJ64: 22280 | BK64: =AM64*BJ64 -> 11140
A65: FY23 | B65: Benson Chen | C65: SUNREX | E65: NB | G65: 2023 | H65: OTTO/SEBASTIAN | I65: NBL KB | J65: 15 | K65: FLINT OPAQUE | L65: W China | M65: QUANTA | N65: 6.65 | O65: 6.65 | P65: 6.65 | Q65: 6.65 | R65: 6.65 | S65: 6.65 | T65: 6.65 | U65: 6.65 | V65: 6.65 | W65: 6.65 | X65: 6.65 | Y65: 6.65 | Z65: 6.65 | AA65: 0 | AB65: 0 | AC65: 0 | AD65: 0 | AE65: 0.7 | AF65: 0.7 | AG65: 0.7 | AH65: 0.7 | AI65: 0.7 | AJ65: 0.7 | AK65: 0.7 | AL65: 0.7 | AM65: 0.7 | AN65: 0 | AO65: =AB65*AN65 -> 0 | AP65: 0 | AQ65: =AC65*AP65 -> 0 | AR65: 0 | AS65: =AD65*AR65 -> 0 | AT65: 80 | AU65: =AE65*AT65 -> 56 | AV65: 1720 | AW65: =AF65*AV65 -> 1204 | AX65: 2619 | AY65: =AG65*AX65 -> 1833.3 | AZ65: 3131 | BA65: =AH65*AZ65 -> 2191.7 | BB65: 3924 | BC65: =AI65*BB65 -> 2746.8 | BD65: 1199 | BE65: =AJ65*BD65 -> 839.3 | BF65: 4914 | BG65: =AK65*BF65 -> 3439.8 | BH65: 8879 | BI65: =AL65*BH65 -> 6215.3 | BJ65: 3525 | BK65: =AM65*BJ65 -> 2467.5
A66: FY23 | B66: Benson Chen | C66: SUNREX | E66: NB | G66: 2023 | H66: OTTO/SEBASTIAN | I66: BL KB | J66: 15 | K66: FLINT OPAQUE | L66: W China | M66: QUANTA | N66: 14.3 | O66: 14.3 | P66: 14.3 | Q66: 14.3 | R66: 14.3 | S66: 14.3 | T66: 14.3 | U66: 14.3 | V66: 14.3 | W66: 14.3 | X66: 14.3 | Y66: 14.3 | Z66: 14.3 | AA66: 0 | AB66: 0 | AC66: 0 | AD66: 0 | AE66: 0 | AF66: 0 | AG66: 1.5 | AH66: 1.5 | AI66: 1.5 | AJ66: 1.5 | AK66: 1.5 | AL66: 1.5 | AM66: 1.5 | AN66: 0 | AO66: =AB66*AN66 -> 0 | AP66: 0 | AQ66: =AC66*AP66 -> 0 | AR66: 0 | AS66: =AD66*AR66 -> 0 | AT66: 0 | AU66: =AE66*AT66 -> 0 | AV66: 0 | AW66: =AF66*AV66 -> 0 | AX66: 1280 | AY66: =AG66*AX66 -> 1920 | AZ66: 585 | BA66: =AH66*AZ66 -> 877.5 | BB66: 2822 | BC66: =AI66*BB66 -> 4233 | BD66: 1062 | BE66: =AJ66*BD66 -> 1593 | BF66: 2828 | BG66: =AK66*BF66 -> 4242 | BH66: 0 | BI66: =AL66*BH66 -> 0 | BJ66: 1070 | BK66: =AM66*BJ66 -> 1605
A67: FY23 | B67: Benson Chen | C67: SUNREX | E67: NB | G67: 2023 | H67: OTTO/SEBASTIAN | I67: NBL KB | J67: 15 | K67: JET BLACK | L67: W China | M67: QUANTA | N67: 4.65 | O67: 4.65 | P67: 4.65 | Q67: 4.65 | R67: 4.65 | S67: 4.65 | T67: 4.65 | U67: 4.65 | V67: 4.65 | W67: 4.65 | X67: 4.65 | Y67: 4.65 | Z67: 4.65 | AA67: 0 | AB67: 0 | AC67: 0 | AD67: 0 | AE67: 0.5 | AF67: 0.5 | AG67: 0.5 | AH67: 0.5 | AI67: 0.5 | AJ67: 0.5 | AK67: 0.5 | AL67: 0.5 | AM67: 0.5 | AN67: 0 | AO67: =AB67*AN67 -> 0 | AP67: 0 | AQ67: =AC67*AP67 -> 0 | AR67: 0 | AS67: =AD67*AR67 -> 0 | AT67: 1720 | AU67: =AE67*AT67 -> 860 | AV67: 1027 | AW67: =AF67*AV67 -> 513.5 | AX67: 799 | AY67: =AG67*AX67 -> 399.5 | AZ67: 5820 | BA67: =AH67*AZ67 -> 2910 | BB67: 4159 | BC67: =AI67*BB67 -> 2079.5 | BD67: 5557 | BE67: =AJ67*BD67 -> 2778.5 | BF67: 4399 | BG67: =AK67*BF67 -> 2199.5 | BH67: 7637 | BI67: =AL67*BH67 -> 3818.5 | BJ67: 2640 | BK67: =AM67*BJ67 -> 1320
A68: FY23 | B68: Benson Chen | C68: SUNREX | E68: NB | G68: 2023 | H68: OTTO/SEBASTIAN | I68: BL KB | J68: 15 | K68: SOFT GREY | L68: W China | M68: QUANTA | N68: 15.2 | O68: 15.2 | P68: 15.2 | Q68: 15.2 | R68: 15.2 | S68: 15.2 | T68: 15.2 | U68: 15.2 | V68: 15.2 | W68: 15.2 | X68: 15.2 | Y68: 15.2 | Z68: 15.2 | AA68: 0 | AB68: 0 | AC68: 0 | AD68: 0 | AE68: 0 | AF68: 0 | AG68: 1.5 | AH68: 1.5 | AI68: 1.5 | AJ68: 1.5 | AK68: 1.5 | AL68: 1.5 | AM68: 1.5 | AN68: 0 | AO68: =AB68*AN68 -> 0 | AP68: 0 | AQ68: =AC68*AP68 -> 0 | AR68: 0 | AS68: =AD68*AR68 -> 0 | AT68: 0 | AU68: =AE68*AT68 -> 0 | AV68: 0 | AW68: =AF68*AV68 -> 0 | AX68: 0 | AY68: =AG68*AX68 -> 0 | AZ68: 0 | BA68: =AH68*AZ68 -> 0 | BB68: 0 | BC68: =AI68*BB68 -> 0 | BD68: 0 | BE68: =AJ68*BD68 -> 0 | BF68: 0 | BG68: =AK68*BF68 -> 0 | BH68: 0 | BI68: =AL68*BH68 -> 0 | BJ68: 0 | BK68: =AM68*BJ68 -> 0
A69: FY23 | C69: SUNREX | E69: NB | AO69: =AB69*AN69 -> 0 | AQ69: =AC69*AP69 -> 0 | AS69: =AD69*AR69 -> 0 | AU69: =AE69*AT69 -> 0 | AW69: =AF69*AV69 -> 0 | AY69: =AG69*AX69 -> 0 | BA69: =AH69*AZ69 -> 0 | BB69: 0 | BC69: =AI69*BB69 -> 0 | BE69: =AJ69*BD69 -> 0 | BF69: 0 | BG69: =AK69*BF69 -> 0 | BI69: =AL69*BH69 -> 0 | BK69: =AM69*BJ69 -> 0
A70: FY23 | C70: SUNREX | E70: NB | F70: Chromebook | AO70: =AB70*AN70 -> 0 | AQ70: =AC70*AP70 -> 0 | AS70: =AD70*AR70 -> 0 | AU70: =AE70*AT70 -> 0 | AW70: =AF70*AV70 -> 0 | AY70: =AG70*AX70 -> 0 | BA70: =AH70*AZ70 -> 0 | BC70: =AI70*BB70 -> 0 | BE70: =AJ70*BD70 -> 0 | BF70: 0 | BG70: =AK70*BF70 -> 0 | BI70: =AL70*BH70 -> 0 | BK70: =AM70*BJ70 -> 0
A71: FY23 | C71: SUNREX | E71: NB | AO71: =AB71*AN71 -> 0 | AQ71: =AC71*AP71 -> 0 | AS71: =AD71*AR71 -> 0 | AU71: =AE71*AT71 -> 0 | AW71: =AF71*AV71 -> 0 | AY71: =AG71*AX71 -> 0 | BA71: =AH71*AZ71 -> 0 | BC71: =AI71*BB71 -> 0 | BE71: =AJ71*BD71 -> 0 | BF71: 0 | BG71: =AK71*BF71 -> 0 | BI71: =AL71*BH71 -> 0 | BK71: =AM71*BJ71 -> 0
A72: FY23 | B72: Benson Chen | C72: SUNREX | E72: NB | F72: Pavilion | G72: 2020 | H72: FELICETTE/STRELKA | I72: NBL KB | J72: 15 | K72: PIKE SILVER/LIGHT TEAL/CLOUD BLUE | L72: W China | M72: QUANTA | N72: 6.4 | O72: 6.4 | P72: 6.4 | Q72: 6.4 | R72: 6.4 | S72: 6.4 | T72: 6.4 | U72: 6.4 | V72: 6.4 | W72: 6.4 | X72: 6.4 | Y72: 6.4 | Z72: 6.4 | AA72: 1.5 | AB72: 1.5 | AC72: 1.5 | AD72: 1.5 | AE72: 1.5 | AF72: 1.5 | AG72: 1.5 | AH72: 1.5 | AI72: 1.5 | AJ72: 1.5 | AK72: 1.5 | AL72: 1.5 | AM72: 1.5 | AN72: 14107 | AO72: =AB72*AN72 -> 21160.5 | AP72: 6096 | AQ72: =AC72*AP72 -> 9144 | AR72: 3287 | AS72: =AD72*AR72 -> 4930.5 | AT72: 7489 | AU72: =AE72*AT72 -> 11233.5 | AV72: 13860 | AW72: =AF72*AV72 -> 20790 | AX72: 23299 | AY72: =AG72*AX72 -> 34948.5 | AZ72: 15818 | BA72: =AH72*AZ72 -> 23727 | BB72: 15046 | BC72: =AI72*BB72 -> 22569 | BD72: 7344 | BE72: =AJ72*BD72 -> 11016 | BF72: 20500 | BG72: =AK72*BF72 -> 30750 | BH72: 14780 | BI72: =AL72*BH72 -> 22170 | BJ72: 7150 | BK72: =AM72*BJ72 -> 10725
A73: FY23 | B73: Benson Chen | C73: SUNREX | E73: NB | G73: 2020 | H73: FELICETTE/STRELKA | I73: BL KB | J73: 15 | K73: PIKE SILVER | L73: W China | M73: QUANTA | N73: 13.6 | O73: 13.6 | P73: 13.6 | Q73: 13.6 | R73: 13.6 | S73: 13.6 | T73: 13.6 | U73: 13.6 | V73: 13.6 | W73: 13.6 | X73: 13.6 | Y73: 13.6 | Z73: 13.6 | AA73: 5 | AB73: 5 | AC73: 5 | AD73: 5 | AE73: 5 | AF73: 5 | AG73: 5 | AH73: 5 | AI73: 5 | AJ73: 5 | AK73: 5 | AL73: 5 | AM73: 5 | AN73: 746 | AO73: =AB73*AN73 -> 3730 | AP73: 678 | AQ73: =AC73*AP73 -> 3390 | AR73: 0 | AS73: =AD73*AR73 -> 0 | AT73: 967 | AU73: =AE73*AT73 -> 4835 | AW73: =AF73*AV73 -> 0 | AX73: 0 | AY73: =AG73*AX73 -> 0 | AZ73: 0 | BA73: =AH73*AZ73 -> 0 | BB73: 0 | BC73: =AI73*BB73 -> 0 | BD73: 0 | BE73: =AJ73*BD73 -> 0 | BF73: 0 | BG73: =AK73*BF73 -> 0 | BH73: 0 | BI73: =AL73*BH73 -> 0 | BJ73: 0 | BK73: =AM73*BJ73 -> 0
A74: FY23 | B74: Benson Chen | C74: SUNREX | E74: NB | G74: 2020 | H74: FELICETTE/STRELKA | I74: BL KB | J74: 15 | K74: CLOUD BLUE | L74: W China | M74: QUANTA | N74: 14.3 | O74: 14.3 | P74: 14.3 | Q74: 14.3 | R74: 14.3 | S74: 14.3 | T74: 14.3 | U74: 14.3 | V74: 14.3 | W74: 14.3 | X74: 14.3 | Y74: 14.3 | Z74: 14.3 | AA74: 5.5 | AB74: 5.5 | AC74: 5.5 | AD74: 5.5 | AE74: 5.5 | AF74: 5.5 | AG74: 5.5 | AH74: 5.5 | AI74: 5.5 | AJ74: 5.5 | AK74: 5.5 | AL74: 5.5 | AM74: 5.5 | AN74: 28776 | AO74: =AB74*AN74 -> 158268 | AP74: 884 | AQ74: =AC74*AP74 -> 4862 | AR74: 1256 | AS74: =AD74*AR74 -> 6908 | AT74: 4440 | AU74: =AE74*AT74 -> 24420 | AV74: 6940 | AW74: =AF74*AV74 -> 38170 | AX74: 7635 | AY74: =AG74*AX74 -> 41992.5 | AZ74: 4690 | BA74: =AH74*AZ74 -> 25795 | BB74: 5099 | BC74: =AI74*BB74 -> 28044.5 | BD74: 2418 | BE74: =AJ74*BD74 -> 13299 | BF74: 3531 | BG74: =AK74*BF74 -> 19420.5 | BH74: 2718 | BI74: =AL74*BH74 -> 14949 | BJ74: 2551 | BK74: =AM74*BJ74 -> 14030.5
A75: FY23 | B75: Benson Chen | C75: SUNREX | E75: NB | G75: 2020 | H75: FELICETTE/STRELKA | I75: BL KB | J75: 15 | K75: LIGHT TEAL | L75: W China | M75: QUANTA | N75: 15.2 | O75: 15.2 | P75: 15.2 | Q75: 15.2 | R75: 15.2 | S75: 15.2 | T75: 15.2 | U75: 15.2 | V75: 15.2 | W75: 15.2 | X75: 15.2 | Y75: 15.2 | Z75: 15.2 | AA75: 5.5 | AB75: 5.5 | AC75: 5.5 | AD75: 5.5 | AE75: 5.5 | AF75: 5.5 | AG75: 5.5 | AH75: 5.5 | AI75: 5.5 | AJ75: 5.5 | AK75: 5.5 | AL75: 5.5 | AM75: 5.5 | AN75: 0 | AO75: =AB75*AN75 -> 0 | AP75: 0 | AQ75: =AC75*AP75 -> 0 | AR75: 0 | AS75: =AD75*AR75 -> 0 | AT75: 0 | AU75: =AE75*AT75 -> 0 | AW75: =AF75*AV75 -> 0 | AX75: 0 | AY75: =AG75*AX75 -> 0 | AZ75: 0 | BA75: =AH75*AZ75 -> 0 | BB75: 0 | BC75: =AI75*BB75 -> 0 | BD75: 0 | BE75: =AJ75*BD75 -> 0 | BF75: 0 | BG75: =AK75*BF75 -> 0 | BH75: 0 | BI75: =AL75*BH75 -> 0 | BJ75: 0 | BK75: =AM75*BJ75 -> 0
A76: FY23 | B76: Benson Chen | C76: SUNREX | E76: NB | G76: 2022 | H76: ROKU | I76: BL KB | J76: 16 | K76: MICA SILVER/CERAMIC WHITE | L76: W China | M76: QUANTA | N76: 15.4 | O76: 15.4 | P76: 15.4 | Q76: 15.4 | R76: 15.4 | S76: 15.4 | T76: 15.4 | U76: 15.4 | V76: 15.4 | W76: 15.4 | X76: 15.4 | Y76: 15.4 | Z76: 15.4 | AA76: 1.85 | AB76: 1.85 | AC76: 1.85 | AD76: 3.5 | AE76: 3.5 | AF76: 3.5 | AG76: 3.5 | AH76: 4.5 | AI76: 4.5 | AJ76: 4.5 | AK76: 4.5 | AL76: 4.5 | AM76: 4.5 | AN76: 18920 | AO76: =AB76*AN76 -> 35002 | AP76: 13051 | AQ76: =AC76*AP76 -> 24144.35 | AR76: =6864+109 -> 6973 | AS76: =AD76*AR76 -> 24405.5 | AT76: 11928 | AU76: =AE76*AT76 -> 41748 | AV76: 23720 | AW76: =AF76*AV76 -> 83020 | AX76: 18568 | AY76: =AG76*AX76 -> 64988 | AZ76: 12986 | BA76: =AH76*AZ76 -> 58437 | BB76: 28886 | BC76: =AI76*BB76 -> 129987 | BD76: 27144 | BE76: =AJ76*BD76 -> 122148 | BF76: 24238 | BG76: =AK76*BF76 -> 109071 | BH76: 45781 | BI76: =AL76*BH76 -> 206014.5 | BJ76: 34104 | BK76: =AM76*BJ76 -> 153468
A77: FY23 | B77: Benson Chen | C77: SUNREX | E77: NB | G77: 2022 | H77: ROKU | I77: BL KB | J77: 16 | K77: PERFORMANCE BLUE | L77: W China | M77: QUANTA | N77: 16.4 | O77: 16.4 | P77: 16.4 | Q77: 16.4 | R77: 16.4 | S77: 16.4 | T77: 16.4 | U77: 16.4 | V77: 16.4 | W77: 16.4 | X77: 16.4 | Y77: 16.4 | Z77: 16.4 | AA77: 1.85 | AB77: 1.85 | AC77: 1.85 | AD77: 3.5 | AE77: 3.5 | AF77: 3.5 | AG77: 3.5 | AH77: 4.5 | AI77: 4.5 | AJ77: 4.5 | AK77: 4.5 | AL77: 4.5 | AM77: 4.5 | AN77: 1352 | AO77: =AB77*AN77 -> 2501.2 | AP77: 1729 | AQ77: =AC77*AP77 -> 3198.65 | AR77: 2313 | AS77: =AD77*AR77 -> 8095.5 | AT77: 0 | AU77: =AE77*AT77 -> 0 | AV77: 2320 | AW77: =AF77*AV77 -> 8120 | AX77: 429 | AY77: =AG77*AX77 -> 1501.5 | AZ77: 0 | BA77: =AH77*AZ77 -> 0 | BB77: 66 | BC77: =AI77*BB77 -> 297 | BD77: 0 | BE77: =AJ77*BD77 -> 0 | BF77: 0 | BG77: =AK77*BF77 -> 0 | BH77: 158 | BI77: =AL77*BH77 -> 711 | BJ77: 0 | BK77: =AM77*BJ77 -> 0
A78: FY23 | B78: Benson Chen | C78: SUNREX | E78: NB | G78: 2023 | H78: ROAREE/BIGRED | I78: BL KB | J78: 15 | K78: CERAMIC WHITE/PERFORMANCE BLUE OPAQUE | L78: W China | M78: QUANTA | N78: 15.4 | O78: 15.4 | P78: 15.4 | Q78: 15.4 | R78: 15.4 | S78: 15.4 | T78: 15.4 | U78: 15.4 | V78: 15.4 | W78: 15.4 | X78: 15.4 | Y78: 15.4 | Z78: 15.4 | AA78: 0 | AB78: 0 | AC78: 0 | AD78: 0 | AE78: 0 | AF78: 0 | AG78: 3.5 | AH78: 3.5 | AI78: 3.5 | AJ78: 3.5 | AK78: 3.5 | AL78: 3.5 | AM78: 3.5 | AN78: 0 | AO78: =AB78*AN78 -> 0 | AP78: 0 | AQ78: =AC78*AP78 -> 0 | AR78: 0 | AS78: =AD78*AR78 -> 0 | AT78: 0 | AU78: =AE78*AT78 -> 0 | AV78: 0 | AW78: =AF78*AV78 -> 0 | AX78: 0 | AY78: =AG78*AX78 -> 0 | AZ78: 0 | BA78: =AH78*AZ78 -> 0 | BB78: 280 | BC78: =AI78*BB78 -> 980 | BD78: 160 | BE78: =AJ78*BD78 -> 560 | BF78: 356 | BG78: =AK78*BF78 -> 1246 | BH78: 480 | BI78: =AL78*BH78 -> 1680 | BJ78: 118 | BK78: =AM78*BJ78 -> 413
A79: FY23 | B79: Benson Chen | C79: SUNREX | E79: NB | G79: 2023 | H79: ROAREE/BIGRED | I79: BL KB | J79: 15 | K79: MOONSTONE GREY | L79: E China | M79: COMPAL | N79: 15.4 | O79: 15.4 | P79: 15.4 | Q79: 15.4 | R79: 15.4 | S79: 15.4 | T79: 15.4 | U79: 15.4 | V79: 15.4 | W79: 15.4 | X79: 15.4 | Y79: 15.4 | Z79: 15.4 | AA79: 0 | AB79: 0 | AC79: 0 | AD79: 0 | AE79: 3.5 | AF79: 3.5 | AG79: 3.5 | AH79: 3.5 | AI79: 3.5 | AJ79: 3.5 | AK79: 3.5 | AL79: 3.5 | AM79: 3.5 | AN79: 0 | AO79: =AB79*AN79 -> 0 | AP79: 0 | AQ79: =AC79*AP79 -> 0 | AR79: 0 | AS79: =AD79*AR79 -> 0 | AT79: 0 | AU79: =AE79*AT79 -> 0 | AV79: 3171 | AW79: =AF79*AV79 -> 11098.5 | AX79: 424 | AY79: =AG79*AX79 -> 1484 | AZ79: 878 | BA79: =AH79*AZ79 -> 3073 | BB79: 1920 | BC79: =AI79*BB79 -> 6720 | BD79: 672 | BE79: =AJ79*BD79 -> 2352 | BF79: 766 | BG79: =AK79*BF79 -> 2681 | BH79: 1143 | BI79: =AL79*BH79 -> 4000.5 | BJ79: 1032 | BK79: =AM79*BJ79 -> 3612
A80: FY23 | B80: Benson Chen | C80: SUNREX | E80: NB | G80: 2023 | H80: ROAREE/BIGRED | I80: BL KB | J80: 15 | K80: CERAMIC WHITE-RGB | L80: E China | M80: COMPAL | N80: 18.4 | O80: 18.4 | P80: 18.4 | Q80: 18.4 | R80: 18.4 | S80: 18.4 | T80: 18.4 | U80: 18.4 | V80: 18.4 | W80: 18.4 | X80: 18.4 | Y80: 18.4 | Z80: 18.4 | AA80: 0 | AB80: 0 | AC80: 0 | AD80: 0 | AE80: 3.5 | AF80: 3.5 | AG80: 3.5 | AH80: 3.5 | AI80: 3.5 | AJ80: 3.5 | AK80: 3.5 | AL80: 3.5 | AM80: 3.5 | AN80: 0 | AO80: =AB80*AN80 -> 0 | AP80: 0 | AQ80: =AC80*AP80 -> 0 | AR80: 0 | AS80: =AD80*AR80 -> 0 | AT80: 0 | AU80: =AE80*AT80 -> 0 | AV80: 0 | AW80: =AF80*AV80 -> 0 | AX80: 1040 | AY80: =AG80*AX80 -> 3640 | AZ80: 636 | BA80: =AH80*AZ80 -> 2226 | BB80: 1438 | BC80: =AI80*BB80 -> 5033 | BD80: 120 | BE80: =AJ80*BD80 -> 420 | BF80: 1240 | BG80: =AK80*BF80 -> 4340 | BH80: 720 | BI80: =AL80*BH80 -> 2520 | BJ80: 80 | BK80: =AM80*BJ80 -> 280
A81: FY23 | B81: Benson Chen | C81: SUNREX | E81: NB | G81: 2023 | H81: ROAREE/BIGRED | I81: BL KB | J81: 15 | K81: PERFORMANCE BLUE OPAQUE-RGB | L81: E China | M81: COMPAL | N81: 18.4 | O81: 18.4 | P81: 18.4 | Q81: 18.4 | R81: 18.4 | S81: 18.4 | T81: 18.4 | U81: 18.4 | V81: 18.4 | W81: 18.4 | X81: 18.4 | Y81: 18.4 | Z81: 18.4 | AA81: 0 | AB81: 0 | AC81: 0 | AD81: 0 | AE81: 0 | AF81: 0 | AG81: 3.5 | AH81: 3.5 | AI81: 3.5 | AJ81: 3.5 | AK81: 3.5 | AL81: 3.5 | AM81: 3.5 | AN81: 0 | AO81: =AB81*AN81 -> 0 | AP81: 0 | AQ81: =AC81*AP81 -> 0 | AR81: 0 | AS81: =AD81*AR81 -> 0 | AT81: 0 | AU81: =AE81*AT81 -> 0 | AV81: 0 | AW81: =AF81*AV81 -> 0 | AX81: 0 | AY81: =AG81*AX81 -> 0 | AZ81: 0 | BA81: =AH81*AZ81 -> 0 | BB81: 0 | BC81: =AI81*BB81 -> 0 | BD81: 0 | BE81: =AJ81*BD81 -> 0 | BF81: 0 | BG81: =AK81*BF81 -> 0 | BH81: 0 | BI81: =AL81*BH81 -> 0 | BJ81: 0 | BK81: =AM81*BJ81 -> 0
A82: FY23 | B82: Benson Chen | C82: SUNREX | E82: NB | G82: 2023 | H82: ROAREE/BIGRED | I82: BL KB | J82: 15 | K82: MOONSTONE GREY-RGB | L82: E China | M82: COMPAL | N82: 18.4 | O82: 18.4 | P82: 18.4 | Q82: 18.4 | R82: 18.4 | S82: 18.4 | T82: 18.4 | U82: 18.4 | V82: 18.4 | W82: 18.4 | X82: 18.4 | Y82: 18.4 | Z82: 18.4 | AA82: 0 | AB82: 0 | AC82: 0 | AD82: 0 | AE82: 3.5 | AF82: 3.5 | AG82: 3.5 | AH82: 3.5 | AI82: 3.5 | AJ82: 3.5 | AK82: 3.5 | AL82: 3.5 | AM82: 3.5 | AN82: 0 | AO82: =AB82*AN82 -> 0 | AP82: 0 | AQ82: =AC82*AP82 -> 0 | AR82: 0 | AS82: =AD82*AR82 -> 0 | AT82: 0 | AU82: =AE82*AT82 -> 0 | AV82: 4839 | AW82: =AF82*AV82 -> 16936.5 | AX82: 2151 | AY82: =AG82*AX82 -> 7528.5 | AZ82: 6027 | BA82: =AH82*AZ82 -> 21094.5 | BB82: 5517 | BC82: =AI82*BB82 -> 19309.5 | BD82: 5681 | BE82: =AJ82*BD82 -> 19883.5 | BF82: 13506 | BG82: =AK82*BF82 -> 47271 | BH82: 3575 | BI82: =AL82*BH82 -> 12512.5 | BJ82: 1079 | BK82: =AM82*BJ82 -> 3776.5
A83: FY23 | B83: Benson Chen | C83: SUNREX | E83: NB | G83: 2023 | H83: TUFFY | I83: BL KB | J83: 16 | K83: SOFT GREY | L83: W China | M83: WISTRON | N83: 15.2 | O83: 15.2 | P83: 15.2 | Q83: 15.2 | R83: 15.2 | S83: 15.2 | T83: 15.2 | U83: 15.2 | V83: 15.2 | W83: 15.2 | X83: 15.2 | Y83: 15.2 | Z83: 15.2 | AA83: 0 | AB83: 0 | AC83: 0 | AD83: 0 | AE83: 1.5 | AF83: 1.5 | AG83: 1.5 | AH83: 1.5 | AI83: 1.5 | AJ83: 1.5 | AK83: 1.5 | AL83: 1.5 | AM83: 1.5 | AN83: 0 | AO83: =AB83*AN83 -> 0 | AP83: 0 | AQ83: =AC83*AP83 -> 0 | AR83: 0 | AS83: =AD83*AR83 -> 0 | AT83: 0 | AU83: =AE83*AT83 -> 0 | AV83: 0 | AW83: =AF83*AV83 -> 0 | AX83: 0 | AY83: =AG83*AX83 -> 0 | AZ83: 0 | BA83: =AH83*AZ83 -> 0 | BB83: 0 | BC83: =AI83*BB83 -> 0 | BD83: 0 | BE83: =AJ83*BD83 -> 0 | BF83: 0 | BG83: =AK83*BF83 -> 0 | BH83: 0 | BI83: =AL83*BH83 -> 0 | BJ83: 0 | BK83: =AM83*BJ83 -> 0
A84: FY23 | B84: Benson Chen | C84: SUNREX | E84: NB | G84: 2023 | H84: TUFFY | I84: BL KB | J84: 16 | K84: SANDSTORM GREY | L84: W China | M84: WISTRON | N84: 15.2 | O84: 15.2 | P84: 15.2 | Q84: 15.2 | R84: 15.2 | S84: 15.2 | T84: 15.2 | U84: 15.2 | V84: 15.2 | W84: 15.2 | X84: 15.2 | Y84: 15.2 | Z84: 15.2 | AA84: 0 | AB84: 0 | AC84: 0 | AD84: 0 | AE84: 1.5 | AF84: 1.5 | AG84: 1.5 | AH84: 1.5 | AI84: 1.5 | AJ84: 1.5 | AK84: 1.5 | AL84: 1.5 | AM84: 1.5 | AN84: 0 | AO84: =AB84*AN84 -> 0 | AP84: 0 | AQ84: =AC84*AP84 -> 0 | AR84: 0 | AS84: =AD84*AR84 -> 0 | AT84: 0 | AU84: =AE84*AT84 -> 0 | AV84: 0 | AW84: =AF84*AV84 -> 0 | AX84: 0 | AY84: =AG84*AX84 -> 0 | AZ84: 0 | BA84: =AH84*AZ84 -> 0 | BB84: 0 | BC84: =AI84*BB84 -> 0 | BD84: 0 | BE84: =AJ84*BD84 -> 0 | BF84: 0 | BG84: =AK84*BF84 -> 0 | BH84: 0 | BI84: =AL84*BH84 -> 0 | BJ84: 0 | BK84: =AM84*BJ84 -> 0
A85: FY23 | C85: SUNREX | E85: NB | AO85: =AB85*AN85 -> 0 | AQ85: =AC85*AP85 -> 0 | AS85: =AD85*AR85 -> 0 | AU85: =AE85*AT85 -> 0 | AW85: =AF85*AV85 -> 0 | AY85: =AG85*AX85 -> 0 | BA85: =AH85*AZ85 -> 0 | BB85: 0 | BC85: =AI85*BB85 -> 0 | BE85: =AJ85*BD85 -> 0 | BF85: 0 | BG85: =AK85*BF85 -> 0 | BI85: =AL85*BH85 -> 0 | BK85: =AM85*BJ85 -> 0
A86: FY23 | C86: SUNREX | E86: NB | F86: Spectre | AO86: =AB86*AN86 -> 0 | AQ86: =AC86*AP86 -> 0 | AS86: =AD86*AR86 -> 0 | AU86: =AE86*AT86 -> 0 | AW86: =AF86*AV86 -> 0 | AY86: =AG86*AX86 -> 0 | BA86: =AH86*AZ86 -> 0 | BC86: =AI86*BB86 -> 0 | BE86: =AJ86*BD86 -> 0 | BF86: 0 | BG86: =AK86*BF86 -> 0 | BI86: =AL86*BH86 -> 0 | BK86: =AM86*BJ86 -> 0
A87: FY23 | C87: SUNREX | E87: NB | AO87: =AB87*AN87 -> 0 | AQ87: =AC87*AP87 -> 0 | AS87: =AD87*AR87 -> 0 | AU87: =AE87*AT87 -> 0 | AW87: =AF87*AV87 -> 0 | AY87: =AG87*AX87 -> 0 | BA87: =AH87*AZ87 -> 0 | BC87: =AI87*BB87 -> 0 | BE87: =AJ87*BD87 -> 0 | BF87: 0 | BG87: =AK87*BF87 -> 0 | BI87: =AL87*BH87 -> 0 | BK87: =AM87*BJ87 -> 0
A88: FY23 | B88: Benson Chen | C88: SUNREX | E88: NB | F88: Envy | G88: 2022 | H88: BULLEIT/WELLER | I88: BL KB | J88: 15 | K88: NATURAL SILVER | L88: E China | M88: COMPAL | N88: 14.4 | O88: 14.4 | P88: 14.4 | Q88: 14.4 | R88: 14.4 | S88: 14.4 | T88: 14.4 | U88: 14.4 | V88: 14.4 | W88: 14.4 | X88: 14.4 | Y88: 14.4 | Z88: 14.4 | AA88: 2.2 | AB88: 2.2 | AC88: 2.2 | AD88: 3.5 | AE88: 3.5 | AF88: 3.5 | AG88: 3.5 | AH88: 4 | AI88: 4 | AJ88: 4 | AK88: 4 | AL88: 4 | AM88: 4 | AN88: 0 | AO88: =AB88*AN88 -> 0 | AP88: 0 | AQ88: =AC88*AP88 -> 0 | AR88: 0 | AS88: =AD88*AR88 -> 0 | AT88: 0 | AU88: =AE88*AT88 -> 0 | AV88: 0 | AW88: =AF88*AV88 -> 0 | AX88: 0 | AY88: =AG88*AX88 -> 0 | AZ88: 0 | BA88: =AH88*AZ88 -> 0 | BB88: 0 | BC88: =AI88*BB88 -> 0 | BD88: 0 | BE88: =AJ88*BD88 -> 0 | BF88: 0 | BG88: =AK88*BF88 -> 0 | BH88: 0 | BI88: =AL88*BH88 -> 0 | BJ88: 0 | BK88: =AM88*BJ88 -> 0
A89: FY23 | B89: Benson Chen | C89: SUNREX | E89: NB | G89: 2022 | H89: BULLEIT/WELLER | I89: BL KB | J89: 15 | K89: NIGHTFALL BLACK-ANO | L89: E China | M89: COMPAL | N89: 15.1 | O89: 15.1 | P89: 15.1 | Q89: 15.1 | R89: 15.1 | S89: 15.1 | T89: 15.1 | U89: 15.1 | V89: 15.1 | W89: 15.1 | X89: 15.1 | Y89: 15.1 | Z89: 15.1 | AA89: 2.2 | AB89: 2.2 | AC89: 2.2 | AD89: 3.5 | AE89: 3.5 | AF89: 3.5 | AG89: 3.5 | AH89: 4 | AI89: 4 | AJ89: 4 | AK89: 4 | AL89: 4 | AM89: 4 | AN89: 12393 | AO89: =AB89*AN89 -> 27264.6 | AP89: 4765 | AQ89: =AC89*AP89 -> 10483 | AR89: 4682 | AS89: =AD89*AR89 -> 16387 | AT89: 1714 | AU89: =AE89*AT89 -> 5999 | AV89: 973 | AW89: =AF89*AV89 -> 3405.5 | AX89: 0 | AY89: =AG89*AX89 -> 0 | AZ89: 0 | BA89: =AH89*AZ89 -> 0 | BB89: 0 | BC89: =AI89*BB89 -> 0 | BD89: 0 | BE89: =AJ89*BD89 -> 0 | BF89: 0 | BG89: =AK89*BF89 -> 0 | BH89: 0 | BI89: =AL89*BH89 -> 0 | BJ89: 0 | BK89: =AM89*BJ89 -> 0
A90: FY23 | B90: Benson Chen | C90: SUNREX | E90: NB | G90: 2022 | H90: BULLEIT/WELLER | I90: BL KB | J90: 15 | K90: MOONSTONE GREY | L90: E China | M90: COMPAL | N90: 15.1 | O90: 15.1 | P90: 15.1 | Q90: 15.1 | R90: 15.1 | S90: 15.1 | T90: 15.1 | U90: 15.1 | V90: 15.1 | W90: 15.1 | X90: 15.1 | Y90: 15.1 | Z90: 15.1 | AA90: 0 | AB90: 0 | AC90: 0 | AD90: 0 | AE90: 0 | AF90: 3.5 | AG90: 3.5 | AH90: 4 | AI90: 4 | AJ90: 4 | AK90: 4 | AL90: 4 | AM90: 4 | AN90: 0 | AO90: =AB90*AN90 -> 0 | AP90: 0 | AQ90: =AC90*AP90 -> 0 | AR90: 0 | AS90: =AD90*AR90 -> 0 | AT90: 0 | AU90: =AE90*AT90 -> 0 | AV90: 840 | AW90: =AF90*AV90 -> 2940 | AX90: 590 | AY90: =AG90*AX90 -> 2065 | AZ90: 1773 | BA90: =AH90*AZ90 -> 7092 | BB90: 1355 | BC90: =AI90*BB90 -> 5420 | BD90: 909 | BE90: =AJ90*BD90 -> 3636 | BF90: 2090 | BG90: =AK90*BF90 -> 8360 | BH90: 2420 | BI90: =AL90*BH90 -> 9680 | BJ90: 1453 | BK90: =AM90*BJ90 -> 5812
A91: FY23 | B91: Benson Chen | C91: SUNREX | E91: NB | G91: 2023 | H91: GOLDY/BUCKY | I91: BL KB | J91: 15 | K91: NIGHTFALL BLACK OPAQUE | L91: E China | M91: COMPAL | N91: 15.1 | O91: 15.1 | P91: 15.1 | Q91: 15.1 | R91: 15.1 | S91: 15.1 | T91: 15.1 | U91: 15.1 | V91: 15.1 | W91: 15.1 | X91: 15.1 | Y91: 15.1 | Z91: 15.1 | AA91: 0 | AB91: 0 | AC91: 0 | AD91: 0 | AE91: 1.5 | AF91: 1.5 | AG91: 1.5 | AH91: 1.5 | AI91: 1.5 | AJ91: 1.5 | AK91: 1.5 | AL91: 1.5 | AM91: 1.5 | AN91: 0 | AO91: =AB91*AN91 -> 0 | AP91: 0 | AQ91: =AC91*AP91 -> 0 | AR91: 0 | AS91: =AD91*AR91 -> 0 | AT91: 0 | AU91: =AE91*AT91 -> 0 | AV91: 0 | AW91: =AF91*AV91 -> 0 | AX91: 5420 | AY91: =AG91*AX91 -> 8130 | AZ91: 8200 | BA91: =AH91*AZ91 -> 12300 | BB91: 3875 | BC91: =AI91*BB91 -> 5812.5 | BD91: 10430 | BE91: =AJ91*BD91 -> 15645 | BF91: 4965 | BG91: =AK91*BF91 -> 7447.5 | BH91: 10519 | BI91: =AL91*BH91 -> 15778.5 | BJ91: 2592 | BK91: =AM91*BJ91 -> 3888
A92: FY23 | C92: SUNREX | E92: NB | AO92: =AB92*AN92 -> 0 | AQ92: =AC92*AP92 -> 0 | AS92: =AD92*AR92 -> 0 | AU92: =AE92*AT92 -> 0 | AW92: =AF92*AV92 -> 0 | AY92: =AG92*AX92 -> 0 | BA92: =AH92*AZ92 -> 0 | BB92: 0 | BC92: =AI92*BB92 -> 0 | BE92: =AJ92*BD92 -> 0 | BF92: 0 | BG92: =AK92*BF92 -> 0 | BI92: =AL92*BH92 -> 0 | BK92: =AM92*BJ92 -> 0
A93: FY23 | C93: SUNREX | E93: NB | F93: Stream | AO93: =AB93*AN93 -> 0 | AQ93: =AC93*AP93 -> 0 | AS93: =AD93*AR93 -> 0 | AU93: =AE93*AT93 -> 0 | AW93: =AF93*AV93 -> 0 | AY93: =AG93*AX93 -> 0 | BA93: =AH93*AZ93 -> 0 | BC93: =AI93*BB93 -> 0 | BE93: =AJ93*BD93 -> 0 | BF93: 0 | BG93: =AK93*BF93 -> 0 | BI93: =AL93*BH93 -> 0 | BK93: =AM93*BJ93 -> 0
A94: FY23 | C94: SUNREX | E94: NB | AO94: =AB94*AN94 -> 0 | AQ94: =AC94*AP94 -> 0 | AS94: =AD94*AR94 -> 0 | AU94: =AE94*AT94 -> 0 | AW94: =AF94*AV94 -> 0 | AY94: =AG94*AX94 -> 0 | BA94: =AH94*AZ94 -> 0 | BC94: =AI94*BB94 -> 0 | BE94: =AJ94*BD94 -> 0 | BF94: 0 | BG94: =AK94*BF94 -> 0 | BI94: =AL94*BH94 -> 0 | BK94: =AM94*BJ94 -> 0
A95: FY23 | B95: Benson Chen | C95: SUNREX | E95: NB | F95: OMEN | G95: 2020 | H95: STARMADE | I95: BL KB | J95: 15 | K95: 1 Zone W/O Num Pad-Black-Red | L95: W China | M95: QUANTA | N95: 17.8 | O95: 17.8 | P95: 17.8 | Q95: 17.8 | R95: 17.8 | S95: 17.8 | T95: 17.8 | U95: 17.8 | V95: 17.8 | W95: 17.8 | X95: 17.8 | Y95: 17.8 | Z95: 17.8 | AA95: 8 | AB95: 8 | AC95: 8 | AD95: 8 | AE95: 8 | AF95: 8 | AG95: 8 | AH95: 8 | AI95: 8 | AJ95: 8 | AK95: 8 | AL95: 8 | AM95: 8 | AN95: 0 | AO95: =AB95*AN95 -> 0 | AP95: 0 | AQ95: =AC95*AP95 -> 0 | AR95: 0 | AS95: =AD95*AR95 -> 0 | AT95: 0 | AU95: =AE95*AT95 -> 0 | AV95: 0 | AW95: =AF95*AV95 -> 0 | AX95: 0 | AY95: =AG95*AX95 -> 0 | AZ95: 0 | BA95: =AH95*AZ95 -> 0 | BB95: 0 | BC95: =AI95*BB95 -> 0 | BD95: 0 | BE95: =AJ95*BD95 -> 0 | BF95: 0 | BG95: =AK95*BF95 -> 0 | BH95: 0 | BI95: =AL95*BH95 -> 0 | BJ95: 0 | BK95: =AM95*BJ95 -> 0
A96: FY23 | B96: Benson Chen | C96: SUNREX | E96: NB | G96: 2020 | H96: VALKYRIE | I96: BL KB | J96: 15 | K96: 1 Zone W/O Num Pad-Silver-White | L96: W China | M96: QUANTA | N96: 17.8 | O96: 17.8 | P96: 17.8 | Q96: 17.8 | R96: 17.8 | S96: 17.8 | T96: 17.8 | U96: 17.8 | V96: 17.8 | W96: 17.8 | X96: 17.8 | Y96: 17.8 | Z96: 17.8 | AA96: 8 | AB96: 8 | AC96: 8 | AD96: 8 | AE96: 8 | AF96: 8 | AG96: 8 | AH96: 8 | AI96: 8 | AJ96: 8 | AK96: 8 | AL96: 8 | AM96: 8 | AN96: 0 | AO96: =AB96*AN96 -> 0 | AP96: 0 | AQ96: =AC96*AP96 -> 0 | AR96: 0 | AS96: =AD96*AR96 -> 0 | AT96: 0 | AU96: =AE96*AT96 -> 0 | AV96: 0 | AW96: =AF96*AV96 -> 0 | AX96: 0 | AY96: =AG96*AX96 -> 0 | AZ96: 0 | BA96: =AH96*AZ96 -> 0 | BB96: 0 | BC96: =AI96*BB96 -> 0 | BD96: 0 | BE96: =AJ96*BD96 -> 0 | BF96: 0 | BG96: =AK96*BF96 -> 0 | BH96: 0 | BI96: =AL96*BH96 -> 0 | BJ96: 0 | BK96: =AM96*BJ96 -> 0
A97: FY23 | B97: Benson Chen | C97: SUNREX | E97: NB | G97: 2020 | H97: STARMADE | I97: BL KB | J97: 15 | K97: 4 Zone W/O Num Pad-Black-RGB | L97: W China | M97: QUANTA | N97: 26.2 | O97: 26.2 | P97: 26.2 | Q97: 26.2 | R97: 26.2 | S97: 26.2 | T97: 26.2 | U97: 26.2 | V97: 26.2 | W97: 26.2 | X97: 26.2 | Y97: 26.2 | Z97: 26.2 | AA97: 10.86 | AB97: 10.86 | AC97: 10.86 | AD97: 10.86 | AE97: 10.86 | AF97: 10.86 | AG97: 10.86 | AH97: 10.86 | AI97: 10.86 | AJ97: 10.86 | AK97: 10.86 | AL97: 10.86 | AM97: 10.86 | AN97: 0 | AO97: =AB97*AN97 -> 0 | AP97: 0 | AQ97: =AC97*AP97 -> 0 | AR97: 0 | AS97: =AD97*AR97 -> 0 | AT97: 0 | AU97: =AE97*AT97 -> 0 | AV97: 0 | AW97: =AF97*AV97 -> 0 | AX97: 0 | AY97: =AG97*AX97 -> 0 | AZ97: 0 | BA97: =AH97*AZ97 -> 0 | BB97: 0 | BC97: =AI97*BB97 -> 0 | BD97: 0 | BE97: =AJ97*BD97 -> 0 | BF97: 0 | BG97: =AK97*BF97 -> 0 | BH97: 0 | BI97: =AL97*BH97 -> 0 | BJ97: 0 | BK97: =AM97*BJ97 -> 0
A98: FY23 | B98: Benson Chen | C98: SUNREX | E98: NB | G98: 2020 | H98: VALKYRIE | I98: BL KB | J98: 15 | K98: 4 Zone W/O Num Pad-Sliver-RGB | L98: W China | M98: QUANTA | N98: 26.2 | O98: 26.2 | P98: 26.2 | Q98: 26.2 | R98: 26.2 | S98: 26.2 | T98: 26.2 | U98: 26.2 | V98: 26.2 | W98: 26.2 | X98: 26.2 | Y98: 26.2 | Z98: 26.2 | AA98: 10.86 | AB98: 10.86 | AC98: 10.86 | AD98: 10.86 | AE98: 10.86 | AF98: 10.86 | AG98: 10.86 | AH98: 10.86 | AI98: 10.86 | AJ98: 10.86 | AK98: 10.86 | AL98: 10.86 | AM98: 10.86 | AN98: 0 | AO98: =AB98*AN98 -> 0 | AP98: 0 | AQ98: =AC98*AP98 -> 0 | AR98: 0 | AS98: =AD98*AR98 -> 0 | AT98: 0 | AU98: =AE98*AT98 -> 0 | AV98: 0 | AW98: =AF98*AV98 -> 0 | AX98: 0 | AY98: =AG98*AX98 -> 0 | AZ98: 0 | BA98: =AH98*AZ98 -> 0 | BB98: 0 | BC98: =AI98*BB98 -> 0 | BD98: 0 | BE98: =AJ98*BD98 -> 0 | BF98: 0 | BG98: =AK98*BF98 -> 0 | BH98: 0 | BI98: =AL98*BH98 -> 0 | BJ98: 0 | BK98: =AM98*BJ98 -> 0
A99: FY23 | B99: Benson Chen | C99: SUNREX | E99: NB | G99: 2021 | H99: RALPH | I99: BL KB | J99: 16 | K99: 1 Zone W/O Num Pad-Black-Red | L99: W China | M99: QUANTA | N99: 17.2 | O99: 17.2 | P99: 17.2 | Q99: 17.2 | R99: 17.2 | S99: 17.2 | T99: 17.2 | U99: 17.2 | V99: 17.2 | W99: 17.2 | X99: 17.2 | Y99: 17.2 | Z99: 17.2 | AA99: 7.2 | AB99: 7.2 | AC99: 7.2 | AD99: 7.2 | AE99: 7.2 | AF99: 7.2 | AG99: 7.2 | AH99: 7.2 | AI99: 7.2 | AJ99: 7.2 | AK99: 7.2 | AL99: 7.2 | AM99: 7.2 | AN99: 0 | AO99: =AB99*AN99 -> 0 | AP99: 0 | AQ99: =AC99*AP99 -> 0 | AR99: 0 | AS99: =AD99*AR99 -> 0 | AT99: 0 | AU99: =AE99*AT99 -> 0 | AV99: 0 | AW99: =AF99*AV99 -> 0 | AX99: 0 | AY99: =AG99*AX99 -> 0 | AZ99: 0 | BA99: =AH99*AZ99 -> 0 | BB99: 0 | BC99: =AI99*BB99 -> 0 | BD99: 0 | BE99: =AJ99*BD99 -> 0 | BF99: 0 | BG99: =AK99*BF99 -> 0 | BH99: 0 | BI99: =AL99*BH99 -> 0 | BJ99: 0 | BK99: =AM99*BJ99 -> 0
A100: FY23 | B100: Benson Chen | C100: SUNREX | E100: NB | G100: 2021 | H100: VANELLOPE | I100: BL KB | J100: 16 | K100: 1 Zone W/O Num Pad-Silver-White | L100: W China | M100: QUANTA | N100: 25.35 | O100: 25.35 | P100: 25.35 | Q100: 25.35 | R100: 25.35 | S100: 25.35 | T100: 25.35 | U100: 25.35 | V100: 25.35 | W100: 25.35 | X100: 25.35 | Y100: 25.35 | Z100: 25.35 | AA100: 7.2 | AB100: 7.2 | AC100: 7.2 | AD100: 7.2 | AE100: 7.2 | AF100: 7.2 | AG100: 7.2 | AH100: 7.2 | AI100: 7.2 | AJ100: 7.2 | AK100: 7.2 | AL100: 7.2 | AM100: 7.2 | AN100: 0 | AO100: =AB100*AN100 -> 0 | AP100: 0 | AQ100: =AC100*AP100 -> 0 | AR100: 0 | AS100: =AD100*AR100 -> 0 | AT100: 0 | AU100: =AE100*AT100 -> 0 | AV100: 0 | AW100: =AF100*AV100 -> 0 | AX100: 0 | AY100: =AG100*AX100 -> 0 | AZ100: 0 | BA100: =AH100*AZ100 -> 0 | BB100: 0 | BC100: =AI100*BB100 -> 0 | BD100: 0 | BE100: =AJ100*BD100 -> 0 | BF100: 0 | BG100: =AK100*BF100 -> 0 | BH100: 0 | BI100: =AL100*BH100 -> 0 | BJ100: 0 | BK100: =AM100*BJ100 -> 0
...

Sheet FY24 Summary_1
B3: Supplier's name | C3: 2023 11 | D3: 2023 12 | E3: 2024 01 | F3: Total Q1
B4: Rebate amount | C4: ='FY24'!AP1 -> 1067282.4 | D4: ='FY24'!AR1 -> 1488022.6 | E4: ='FY24'!AT1 -> 1241429.6 | F4: =SUM(C4:E4) -> 3796734.5
B5: E&O reduction | D5: 8663.94 | F5: =SUM(C5:E5) -> 8663.94
B6: Complexity reduction | F6: =SUM(C6:E6) -> 0 | H6: 1. 新增Summary_1, 原先的Summary重新命名為Summary_2
B7: Total amount | C7: =SUM(C4:C6) -> 1067282.4 | D7: =SUM(D4:D6) -> 1496686.5 | E7: =SUM(E4:E6) -> 1241429.6 | F7: =SUM(F4:F6) -> 3805398.4
H8: 2.黃色部位為貴司名稱, 請整份報告都跟檔名貴司名稱撰寫方式一致
B10: Supplier's name | C10: 2024 02 | D10: 2024 03 | E10: 2024 04 | F10: Total Q2 | H10: 3. 這些欄位一定要固定, B3-B28, C3-C28, D3-D28, E3-E28, F3-F28都有賦予定義
B11: Rebate amount | C11: ='FY24'!AV1 -> 1004453.2 | D11: ='FY24'!AX1 -> 1603764.8 | E11: ='FY24'!AZ1 -> 1390474 | F11: =SUM(C11:E11) -> 3998692
B12: E&O reduction | F12: =SUM(C12:E12) -> 0 | H12: 4. Rebate amount 指得是summary_2的page金額 (就是我們一直以來收集的金額)
B13: Complexity reduction | F13: =SUM(C13:E13) -> 0
B14: Total amount | C14: =SUM(C11:C13) -> 1004453.2 | D14: =SUM(D11:D13) -> 1603764.8 | E14: =SUM(E11:E13) -> 1390474 | F14: =SUM(F11:F13) -> 3998692 | H14: 5. 新增 E&O reduction 及complexity reduction品項, 先留足空間
H15: 若目前還未有此款項存在都先填0
B17: Supplier's name | C17: 2024 05 | D17: 2024 06 | E17: 2024 07 | F17: Total Q3 | H17: 6. 金額都放未經調整後的真實數字, 分析才具意義
B18: Rebate amount | C18: ='FY24'!BB1 -> 1367766.7 | D18: ='FY24'!BD1 -> 1210926.6 | E18: ='FY24'!BF1 -> 1197384.4 | F18: =SUM(C18:E18) -> 3776077.7
B19: E&O reduction | F19: =SUM(C19:E19) -> 0
B20: Complexity reduction | F20: =SUM(C20:E20) -> 0
B21: Total amount | C21: =SUM(C18:C20) -> 1367766.7 | D21: =SUM(D18:D20) -> 1210926.6 | E21: =SUM(E18:E20) -> 1197384.4 | F21: =SUM(F18:F20) -> 3776077.7
B24: Supplier's name | C24: 2024 08 | D24: 2024 09 | E24: 2024 10 | F24: Total Q4
B25: Rebate amount | C25: ='FY24'!BH1 -> 1179530.1 | D25: ='FY24'!BJ1 -> 1052763.2 | E25: ='FY24'!BL1 -> 829727.83 | F25: =SUM(C25:E25) -> 3062021.1
B26: E&O reduction | C26: 65640.07 | F26: =SUM(C26:E26) -> 65640.07
B27: Complexity reduction | F27: =SUM(C27:E27) -> 0
B28: Total amount | C28: =SUM(C25:C27) -> 1245170.2 | D28: =SUM(D25:D27) -> 1052763.2 | E28: =SUM(E25:E27) -> 829727.83 | F28: =SUM(F25:F27) -> 3127661.2

Sheet FY24 Summary_2
B3: Q1 Actual by Segment
C4: Segment | D4: 45231 | E4: 45261 | F4: 45292 | G4: Total Rebate in Q1 2024 (US$)
B5: CMIT Input Devices | C5: 200 series (6U) | D5: 10828.4 | E5: 16396.55 | F5: 10844.75 | G5: =SUM(D5:F5) -> 38069.7
C6: 400 series (S) | D6: 528543.24 | E6: 782115.18 | F6: 694863.35 | G6: =SUM(D6:F6) -> 2005521.8
C7: 600 series (B) | D7: 132135.81 | E7: 195528.8 | F7: 173715.84 | G7: =SUM(D7:F7) -> 501380.44
C8: 800 series (P) | G8: =SUM(D8:F8) -> 0
C9: 1000 series (M | G9: =SUM(D9:F9) -> 0
C10: MWS (Workstation) | G10: =SUM(D10:F10) -> 0
C11: Soft Keyboard | G11: =SUM(D11:F11) -> 0
C12: Chrome Book | D12: 24638.48 | E12: 91228.87 | F12: 32565.39 | G12: =SUM(D12:F12) -> 148432.74
C13: Clickpad | D13: 92993.66 | E13: 67906.52 | F13: 64922.26 | G13: =SUM(D13:F13) -> 225822.44
C14: Education | G14: =SUM(D14:F14) -> 0
C15: Peripherals/AMO | D15: 22489.6 | E15: 14423.8 | F15: 20067.8 | G15: =SUM(D15:F15) -> 56981.2
C16: Desktop | G16: =SUM(D16:F16) -> 0
B17: Consumer Input Devices | C17: OPP | D17: 78321.2 | E17: 96409.75 | F17: 95240.75 | G17: =SUM(D17:F17) -> 269971.7
C18: Chrome Book | G18: =SUM(D18:F18) -> 0
C19: Pavilion | D19: 159487 | E19: 205770.44 | F19: 137426.59 | G19: =SUM(D19:F19) -> 502684.03
C20: Spectre | G20: =SUM(D20:F20) -> 0
C21: Envy | D21: 13283.5 | E21: 8746.14 | F21: 4717.32 | G21: =SUM(D21:F21) -> 26746.96
C22: Stream | G22: =SUM(D22:F22) -> 0
C23: Omen | D23: 4561.5 | E23: 9496.5 | F23: 7065.5 | G23: =SUM(D23:F23) -> 21123.5
C24: Peripherals/AMO | G24: =SUM(D24:F24) -> 0
C25: Desktop | G25: =SUM(D25:F25) -> 0
G26: =SUM(G5:G25) -> 3796734.5
B28: Q1 Actual by Segment
C29: Supplier | D29: 45231 | E29: 45261 | F29: 45292 | G29: Total Rebate in Q1 2024 (US$)
B30: Input Devices | C30: Chicony
C31: Darfon
C32: Liteon
C33: Primax
C34: Sunrex | D34: =SUM(D5:D25) -> 1067282.4 | E34: =SUM(E5:E25) -> 1488022.6 | F34: =SUM(F5:F25) -> 1241429.6 | G34: =SUM(D34:F34) -> 3796734.5
B35: reserved | E35: 277191.56 | F35: 427802.33 | G35: =SUM(C35:F35) -> 704993.89
B36: E&O incentive | C36: Irwin | G36: 8663.94
C37: Total Q1 Rebate Amount Afer Adjustment | G37: =G34-G35+G36 -> 3100404.5
B39: Q2 Actual by Segment
C40: Segment | D40: 45323 | E40: 45352 | F40: 45383 | G40: Total Rebate in Q2 2024 (US$)
B41: CMIT Input Devices | C41: 200 series (6U) | D41: 26828.025 | E41: 36721.65 | F41: 28012.875 | G41: =SUM(D41:F41) -> 91562.55
C42: 400 series (S) | D42: 509203.67 | E42: 785199.8 | F42: 752750.62 | G42: =SUM(D42:F42) -> 2047154.1
C43: 600 series (B) | D43: 127300.92 | E43: 196299.95 | F43: 188187.65 | G43: =SUM(D43:F43) -> 511788.52
C44: 800 series (P) | G44: =SUM(D44:F44) -> 0
C45: 1000 series (M | G45: =SUM(D45:F45) -> 0
C46: MWS (Workstation) | G46: =SUM(D46:F46) -> 0
C47: Soft Keyboard | G47: =SUM(D47:F47) -> 0
C48: Chrome Book | D48: 44213.8 | E48: 231171.28 | F48: 116711.9 | G48: =SUM(D48:F48) -> 392096.98
C49: Clickpad | D49: 67566.4 | E49: 62186.34 | F49: 60766 | G49: =SUM(D49:F49) -> 190518.74
C50: Education | G50: =SUM(D50:F50) -> 0
C51: Peripherals/AMO | D51: 13736.8 | E51: 6512.4 | F51: 13148.4 | G51: =SUM(D51:F51) -> 33397.6
C52: Desktop | G52: =SUM(D52:F52) -> 0
B53: Consumer Input Devices | C53: OPP | D53: 80484.075 | E53: 110164.95 | F53: 84038.625 | G53: =SUM(D53:F53) -> 274687.65
C54: Chrome Book | G54: =SUM(D54:F54) -> 0
C55: Pavillion | D55: 132763.48 | E55: 171678.97 | F55: 143225.4 | G55: =SUM(D55:F55) -> 447667.85
C56: Spectre | G56: =SUM(D56:F56) -> 0
C57: Envy | D57: 898.5 | E57: 0 | F57: 0 | G57: =SUM(D57:F57) -> 898.5
C58: Stream | G58: =SUM(D58:F58) -> 0
C59: Omen | D59: 1457.5 | E59: 3829.5 | F59: 3632.5 | G59: =SUM(D59:F59) -> 8919.5
C60: Peripherals/AMO | G60: =SUM(D60:F60) -> 0
C61: Desktop | G61: =SUM(D61:F61) -> 0
G62: =SUM(G41:G61) -> 3998692
B64: Q2 Actual by Segment
C65: Supplier | D65: 45323 | E65: 45352 | F65: 45383 | G65: Total Rebate in Q2 2024 (US$)
B66: Input Devices | C66: Chicony
C67: Darfon
C68: Liteon
C69: Primax
C70: Sunrex | D70: =SUM(D41:D61) -> 1004453.2 | E70: =SUM(E41:E61) -> 1603764.8 | F70: =SUM(F41:F61) -> 1390474 | G70: =SUM(D70:F70) -> 3998692
B71: reserved | D71: 226848.51 | E71: 341786.33 | F71: 200467.06 | G71: =SUM(D71:F71) -> 769101.9
C72: Total Q2 Rebate Amount Afer Adjustment | G72: =G70-G71 -> 3229590.1
B75: Q3 Actual by Segment
C76: Segment | D76: 45413 | E76: 45444 | F76: 45474 | G76: Total Rebate in Q3 2024 (US$)
B77: CMIT Input Devices | C77: 200 series (6U) | D77: 41869.805 | E77: 57601.025 | F77: 27982.802 | G77: =SUM(D77:F77) -> 127453.63
C78: 400 series (S) | D78: 571709.62 | E78: 454903.08 | F78: 634912.47 | G78: =SUM(D78:F78) -> 1661525.2
C79: 600 series (B) | D79: 142927.41 | E79: 113725.77 | F79: 158728.12 | G79: =SUM(D79:F79) -> 415381.29
C80: 800 series (P) | G80: =SUM(D80:F80) -> 0
C81: 1000 series (M | G81: =SUM(D81:F81) -> 0
C82: MWS (Workstation) | G82: =SUM(D82:F82) -> 0
C83: Soft Keyboard | G83: =SUM(D83:F83) -> 0
C84: Chrome Book | D84: 247243.47 | E84: 105793.34 | F84: 41916.38 | G84: =SUM(D84:F84) -> 394953.19
C85: Clickpad | D85: 58972.23 | E85: 46138.5 | F85: 41636.56 | G85: =SUM(D85:F85) -> 146747.29
C86: Education | G86: =SUM(D86:F86) -> 0
C87: Peripherals/AMO | D87: 2760 | E87: 5689.6 | F87: 14022 | G87: =SUM(D87:F87) -> 22471.6
C88: Desktop | G88: =SUM(D88:F88) -> 0
B89: Consumer Input Devices | C89: OPP | D89: 125609.42 | E89: 172803.07 | F89: 83948.408 | G89: =SUM(D89:F89) -> 382360.9
C90: Chrome Book | G90: =SUM(D90:F90) -> 0
C91: Pavillion | D91: 168980.64 | E91: 193102.84 | F91: 180129.06 | G91: =SUM(D91:F91) -> 542212.54
C92: Spectre | G92: =SUM(D92:F92) -> 0
C93: Envy | D93: 0 | E93: 0 | F93: 0 | G93: =SUM(D93:F93) -> 0
C94: Stream | G94: =SUM(D94:F94) -> 0
C95: Omen | D95: 7694.1 | E95: 61169.4 | F95: 14108.6 | G95: =SUM(D95:F95) -> 82972.1
C96: Peripherals/AMO | G96: =SUM(D96:F96) -> 0
C97: Desktop | G97: =SUM(D97:F97) -> 0
G98: =SUM(G77:G97) -> 3776077.7
B100: Q3 Actual by Segment
C101: Supplier | D101: 45413 | E101: 45444 | F101: 45474 | G101: Total Rebate in Q3 2024 (US$)
C102: Sunrex | D102: =SUM(D77:D97) -> 1367766.7 | E102: =SUM(E77:E97) -> 1210926.6 | F102: =SUM(F77:F97) -> 1197384.4 | G102: =SUM(D102:F102) -> 3776077.7
B103: reserved | D103: 403509.8 | F103: 539402.55 | G103: =SUM(D103:F103) -> 942912.35
F104: Total Rebate Amount | G104: =G102-G103 -> 2833165.4
B106: Q4 Actual by Segment
C107: Segment | D107: 45505 | E107: 45536 | F107: 45566 | G107: Total Rebate in Q4 2024 (US$)
B108: CMIT Input Devices | C108: 200 series (6U) | D108: 44625.768 | E108: 57255.458 | F108: 32452.808 | G108: =SUM(D108:F108) -> 134334.03
C109: 400 series (S) | D109: 429192.64 | E109: 314492.41 | F109: 338302.04 | G109: =SUM(D109:F109) -> 1081987.1
...

Sheet FY24
D1: Consumer/Commercial/ Peripheral | E1: NB/DT/Peripherals/Chromebook | G1: 2020/2021/2022 | H1: Remove Size/Color, define Platform naming Hagrid/Hedwig/Granger/Ashmore/Ramla (follow naming rule of product list) | I1: NBL KB/BL KB/Mouse /Combo/Clickpad/Others | J1: NA/ | K1: NA/ | L1: (E China/W China/S China/NMC) | M1: COMPAL/ QUANTA /INVENTEC /WISTRON/ FOXCONN/ OTHERS | AC1: =SUM(AC3:AC148) -> 271.91 | AD1: =SUM(AD3:AD148) -> 291.5 | AE1: =SUM(AE3:AE148) -> 291.5 | AF1: =SUM(AF3:AF148) -> 295.1 | AG1: =SUM(AG3:AG148) -> 297.05 | AH1: =SUM(AH3:AH148) -> 304.75 | AI1: =SUM(AI3:AI148) -> 337.33 | AJ1: =SUM(AJ3:AJ148) -> 337.33 | ... AN1: =SUM(AN3:AN148) -> 339.51 | AP1: =SUM(AP3:AP1036) -> 1067282.4 | AR1: =SUM(AR3:AR1036) -> 1488022.6 | AT1: =SUM(AT3:AT1036) -> 1241429.6 | AV1: =SUM(AV3:AV1036) -> 1004453.2 | AX1: =SUM(AX3:AX1036) -> 1603764.8 | AZ1: =SUM(AZ3:AZ1036) -> 1390474 | BB1: =SUM(BB3:BB1036) -> 1367766.7 | BD1: =SUM(BD3:BD1036) -> 1210926.6 | BF1: =SUM(BF3:BF1036) -> 1197384.4 | BH1: =SUM(BH3:BH1036) -> 1179530.1 | BJ1: =SUM(BJ3:BJ1036) -> 1052763.2 | BL1: =SUM(BL3:BL1036) -> 829727.83 | BO1: NA/EMEA/APJ/OTHER
A2: FY24 | B2: SPM (Project Owner) | C2: GTK Suppliers | D2: Category | E2: Segment | F2: Series | G2: Production Year | H2: Platforms | I2: Product | J2: Size | K2: Color | L2: Location | M2: ODM | N2: RFQ Final Cost | O2: The lowest unit table price (ODM cost) | P2: Table Price Nov | Q2: Table Price Dec | R2: Table Price Jan | S2: Table Price Feb | T2: Table Price Mar | U2: Table Price Apr | V2: Table Price May | W2: Table Price Jun | X2: Table Price Jul | Y2: Table Price Aug | Z2: Table Price Sep | AA2: Table Price Oct | AB2: The lowest unit rebate cost | AC2: Unit Rebate Nov | AD2: Unit Rebate Dec | AE2: Unit Rebate Jan | AF2: Unit Rebate Feb | AG2: Unit Rebate Mar | AH2: Unit Rebate Apr | AI2: Unit Rebate May | AJ2: Unit Rebate Jun | AK2: Unit Rebate Jul | AL2: Unit Rebate Aug | AM2: Unit Rebate Sep | AN2: Unit Rebate Oct | AO2: Nov Q'ty | AP2: Nov Rebate Amount | AQ2: Dec Q'ty | AR2: Dec Rebate Amount | AS2: Jan Q'ty | AT2: Jan Rebate Amount | AU2: Feb Q'ty | AV2: Feb Rebate Amount | AW2: Mar Q'ty | AX2: Mar Rebate Amount | AY2: Apr Q'ty | AZ2: Apr Rebate Amount | BA2: May Q'ty | BB2: May Rebate Amount | BC2: Jun Q'ty | BD2: Jun Rebate Amount | BE2: Jul Q'ty | BF2: Jul Rebate Amount | BG2: Aug Q'ty | BH2: Aug Rebate Amount | BI2: Sep Q'ty | BJ2: Sep Rebate Amount | BK2: Oct Q'ty | BL2: Oct Rebate Amount | BM2: Supplier Part# | BN2: Comment | BO2: Region
A3: FY24 | C3: SUNREX | D3: Commercial | E3: NB | F3: 200 | AP3: =AC3*AO3 -> 0 | AR3: =AD3*AQ3 -> 0 | AT3: =AE3*AS3 -> 0 | AV3: =AF3*AU3 -> 0 | AX3: =AG3*AW3 -> 0 | AZ3: =AH3*AY3 -> 0 | BB3: =AI3*BA3 -> 0 | BD3: =AJ3*BC3 -> 0 | BF3: =AK3*BE3 -> 0 | BH3: =AL3*BG3 -> 0 | BJ3: =AM3*BI3 -> 0 | BL3: =AN3*BK3 -> 0
A4: FY24 | C4: SUNREX | E4: NB | AP4: =AC4*AO4 -> 0 | AR4: =AD4*AQ4 -> 0 | AT4: =AE4*AS4 -> 0 | AV4: =AF4*AU4 -> 0 | AX4: =AG4*AW4 -> 0 | AZ4: =AH4*AY4 -> 0 | BB4: =AI4*BA4 -> 0 | BD4: =AJ4*BC4 -> 0 | BF4: =AK4*BE4 -> 0 | BH4: =AL4*BG4 -> 0 | BJ4: =AM4*BI4 -> 0 | BL4: =AN4*BK4 -> 0
A5: FY24 | B5: Sandy Lu | C5: SUNREX | E5: NB | F5: 400/600 | G5: 2021 | H5: PRIMROSE/PEPPER/PIXIE/PAX | I5: NBL KB | J5: 13 | K5: FLINT OPAQUE | L5: W China | M5: INVENTEC | N5: 3.25 | O5: 4.4 | P5: 4.4 | Q5: 4.4 | R5: 4.4 | S5: 4.4 | T5: 4.4 | U5: 4.4 | V5: 4.31 | W5: 4.31 | X5: 4.31 | Y5: 4.31 | Z5: 4.31 | AA5: 4.31 | AB5: 0.73 | AC5: 0.73 | AD5: 0.73 | AE5: 0.73 | AF5: 0.73 | AG5: 0.73 | AH5: 0.73 | AI5: 1.07 | AJ5: 1.07 | AK5: 1.07 | AL5: 1.07 | AM5: 1.07 | AN5: 1.07 | AO5: 3721 | AP5: =AC5*AO5 -> 2716.33 | AQ5: 2920 | AR5: =AD5*AQ5 -> 2131.6 | AS5: 2440 | AT5: =AE5*AS5 -> 1781.2 | AU5: 2840 | AV5: =AF5*AU5 -> 2073.2 | AW5: 3580 | AX5: =AG5*AW5 -> 2613.4 | AY5: 3200 | AZ5: =AH5*AY5 -> 2336 | BA5: 6680 | BB5: =AI5*BA5 -> 7147.6 | BC5: 3760 | BD5: =AJ5*BC5 -> 4023.2 | BE5: 2520 | BF5: =AK5*BE5 -> 2696.4 | BG5: 2100 | BH5: =AL5*BG5 -> 2247 | BI5: 2760 | BJ5: =AM5*BI5 -> 2953.2 | BK5: 3200 | BL5: =AN5*BK5 -> 3424
A6: FY24 | B6: Sandy Lu | C6: SUNREX | E6: NB | G6: 2021 | H6: PRIMROSE/PEPPER/PIXIE/PAX | I6: BL KB | J6: 13 | K6: FLINT OPAQUE | L6: W China | M6: INVENTEC | N6: 8.95 | O6: 14.9 | P6: 14.9 | Q6: 14.9 | R6: 14.9 | S6: 14.9 | T6: 14.9 | U6: 14.9 | V6: 13.04 | W6: 13.04 | X6: 13.04 | Y6: 13.04 | Z6: 13.04 | AA6: 13.04 | AB6: 6.79 | AC6: 6.79 | AD6: 6.79 | AE6: 6.79 | AF6: 6.79 | AG6: 6.79 | AH6: 6.79 | AI6: 4.99 | AJ6: 4.99 | AK6: 4.99 | AL6: 4.99 | AM6: 4.99 | AN6: 4.99 | AO6: 3479 | AP6: =AC6*AO6 -> 23622.41 | AQ6: 1399 | AR6: =AD6*AQ6 -> 9499.21 | AS6: 1039 | AT6: =AE6*AS6 -> 7054.81 | AU6: 759 | AV6: =AF6*AU6 -> 5153.61 | AW6: 1180 | AX6: =AG6*AW6 -> 8012.2 | AY6: 1720 | AZ6: =AH6*AY6 -> 11678.8 | BA6: 960 | BB6: =AI6*BA6 -> 4790.4 | BC6: 2518 | BD6: =AJ6*BC6 -> 12564.82 | BE6: 1080 | BF6: =AK6*BE6 -> 5389.2 | BG6: 1100 | BH6: =AL6*BG6 -> 5489 | BI6: 1559 | BJ6: =AM6*BI6 -> 7779.41 | BK6: 1920 | BL6: =AN6*BK6 -> 9580.8
A7: FY24 | B7: Sandy Lu | C7: SUNREX | E7: NB | G7: 2020 | H7: DIANSHAN/REEDS/IONIAN/KRAKEN | I7: NBL KB | J7: 13 | K7: FLINT OPAQUE | L7: W China | M7: QUANTA | N7: 3.25 | O7: 4.4 | P7: 4.4 | Q7: 4.4 | R7: 4.4 | S7: 4.4 | T7: 4.4 | U7: 4.4 | V7: 4.31 | W7: 4.31 | X7: 4.31 | Y7: 4.31 | Z7: 4.31 | AA7: 4.31 | AB7: 0.2 | AC7: 0.25 | AD7: 0.25 | AE7: 0.25 | AF7: 0.25 | AG7: 0.25 | AH7: 0.25 | AI7: 1.07 | AJ7: 1.07 | AK7: 1.07 | AL7: 1.07 | AM7: 1.07 | AN7: 1.07 | AO7: 45982 | AP7: =AC7*AO7 -> 11495.5 | AQ7: 9350 | AR7: =AD7*AQ7 -> 2337.5 | AS7: 29425 | AT7: =AE7*AS7 -> 7356.25 | AU7: 11502 | AV7: =AF7*AU7 -> 2875.5 | AW7: 15142 | AX7: =AG7*AW7 -> 3785.5 | AY7: 8060 | AZ7: =AH7*AY7 -> 2015 | BA7: 13683 | BB7: =AI7*BA7 -> 14640.81 | BC7: 16080 | BD7: =AJ7*BC7 -> 17205.6 | BE7: 10837 | BF7: =AK7*BE7 -> 11595.59 | BG7: 13240 | BH7: =AL7*BG7 -> 14166.8 | BI7: 12880 | BJ7: =AM7*BI7 -> 13781.6 | BK7: 28108 | BL7: =AN7*BK7 -> 30075.56
A8: FY24 | B8: Sandy Lu | C8: SUNREX | E8: NB | G8: 2020 | H8: DIANSHAN/REEDS/IONIAN/KRAKEN | I8: BL KB | J8: 13 | K8: FLINT OPAQUE | L8: W China | M8: QUANTA | N8: 8.95 | O8: 14.9 | P8: 14.9 | Q8: 14.9 | R8: 14.9 | S8: 14.9 | T8: 14.9 | U8: 14.9 | V8: 13.04 | W8: 13.04 | X8: 13.04 | Y8: 13.04 | Z8: 13.04 | AA8: 13.04 | AB8: 4.5 | AC8: 5.22 | AD8: 5.22 | AE8: 5.22 | AF8: 5.22 | AG8: 5.22 | AH8: 5.22 | AI8: 4.99 | AJ8: 4.99 | AK8: 4.99 | AL8: 4.99 | AM8: 4.99 | AN8: 4.99 | AO8: 9605 | AP8: =AC8*AO8 -> 50138.1 | AQ8: 8328 | AR8: =AD8*AQ8 -> 43472.16 | AS8: 25353 | AT8: =AE8*AS8 -> 132342.66 | AU8: 3203 | AV8: =AF8*AU8 -> 16719.66 | AW8: 9258 | AX8: =AG8*AW8 -> 48326.76 | AY8: 9885 | AZ8: =AH8*AY8 -> 51599.7 | BA8: 7203 | BB8: =AI8*BA8 -> 35942.97 | BC8: 5720 | BD8: =AJ8*BC8 -> 28542.8 | BE8: 4884 | BF8: =AK8*BE8 -> 24371.16 | BG8: 1680 | BH8: =AL8*BG8 -> 8383.2 | BI8: 3120 | BJ8: =AM8*BI8 -> 15568.8 | BK8: 3394 | BL8: =AN8*BK8 -> 16936.06
A9: FY24 | B9: Sandy Lu | C9: SUNREX | E9: NB | G9: 2020 | H9: DONGQIAN/DIANSHAN/PETROF/RABON/IONIAN/IRONOAK/KRAKEN/ROC/XUANWU/KNUCKER/PAN | I9: NBL KB | J9: 14 | K9: FLINT OPAQUE | L9: W China | M9: QUANTA | N9: 3.64 | O9: 4.4 | P9: 4.4 | Q9: 4.4 | R9: 4.4 | S9: 4.4 | T9: 4.4 | U9: 4.4 | V9: 4.31 | W9: 4.31 | X9: 4.31 | Y9: 4.31 | Z9: 4.31 | AA9: 4.31 | AB9: 0.6 | AC9: 0.76 | AD9: 0.76 | AE9: 0.76 | AF9: 0.76 | AG9: 0.76 | AH9: 0.76 | AI9: 0.69 | AJ9: 0.69 | AK9: 0.69 | AL9: 0.69 | AM9: 0.69 | AN9: 0.69 | AO9: 127260 | AP9: =AC9*AO9 -> 96717.6 | AQ9: 81205 | AR9: =AD9*AQ9 -> 61715.8 | AS9: 83101 | AT9: =AE9*AS9 -> 63156.76 | AU9: 66282 | AV9: =AF9*AU9 -> 50374.32 | AW9: 104309 | AX9: =AG9*AW9 -> 79274.84 | AY9: 119396 | AZ9: =AH9*AY9 -> 90740.96 | BA9: 96626 | BB9: =AI9*BA9 -> 66671.94 | BC9: 71903 | BD9: =AJ9*BC9 -> 49613.07 | BE9: 107308 | BF9: =AK9*BE9 -> 74042.52 | BG9: 71845 | BH9: =AL9*BG9 -> 49573.05 | BI9: 66879 | BJ9: =AM9*BI9 -> 46146.51 | BK9: 66711 | BL9: =AN9*BK9 -> 46030.59
A10: FY24 | B10: Sandy Lu | C10: SUNREX | E10: NB | G10: 2020 | H10: DONGQIAN/DIANSHAN/PETROF/RABON/IONIAN/IRONOAK/KRAKEN/ROC/XUANWU/KNUCKER/PAN | I10: BL KB | J10: 14 | K10: FLINT OPAQUE | L10: W China | M10: QUANTA | N10: 8.73 | O10: 14.9 | P10: 14.9 | Q10: 14.9 | R10: 14.9 | S10: 14.9 | T10: 14.9 | U10: 14.9 | V10: 13.04 | W10: 13.04 | X10: 13.04 | Y10: 13.04 | Z10: 13.04 | AA10: 13.04 | AB10: 5 | AC10: 6.17 | AD10: 6.17 | AE10: 6.17 | AF10: 6.17 | AG10: 6.17 | AH10: 6.17 | AI10: 5.06 | AJ10: 5.06 | AK10: 5.06 | AL10: 5.06 | AM10: 5.06 | AN10: 5.06 | AO10: 60032 | AP10: =AC10*AO10 -> 370397.44 | AQ10: 104211 | AR10: =AD10*AQ10 -> 642981.87 | AS10: 83046 | AT10: =AE10*AS10 -> 512393.82 | AU10: 63598 | AV10: =AF10*AU10 -> 392399.66 | AW10: 100314 | AX10: =AG10*AW10 -> 618937.38 | AY10: 106745 | AZ10: =AH10*AY10 -> 658616.65 | BA10: 97052 | BB10: =AI10*BA10 -> 491083.12 | BC10: 70993 | BD10: =AJ10*BC10 -> 359224.58 | BE10: 121070 | BF10: =AK10*BE10 -> 612614.2 | BG10: 76791 | BH10: =AL10*BG10 -> 388562.46 | BI10: 53509 | BJ10: =AM10*BI10 -> 270755.54 | BK10: 53471 | BL10: =AN10*BK10 -> 270563.26
A11: FY24 | B11: Sandy Lu | C11: SUNREX | E11: NB | G11: 2020 | H11: DIANSHAN/PECONIC/RARITAN/IONIAN/IRONOAK/KRAKEN/ROC/XUANWU/KNUCKER/PAN | I11: NBL KB | J11: 15 | K11: FLINT OPAQUE | L11: W China | M11: QUANTA | N11: 3.69 | O11: 4.5 | P11: 4.5 | Q11: 4.5 | R11: 4.5 | S11: 4.5 | T11: 4.5 | U11: 4.5 | V11: 4.41 | W11: 4.41 | X11: 4.41 | Y11: 4.41 | Z11: 4.41 | AA11: 4.41 | AB11: 0.8 | AC11: 0.81 | AD11: 0.81 | AE11: 0.81 | AF11: 0.81 | AG11: 0.81 | AH11: 0.81 | AI11: 0.74 | AJ11: 0.74 | AK11: 0.74 | AL11: 0.74 | AM11: 0.74 | AN11: 0.74 | AO11: 36007 | AP11: =AC11*AO11 -> 29165.67 | AQ11: 26528 | AR11: =AD11*AQ11 -> 21487.68 | AS11: 18271 | AT11: =AE11*AS11 -> 14799.51 | AU11: 19644 | AV11: =AF11*AU11 -> 15911.64 | AW11: 25473 | AX11: =AG11*AW11 -> 20633.13 | AY11: 19986 | AZ11: =AH11*AY11 -> 16188.66 | BA11: 18416 | BB11: =AI11*BA11 -> 13627.84 | BC11: 12109 | BD11: =AJ11*BC11 -> 8960.66 | BE11: 7030 | BF11: =AK11*BE11 -> 5202.2 | BG11: 27996 | BH11: =AL11*BG11 -> 20717.04 | BI11: 14118 | BJ11: =AM11*BI11 -> 10447.32 | BK11: 15796 | BL11: =AN11*BK11 -> 11689.04
A12: FY24 | B12: Sandy Lu | C12: SUNREX | E12: NB | G12: 2020 | H12: DIANSHAN/PECONIC/RARITAN/IONIAN/IRONOAK/KRAKEN/ROC/XUANWU/KNUCKER/PAN | I12: BL KB | J12: 15 | K12: FLINT OPAQUE | L12: W China | M12: QUANTA | N12: 8.78 | O12: 16.2 | P12: 16.2 | Q12: 16.2 | R12: 16.2 | S12: 16.2 | T12: 16.2 | U12: 16.2 | V12: 14.18 | W12: 14.18 | X12: 14.18 | Y12: 14.18 | Z12: 14.18 | AA12: 14.18 | AB12: 6 | AC12: 7.42 | AD12: 7.42 | AE12: 7.42 | AF12: 7.42 | AG12: 7.42 | AH12: 7.42 | AI12: 5.97 | AJ12: 5.97 | AK12: 5.97 | AL12: 5.97 | AM12: 5.97 | AN12: 5.97 | AO12: 10300 | AP12: =AC12*AO12 -> 76426 | AQ12: 26148 | AR12: =AD12*AQ12 -> 194018.16 | AS12: 17479 | AT12: =AE12*AS12 -> 129694.18 | AU12: 20350 | AV12: =AF12*AU12 -> 150997 | AW12: 13692 | AX12: =AG12*AW12 -> 101594.64 | AY12: 7895 | AZ12: =AH12*AY12 -> 58580.9 | BA12: 5255 | BB12: =AI12*BA12 -> 31372.35 | BC12: 3920 | BD12: =AJ12*BC12 -> 23402.4 | BE12: 2320 | BF12: =AK12*BE12 -> 13850.4 | BG12: 3282 | BH12: =AL12*BG12 -> 19593.54 | BI12: 4069 | BJ12: =AM12*BI12 -> 24291.93 | BK12: 5792 | BL12: =AN12*BK12 -> 34578.24
A13: FY24 | B13: Sandy Lu | C13: SUNREX | E13: NB | G13: 2020 | H13: DIANSHAN/PECONIC/RARITAN/IONIAN/IRONOAK/KRAKEN/ROC/XUANWU/KNUCKER/PAN | I13: NBL KB | J13: 15 | K13: FLINT OPAQUE | L13: NMC | M13: QUANTA | N13: 3.69 | O13: 4.5 | P13: 4.5 | Q13: 4.5 | R13: 4.5 | S13: 4.5 | T13: 4.5 | U13: 4.5 | V13: 4.41 | W13: 4.41 | X13: 4.41 | Y13: 4.41 | Z13: 4.41 | AA13: 4.41 | AB13: =0.81-0.39 -> 0.42 | AC13: 0 | AD13: 0.42 | AE13: 0.42 | AF13: 0.42 | AG13: 0.81 | AH13: 0.81 | AI13: 0.74 | AJ13: 0.74 | AK13: 0.74 | AL13: 0.74 | AM13: 0.74 | AN13: 0.74 | AO13: 0 | AP13: =AC13*AO13 -> 0 | AQ13: 0 | AR13: =AD13*AQ13 -> 0 | AS13: 0 | AT13: =AE13*AS13 -> 0 | AU13: 0 | AV13: =AF13*AU13 -> 0 | AW13: 5230 | AX13: =AG13*AW13 -> 4236.3 | AY13: 8320 | AZ13: =AH13*AY13 -> 6739.2 | BA13: 6680 | BB13: =AI13*BA13 -> 4943.2 | BC13: 6318 | BD13: =AJ13*BC13 -> 4675.32 | BE13: 12988 | BF13: =AK13*BE13 -> 9611.12 | BG13: 2555 | BH13: =AL13*BG13 -> 1890.7 | BI13: 1880 | BJ13: =AM13*BI13 -> 1391.2 | BK13: 0 | BL13: =AN13*BK13 -> 0
A14: FY24 | B14: Sandy Lu | C14: SUNREX | E14: NB | G14: 2020 | H14: DIANSHAN/PECONIC/RARITAN/IONIAN/IRONOAK/KRAKEN/ROC/XUANWU/KNUCKER/PAN | I14: BL KB | J14: 15 | K14: FLINT OPAQUE | L14: NMC | M14: QUANTA | N14: 8.78 | O14: 16.2 | P14: 16.2 | Q14: 16.2 | R14: 16.2 | S14: 16.2 | T14: 16.2 | U14: 16.2 | V14: 14.18 | W14: 14.18 | X14: 14.18 | Y14: 14.18 | Z14: 14.18 | AA14: 14.18 | AB14: =7.42-0.39 -> 7.03 | AC14: 0 | AD14: 7.03 | AE14: 7.03 | AF14: 7.03 | AG14: 7.42 | AH14: 7.42 | AI14: 5.97 | AJ14: 5.97 | AK14: 5.97 | AL14: 5.97 | AM14: 5.97 | AN14: 5.97 | AO14: 0 | AP14: =AC14*AO14 -> 0 | AQ14: 0 | AR14: =AD14*AQ14 -> 0 | AS14: 0 | AT14: =AE14*AS14 -> 0 | AU14: 0 | AV14: =AF14*AU14 -> 0 | AW14: 12680 | AX14: =AG14*AW14 -> 94085.6 | AY14: 5720 | AZ14: =AH14*AY14 -> 42442.4 | BA14: 7440 | BB14: =AI14*BA14 -> 44416.8 | BC14: 10120 | BD14: =AJ14*BC14 -> 60416.4 | BE14: 5740 | BF14: =AK14*BE14 -> 34267.8 | BG14: 4333 | BH14: =AL14*BG14 -> 25868.01 | BI14: 0 | BJ14: =AM14*BI14 -> 0 | BK14: 0 | BL14: =AN14*BK14 -> 0
A15: FY24 | B15: Mandy Yu | C15: SUNREX | E15: NB | G15: 2020 | H15: IONIAN/RABON/PRTROF/REEDS/DONGQIAN/DIANSHAN | I15: CLICKPAD | J15: 13/14 | K15: PIKE SILVER | L15: W China | M15: QUANTA | N15: 4.38 | O15: 4.46 | P15: 4.46 | Q15: 4.46 | R15: 4.46 | S15: 4.46 | T15: 4.46 | U15: 4.46 | V15: 4.46 | W15: 4.46 | X15: 4.46 | Y15: 4.46 | Z15: 4.46 | AA15: 4.46 | AB15: 0.05 | AC15: 0.05 | AD15: 0.05 | AE15: 0.05 | AF15: 0.05 | AG15: 0.05 | AH15: 0.05 | AI15: 0.05 | AJ15: 0.05 | AK15: 0.05 | AL15: 0.05 | AM15: 0.05 | AN15: 0.05 | AO15: 720 | AP15: =AC15*AO15 -> 36 | AQ15: 600 | AR15: =AD15*AQ15 -> 30 | AS15: 600 | AT15: =AE15*AS15 -> 30 | AU15: 480 | AV15: =AF15*AU15 -> 24 | AW15: 0 | AX15: =AG15*AW15 -> 0 | AY15: 600 | AZ15: =AH15*AY15 -> 30 | BA15: 840 | BB15: =AI15*BA15 -> 42 | BC15: 0 | BD15: =AJ15*BC15 -> 0 | BE15: 0 | BF15: =AK15*BE15 -> 0 | BG15: 0 | BH15: =AL15*BG15 -> 0 | BI15: 0 | BJ15: =AM15*BI15 -> 0 | BK15: 0 | BL15: =AN15*BK15 -> 0
A16: FY24 | B16: Mandy Yu | C16: SUNREX | E16: NB | G16: 2020 | H16: IONIAN/RABON/PRTROF/REEDS | I16: CLICKPAD | J16: 13/14 | K16: PIKE SILVER | L16: W China | M16: QUANTA | N16: 4.42 | O16: 4.5 | P16: 4.5 | Q16: 4.5 | R16: 4.5 | S16: 4.5 | T16: 4.5 | U16: 4.5 | V16: 4.5 | W16: 4.5 | X16: 4.5 | Y16: 4.5 | Z16: 4.5 | AA16: 4.5 | AB16: 0.05 | AC16: 0.05 | AD16: 0.05 | AE16: 0.05 | AF16: 0.05 | AG16: 0.05 | AH16: 0.05 | AI16: 0.05 | AJ16: 0.05 | AK16: 0.05 | AL16: 0.05 | AM16: 0.05 | AN16: 0.05 | AO16: 0 | AP16: =AC16*AO16 -> 0 | AQ16: 440 | AR16: =AD16*AQ16 -> 22 | AS16: 550 | AT16: =AE16*AS16 -> 27.5 | AU16: 1100 | AV16: =AF16*AU16 -> 55 | AW16: 0 | AX16: =AG16*AW16 -> 0 | AY16: 220 | AZ16: =AH16*AY16 -> 11 | BA16: 220 | BB16: =AI16*BA16 -> 11 | BC16: 0 | BD16: =AJ16*BC16 -> 0 | BE16: 0 | BF16: =AK16*BE16 -> 0 | BG16: 0 | BH16: =AL16*BG16 -> 0 | BI16: 0 | BJ16: =AM16*BI16 -> 0 | BK16: 0 | BL16: =AN16*BK16 -> 0
A17: FY24 | B17: Mandy Yu | C17: SUNREX | E17: NB | G17: 2023 | H17: KRAKEN/PAN/ROC/KNUCKER/KRAKEN/XUANWU | I17: CLICKPAD | J17: 13/14 | K17: PIKE SILVER | L17: W China | M17: QUANTA | N17: 4.42 | O17: 4.62 | P17: 4.62 | Q17: 4.62 | R17: 4.62 | S17: 4.62 | T17: 4.62 | U17: 4.62 | V17: 4.62 | W17: 4.62 | X17: 4.62 | Y17: 4.62 | Z17: 4.62 | AA17: 4.62 | AB17: 0.05 | AC17: 0.05 | AD17: 0.05 | AE17: 0.05 | AF17: 0.05 | AG17: 0.05 | AH17: 0.05 | AI17: 0.05 | AJ17: 0.05 | AK17: 0.05 | AL17: 0.05 | AM17: 0.05 | AN17: 0.05 | AO17: 25140 | AP17: =AC17*AO17 -> 1257 | AQ17: 9900 | AR17: =AD17*AQ17 -> 495 | AS17: 4620 | AT17: =AE17*AS17 -> 231 | AU17: 18810 | AV17: =AF17*AU17 -> 940.5 | AW17: 11770 | AX17: =AG17*AW17 -> 588.5 | AY17: 9900 | AZ17: =AH17*AY17 -> 495 | BA17: 17620 | BB17: =AI17*BA17 -> 881 | BC17: 3850 | BD17: =AJ17*BC17 -> 192.5 | BE17: 6820 | BF17: =AK17*BE17 -> 341 | BG17: 2860 | BH17: =AL17*BG17 -> 143 | BI17: 6159 | BJ17: =AM17*BI17 -> 307.95 | BK17: 1540 | BL17: =AN17*BK17 -> 77
A18: FY24 | B18: Mandy Yu | C18: SUNREX | E18: NB | G18: 2022 | H18: THANS/THUNDRA/RONIN/PRIMA/DOOP/REDSTART/DARKSTAR | I18: CLICKPAD | J18: 13/14 | K18: PIKE SILVER | L18: W China | M18: QUANTA | N18: 4.38 | O18: 4.46 | P18: 4.46 | Q18: 4.46 | R18: 4.46 | S18: 4.46 | T18: 4.46 | U18: 4.46 | V18: 4.46 | W18: 4.46 | X18: 4.46 | Y18: 4.46 | Z18: 4.46 | AA18: 4.46 | AB18: 0.05 | AC18: 0.05 | AD18: 0.05 | AE18: 0.05 | AF18: 0.05 | AG18: 0.05 | AH18: 0.05 | AI18: 0.05 | AJ18: 0.05 | AK18: 0.05 | AL18: 0.05 | AM18: 0.05 | AN18: 0.05 | AO18: 146764 | AP18: =AC18*AO18 -> 7338.2 | AQ18: 136020 | AR18: =AD18*AQ18 -> 6801 | AS18: 94360 | AT18: =AE18*AS18 -> 4718 | AU18: 104250 | AV18: =AF18*AU18 -> 5212.5 | AW18: 86220 | AX18: =AG18*AW18 -> 4311 | AY18: 43010 | AZ18: =AH18*AY18 -> 2150.5 | BA18: 34980 | BB18: =AI18*BA18 -> 1749 | BC18: 13090 | BD18: =AJ18*BC18 -> 654.5 | BE18: 108050 | BF18: =AK18*BE18 -> 5402.5 | BG18: 29260 | BH18: =AL18*BG18 -> 1463 | BI18: 8156 | BJ18: =AM18*BI18 -> 407.8 | BK18: 0 | BL18: =AN18*BK18 -> 0
A19: FY24 | B19: Mandy Yu | C19: SUNREX | E19: NB | G19: 2023 | H19: KRAKEN/PAN/ROC/KNUCKER/KRAKEN/XUANWU | I19: CLICKPAD | J19: 13/14 | K19: PIKE SILVER | L19: W China | M19: QUANTA | N19: 4.38 | O19: 4.58 | P19: 4.58 | Q19: 4.58 | R19: 4.58 | S19: 4.58 | T19: 4.58 | U19: 4.58 | V19: 4.58 | W19: 4.58 | X19: 4.58 | Y19: 4.58 | Z19: 4.58 | AA19: 4.58 | AB19: 0 | AC19: 0.05 | AD19: 0.05 | AE19: 0.05 | AF19: 0.05 | AG19: 0.05 | AH19: 0.05 | AI19: 0.05 | AJ19: 0.05 | AK19: 0.05 | AL19: 0.05 | AM19: 0.05 | AN19: 0.05 | AO19: 273839 | AP19: =AC19*AO19 -> 13691.95 | AQ19: 234900 | AR19: =AD19*AQ19 -> 11745 | AS19: 265230 | AT19: =AE19*AS19 -> 13261.5 | AU19: 174600 | AV19: =AF19*AU19 -> 8730 | AW19: 320890 | AX19: =AG19*AW19 -> 16044.5 | AY19: 352990 | AZ19: =AH19*AY19 -> 17649.5 | BA19: 298540 | BB19: =AI19*BA19 -> 14927 | BC19: 199430 | BD19: =AJ19*BC19 -> 9971.5 | BE19: 226060 | BF19: =AK19*BE19 -> 11303 | BG19: 252390 | BH19: =AL19*BG19 -> 12619.5 | BI19: 204050 | BJ19: =AM19*BI19 -> 10202.5 | BK19: 189310 | BL19: =AN19*BK19 -> 9465.5
A20: FY24 | B20: Mandy Yu | C20: SUNREX | E20: NB | G20: 2023 | H20: REX/OLAF/ROZ/OAKEN/REDHEAD | I20: CLICKPAD | J20: 13/14 | K20: PIKE SILVER | L20: W China | M20: QUANTA | N20: 4.66 | O20: 4.86 | P20: 4.86 | Q20: 4.86 | R20: 4.86 | S20: 4.86 | T20: 4.86 | U20: 4.86 | V20: 4.86 | W20: 4.86 | X20: 4.86 | Y20: 4.86 | Z20: 4.69 | AA20: 4.69 | AB20: 0 | AC20: 0 | AD20: 0 | AE20: 0 | AF20: 0 | AG20: 0 | AH20: 0 | AI20: 0.1 | AJ20: 0.1 | AK20: 0.1 | AL20: 0.2 | AM20: 0.13 | AN20: 0.13 | AO20: 0 | AP20: =AC20*AO20 -> 0 | AQ20: 0 | AR20: =AD20*AQ20 -> 0 | AS20: 0 | AT20: =AE20*AS20 -> 0 | AU20: 0 | AV20: =AF20*AU20 -> 0 | AW20: 0 | AX20: =AG20*AW20 -> 0 | AY20: 0 | AZ20: =AH20*AY20 -> 0 | BA20: 17490 | BB20: =AI20*BA20 -> 1749 | BC20: 34650 | BD20: =AJ20*BC20 -> 3465 | BE20: 39820 | BF20: =AK20*BE20 -> 3982 | BG20: 54340 | BH20: =AL20*BG20 -> 10868 | BI20: 62320 | BJ20: =AM20*BI20 -> 8101.6 | BK20: 114190 | BL20: =AN20*BK20 -> 14844.7
A21: FY24 | B21: Mandy Yu | C21: SUNREX | E21: NB | G21: 2023 | H21: REX/OLAF/ROZ/OAKEN/REDHEAD | I21: CLICKPAD | J21: 13/14 | K21: PIKE SILVER | L21: W China | M21: QUANTA | N21: 4.75 | O21: 4.95 | P21: 4.95 | Q21: 4.95 | R21: 4.95 | S21: 4.95 | T21: 4.95 | U21: 4.95 | V21: 4.95 | W21: 4.95 | X21: 4.95 | Y21: 4.95 | Z21: 4.78 | AA21: 4.78 | AB21: 0 | AC21: 0 | AD21: 0 | AE21: 0 | AF21: 0 | AG21: 0 | AH21: 0 | AI21: 0.1 | AJ21: 0.1 | AK21: 0.1 | AL21: 0.2 | AM21: 0.13 | AN21: 0.13 | AO21: 0 | AP21: =AC21*AO21 -> 0 | AQ21: 0 | AR21: =AD21*AQ21 -> 0 | AS21: 0 | AT21: =AE21*AS21 -> 0 | AU21: 0 | AV21: =AF21*AU21 -> 0 | AW21: 0 | AX21: =AG21*AW21 -> 0 | AY21: 0 | AZ21: =AH21*AY21 -> 0 | BA21: 880 | BB21: =AI21*BA21 -> 88 | BC21: 10010 | BD21: =AJ21*BC21 -> 1001 | BE21: 6710 | BF21: =AK21*BE21 -> 671 | BG21: 7750 | BH21: =AL21*BG21 -> 1550 | BI21: 14800 | BJ21: =AM21*BI21 -> 1924 | BK21: 18150 | BL21: =AN21*BK21 -> 2359.5
A22: FY24 | C22: SUNREX | E22: NB | AP22: =AC22*AO22 -> 0 | AR22: =AD22*AQ22 -> 0 | AS22: 0 | AT22: =AE22*AS22 -> 0 | AU22: 0 | AV22: =AF22*AU22 -> 0 | AX22: =AG22*AW22 -> 0 | AZ22: =AH22*AY22 -> 0 | BA22: 0 | BB22: =AI22*BA22 -> 0 | BD22: =AJ22*BC22 -> 0 | BF22: =AK22*BE22 -> 0 | BH22: =AL22*BG22 -> 0 | BJ22: =AM22*BI22 -> 0 | BK22: 0 | BL22: =AN22*BK22 -> 0
A23: FY24 | C23: SUNREX | E23: NB | AP23: =AC23*AO23 -> 0 | AR23: =AD23*AQ23 -> 0 | AS23: 0 | AT23: =AE23*AS23 -> 0 | AU23: 0 | AV23: =AF23*AU23 -> 0 | AX23: =AG23*AW23 -> 0 | AZ23: =AH23*AY23 -> 0 | BA23: 0 | BB23: =AI23*BA23 -> 0 | BD23: =AJ23*BC23 -> 0 | BF23: =AK23*BE23 -> 0 | BH23: =AL23*BG23 -> 0 | BJ23: =AM23*BI23 -> 0 | BK23: 0 | BL23: =AN23*BK23 -> 0
A24: FY24 | C24: SUNREX | E24: NB | AP24: =AC24*AO24 -> 0 | AR24: =AD24*AQ24 -> 0 | AS24: 0 | AT24: =AE24*AS24 -> 0 | AU24: 0 | AV24: =AF24*AU24 -> 0 | AX24: =AG24*AW24 -> 0 | AZ24: =AH24*AY24 -> 0 | BA24: 0 | BB24: =AI24*BA24 -> 0 | BD24: =AJ24*BC24 -> 0 | BF24: =AK24*BE24 -> 0 | BH24: =AL24*BG24 -> 0 | BJ24: =AM24*BI24 -> 0 | BK24: 0 | BL24: =AN24*BK24 -> 0
A25: FY24 | B25: Mandy Yu | C25: SUNREX | E25: NB | F25: 800 | G25: 2021 | H25: WARPATH/LOCKHEED | I25: CLICKPAD | J25: 14 | K25: PIKE SILVER/NOUVELLE SILVER | L25: W China | M25: INVENTEC | N25: 6.93 | O25: 8.12 | P25: 8.12 | Q25: 8.12 | R25: 8.12 | S25: 8.12 | T25: 8.12 | U25: 8.12 | V25: 8.12 | W25: 8.12 | X25: 8.12 | Y25: 8.12 | Z25: 8.12 | AA25: 8.12 | AB25: 0.2 | AC25: 0.26 | AD25: 0.26 | AE25: 0.26 | AF25: 0.26 | AG25: 0.26 | AH25: 0.26 | AI25: 0.26 | AJ25: 0.26 | AK25: 0.26 | AL25: 1.32 | AM25: 1.32 | AN25: 1.32 | AO25: 54900 | AP25: =AC25*AO25 -> 14274 | AQ25: 46225 | AR25: =AD25*AQ25 -> 12018.5 | AS25: 26736 | AT25: =AE25*AS25 -> 6951.36 | AU25: 20940 | AV25: =AF25*AU25 -> 5444.4 | AW25: 12520 | AX25: =AG25*AW25 -> 3255.2 | AY25: 7700 | AZ25: =AH25*AY25 -> 2002 | BA25: 10200 | BB25: =AI25*BA25 -> 2652 | BC25: 0 | BD25: =AJ25*BC25 -> 0 | BE25: 0 | BF25: =AK25*BE25 -> 0 | BG25: 0 | BH25: =AL25*BG25 -> 0 | BI25: 0 | BJ25: =AM25*BI25 -> 0 | BK25: 0 | BL25: =AN25*BK25 -> 0
A26: FY24 | B26: Mandy Yu | C26: SUNREX | E26: NB | G26: 2023 | H26: LOX/WARG/LOXW | I26: CLICKPAD | J26: 14 | K26: PIKE SILVER/NOUVELLE SILVER | L26: W China | M26: INVENTEC | N26: 6.93 | O26: 8.12 | P26: 8.12 | Q26: 8.12 | R26: 8.12 | S26: 8.12 | T26: 8.12 | U26: 8.12 | V26: 8.12 | W26: 8.12 | X26: 8.12 | Y26: 8.12 | Z26: 8.12 | AA26: 8.12 | AB26: 0.26 | AC26: 0.26 | AD26: 0.26 | AE26: 0.26 | AF26: 0.26 | AG26: 0.26 | AH26: 0.26 | AI26: 0.26 | AJ26: 0.26 | AK26: 0.26 | AL26: 1.32 | AM26: 1.32 | AN26: 1.32 | AO26: 187550 | AP26: =AC26*AO26 -> 48763 | AQ26: 122936 | AR26: =AD26*AQ26 -> 31963.36 | AS26: 133400 | AT26: =AE26*AS26 -> 34684 | AU26: 154200 | AV26: =AF26*AU26 -> 40092 | AW26: 135190 | AX26: =AG26*AW26 -> 35149.4 | AY26: 147800 | AZ26: =AH26*AY26 -> 38428 | BA26: 120076 | BB26: =AI26*BA26 -> 31219.76 | BC26: 104600 | BD26: =AJ26*BC26 -> 27196 | BE26: 64560 | BF26: =AK26*BE26 -> 16785.6 | BG26: 92200 | BH26: =AL26*BG26 -> 121704 | BI26: 72200 | BJ26: =AM26*BI26 -> 95304 | BK26: 92880 | BL26: =AN26*BK26 -> 122601.6
A27: FY24 | C27: SUNREX | E27: NB | AP27: =AC27*AO27 -> 0 | AR27: =AD27*AQ27 -> 0 | AS27: 0 | AT27: =AE27*AS27 -> 0 | AU27: 0 | AV27: =AF27*AU27 -> 0 | AX27: =AG27*AW27 -> 0 | AZ27: =AH27*AY27 -> 0 | BA27: 0 | BB27: =AI27*BA27 -> 0 | BD27: =AJ27*BC27 -> 0 | BF27: =AK27*BE27 -> 0 | BH27: =AL27*BG27 -> 0 | BJ27: =AM27*BI27 -> 0 | BK27: 0 | BL27: =AN27*BK27 -> 0
A28: FY24 | B28: Mandy Yu | C28: SUNREX | E28: NB | F28: 1000 | G28: 2020 | H28: SPYKER | I28: CLICKPAD | J28: 14 | K28: PIKE SILVER | L28: E China | M28: COMPAL | N28: 6.89 | O28: 6.94 | P28: 6.94 | Q28: 6.94 | R28: 6.94 | S28: 6.94 | T28: 6.94 | U28: 6.94 | V28: 6.94 | W28: 6.94 | X28: 6.94 | Y28: 6.94 | Z28: 6.94 | AA28: 6.94 | AB28: 0.05 | AC28: 0.05 | AD28: 0.05 | AE28: 0.05 | AF28: 0.05 | AG28: 0.05 | AH28: 0.05 | AI28: 0.05 | AJ28: 0.05 | AK28: 0.05 | AL28: 0.05 | AM28: 0.05 | AN28: 0.05 | AO28: 0 | AP28: =AC28*AO28 -> 0 | AQ28: 0 | AR28: =AD28*AQ28 -> 0 | AS28: 0 | AT28: =AE28*AS28 -> 0 | AU28: 0 | AV28: =AF28*AU28 -> 0 | AW28: 0 | AX28: =AG28*AW28 -> 0 | AY28: 0 | AZ28: =AH28*AY28 -> 0 | BA28: 0 | BB28: =AI28*BA28 -> 0 | BC28: 0 | BD28: =AJ28*BC28 -> 0 | BE28: 0 | BF28: =AK28*BE28 -> 0 | BG28: 0 | BH28: =AL28*BG28 -> 0 | BI28: 0 | BJ28: =AM28*BI28 -> 0 | BK28: 0 | BL28: =AN28*BK28 -> 0
A29: FY24 | B29: Mandy Yu | C29: SUNREX | E29: NB | G29: 2020 | H29: SPYKER | I29: CLICKPAD | J29: 13 | K29: PIKE SILVER | L29: E China | M29: COMPAL | N29: 6.64 | O29: 6.69 | P29: 6.69 | Q29: 6.69 | R29: 6.69 | S29: 6.69 | T29: 6.69 | U29: 6.69 | V29: 6.69 | W29: 6.69 | X29: 6.69 | Y29: 6.69 | Z29: 6.69 | AA29: 6.69 | AB29: 0.05 | AC29: 0.05 | AD29: 0.05 | AE29: 0.05 | AF29: 0.05 | AG29: 0.05 | AH29: 0.05 | AI29: 0.05 | AJ29: 0.05 | AK29: 0.05 | AL29: 0.05 | AM29: 0.05 | AN29: 0.05 | AO29: 0 | AP29: =AC29*AO29 -> 0 | AQ29: 0 | AR29: =AD29*AQ29 -> 0 | AS29: 0 | AT29: =AE29*AS29 -> 0 | AU29: 0 | AV29: =AF29*AU29 -> 0 | AW29: 0 | AX29: =AG29*AW29 -> 0 | AY29: 0 | AZ29: =AH29*AY29 -> 0 | BA29: 0 | BB29: =AI29*BA29 -> 0 | BC29: 0 | BD29: =AJ29*BC29 -> 0 | BE29: 0 | BF29: =AK29*BE29 -> 0 | BG29: 0 | BH29: =AL29*BG29 -> 0 | BI29: 0 | BJ29: =AM29*BI29 -> 0 | BK29: 0 | BL29: =AN29*BK29 -> 0
A30: FY24 | B30: Mandy Yu | C30: SUNREX | E30: NB | G30: 2019 | H30: SYLVA | I30: CLICKPAD | J30: 13 | K30: GALAXY BLUE | L30: W China | M30: INVENTEC | N30: 6.42 | O30: 6.52 | P30: 6.52 | Q30: 6.52 | R30: 6.52 | S30: 6.52 | T30: 6.52 | U30: 6.52 | V30: 6.52 | W30: 6.52 | X30: 6.52 | Y30: 6.52 | Z30: 6.52 | AA30: 6.52 | AB30: 0.1 | AC30: 0.1 | AD30: 0.1 | AE30: 0.1 | AF30: 0.1 | AG30: 0.1 | AH30: 0.1 | AI30: 0.1 | AJ30: 0.1 | AK30: 0.1 | AL30: 0.1 | AM30: 0.1 | AN30: 0.1 | AO30: 0 | AP30: =AC30*AO30 -> 0 | AQ30: 0 | AR30: =AD30*AQ30 -> 0 | AS30: 0 | AT30: =AE30*AS30 -> 0 | AU30: 0 | AV30: =AF30*AU30 -> 0 | AW30: 0 | AX30: =AG30*AW30 -> 0 | AY30: 0 | AZ30: =AH30*AY30 -> 0 | BA30: 0 | BB30: =AI30*BA30 -> 0 | BC30: 0 | BD30: =AJ30*BC30 -> 0 | BE30: 0 | BF30: =AK30*BE30 -> 0 | BG30: 0 | BH30: =AL30*BG30 -> 0 | BI30: 0 | BJ30: =AM30*BI30 -> 0 | BK30: 0 | BL30: =AN30*BK30 -> 0
A31: FY24 | B31: Mandy Yu | C31: SUNREX | E31: NB | G31: 2020 | H31: STARLIGHT | I31: CLICKPAD | J31: 13 | K31: SPARKING BLACK | L31: W China | M31: INVENTEC | N31: 6.43 | O31: 6.53 | P31: 6.53 | Q31: 6.53 | R31: 6.53 | S31: 6.53 | T31: 6.53 | U31: 6.53 | V31: 6.53 | W31: 6.53 | X31: 6.53 | Y31: 6.53 | Z31: 6.53 | AA31: 6.53 | AB31: 0.1 | AC31: 0.1 | AD31: 0.1 | AE31: 0.1 | AF31: 0.1 | AG31: 0.1 | AH31: 0.1 | AI31: 0.1 | AJ31: 0.1 | AK31: 0.1 | AL31: 0.1 | AM31: 0.1 | AN31: 0.1 | AO31: 0 | AP31: =AC31*AO31 -> 0 | AQ31: 0 | AR31: =AD31*AQ31 -> 0 | AS31: 0 | AT31: =AE31*AS31 -> 0 | AU31: 0 | AV31: =AF31*AU31 -> 0 | AW31: 0 | AX31: =AG31*AW31 -> 0 | AY31: 0 | AZ31: =AH31*AY31 -> 0 | BA31: 0 | BB31: =AI31*BA31 -> 0 | BC31: 0 | BD31: =AJ31*BC31 -> 0 | BE31: 0 | BF31: =AK31*BE31 -> 0 | BG31: 0 | BH31: =AL31*BG31 -> 0 | BI31: 0 | BJ31: =AM31*BI31 -> 0 | BK31: 0 | BL31: =AN31*BK31 -> 0
A32: FY24 | B32: Mandy Yu | C32: SUNREX | E32: NB | G32: 2021 | H32: STARFOX | I32: CLICKPAD | J32: 13 | K32: PIKE SILVER/SLATE BLUE | L32: W China | M32: INVENTEC | N32: 7.52 | O32: 8.18 | P32: 8.18 | Q32: 8.18 | R32: 8.18 | S32: 8.18 | T32: 8.18 | U32: 8.18 | V32: 8.18 | W32: 8.18 | X32: 8.18 | Y32: 8.18 | Z32: 8.18 | AA32: 8.18 | AB32: 0.25 | AC32: 0.31 | AD32: 0.31 | AE32: 0.31 | AF32: 0.31 | AG32: 0.31 | AH32: 0.31 | AI32: 0.31 | AJ32: 0.31 | AK32: 0.31 | AL32: 0.31 | AM32: 0.31 | AN32: 0.31 | AO32: 21751 | AP32: =AC32*AO32 -> 6742.81 | AQ32: 15586 | AR32: =AD32*AQ32 -> 4831.66 | AS32: 16190 | AT32: =AE32*AS32 -> 5018.9 | AU32: 22800 | AV32: =AF32*AU32 -> 7068 | AW32: 9154 | AX32: =AG32*AW32 -> 2837.74 | AY32: 0 | AZ32: =AH32*AY32 -> 0 | BA32: 18237 | BB32: =AI32*BA32 -> 5653.47 | BC32: 11800 | BD32: =AJ32*BC32 -> 3658 | BE32: 10166 | BF32: =AK32*BE32 -> 3151.46 | BG32: 15600 | BH32: =AL32*BG32 -> 4836 | BI32: 28200 | BJ32: =AM32*BI32 -> 8742 | BK32: 800 | BL32: =AN32*BK32 -> 248
A33: FY24 | B33: Mandy Yu | C33: SUNREX | E33: NB | G33: 2020 | H33: GRIZZLY | I33: CLICKPAD | J33: 13 | K33: PIKE SILVER | L33: W China | M33: INVENTEC | N33: 6.59 | O33: 6.69 | P33: 6.69 | Q33: 6.69 | R33: 6.69 | S33: 6.69 | T33: 6.69 | U33: 6.69 | V33: 6.69 | W33: 6.69 | X33: 6.69 | Y33: 6.69 | Z33: 6.69 | AA33: 6.69 | AB33: 0.1 | AC33: 0.1 | AD33: 0.1 | AE33: 0.1 | AF33: 0.1 | AG33: 0.1 | AH33: 0.1 | AI33: 0.1 | AJ33: 0.1 | AK33: 0.1 | AL33: 0.1 | AM33: 0.1 | AN33: 0.1 | AO33: 8907 | AP33: =AC33*AO33 -> 890.7 | AQ33: 0 | AR33: =AD33*AQ33 -> 0 | AS33: 0 | AT33: =AE33*AS33 -> 0 | AU33: 0 | AV33: =AF33*AU33 -> 0 | AW33: 0 | AX33: =AG33*AW33 -> 0 | AY33: 0 | AZ33: =AH33*AY33 -> 0 | BA33: 0 | BB33: =AI33*BA33 -> 0 | BC33: 0 | BD33: =AJ33*BC33 -> 0 | BE33: 0 | BF33: =AK33*BE33 -> 0 | BG33: 0 | BH33: =AL33*BG33 -> 0 | BI33: 0 | BJ33: =AM33*BI33 -> 0 | BK33: 0 | BL33: =AN33*BK33 -> 0
A34: FY24 | C34: SUNREX | E34: NB | AP34: =AC34*AO34 -> 0 | AR34: =AD34*AQ34 -> 0 | AT34: =AE34*AS34 -> 0 | AV34: =AF34*AU34 -> 0 | AW34: 0 | AX34: =AG34*AW34 -> 0 | AZ34: =AH34*AY34 -> 0 | BB34: =AI34*BA34 -> 0 | BD34: =AJ34*BC34 -> 0 | BF34: =AK34*BE34 -> 0 | BH34: =AL34*BG34 -> 0 | BJ34: =AM34*BI34 -> 0 | BL34: =AN34*BK34 -> 0
A35: FY24 | C35: SUNREX | E35: NB | F35: Probook | AP35: =AC35*AO35 -> 0 | AR35: =AD35*AQ35 -> 0 | AT35: =AE35*AS35 -> 0 | AV35: =AF35*AU35 -> 0 | AX35: =AG35*AW35 -> 0 | AZ35: =AH35*AY35 -> 0 | BB35: =AI35*BA35 -> 0 | BD35: =AJ35*BC35 -> 0 | BF35: =AK35*BE35 -> 0 | BH35: =AL35*BG35 -> 0 | BJ35: =AM35*BI35 -> 0 | BL35: =AN35*BK35 -> 0
A36: FY24 | C36: SUNREX | E36: NB | AP36: =AC36*AO36 -> 0 | AR36: =AD36*AQ36 -> 0 | AT36: =AE36*AS36 -> 0 | AV36: =AF36*AU36 -> 0 | AX36: =AG36*AW36 -> 0 | AZ36: =AH36*AY36 -> 0 | BB36: =AI36*BA36 -> 0 | BD36: =AJ36*BC36 -> 0 | BF36: =AK36*BE36 -> 0 | BH36: =AL36*BG36 -> 0 | BJ36: =AM36*BI36 -> 0 | BL36: =AN36*BK36 -> 0
A37: FY24 | C37: SUNREX | E37: NB | F37: Education | AP37: =AC37*AO37 -> 0 | AR37: =AD37*AQ37 -> 0 | AT37: =AE37*AS37 -> 0 | AV37: =AF37*AU37 -> 0 | AX37: =AG37*AW37 -> 0 | AZ37: =AH37*AY37 -> 0 | BB37: =AI37*BA37 -> 0 | BD37: =AJ37*BC37 -> 0 | BF37: =AK37*BE37 -> 0 | BH37: =AL37*BG37 -> 0 | BJ37: =AM37*BI37 -> 0 | BL37: =AN37*BK37 -> 0
A38: FY24 | C38: SUNREX | E38: NB | AP38: =AC38*AO38 -> 0 | AR38: =AD38*AQ38 -> 0 | AT38: =AE38*AS38 -> 0 | AV38: =AF38*AU38 -> 0 | AX38: =AG38*AW38 -> 0 | AZ38: =AH38*AY38 -> 0 | BB38: =AI38*BA38 -> 0 | BD38: =AJ38*BC38 -> 0 | BF38: =AK38*BE38 -> 0 | BH38: =AL38*BG38 -> 0 | BJ38: =AM38*BI38 -> 0 | BL38: =AN38*BK38 -> 0
A39: FY24 | C39: SUNREX | E39: NB | F39: MWS | AP39: =AC39*AO39 -> 0 | AR39: =AD39*AQ39 -> 0 | AT39: =AE39*AS39 -> 0 | AV39: =AF39*AU39 -> 0 | AX39: =AG39*AW39 -> 0 | AZ39: =AH39*AY39 -> 0 | BB39: =AI39*BA39 -> 0 | BD39: =AJ39*BC39 -> 0 | BF39: =AK39*BE39 -> 0 | BH39: =AL39*BG39 -> 0 | BJ39: =AM39*BI39 -> 0 | BL39: =AN39*BK39 -> 0
A40: FY24 | C40: SUNREX | E40: NB | AP40: =AC40*AO40 -> 0 | AR40: =AD40*AQ40 -> 0 | AT40: =AE40*AS40 -> 0 | AV40: =AF40*AU40 -> 0 | AX40: =AG40*AW40 -> 0 | AZ40: =AH40*AY40 -> 0 | BB40: =AI40*BA40 -> 0 | BD40: =AJ40*BC40 -> 0 | BF40: =AK40*BE40 -> 0 | BH40: =AL40*BG40 -> 0 | BJ40: =AM40*BI40 -> 0 | BL40: =AN40*BK40 -> 0
A41: FY24 | C41: SUNREX | E41: NB | F41: Soft Keyboard | AP41: =AC41*AO41 -> 0 | AR41: =AD41*AQ41 -> 0 | AT41: =AE41*AS41 -> 0 | AV41: =AF41*AU41 -> 0 | AX41: =AG41*AW41 -> 0 | AZ41: =AH41*AY41 -> 0 | BB41: =AI41*BA41 -> 0 | BD41: =AJ41*BC41 -> 0 | BF41: =AK41*BE41 -> 0 | BH41: =AL41*BG41 -> 0 | BJ41: =AM41*BI41 -> 0 | BL41: =AN41*BK41 -> 0
A42: FY24 | C42: SUNREX | E42: NB | AP42: =AC42*AO42 -> 0 | AR42: =AD42*AQ42 -> 0 | AT42: =AE42*AS42 -> 0 | AV42: =AF42*AU42 -> 0 | AX42: =AG42*AW42 -> 0 | AZ42: =AH42*AY42 -> 0 | BB42: =AI42*BA42 -> 0 | BD42: =AJ42*BC42 -> 0 | BF42: =AK42*BE42 -> 0 | BH42: =AL42*BG42 -> 0 | BJ42: =AM42*BI42 -> 0 | BL42: =AN42*BK42 -> 0
A43: FY24 | B43: Benson Chen | C43: SUNREX | E43: Chromebook | F43: Chromebook | G43: 2020 | H43: AIRES | I43: NBL KB | J43: 14 | K43: JET BLACK/SNOW WHITE/DARKER LIGHT TEAL | L43: W China | M43: QUANTA | N43: 2.98 | O43: 3.5 | P43: 3.5 | Q43: 3.5 | R43: 3.5 | S43: 3.5 | T43: 3.5 | U43: 3.5 | V43: 3.5 | W43: 3.5 | X43: 3.5 | Y43: 3.5 | Z43: 3.5 | AA43: 3.5 | AB43: 0.77 | AC43: 0.77 | AD43: 0.77 | AE43: 0.77 | AF43: 0.77 | AG43: 0.77 | AH43: 0.77 | AI43: 0.77 | AJ43: 0.77 | AK43: 0.77 | AL43: 0.77 | AM43: 0.77 | AN43: 0.77 | AO43: 8302 | AP43: =AC43*AO43 -> 6392.54 | AQ43: 4680 | AR43: =AD43*AQ43 -> 3603.6 | AS43: 6838 | AT43: =AE43*AS43 -> 5265.26 | AU43: 0 | AV43: =AF43*AU43 -> 0 | AW43: 1438 | AX43: =AG43*AW43 -> 1107.26 | AY43: 0 | AZ43: =AH43*AY43 -> 0 | BA43: 0 | BB43: =AI43*BA43 -> 0 | BC43: 0 | BD43: =AJ43*BC43 -> 0 | BE43: 0 | BF43: =AK43*BE43 -> 0 | BG43: 0 | BH43: =AL43*BG43 -> 0 | BI43: 0 | BJ43: =AM43*BI43 -> 0 | BK43: 0 | BL43: =AN43*BK43 -> 0
A44: FY24 | B44: Benson Chen | C44: SUNREX | E44: Chromebook | G44: 2020 | H44: AIRES | I44: BL KB | J44: 14 | K44: JET BLACK | L44: W China | M44: QUANTA | N44: 8.48 | O44: 11.45 | P44: 11.45 | Q44: 11.45 | R44: 11.45 | S44: 11.45 | T44: 11.45 | U44: 11.45 | V44: 11.45 | W44: 11.45 | X44: 11.45 | Y44: 11.45 | Z44: 11.45 | AA44: 11.45 | AB44: 2.2 | AC44: 2.8 | AD44: 2.8 | AE44: 2.8 | AF44: 2.8 | AG44: 2.8 | AH44: 2.8 | AI44: 2.8 | AJ44: 2.8 | AK44: 2.8 | AL44: 2.8 | AM44: 2.8 | AN44: 2.8 | AO44: 1358 | AP44: =AC44*AO44 -> 3802.4 | AQ44: 39 | AR44: =AD44*AQ44 -> 109.2 | AS44: 0 | AT44: =AE44*AS44 -> 0 | AU44: 880 | AV44: =AF44*AU44 -> 2464 | AW44: 198 | AX44: =AG44*AW44 -> 554.4 | AY44: 0 | AZ44: =AH44*AY44 -> 0 | BA44: 0 | BB44: =AI44*BA44 -> 0 | BC44: 40 | BD44: =AJ44*BC44 -> 112 | BE44: 0 | BF44: =AK44*BE44 -> 0 | BG44: 0 | BH44: =AL44*BG44 -> 0 | BI44: 0 | BJ44: =AM44*BI44 -> 0 | BK44: 0 | BL44: =AN44*BK44 -> 0
A45: FY24 | B45: Benson Chen | C45: SUNREX | E45: Chromebook | G45: 2020 | H45: AIRES | I45: BL KB | J45: 14 | K45: CERAMIC WHITE/DARKER LIGHT TEAL | L45: W China | M45: QUANTA | N45: 9.35 | O45: 12.15 | P45: 12.15 | Q45: 12.15 | R45: 12.15 | S45: 12.15 | T45: 12.15 | U45: 12.15 | V45: 12.15 | W45: 12.15 | X45: 12.15 | Y45: 12.15 | Z45: 12.15 | AA45: 12.15 | AB45: 2.2 | AC45: 2.8 | AD45: 2.8 | AE45: 2.8 | AF45: 2.8 | AG45: 2.8 | AH45: 2.8 | AI45: 2.8 | AJ45: 2.8 | AK45: 2.8 | AL45: 2.8 | AM45: 2.8 | AN45: 2.8 | AO45: 40 | AP45: =AC45*AO45 -> 112 | AQ45: 0 | AR45: =AD45*AQ45 -> 0 | AS45: 0 | AT45: =AE45*AS45 -> 0 | AU45: 0 | AV45: =AF45*AU45 -> 0 | AW45: 0 | AX45: =AG45*AW45 -> 0 | AY45: 0 | AZ45: =AH45*AY45 -> 0 | BA45: 0 | BB45: =AI45*BA45 -> 0 | BC45: 0 | BD45: =AJ45*BC45 -> 0 | BE45: 0 | BF45: =AK45*BE45 -> 0 | BG45: 0 | BH45: =AL45*BG45 -> 0 | BI45: 0 | BJ45: =AM45*BI45 -> 0 | BK45: 0 | BL45: =AN45*BK45 -> 0
A46: FY24 | B46: Benson Chen | C46: SUNREX | E46: Chromebook | G46: 2020 | H46: B52CHB/LEPUS | I46: NBL KB | J46: 14 | K46: SNOW WHITE/ASH GRAY /JACK BLACK | L46: W China | M46: QUANTA | N46: 2.98 | O46: 3.5 | P46: 3.5 | Q46: 3.5 | R46: 3.5 | S46: 3.5 | T46: 3.5 | U46: 3.5 | V46: 3.5 | W46: 3.5 | X46: 3.5 | Y46: 3.5 | Z46: 3.5 | AA46: 3.5 | AB46: 0.5 | AC46: 0.52 | AD46: 0.52 | AE46: 0.52 | AF46: 0.52 | AG46: 0.52 | AH46: 0.52 | AI46: 0.52 | AJ46: 0.52 | AK46: 0.52 | AL46: 0.52 | AM46: 0.52 | AN46: 0.52 | AO46: 4815 | AP46: =AC46*AO46 -> 2503.8 | AQ46: 4225 | AR46: =AD46*AQ46 -> 2197 | AS46: 3520 | AT46: =AE46*AS46 -> 1830.4 | AU46: 1599 | AV46: =AF46*AU46 -> 831.48 | AW46: 839 | AX46: =AG46*AW46 -> 436.28 | AY46: 200 | AZ46: =AH46*AY46 -> 104 | BA46: 0 | BB46: =AI46*BA46 -> 0 | BC46: 0 | BD46: =AJ46*BC46 -> 0 | BE46: 200 | BF46: =AK46*BE46 -> 104 | BG46: 0 | BH46: =AL46*BG46 -> 0 | BI46: 0 | BJ46: =AM46*BI46 -> 0 | BK46: 0 | BL46: =AN46*BK46 -> 0
A47: FY24 | B47: Benson Chen | C47: SUNREX | E47: Chromebook | G47: 2020 | H47: B52CHB/LEPUS | I47: NBL KB | J47: 14 | K47: PIKE SILVER | L47: W China | M47: QUANTA | N47: 4.93 | O47: 5.7 | P47: 5.7 | Q47: 5.7 | R47: 5.7 | S47: 5.7 | T47: 5.7 | U47: 5.7 | V47: 5.7 | W47: 5.7 | X47: 5.7 | Y47: 5.7 | Z47: 5.7 | AA47: 5.7 | AB47: 0.7 | AC47: 1.02 | AD47: 1.02 | AE47: 1.02 | AF47: 1.02 | AG47: 1.02 | AH47: 1.02 | AI47: 1.02 | AJ47: 1.02 | AK47: 1.02 | AL47: 1.02 | AM47: 1.02 | AN47: 1.02 | AO47: 1393 | AP47: =AC47*AO47 -> 1420.86 | AQ47: 40 | AR47: =AD47*AQ47 -> 40.8 | AS47: 116 | AT47: =AE47*AS47 -> 118.32 | AU47: 0 | AV47: =AF47*AU47 -> 0 | AW47: 1200 | AX47: =AG47*AW47 -> 1224 | AY47: 400 | AZ47: =AH47*AY47 -> 408 | BA47: 360 | BB47: =AI47*BA47 -> 367.2 | BC47: 320 | BD47: =AJ47*BC47 -> 326.4 | BE47: 40 | BF47: =AK47*BE47 -> 40.8 | BG47: 0 | BH47: =AL47*BG47 -> 0 | BI47: 0 | BJ47: =AM47*BI47 -> 0 | BK47: 0 | BL47: =AN47*BK47 -> 0
A48: FY24 | B48: Benson Chen | C48: SUNREX | E48: Chromebook | G48: 2020 | H48: B52CHB/LEPUS | I48: BL KB | J48: 14 | K48: CERAMIC WHITE | L48: W China | M48: QUANTA | N48: 9.35 | O48: 12.15 | P48: 12.15 | Q48: 12.15 | R48: 12.15 | S48: 12.15 | T48: 12.15 | U48: 12.15 | V48: 12.15 | W48: 12.15 | X48: 12.15 | Y48: 12.15 | Z48: 12.15 | AA48: 12.15 | AB48: 2 | AC48: 3.27 | AD48: 3.27 | AE48: 3.27 | AF48: 3.27 | AG48: 3.27 | AH48: 3.27 | AI48: 3.27 | AJ48: 3.27 | AK48: 3.27 | AL48: 3.27 | AM48: 3.27 | AN48: 3.27 | AO48: 0 | AP48: =AC48*AO48 -> 0 | AQ48: 0 | AR48: =AD48*AQ48 -> 0 | AS48: 0 | AT48: =AE48*AS48 -> 0 | AU48: 0 | AV48: =AF48*AU48 -> 0 | AW48: 0 | AX48: =AG48*AW48 -> 0 | AY48: 0 | AZ48: =AH48*AY48 -> 0 | BA48: 0 | BB48: =AI48*BA48 -> 0 | BC48: 0 | BD48: =AJ48*BC48 -> 0 | BE48: 0 | BF48: =AK48*BE48 -> 0 | BG48: 0 | BH48: =AL48*BG48 -> 0 | BI48: 0 | BJ48: =AM48*BI48 -> 0 | BK48: 0 | BL48: =AN48*BK48 -> 0
A49: FY24 | B49: Benson Chen | C49: SUNREX | E49: Chromebook | G49: 2020 | H49: B52CHB/LEPUS | I49: BL KB | J49: 14 | K49: ASH GRAY/JACK BLACK | L49: W China | M49: QUANTA | N49: 8.48 | O49: 11.45 | P49: 11.45 | Q49: 11.45 | R49: 11.45 | S49: 11.45 | T49: 11.45 | U49: 11.45 | V49: 11.45 | W49: 11.45 | X49: 11.45 | Y49: 11.45 | Z49: 11.45 | AA49: 11.45 | AB49: 2 | AC49: 2.97 | AD49: 2.97 | AE49: 2.97 | AF49: 2.97 | AG49: 2.97 | AH49: 2.97 | AI49: 2.97 | AJ49: 2.97 | AK49: 2.97 | AL49: 2.97 | AM49: 2.97 | AN49: 2.97 | AO49: 2664 | AP49: =AC49*AO49 -> 7912.08 | AQ49: 520 | AR49: =AD49*AQ49 -> 1544.4 | AS49: 284 | AT49: =AE49*AS49 -> 843.48 | AU49: 0 | AV49: =AF49*AU49 -> 0 | AW49: 0 | AX49: =AG49*AW49 -> 0 | AY49: 0 | AZ49: =AH49*AY49 -> 0 | BA49: 0 | BB49: =AI49*BA49 -> 0 | BC49: 0 | BD49: =AJ49*BC49 -> 0 | BE49: 0 | BF49: =AK49*BE49 -> 0 | BG49: 0 | BH49: =AL49*BG49 -> 0 | BI49: 0 | BJ49: =AM49*BI49 -> 0 | BK49: 0 | BL49: =AN49*BK49 -> 0
A50: FY24 | B50: Benson Chen | C50: SUNREX | E50: Chromebook | G50: 2020 | H50: B52CHB/LEPUS | I50: BL KB | J50: 14 | K50: PIKE SILVER | L50: W China | M50: QUANTA | N50: 8.88 | O50: 12.15 | P50: 12.15 | Q50: 12.15 | R50: 12.15 | S50: 12.15 | T50: 12.15 | U50: 12.15 | V50: 12.15 | W50: 12.15 | X50: 12.15 | Y50: 12.15 | Z50: 12.15 | AA50: 12.15 | AB50: 2 | AC50: 2.97 | AD50: 2.97 | AE50: 2.97 | AF50: 2.97 | AG50: 2.97 | AH50: 2.97 | AI50: 2.97 | AJ50: 2.97 | AK50: 2.97 | AL50: 2.97 | AM50: 2.97 | AN50: 2.97 | AO50: 840 | AP50: =AC50*AO50 -> 2494.8 | AQ50: 0 | AR50: =AD50*AQ50 -> 0 | AS50: 0 | AT50: =AE50*AS50 -> 0 | AU50: 0 | AV50: =AF50*AU50 -> 0 | AW50: 0 | AX50: =AG50*AW50 -> 0 | AY50: 0 | AZ50: =AH50*AY50 -> 0 | BA50: 0 | BB50: =AI50*BA50 -> 0 | BC50: 0 | BD50: =AJ50*BC50 -> 0 | BE50: 0 | BF50: =AK50*BE50 -> 0 | BG50: 0 | BH50: =AL50*BG50 -> 0 | BI50: 0 | BJ50: =AM50*BI50 -> 0 | BK50: 0 | BL50: =AN50*BK50 -> 0
A51: FY24 | B51: Benson Chen | C51: SUNREX | E51: Chromebook | G51: 2021 | H51: HITCHCOCK/OZU/MCKAY | I51: NBL KB | J51: 11 | K51: NAUTICAL TEAL/JACK BLACK | L51: W China | M51: QUANTA | N51: 3.14 | O51: 4.1 | P51: 4.1 | Q51: 4.1 | R51: 4.1 | S51: 4.1 | T51: 4.1 | U51: 4.1 | V51: 4.1 | W51: 4.1 | X51: 4.1 | Y51: 4.1 | Z51: 4.1 | AA51: 4.1 | AB51: 0.7 | AC51: 0.96 | AD51: 0.96 | AE51: 0.96 | AF51: 0.96 | AG51: 0.96 | AH51: 0.96 | AI51: 1.12 | AJ51: 1.12 | AK51: 1.12 | AL51: 1.12 | AM51: 1.12 | AN51: 1.12 | AO51: 0 | AP51: =AC51*AO51 -> 0 | AQ51: 67200 | AR51: =AD51*AQ51 -> 64512 | AS51: 11239 | AT51: =AE51*AS51 -> 10789.44 | AU51: 16920 | AV51: =AF51*AU51 -> 16243.2 | AW51: 132524 | AX51: =AG51*AW51 -> 127223.04 | AY51: 84480 | AZ51: =AH51*AY51 -> 81100.8 | BA51: 102329 | BB51: =AI51*BA51 -> 114608.48 | BC51: 36720 | BD51: =AJ51*BC51 -> 41126.4 | BE51: 5629 | BF51: =AK51*BE51 -> 6304.48 | BG51: 18520 | BH51: =AL51*BG51 -> 20742.4 | BI51: 8716 | BJ51: =AM51*BI51 -> 9761.92 | BK51: 1073 | BL51: =AN51*BK51 -> 1201.76
A52: FY24 | B52: Benson Chen | C52: SUNREX | E52: Chromebook | G52: 2021 | H52: TARANTINO | I52: NBL KB | J52: 11 | K52: NAUTICAL TEAL/JACK BLACK | L52: W China | M52: QUANTA | N52: 3.29 | O52: 4.4 | P52: 4.4 | Q52: 4.4 | R52: 4.4 | S52: 4.4 | T52: 4.4 | U52: 4.4 | V52: 4.4 | W52: 4.4 | X52: 4.4 | Y52: 4.4 | Z52: 4.4 | AA52: 4.4 | AB52: 0.75 | AC52: 1.11 | AD52: 1.11 | AE52: 1.11 | AF52: 1.11 | AG52: 1.11 | AH52: 1.11 | AI52: 1.11 | AJ52: 1.11 | AK52: 1.11 | AL52: 1.11 | AM52: 1.11 | AN52: 1.11 | AO52: 0 | AP52: =AC52*AO52 -> 0 | AQ52: 17317 | AR52: =AD52*AQ52 -> 19221.87 | AS52: 12359 | AT52: =AE52*AS52 -> 13718.49 | AU52: 3702 | AV52: =AF52*AU52 -> 4109.22 | AW52: 13920 | AX52: =AG52*AW52 -> 15451.2 | AY52: 8400 | AZ52: =AH52*AY52 -> 9324 | BA52: 25200 | BB52: =AI52*BA52 -> 27972 | BC52: 3264 | BD52: =AJ52*BC52 -> 3623.04 | BE52: 1471 | BF52: =AK52*BE52 -> 1632.81 | BG52: 1149 | BH52: =AL52*BG52 -> 1275.39 | BI52: 30979 | BJ52: =AM52*BI52 -> 34386.69 | BK52: 720 | BL52: =AN52*BK52 -> 799.2
A53: FY24 | B53: Benson Chen | C53: SUNREX | E53: Chromebook | G53: 2021 | H53: CANIS | I53: NBL KB | J53: 14 | K53: JET BLACK | L53: E China | M53: COMPAL | N53: 2.98 | O53: 3.5 | P53: 3.5 | Q53: 3.5 | R53: 3.5 | S53: 3.5 | T53: 3.5 | U53: 3.5 | V53: 3.5 | W53: 3.5 | X53: 3.5 | Y53: 3.5 | Z53: 3.5 | AA53: 3.5 | AB53: 0.5 | AC53: 0.52 | AD53: 0.52 | AE53: 0.52 | AF53: 0.52 | AG53: 0.52 | AH53: 0.52 | AI53: 0.52 | AJ53: 0.52 | AK53: 0.52 | AL53: 0.52 | AM53: 0.52 | AN53: 0.52 | AO53: 0 | AP53: =AC53*AO53 -> 0 | AQ53: 0 | AR53: =AD53*AQ53 -> 0 | AS53: 0 | AT53: =AE53*AS53 -> 0 | AU53: 0 | AV53: =AF53*AU53 -> 0 | AW53: 0 | AX53: =AG53*AW53 -> 0 | AY53: 0 | AZ53: =AH53*AY53 -> 0 | BA53: 0 | BB53: =AI53*BA53 -> 0 | BC53: 0 | BD53: =AJ53*BC53 -> 0 | BE53: 0 | BF53: =AK53*BE53 -> 0 | BG53: 0 | BH53: =AL53*BG53 -> 0 | BI53: 0 | BJ53: =AM53*BI53 -> 0 | BK53: 0 | BL53: =AN53*BK53 -> 0
A54: FY24 | B54: Benson Chen | C54: SUNREX | E54: Chromebook | G54: 2021 | H54: CANIS | I54: NBL KB | J54: 14 | K54: SPRUCE BLUE | L54: E China | M54: COMPAL | N54: 4.68 | O54: 5.7 | P54: 5.7 | Q54: 5.7 | R54: 5.7 | S54: 5.7 | T54: 5.7 | U54: 5.7 | V54: 5.7 | W54: 5.7 | X54: 5.7 | Y54: 5.7 | Z54: 5.7 | AA54: 5.7 | AB54: 0.8 | AC54: 1.02 | AD54: 1.02 | AE54: 1.02 | AF54: 1.02 | AG54: 1.02 | AH54: 1.02 | AI54: 1.02 | AJ54: 1.02 | AK54: 1.02 | AL54: 1.02 | AM54: 1.02 | AN54: 1.02 | AO54: 0 | AP54: =AC54*AO54 -> 0 | AQ54: 0 | AR54: =AD54*AQ54 -> 0 | AS54: 0 | AT54: =AE54*AS54 -> 0 | AU54: 0 | AV54: =AF54*AU54 -> 0 | AW54: 0 | AX54: =AG54*AW54 -> 0 | AY54: 0 | AZ54: =AH54*AY54 -> 0 | BA54: 0 | BB54: =AI54*BA54 -> 0 | BC54: 0 | BD54: =AJ54*BC54 -> 0 | BE54: 0 | BF54: =AK54*BE54 -> 0 | BG54: 0 | BH54: =AL54*BG54 -> 0 | BI54: 0 | BJ54: =AM54*BI54 -> 0 | BK54: 0 | BL54: =AN54*BK54 -> 0
A55: FY24 | B55: Benson Chen | C55: SUNREX | E55: Chromebook | G55: 2021 | H55: CANIS | I55: BL KB | J55: 14 | K55: SPRUCE BLUE | L55: E China | M55: COMPAL | N55: 9.58 | O55: 13.15 | P55: 13.15 | Q55: 13.15 | R55: 13.15 | S55: 13.15 | T55: 13.15 | U55: 13.15 | V55: 13.15 | W55: 13.15 | X55: 13.15 | Y55: 13.15 | Z55: 13.15 | AA55: 13.15 | AB55: 2.5 | AC55: 3.27 | AD55: 3.27 | AE55: 3.27 | AF55: 3.27 | AG55: 3.27 | AH55: 3.27 | AI55: 3.27 | AJ55: 3.27 | AK55: 3.27 | AL55: 3.27 | AM55: 3.27 | AN55: 3.27 | AO55: 0 | AP55: =AC55*AO55 -> 0 | AQ55: 0 | AR55: =AD55*AQ55 -> 0 | AS55: 0 | AT55: =AE55*AS55 -> 0 | AU55: 0 | AV55: =AF55*AU55 -> 0 | AW55: 0 | AX55: =AG55*AW55 -> 0 | AY55: 0 | AZ55: =AH55*AY55 -> 0 | BA55: 0 | BB55: =AI55*BA55 -> 0 | BC55: 0 | BD55: =AJ55*BC55 -> 0 | BE55: 0 | BF55: =AK55*BE55 -> 0 | BG55: 0 | BH55: =AL55*BG55 -> 0 | BI55: 0 | BJ55: =AM55*BI55 -> 0 | BK55: 0 | BL55: =AN55*BK55 -> 0
... A60: FY24 | B60: Benson Chen | C60: SUNREX | E60: Chromebook | G60: 2023 | H60: HIMALAYAN | I60: NBL KB | J60: 11 | K60: COSMIC BLUE | L60: W China | M60: QUANTA | N60: 3.05 | O60: 3.95 | P60: 3.95 | Q60: 3.95 | R60: 3.95 | S60: 3.95 | T60: 3.95 | U60: 3.95 | V60: 3.95 | W60: 3.95 | X60: 3.95 | Y60: 3.95 | Z60: 3.95 | AA60: 3.95 | AB60: 0 | AC60: 0 | AD60: 0 | AE60: 0 | AF60: 0.9 | AG60: 0.9 | AH60: 0.9 | AI60: 0.97 | AJ60: 0.97 | AK60: 0.97 | AL60: 0.97 | AM60: 0.97 | AN60: 0.97 | AO60: 0 | AP60: =AC60*AO60 -> 0 | AQ60: 0 | AR60: =AD60*AQ60 -> 0 | AS60: 0 | AT60: =AE60*AS60 -> 0 | AU60: 880 | AV60: =AF60*AU60 -> 792 | AW60: 920 | AX60: =AG60*AW60 -> 828 | AY60: 3000 | AZ60: =AH60*AY60 -> 2700 | BA60: 1840 | BB60: =AI60*BA60 -> 1784.8 | BC60: 0 | BD60: =AJ60*BC60 -> 0 | BE60: 196 | BF60: =AK60*BE60 -> 190.12 | BG60: 80 | BH60: =AL60*BG60 -> 77.6 | BI60: 0 | BJ60: =AM60*BI60 -> 0 | BK60: 680 | BL60: =AN60*BK60 -> 659.6
A61: FY24 | C61: SUNREX | E61: Chromebook | AP61: =AC61*AO61 -> 0 | AR61: =AD61*AQ61 -> 0 | AT61: =AE61*AS61 -> 0 | AV61: =AF61*AU61 -> 0 | AX61: =AG61*AW61 -> 0 | AZ61: =AH61*AY61 -> 0 | BB61: =AI61*BA61 -> 0 | BD61: =AJ61*BC61 -> 0 | BF61: =AK61*BE61 -> 0 | BH61: =AL61*BG61 -> 0 | BJ61: =AM61*BI61 -> 0 | BL61: =AN61*BK61 -> 0
A62: FY24 | B62: Simon Yang | C62: SUNREX | D62: Peripheral | E62: Peripheral | F62: Peripherals | G62: 2015 | H62: BUBLE WIRELESS | I62: Mouse | K62: BLACK | L62: S China | M62: OTHERS | N62: 12 | O62: 12 | P62: 12 | Q62: 12 | R62: 12 | S62: 12 | T62: 12 | U62: 12 | V62: 12 | W62: 12 | X62: 12 | Y62: 12 | Z62: 12 | AA62: 12 | AB62: 0.37 | AC62: 0.37 | AD62: 0.37 | AE62: 0.37 | AF62: 0.37 | AG62: 0.37 | AH62: 0.37 | AI62: 0.37 | AJ62: 0.37 | AK62: 0.37 | AL62: 0.37 | AM62: 0.37 | AN62: 0.37 | AO62: 7680 | AP62: =AC62*AO62 -> 2841.6 | AQ62: 8640 | AR62: =AD62*AQ62 -> 3196.8 | AS62: 13440 | AT62: =AE62*AS62 -> 4972.8 | AU62: 3840 | AV62: =AF62*AU62 -> 1420.8 | AW62: 1920 | AX62: =AG62*AW62 -> 710.4 | AY62: 6720 | AZ62: =AH62*AY62 -> 2486.4 | BA62: 0 | BB62: =AI62*BA62 -> 0 | BC62: 0 | BD62: =AJ62*BC62 -> 0 | BE62: 0 | BF62: =AK62*BE62 -> 0 | BG62: 0 | BH62: =AL62*BG62 -> 0 | BJ62: =AM62*BI62 -> 0 | BL62: =AN62*BK62 -> 0 | BO62: NA
A63: FY24 | B63: Simon Yang | C63: SUNREX | E63: Peripheral | G63: 2015 | H63: BUBLE WIRELESS | I63: Mouse | K63: BLACK | L63: S China | M63: OTHERS | N63: 12 | O63: 12 | P63: 12 | Q63: 12 | R63: 12 | S63: 12 | T63: 12 | U63: 12 | V63: 12 | W63: 12 | X63: 12 | Y63: 12 | Z63: 12 | AA63: 12 | AB63: 0.37 | AC63: 0.37 | AD63: 0.37 | AE63: 0.37 | AF63: 0.37 | AG63: 0.37 | AH63: 0.37 | AI63: 0.37 | AJ63: 0.37 | AK63: 0.37 | AL63: 0.37 | AM63: 0.37 | AN63: 0.37 | AP63: =AC63*AO63 -> 0 | AR63: =AD63*AQ63 -> 0 | AT63: =AE63*AS63 -> 0 | AV63: =AF63*AU63 -> 0 | AX63: =AG63*AW63 -> 0 | AZ63: =AH63*AY63 -> 0 | BB63: =AI63*BA63 -> 0 | BC63: 1920 | BD63: =AJ63*BC63 -> 710.4 | BE63: 18240 | BF63: =AK63*BE63 -> 6748.8 | BG63: 0 | BH63: =AL63*BG63 -> 0 | BJ63: =AM63*BI63 -> 0 | BL63: =AN63*BK63 -> 0 | BO63: EMEA
A64: FY24 | B64: Simon Yang | C64: SUNREX | E64: Peripheral | G64: 2015 | H64: BUBLE WIRELESS | I64: Mouse | K64: BLACK | L64: S China | M64: OTHERS | N64: 12 | O64: 12 | P64: 12 | Q64: 12 | R64: 12 | S64: 12 | T64: 12 | U64: 12 | V64: 12 | W64: 12 | X64: 12 | Y64: 12 | Z64: 12 | AA64: 12 | AB64: 0.37 | AC64: 0.37 | AD64: 0.37 | AE64: 0.37 | AF64: 0.37 | AG64: 0.37 | AH64: 0.37 | AI64: 0.37 | AJ64: 0.37 | AK64: 0.37 | AL64: 0.37 | AM64: 0.37 | AN64: 0.37 | AP64: =AC64*AO64 -> 0 | AR64: =AD64*AQ64 -> 0 | AT64: =AE64*AS64 -> 0 | AV64: =AF64*AU64 -> 0 | AX64: =AG64*AW64 -> 0 | AZ64: =AH64*AY64 -> 0 | BB64: =AI64*BA64 -> 0 | BC64: 960 | BD64: =AJ64*BC64 -> 355.2 | BE64: 960 | BF64: =AK64*BE64 -> 355.2 | BG64: 0 | BH64: =AL64*BG64 -> 0 | BJ64: =AM64*BI64 -> 0 | BL64: =AN64*BK64 -> 0 | BO64: APJ
A65: FY24 | B65: Simon Yang | C65: SUNREX | E65: Peripheral | G65: 2018 | H65: ELVIS | I65: COMBO | K65: BLACK | L65: S China | M65: OTHERS | N65: 42.75 | O65: 42.75 | P65: 42.75 | Q65: 42.75 | R65: 42.75 | S65: 42.75 | T65: 42.75 | U65: 42.75 | V65: 42.75 | W65: 42.75 | X65: 42.75 | Y65: 42.75 | Z65: 42.75 | AA65: 42.75 | AB65: 2.6 | AC65: 2.6 | AD65: 2.6 | AE65: 2.6 | AF65: 2.6 | AG65: 2.6 | AH65: 2.6 | AI65: 2.6 | AJ65: 2.6 | AK65: 2.6 | AL65: 2.6 | AM65: 2.6 | AN65: 2.6 | AO65: 4850 | AP65: =AC65*AO65 -> 12610 | AQ65: 2770 | AR65: =AD65*AQ65 -> 7202 | AS65: 2400 | AT65: =AE65*AS65 -> 6240 | AU65: 4560 | AV65: =AF65*AU65 -> 11856 | AW65: 1630 | AX65: =AG65*AW65 -> 4238 | AY65: 3340 | AZ65: =AH65*AY65 -> 8684 | BA65: 0 | BB65: =AI65*BA65 -> 0 | BC65: 0 | BD65: =AJ65*BC65 -> 0 | BE65: 0 | BF65: =AK65*BE65 -> 0 | BG65: 0 | BH65: =AL65*BG65 -> 0 | BJ65: =AM65*BI65 -> 0 | BL65: =AN65*BK65 -> 0 | BO65: NA
A66: FY24 | B66: Simon Yang | C66: SUNREX | E66: Peripheral | G66: 2018 | H66: ELVIS | I66: COMBO | K66: BLACK | L66: S China | M66: OTHERS | N66: 42.75 | O66: 42.75 | P66: 42.75 | Q66: 42.75 | R66: 42.75 | S66: 42.75 | T66: 42.75 | U66: 42.75 | V66: 42.75 | W66: 42.75 | X66: 42.75 | Y66: 42.75 | Z66: 42.75 | AA66: 42.75 | AB66: 2.6 | AC66: 2.6 | AD66: 2.6 | AE66: 2.6 | AF66: 2.6 | AG66: 2.6 | AH66: 2.6 | AI66: 2.6 | AJ66: 2.6 | AK66: 2.6 | AL66: 2.6 | AM66: 2.6 | AN66: 2.6 | AP66: =AC66*AO66 -> 0 | AR66: =AD66*AQ66 -> 0 | AT66: =AE66*AS66 -> 0 | AV66: =AF66*AU66 -> 0 | AX66: =AG66*AW66 -> 0 | AZ66: =AH66*AY66 -> 0 | BB66: =AI66*BA66 -> 0 | BC66: 1000 | BD66: =AJ66*BC66 -> 2600 | BE66: 2130 | BF66: =AK66*BE66 -> 5538 | BG66: 0 | BH66: =AL66*BG66 -> 0 | BI66: 7680 | BJ66: =AM66*BI66 -> 19968 | BL66: =AN66*BK66 -> 0 | BO66: EMEA
A67: FY24 | B67: Simon Yang | C67: SUNREX | E67: Peripheral | G67: 2018 | H67: ELVIS | I67: COMBO | K67: BLACK | L67: S China | M67: OTHERS | N67: 42.75 | O67: 42.75 | P67: 42.75 | Q67: 42.75 | R67: 42.75 | S67: 42.75 | T67: 42.75 | U67: 42.75 | V67: 42.75 | W67: 42.75 | X67: 42.75 | Y67: 42.75 | Z67: 42.75 | AA67: 42.75 | AB67: 2.6 | AC67: 2.6 | AD67: 2.6 | AE67: 2.6 | AF67: 2.6 | AG67: 2.6 | AH67: 2.6 | AI67: 2.6 | AJ67: 2.6 | AK67: 2.6 | AL67: 2.6 | AM67: 2.6 | AN67: 2.6 | AP67: =AC67*AO67 -> 0 | AR67: =AD67*AQ67 -> 0 | AT67: =AE67*AS67 -> 0 | AV67: =AF67*AU67 -> 0 | AX67: =AG67*AW67 -> 0 | AZ67: =AH67*AY67 -> 0 | BB67: =AI67*BA67 -> 0 | BC67: 0 | BD67: =AJ67*BC67 -> 0 | BE67: 0 | BF67: =AK67*BE67 -> 0 | BG67: 0 | BH67: =AL67*BG67 -> 0 | BJ67: =AM67*BI67 -> 0 | BL67: =AN67*BK67 -> 0 | BO67: APJ
A68: FY24 | B68: Simon Yang | C68: SUNREX | E68: Peripheral | G68: 2023 | H68: ASH BT | I68: NBL KB | K68: BLACK | L68: S China | M68: OTHERS | N68: 11.73 | O68: 11.73 | P68: 11.73 | Q68: 11.73 | R68: 11.73 | S68: 11.73 | T68: 11.73 | U68: 11.73 | V68: 11.73 | W68: 11.73 | X68: 11.73 | Y68: 11.73 | Z68: 11.73 | AA68: 11.73 | AB68: 0.46 | AC68: 0.46 | AD68: 0.46 | AE68: 0.46 | AF68: 0.46 | AG68: 0.46 | AH68: 0.46 | AI68: 0.46 | AJ68: 0.46 | AK68: 0.46 | AL68: 0.46 | AM68: 0.46 | AN68: 0.46 | AO68: 0 | AP68: =AC68*AO68 -> 0 | AQ68: 2000 | AR68: =AD68*AQ68 -> 920 | AS68: 200 | AT68: =AE68*AS68 -> 92 | AU68: 0 | AV68: =AF68*AU68 -> 0 | AW68: 1000 | AX68: =AG68*AW68 -> 460 | AY68: 0 | AZ68: =AH68*AY68 -> 0 | BA68: 6000 | BB68: =AI68*BA68 -> 2760 | BC68: 0 | BD68: =AJ68*BC68 -> 0 | BE68: 0 | BF68: =AK68*BE68 -> 0 | BG68: 0 | BH68: =AL68*BG68 -> 0 | BJ68: =AM68*BI68 -> 0 | BL68: =AN68*BK68 -> 0 | BO68: NA
A69: FY24 | B69: Simon Yang | C69: SUNREX | E69: Peripheral | G69: 2023 | H69: ASH BT | I69: NBL KB | K69: BLACK | L69: S China | M69: OTHERS | N69: 11.73 | O69: 11.73 | P69: 11.73 | Q69: 11.73 | R69: 11.73 | S69: 11.73 | T69: 11.73 | U69: 11.73 | V69: 11.73 | W69: 11.73 | X69: 11.73 | Y69: 11.73 | Z69: 11.73 | AA69: 11.73 | AB69: 0.46 | AC69: 0.46 | AD69: 0.46 | AE69: 0.46 | AF69: 0.46 | AG69: 0.46 | AH69: 0.46 | AI69: 0.46 | AJ69: 0.46 | AK69: 0.46 | AL69: 0.46 | AM69: 0.46 | AN69: 0.46 | AP69: =AC69*AO69 -> 0 | AR69: =AD69*AQ69 -> 0 | AT69: =AE69*AS69 -> 0 | AV69: =AF69*AU69 -> 0 | AX69: =AG69*AW69 -> 0 | AZ69: =AH69*AY69 -> 0 | BB69: =AI69*BA69 -> 0 | BC69: 0 | BD69: =AJ69*BC69 -> 0 | BE69: 0 | BF69: =AK69*BE69 -> 0 | BG69: 0 | BH69: =AL69*BG69 -> 0 | BJ69: =AM69*BI69 -> 0 | BL69: =AN69*BK69 -> 0 | BO69: EMEA
A70: FY24 | B70: Simon Yang | C70: SUNREX | E70: Peripheral | G70: 2023 | H70: ASH BT | I70: NBL KB | K70: BLACK | L70: S China | M70: OTHERS | N70: 11.73 | O70: 11.73 | P70: 11.73 | Q70: 11.73 | R70: 11.73 | S70: 11.73 | T70: 11.73 | U70: 11.73 | V70: 11.73 | W70: 11.73 | X70: 11.73 | Y70: 11.73 | Z70: 11.73 | AA70: 11.73 | AB70: 0.46 | AC70: 0.46 | AD70: 0.46 | AE70: 0.46 | AF70: 0.46 | AG70: 0.46 | AH70: 0.46 | AI70: 0.46 | AJ70: 0.46 | AK70: 0.46 | AL70: 0.46 | AM70: 0.46 | AN70: 0.46 | AP70: =AC70*AO70 -> 0 | AR70: =AD70*AQ70 -> 0 | AT70: =AE70*AS70 -> 0 | AV70: =AF70*AU70 -> 0 | AX70: =AG70*AW70 -> 0 | AZ70: =AH70*AY70 -> 0 | BB70: =AI70*BA70 -> 0 | BC70: 2000 | BD70: =AJ70*BC70 -> 920 | BE70: 1000 | BF70: =AK70*BE70 -> 460 | BG70: 1000 | BH70: =AL70*BG70 -> 460 | BJ70: =AM70*BI70 -> 0 | BL70: =AN70*BK70 -> 0 | BO70: APJ
A71: FY24 | B71: Simon Yang | C71: SUNREX | E71: Peripheral | G71: 2023 | H71: ASH DUAL | I71: NBL KB | K71: BLACK | L71: S China | M71: OTHERS | N71: 13.63 | O71: 13.63 | P71: 13.63 | Q71: 13.63 | R71: 13.63 | S71: 13.63 | T71: 13.63 | U71: 13.63 | V71: 13.63 | W71: 13.63 | X71: 13.63 | Y71: 13.63 | Z71: 13.63 | AA71: 13.63 | AB71: 0.46 | AC71: 0.46 | AD71: 0.46 | AE71: 0.46 | AF71: 0.46 | AG71: 0.46 | AH71: 0.46 | AI71: 0.46 | AJ71: 0.46 | AK71: 0.46 | AL71: 0.46 | AM71: 0.46 | AN71: 0.46 | AO71: 7500 | AP71: =AC71*AO71 -> 3450 | AQ71: 1000 | AR71: =AD71*AQ71 -> 460 | AS71: 2200 | AT71: =AE71*AS71 -> 1012 | AU71: 0 | AV71: =AF71*AU71 -> 0 | AW71: 0 | AX71: =AG71*AW71 -> 0 | AY71: 0 | AZ71: =AH71*AY71 -> 0 | BA71: 0 | BB71: =AI71*BA71 -> 0 | BC71: 0 | BD71: =AJ71*BC71 -> 0 | BE71: 0 | BF71: =AK71*BE71 -> 0 | BG71: 0 | BH71: =AL71*BG71 -> 0 | BJ71: =AM71*BI71 -> 0 | BL71: =AN71*BK71 -> 0 | BO71: NA
A72: FY24 | B72: Simon Yang | C72: SUNREX | E72: Peripheral | G72: 2023 | H72: ASH DUAL | I72: ASH DUAL | J72: ASH DUAL | K72: ASH DUAL | L72: ASH DUAL | M72: ASH DUAL | N72: 13.63 | O72: 13.63 | P72: 13.63 | Q72: 13.63 | R72: 13.63 | S72: 13.63 | T72: 13.63 | U72: 13.63 | V72: 13.63 | W72: 13.63 | X72: 13.63 | Y72: 13.63 | Z72: 13.63 | AA72: 13.63 | AB72: 0.46 | AC72: 0.46 | AD72: 0.46 | AE72: 0.46 | AF72: 0.46 | AG72: 0.46 | AH72: 0.46 | AI72: 0.46 | AJ72: 0.46 | AK72: 0.46 | AL72: 0.46 | AM72: 0.46 | AN72: 0.46 | AP72: =AC72*AO72 -> 0 | AR72: =AD72*AQ72 -> 0 | AT72: =AE72*AS72 -> 0 | AV72: =AF72*AU72 -> 0 | AX72: =AG72*AW72 -> 0 | AZ72: =AH72*AY72 -> 0 | BB72: =AI72*BA72 -> 0 | BC72: 0 | BD72: =AJ72*BC72 -> 0 | BE72: 0 | BF72: =AK72*BE72 -> 0 | BG72: 0 | BH72: =AL72*BG72 -> 0 | BJ72: =AM72*BI72 -> 0 | BL72: =AN72*BK72 -> 0 | BO72: EMEA
A73: FY24 | B73: Simon Yang | C73: SUNREX | E73: Peripheral | G73: 2023 | H73: ASH DUAL | I73: ASH DUAL | J73: ASH DUAL | K73: ASH DUAL | L73: ASH DUAL | M73: ASH DUAL | N73: 13.63 | O73: 13.63 | P73: 13.63 | Q73: 13.63 | R73: 13.63 | S73: 13.63 | T73: 13.63 | U73: 13.63 | V73: 13.63 | W73: 13.63 | X73: 13.63 | Y73: 13.63 | Z73: 13.63 | AA73: 13.63 | AB73: 0.46 | AC73: 0.46 | AD73: 0.46 | AE73: 0.46 | AF73: 0.46 | AG73: 0.46 | AH73: 0.46 | AI73: 0.46 | AJ73: 0.46 | AK73: 0.46 | AL73: 0.46 | AM73: 0.46 | AN73: 0.46 | AP73: =AC73*AO73 -> 0 | AR73: =AD73*AQ73 -> 0 | AT73: =AE73*AS73 -> 0 | AV73: =AF73*AU73 -> 0 | AX73: =AG73*AW73 -> 0 | AZ73: =AH73*AY73 -> 0 | BB73: =AI73*BA73 -> 0 | BC73: 0 | BD73: =AJ73*BC73 -> 0 | BE73: 1000 | BF73: =AK73*BE73 -> 460 | BG73: 880 | BH73: =AL73*BG73 -> 404.8 | BJ73: =AM73*BI73 -> 0 | BL73: =AN73*BK73 -> 0 | BO73: APJ
A74: FY24 | B74: Simon Yang | C74: SUNREX | E74: Peripheral | G74: 2023 | H74: ASH MACRO | I74: NBL KB | K74: BLACK | L74: S China | M74: OTHERS | N74: 12.97 | O74: 12.97 | P74: 12.97 | Q74: 12.97 | R74: 12.97 | S74: 12.97 | T74: 12.97 | U74: 12.97 | V74: 12.97 | W74: 12.97 | X74: 12.97 | Y74: 12.97 | Z74: 12.97 | AA74: 12.97 | AB74: 0.46 | AC74: 0.46 | AD74: 0.46 | AE74: 0.46 | AF74: 0.46 | AG74: 0.46 | AH74: 0.46 | AI74: 0.46 | AJ74: 0.46 | AK74: 0.46 | AL74: 0.46 | AM74: 0.46 | AN74: 0.46 | AO74: 5000 | AP74: =AC74*AO74 -> 2300 | AQ74: 1000 | AR74: =AD74*AQ74 -> 460 | AS74: 2000 | AT74: =AE74*AS74 -> 920 | AU74: 0 | AV74: =AF74*AU74 -> 0 | AW74: 0 | AX74: =AG74*AW74 -> 0 | AY74: 1000 | AZ74: =AH74*AY74 -> 460 | BA74: 0 | BB74: =AI74*BA74 -> 0 | BC74: 0 | BD74: =AJ74*BC74 -> 0 | BE74: 0 | BF74: =AK74*BE74 -> 0 | BG74: 0 | BH74: =AL74*BG74 -> 0 | BJ74: =AM74*BI74 -> 0 | BL74: =AN74*BK74 -> 0 | BO74: NA
A75: FY24 | B75: Simon Yang | C75: SUNREX | E75: Peripheral | G75: 2023 | H75: ASH MACRO | I75: NBL KB | K75: BLACK | L75: S China | M75: OTHERS | N75: 12.97 | O75: 12.97 | P75: 12.97 | Q75: 12.97 | R75: 12.97 | S75: 12.97 | T75: 12.97 | U75: 12.97 | V75: 12.97 | W75: 12.97 | X75: 12.97 | Y75: 12.97 | Z75: 12.97 | AA75: 12.97 | AB75: 0.46 | AC75: 0.46 | AD75: 0.46 | AE75: 0.46 | AF75: 0.46 | AG75: 0.46 | AH75: 0.46 | AI75: 0.46 | AJ75: 0.46 | AK75: 0.46 | AL75: 0.46 | AM75: 0.46 | AN75: 0.46 | AP75: =AC75*AO75 -> 0 | AR75: =AD75*AQ75 -> 0 | AT75: =AE75*AS75 -> 0 | AV75: =AF75*AU75 -> 0 | AX75: =AG75*AW75 -> 0 | AZ75: =AH75*AY75 -> 0 | BB75: =AI75*BA75 -> 0 | BC75: 0 | BD75: =AJ75*BC75 -> 0 | BE75: 0 | BF75: =AK75*BE75 -> 0 | BG75: 0 | BH75: =AL75*BG75 -> 0 | BJ75: =AM75*BI75 -> 0 | BL75: =AN75*BK75 -> 0 | BO75: EMEA
A76: FY24 | B76: Simon Yang | C76: SUNREX | E76: Peripheral | G76: 2023 | H76: ASH MACRO | I76: NBL KB | K76: BLACK | L76: S China | M76: OTHERS | N76: 12.97 | O76: 12.97 | P76: 12.97 | Q76: 12.97 | R76: 12.97 | S76: 12.97 | T76: 12.97 | U76: 12.97 | V76: 12.97 | W76: 12.97 | X76: 12.97 | Y76: 12.97 | Z76: 12.97 | AA76: 12.97 | AB76: 0.46 | AC76: 0.46 | AD76: 0.46 | AE76: 0.46 | AF76: 0.46 | AG76: 0.46 | AH76: 0.46 | AI76: 0.46 | AJ76: 0.46 | AK76: 0.46 | AL76: 0.46 | AM76: 0.46 | AN76: 0.46 | AP76: =AC76*AO76 -> 0 | AR76: =AD76*AQ76 -> 0 | AT76: =AE76*AS76 -> 0 | AV76: =AF76*AU76 -> 0 | AX76: =AG76*AW76 -> 0 | AZ76: =AH76*AY76 -> 0 | BB76: =AI76*BA76 -> 0 | BC76: 0 | BD76: =AJ76*BC76 -> 0 | BE76: 1000 | BF76: =AK76*BE76 -> 460 | BG76: 0 | BH76: =AL76*BG76 -> 0 | BI76: 1000 | BJ76: =AM76*BI76 -> 460 | BL76: =AN76*BK76 -> 0 | BO76: APJ
A77: FY24 | B77: Simon Yang | C77: SUNREX | E77: Peripheral | G77: 2023 | H77: ASH WIRED | I77: BL KB | K77: BLACK | L77: S China | M77: OTHERS | N77: 15.75 | O77: 15.75 | P77: 15.75 | Q77: 15.75 | R77: 15.75 | S77: 15.75 | T77: 15.75 | U77: 15.75 | V77: 15.75 | W77: 15.75 | X77: 15.75 | Y77: 15.75 | Z77: 15.75 | AA77: 15.75 | AB77: 0.46 | AC77: 0.46 | AD77: 0.46 | AE77: 0.46 | AF77: 0.46 | AG77: 0.46 | AH77: 0.46 | AI77: 0.46 | AJ77: 0.46 | AK77: 0.46 | AL77: 0.46 | AM77: 0.46 | AN77: 0.46 | AO77: 2800 | AP77: =AC77*AO77 -> 1288 | AQ77: 4750 | AR77: =AD77*AQ77 -> 2185 | AS77: 14850 | AT77: =AE77*AS77 -> 6831 | AU77: 1000 | AV77: =AF77*AU77 -> 460 | AW77: 2400 | AX77: =AG77*AW77 -> 1104 | AY77: 3300 | AZ77: =AH77*AY77 -> 1518 | BA77: 0 | BB77: =AI77*BA77 -> 0 | BC77: 0 | BD77: =AJ77*BC77 -> 0 | BE77: 0 | BF77: =AK77*BE77 -> 0 | BG77: 0 | BH77: =AL77*BG77 -> 0 | BJ77: =AM77*BI77 -> 0 | BL77: =AN77*BK77 -> 0 | BO77: NA
A78: FY24 | B78: Simon Yang | C78: SUNREX | E78: Peripheral | G78: 2023 | H78: ASH WIRED | I78: BL KB | K78: BLACK | L78: S China | M78: OTHERS | N78: 15.75 | O78: 15.75 | P78: 15.75 | Q78: 15.75 | R78: 15.75 | S78: 15.75 | T78: 15.75 | U78: 15.75 | V78: 15.75 | W78: 15.75 | X78: 15.75 | Y78: 15.75 | Z78: 15.75 | AA78: 15.75 | AB78: 0.46 | AC78: 0.46 | AD78: 0.46 | AE78: 0.46 | AF78: 0.46 | AG78: 0.46 | AH78: 0.46 | AI78: 0.46 | AJ78: 0.46 | AK78: 0.46 | AL78: 0.46 | AM78: 0.46 | AN78: 0.46 | AP78: =AC78*AO78 -> 0 | AR78: =AD78*AQ78 -> 0 | AT78: =AE78*AS78 -> 0 | AV78: =AF78*AU78 -> 0 | AX78: =AG78*AW78 -> 0 | AZ78: =AH78*AY78 -> 0 | BB78: =AI78*BA78 -> 0 | BC78: 1400 | BD78: =AJ78*BC78 -> 644 | BE78: 0 | BF78: =AK78*BE78 -> 0 | BG78: 200 | BH78: =AL78*BG78 -> 92 | BI78: 600 | BJ78: =AM78*BI78 -> 276 | BK78: 1100 | BL78: =AN78*BK78 -> 506 | BO78: EMEA
A79: FY24 | B79: Simon Yang | C79: SUNREX | E79: Peripheral | G79: 2023 | H79: ASH WIRED | I79: BL KB | K79: BLACK | L79: S China | M79: OTHERS | N79: 15.75 | O79: 15.75 | P79: 15.75 | Q79: 15.75 | R79: 15.75 | S79: 15.75 | T79: 15.75 | U79: 15.75 | V79: 15.75 | W79: 15.75 | X79: 15.75 | Y79: 15.75 | Z79: 15.75 | AA79: 15.75 | AB79: 0.46 | AC79: 0.46 | AD79: 0.46 | AE79: 0.46 | AF79: 0.46 | AG79: 0.46 | AH79: 0.46 | AI79: 0.46 | AJ79: 0.46 | AK79: 0.46 | AL79: 0.46 | AM79: 0.46 | AN79: 0.46 | AP79: =AC79*AO79 -> 0 | AR79: =AD79*AQ79 -> 0 | AT79: =AE79*AS79 -> 0 | AV79: =AF79*AU79 -> 0 | AX79: =AG79*AW79 -> 0 | AZ79: =AH79*AY79 -> 0 | BB79: =AI79*BA79 -> 0 | BC79: 1000 | BD79: =AJ79*BC79 -> 460 | BE79: 0 | BF79: =AK79*BE79 -> 0 | BG79: 1000 | BH79: =AL79*BG79 -> 460 | BI79: 1000 | BJ79: =AM79*BI79 -> 460 | BL79: =AN79*BK79 -> 0 | BO79: APJ
A80: FY24 | C80: SUNREX | AP80: =AC80*AO80 -> 0 | AR80: =AD80*AQ80 -> 0 | AS80: 0 | AT80: =AE80*AS80 -> 0 | AU80: 0 | AV80: =AF80*AU80 -> 0 | AX80: =AG80*AW80 -> 0 | AZ80: =AH80*AY80 -> 0 | BB80: =AI80*BA80 -> 0 | BD80: =AJ80*BC80 -> 0 | BF80: =AK80*BE80 -> 0 | BH80: =AL80*BG80 -> 0 | BJ80: =AM80*BI80 -> 0 | BL80: =AN80*BK80 -> 0
A81: FY24 | B81: Benson Chen | C81: SUNREX | D81: Commercial/Consumer | E81: NB | F81: 200/OPP | G81: 2019 | H81: MALDIVES/MALDIVES6U/HERSCHEL/HERSCHEL6U | I81: NBL KB | J81: 15 | K81: JACK BLACK | L81: E China | M81: COMPAL | N81: 3.5 | O81: 4.2 | P81: 4.2 | Q81: 4.2 | R81: 4.2 | S81: 4.2 | T81: 4.2 | U81: 4.2 | V81: 3.9 | W81: 3.9 | X81: 3.9 | Y81: 3.9 | Z81: 3.9 | AA81: 3.9 | AB81: 0.7 | AC81: 0.7 | AD81: 0.7 | AE81: 0.7 | AF81: 0.7 | AG81: 0.7 | AH81: 0.7 | AI81: 1 | AJ81: 1 | AK81: 1 | AL81: 1 | AM81: 1 | AN81: 1 | AO81: 54518 | AP81: =AC81*AO81 -> 38162.6 | AQ81: 87506 | AR81: =AD81*AQ81 -> 61254.2 | AS81: 47480 | AT81: =AE81*AS81 -> 33236 | AU81: 83850 | AV81: =AF81*AU81 -> 58695 | AW81: 83383 | AX81: =AG81*AW81 -> 58368.1 | AY81: 28680 | AZ81: =AH81*AY81 -> 20076 | BA81: 49948 | BB81: =AI81*BA81 -> 49948 | BC81: 74142 | BD81: =AJ81*BC81 -> 74142 | BE81: 16927 | BF81: =AK81*BE81 -> 16927 | BG81: 13863 | BH81: =AL81*BG81 -> 13863 | BI81: 33442 | BJ81: =AM81*BI81 -> 33442 | BK81: 11664 | BL81: =AN81*BK81 -> 11664
A82: FY24 | B82: Benson Chen | C82: SUNREX | E82: NB | G82: 2024 | H82: MALDIVESR6U2 | I82: NBL KB | J82: 15 | K82: JACK BLACK | L82: E China | M82: COMPAL | N82: 3.5 | O82: 4.2 | P82: 0 | Q82: 0 | R82: 0 | S82: 0 | T82: 0 | U82: 4.2 | V82: 3.9 | W82: 3.9 | X82: 3.9 | Y82: 3.9 | Z82: 3.9 | AA82: 3.9 | AB82: 0 | AC82: 0 | AD82: 0 | AE82: 0 | AF82: 0 | AG82: 0 | AH82: 0.7 | AI82: 1 | AJ82: 1 | AK82: 1 | AL82: 1 | AM82: 1 | AN82: 1 | AP82: =AC82*AO82 -> 0 | AR82: =AD82*AQ82 -> 0 | AT82: =AE82*AS82 -> 0 | AV82: =AF82*AU82 -> 0 | AX82: =AG82*AW82 -> 0 | AY82: 4126 | AZ82: =AH82*AY82 -> 2888.2 | BA82: 18158 | BB82: =AI82*BA82 -> 18158 | BC82: 35947 | BD82: =AJ82*BC82 -> 35947 | BE82: 7079 | BF82: =AK82*BE82 -> 7079 | BG82: 29808 | BH82: =AL82*BG82 -> 29808 | BI82: 49523 | BJ82: =AM82*BI82 -> 49523 | BK82: 28128 | BL82: =AN82*BK82 -> 28128
A83: FY24 | B83: Benson Chen | C83: SUNREX | E83: NB | G83: 2023 | H83: OTTO/SEBASTIAN | I83: NBL KB | J83: 15 | K83: SOFT GREY | L83: W China | M83: QUANTA | N83: 2.9 | O83: 4.65 | P83: 4.65 | Q83: 4.65 | R83: 4.65 | S83: 4.65 | T83: 4.65 | U83: 4.65 | V83: 4.25 | W83: 4.25 | X83: 4.25 | Y83: 4.25 | Z83: 4.25 | AA83: 4.25 | AB83: 0.5 | AC83: 1 | AD83: 1 | AE83: 1 | AF83: 1 | AG83: 1 | AH83: 1 | AI83: 1.37 | AJ83: 1.37 | AK83: 1.37 | AL83: 1.37 | AM83: 1.37 | AN83: 1.37 | AO83: 5151 | AP83: =AC83*AO83 -> 5151 | AQ83: 4332 | AR83: =AD83*AQ83 -> 4332 | AS83: 10143 | AT83: =AE83*AS83 -> 10143 | AU83: 151 | AV83: =AF83*AU83 -> 151 | AW83: 6640 | AX83: =AG83*AW83 -> 6640 | AY83: 7024 | AZ83: =AH83*AY83 -> 7024 | BA83: 13631 | BB83: =AI83*BA83 -> 18674.47 | BC83: 23723 | BD83: =AJ83*BC83 -> 32500.51 | BE83: 17067 | BF83: =AK83*BE83 -> 23381.79 | BG83: 28760 | BH83: =AL83*BG83 -> 39401.2 | BI83: 26249 | BJ83: =AM83*BI83 -> 35961.13 | BK83: 423 | BL83: =AN83*BK83 -> 579.51
A84: FY24 | B84: Benson Chen | C84: SUNREX | E84: NB | G84: 2023 | H84: OTTO/SEBASTIAN | I84: NBL KB | J84: 15 | K84: SOFT GREY | L84: NMC | M84: QUANTA | N84: 2.9 | O84: 4.65 | P84: 4.65 | Q84: 4.65 | R84: 4.65 | S84: 4.65 | T84: 4.65 | U84: 4.65 | V84: 4.25 | W84: 4.25 | X84: 4.25 | Y84: 4.25 | Z84: 4.25 | AA84: 4.25 | AB84: =1-0.39 -> 0.61 | AC84: 0 | AD84: 0.61 | AE84: 0.61 | AF84: 0.61 | AG84: 1 | AH84: 1 | AI84: 1.37 | AJ84: 1.37 | AK84: 1.37 | AL84: 1.37 | AM84: 1.37 | AN84: 1.37 | AP84: =AC84*AO84 -> 0 | AR84: =AD84*AQ84 -> 0 | AT84: =AE84*AS84 -> 0 | AU84: 7280 | AV84: =AF84*AU84 -> 4440.8 | AW84: 14495 | AX84: =AG84*AW84 -> 14495 | AY84: 11640 | AZ84: =AH84*AY84 -> 11640 | BA84: 9287 | BB84: =AI84*BA84 -> 12723.19 | BC84: 10358 | BD84: =AJ84*BC84 -> 14190.46 | BE84: 9028 | BF84: =AK84*BE84 -> 12368.36 | BG84: 17122 | BH84: =AL84*BG84 -> 23457.14 | BI84: 19400 | BJ84: =AM84*BI84 -> 26578 | BK84: 11340 | BL84: =AN84*BK84 -> 15535.8
A85: FY24 | C85: SUNREX | E85: NB | AQ85: 0 | AR85: =AD85*AQ85 -> 0 | AT85: =AE85*AS85 -> 0 | AV85: =AF85*AU85 -> 0 | AX85: =AG85*AW85 -> 0 | AZ85: =AH85*AY85 -> 0 | BB85: =AI85*BA85 -> 0 | BD85: =AJ85*BC85 -> 0 | BF85: =AK85*BE85 -> 0 | BH85: =AL85*BG85 -> 0 | BJ85: =AM85*BI85 -> 0 | BL85: =AN85*BK85 -> 0
A86: FY24 | B86: Benson Chen | C86: SUNREX | D86: Consumer | E86: NB | F86: OPP | G86: 2021 | H86: VLAD/EUNICE/VLAD6U | I86: NBL KB | J86: 17 | K86: SNOW WHITE/JET BLACK/SOFT GREY | L86: W China | M86: INVENTEC | N86: 2.9 | O86: 4.4 | P86: 4.4 | Q86: 4.4 | R86: 4.4 | S86: 4.4 | T86: 4.4 | U86: 4.4 | V86: 4.4 | W86: 4.4 | X86: 4.4 | Y86: 4.4 | Z86: 4.4 | AA86: 4.4 | AB86: 0.7 | AC86: 1.7 | AD86: 1.7 | AE86: 1.7 | AF86: 1.7 | AG86: 1.7 | AH86: 1.7 | AI86: 1.52 | AJ86: 1.52 | AK86: 1.52 | AL86: 1.52 | AM86: 1.52 | AN86: 1.52 | AO86: 14230 | AP86: =AC86*AO86 -> 24191 | AQ86: 14003 | AR86: =AD86*AQ86 -> 23805.1 | AS86: 18760 | AT86: =AE86*AS86 -> 31892 | AU86: 23314 | AV86: =AF86*AU86 -> 39633.8 | AW86: 13985 | AX86: =AG86*AW86 -> 23774.5 | AY86: 25259 | AZ86: =AH86*AY86 -> 42940.3 | BA86: 26618 | BB86: =AI86*BA86 -> 40459.36 | BC86: 20540 | BD86: =AJ86*BC86 -> 31220.8 | BE86: 14800 | BF86: =AK86*BE86 -> 22496 | BG86: 17985 | BH86: =AL86*BG86 -> 27337.2 | BI86: 14260 | BJ86: =AM86*BI86 -> 21675.2 | BK86: 27720 | BL86: =AN86*BK86 -> 42134.4
A87: FY24 | B87: Benson Chen | C87: SUNREX | E87: NB | G87: 2023 | H87: VLAD/EUNICE/VLAD6U | I87: NBL KB | J87: 17 | K87: PIKE SILVER | L87: W China | M87: INVENTEC | N87: 4.45 | O87: 6.4 | P87: 6.4 | Q87: 6.4 | R87: 6.4 | S87: 6.4 | T87: 6.4 | U87: 6.4 | V87: 6.4 | W87: 6.4 | X87: 6.4 | Y87: 6.4 | Z87: 6.4 | AA87: 6.4 | AB87: 1 | AC87: 1.7 | AD87: 1.7 | AE87: 1.7 | AF87: 1.7 | AG87: 1.7 | AH87: 1.7 | AI87: 1.97 | AJ87: 1.97 | AK87: 1.97 | AL87: 1.97 | AM87: 1.97 | AN87: 1.97 | AO87: 0 | AP87: =AC87*AO87 -> 0 | AQ87: 0 | AR87: =AD87*AQ87 -> 0 | AS87: 0 | AT87: =AE87*AS87 -> 0 | AU87: 0 | AV87: =AF87*AU87 -> 0 | AW87: 0 | AX87: =AG87*AW87 -> 0 | AY87: 0 | AZ87: =AH87*AY87 -> 0 | BA87: 0 | BB87: =AI87*BA87 -> 0 | BC87: 0 | BD87: =AJ87*BC87 -> 0 | BE87: 0 | BF87: =AK87*BE87 -> 0 | BG87: 0 | BH87: =AL87*BG87 -> 0 | BI87: 0 | BJ87: =AM87*BI87 -> 0 | BK87: 0 | BL87: =AN87*BK87 -> 0
A88: FY24 | B88: Benson Chen | C88: SUNREX | E88: NB | G88: 2021 | H88: VLAD/EUNICE/VLAD6U | I88: BL KB | J88: 17 | K88: SNOW WHITE | L88: W China | M88: INVENTEC | N88: 8.7 | O88: 14.3 | P88: 14.3 | Q88: 14.3 | R88: 14.3 | S88: 14.3 | T88: 14.3 | U88: 14.3 | V88: 12.5 | W88: 12.5 | X88: 12.5 | Y88: 12.5 | Z88: 12.5 | AA88: 12.5 | AB88: 2.5 | AC88: 4 | AD88: 4 | AE88: 4 | AF88: 4 | AG88: 4 | AH88: 4 | AI88: 2.3 | AJ88: 2.3 | AK88: 2.3 | AL88: 2.3 | AM88: 2.3 | AN88: 2.3 | AO88: 720 | AP88: =AC88*AO88 -> 2880 | AQ88: 300 | AR88: =AD88*AQ88 -> 1200 | AS88: 2080 | AT88: =AE88*AS88 -> 8320 | AU88: 760 | AV88: =AF88*AU88 -> 3040 | AW88: 240 | AX88: =AG88*AW88 -> 960 | AY88: 600 | AZ88: =AH88*AY88 -> 2400 | BA88: 0 | BB88: =AI88*BA88 -> 0 | BC88: 0 | BD88: =AJ88*BC88 -> 0 | BE88: 0 | BF88: =AK88*BE88 -> 0 | BG88: 0 | BH88: =AL88*BG88 -> 0 | BI88: 0 | BJ88: =AM88*BI88 -> 0 | BK88: 0 | BL88: =AN88*BK88 -> 0
A89: FY24 | B89: Benson Chen | C89: SUNREX | E89: NB | G89: 2023 | H89: VLAD/EUNICE/VLAD6U | I89: BL KB | J89: 17 | K89: SOFT GREY/SEAFOAM TEAL PEARL/WISTERIA LAVENDER PEARL | L89: W China | M89: INVENTEC | N89: 8.7 | O89: 15.2 | P89: 15.2 | Q89: 15.2 | R89: 15.2 | S89: 15.2 | T89: 15.2 | U89: 15.2 | V89: 13.5 | W89: 13.5 | X89: 13.5 | Y89: 13.5 | Z89: 13.5 | AA89: 13.5 | AB89: 2.5 | AC89: 4 | AD89: 4 | AE89: 4 | AF89: 4 | AG89: 4 | AH89: 4 | AI89: 4.52 | AJ89: 4.52 | AK89: 4.52 | AL89: 4.52 | AM89: 4.52 | AN89: 4.52 | AO89: 3074 | AP89: =AC89*AO89 -> 12296 | AQ89: 2162 | AR89: =AD89*AQ89 -> 8648 | AS89: 3560 | AT89: =AE89*AS89 -> 14240 | AU89: 0 | AV89: =AF89*AU89 -> 0 | AW89: 8044 | AX89: =AG89*AW89 -> 32176 | AY89: 5566 | AZ89: =AH89*AY89 -> 22264 | BA89: 3429 | BB89: =AI89*BA89 -> 15499.08 | BC89: 5800 | BD89: =AJ89*BC89 -> 26216 | BE89: 2160 | BF89: =AK89*BE89 -> 9763.2 | BG89: 3105 | BH89: =AL89*BG89 -> 14034.6 | BI89: 2011 | BJ89: =AM89*BI89 -> 9089.72 | BK89: 3100 | BL89: =AN89*BK89 -> 14012
A90: FY24 | B90: Benson Chen | C90: SUNREX | E90: NB | G90: 2023 | H90: OTTO/SEBASTIAN | I90: NBL KB | J90: 15 | K90: FLINT OPAQUE | L90: W China | M90: QUANTA | N90: 4.45 | O90: 6.65 | P90: 6.65 | Q90: 6.65 | R90: 6.65 | S90: 6.65 | T90: 6.65 | U90: 6.65 | V90: 6.3 | W90: 6.3 | X90: 6.3 | Y90: 6.3 | Z90: 6.3 | AA90: 6.3 | AB90: 0.7 | AC90: 1 | AD90: 1 | AE90: 1 | AF90: 1 | AG90: 1 | AH90: 1 | AI90: 1.87 | AJ90: 1.87 | AK90: 1.87 | AL90: 1.87 | AM90: 1.87 | AN90: 1.87 | AO90: 3608 | AP90: =AC90*AO90 -> 3608 | AQ90: 3020 | AR90: =AD90*AQ90 -> 3020 | AS90: 2237 | AT90: =AE90*AS90 -> 2237 | AU90: 137 | AV90: =AF90*AU90 -> 137 | AW90: 3240 | AX90: =AG90*AW90 -> 3240 | AY90: 0 | AZ90: =AH90*AY90 -> 0 | BA90: 1092 | BB90: =AI90*BA90 -> 2042.04 | BC90: 40 | BD90: =AJ90*BC90 -> 74.8 | BE90: 80 | BF90: =AK90*BE90 -> 149.6 | BG90: 4877 | BH90: =AL90*BG90 -> 9119.99 | BI90: 8520 | BJ90: =AM90*BI90 -> 15932.4 | BK90: 976 | BL90: =AN90*BK90 -> 1825.12
A91: FY24 | B91: Benson Chen | C91: SUNREX | E91: NB | G91: 2023 | H91: OTTO/SEBASTIAN | I91: BL KB | J91: 15 | K91: FLINT OPAQUE | L91: W China | M91: QUANTA | N91: 8.7 | O91: 14.3 | P91: 14.3 | Q91: 14.3 | R91: 14.3 | S91: 14.3 | T91: 14.3 | U91: 14.3 | V91: 12.5 | W91: 12.5 | X91: 12.5 | Y91: 12.5 | Z91: 12.5 | AA91: 12.5 | AB91: 1.5 | AC91: 2.5 | AD91: 2.5 | AE91: 2.5 | AF91: 2.5 | AG91: 2.5 | AH91: 2.5 | AI91: 4.52 | AJ91: 4.52 | AK91: 4.52 | AL91: 4.52 | AM91: 4.52 | AN91: 4.52 | AO91: 882 | AP91: =AC91*AO91 -> 2205 | AQ91: 1896 | AR91: =AD91*AQ91 -> 4740 | AS91: 0 | AT91: =AE91*AS91 -> 0 | AU91: 0 | AV91: =AF91*AU91 -> 0 | AW91: 0 | AX91: =AG91*AW91 -> 0 | AY91: 0 | AZ91: =AH91*AY91 -> 0 | BA91: 0 | BB91: =AI91*BA91 -> 0 | BC91: 480 | BD91: =AJ91*BC91 -> 2169.6 | BE91: 0 | BF91: =AK91*BE91 -> 0 | BG91: 0 | BH91: =AL91*BG91 -> 0 | BI91: 0 | BJ91: =AM91*BI91 -> 0 | BK91: 0 | BL91: =AN91*BK91 -> 0
A92: FY24 | B92: Benson Chen | C92: SUNREX | E92: NB | G92: 2023 | H92: OTTO/SEBASTIAN | I92: NBL KB | J92: 15 | K92: JET BLACK | L92: W China | M92: QUANTA | N92: 2.9 | O92: 4.65 | P92: 4.65 | Q92: 4.65 | R92: 4.65 | S92: 4.65 | T92: 4.65 | U92: 4.65 | V92: 4.25 | W92: 4.25 | X92: 4.25 | Y92: 4.25 | Z92: 4.25 | AA92: 4.25 | AB92: 0.5 | AC92: 1 | AD92: 1 | AE92: 1 | AF92: 1 | AG92: 1 | AH92: 1 | AI92: 1.37 | AJ92: 1.37 | AK92: 1.37 | AL92: 1.37 | AM92: 1.37 | AN92: 1.37 | AO92: 656 | AP92: =AC92*AO92 -> 656 | AQ92: 4127 | AR92: =AD92*AQ92 -> 4127 | AS92: 720 | AT92: =AE92*AS92 -> 720 | AU92: 417 | AV92: =AF92*AU92 -> 417 | AW92: 3240 | AX92: =AG92*AW92 -> 3240 | AY92: 1379 | AZ92: =AH92*AY92 -> 1379 | BA92: 3038 | BB92: =AI92*BA92 -> 4162.06 | BC92: 3833 | BD92: =AJ92*BC92 -> 5251.21 | BE92: 2319 | BF92: =AK92*BE92 -> 3177.03 | BG92: 2105 | BH92: =AL92*BG92 -> 2883.85 | BI92: 2800 | BJ92: =AM92*BI92 -> 3836 | BK92: 0 | BL92: =AN92*BK92 -> 0
A93: FY24 | B93: Benson Chen | C93: SUNREX | E93: NB | G93: 2023 | H93: OTTO/SEBASTIAN | I93: BL KB | J93: 15 | K93: SOFT GREY | L93: W China | M93: QUANTA | N93: 9.25 | O93: 15.2 | P93: 15.2 | Q93: 15.2 | R93: 15.2 | S93: 15.2 | T93: 15.2 | U93: 15.2 | V93: 12.5 | W93: 12.5 | X93: 12.5 | Y93: 12.5 | Z93: 12.5 | AA93: 12.5 | AB93: 1.5 | AC93: 2.5 | AD93: 2.5 | AE93: 2.5 | AF93: 2.5 | AG93: 2.5 | AH93: 2.5 | AI93: 4.52 | AJ93: 4.52 | AK93: 4.52 | AL93: 4.52 | AM93: 4.52 | AN93: 4.52 | AO93: 0 | AP93: =AC93*AO93 -> 0 | AQ93: 672 | AR93: =AD93*AQ93 -> 1680 | AS93: 2119 | AT93: =AE93*AS93 -> 5297.5 | AU93: 319 | AV93: =AF93*AU93 -> 797.5 | AW93: 0 | AX93: =AG93*AW93 -> 0 | AY93: 0 | AZ93: =AH93*AY93 -> 0 | BA93: 0 | BB93: =AI93*BA93 -> 0 | BC93: 0 | BD93: =AJ93*BC93 -> 0 | BE93: 0 | BF93: =AK93*BE93 -> 0 | BG93: 0 | BH93: =AL93*BG93 -> 0 | BI93: 0 | BJ93: =AM93*BI93 -> 0 | BK93: 0 | BL93: =AN93*BK93 -> 0
A94: FY24 | B94: Benson Chen | C94: SUNREX | E94: NB | G94: 2023 | H94: OTTO/SEBASTIAN | I94: BL KB | J94: 15 | K94: SEAFOAM TEAL PEARL/WISTERIA LAVENDER PEARL | L94: W China | M94: QUANTA | N94: 9.25 | O94: 15.2 | P94: 15.2 | Q94: 15.2 | R94: 15.2 | S94: 15.2 | T94: 15.2 | U94: 15.2 | V94: 12.5 | W94: 12.5 | X94: 12.5 | Y94: 12.5 | Z94: 12.5 | AA94: 12.5 | AC94: 2.5 | AD94: 2.5 | AE94: 2.5 | AF94: 2.5 | AG94: 2.5 | AH94: 2.5 | AI94: 3.5 | AJ94: 3.5 | AK94: 3.5 | AL94: 3.5 | AM94: 3.5 | AN94: 3.5 | AX94: =AG94*AW94 -> 0 | AZ94: =AH94*AY94 -> 0 | BA94: 79 | BB94: =AI94*BA94 -> 276.5 | BC94: 0 | BD94: =AJ94*BC94 -> 0 | BE94: 0 | BF94: =AK94*BE94 -> 0 | BG94: 0 | BH94: =AL94*BG94 -> 0 | BI94: 0 | BJ94: =AM94*BI94 -> 0 | BK94: 0 | BL94: =AN94*BK94 -> 0
A95: FY24 | B95: Benson Chen | C95: SUNREX | E95: NB | G95: 2023 | H95: OTTO/SEBASTIAN | I95: NBL KB | J95: 15 | K95: FLINT OPAQUE | L95: NMC | M95: QUANTA | N95: 4.45 | O95: 6.65 | P95: 6.65 | Q95: 6.65 | R95: 6.65 | S95: 6.65 | T95: 6.65 | U95: 6.65 | V95: 6.3 | W95: 6.3 | X95: 6.3 | Y95: 6.3 | Z95: 6.3 | AA95: 6.3 | AB95: =1-0.39 -> 0.61 | AC95: 0 | AD95: 0.61 | AE95: 0.61 | AF95: 0.61 | AG95: 1 | AH95: 1 | AI95: 1.87 | AJ95: 1.87 | AK95: 1.87 | AL95: 1.87 | AM95: 1.87 | AN95: 1.87 | AO95: 0 | AP95: =AC95*AO95 -> 0 | AQ95: 0 | AR95: =AD95*AQ95 -> 0 | AS95: 0 | AT95: =AE95*AS95 -> 0 | AU95: 0 | AV95: =AF95*AU95 -> 0 | AW95: 2193 | AX95: =AG95*AW95 -> 2193 | AY95: 600 | AZ95: =AH95*AY95 -> 600 | BA95: 2316 | BB95: =AI95*BA95 -> 4330.92 | BC95: 516 | BD95: =AJ95*BC95 -> 964.92 | BE95: 2000 | BF95: =AK95*BE95 -> 3740 | BG95: 4160 | BH95: =AL95*BG95 -> 7779.2 | BI95: 2198 | BJ95: =AM95*BI95 -> 4110.26 | BK95: 3040 | BL95: =AN95*BK95 -> 5684.8
A96: FY24 | B96: Benson Chen | C96: SUNREX | E96: NB | G96: 2023 | H96: OTTO/SEBASTIAN | I96: NBL KB | J96: 15 | K96: JET BLACK | L96: NMC | M96: QUANTA | N96: 2.9 | O96: 4.65 | P96: 4.65 | Q96: 4.65 | R96: 4.65 | S96: 4.65 | T96: 4.65 | U96: 4.65 | V96: 4.25 | W96: 4.25 | X96: 4.25 | Y96: 4.25 | Z96: 4.25 | AA96: 4.25 | AB96: =1-0.39 -> 0.61 | AC96: 0 | AD96: 0.61 | AE96: 0.61 | AF96: 0.61 | AG96: 1 | AH96: 1 | AI96: 1.37 | AJ96: 1.37 | AK96: 1.37 | AL96: 1.37 | AM96: 1.37 | AN96: 1.37 | AO96: 0 | AP96: =AC96*AO96 -> 0 | AQ96: 0 | AR96: =AD96*AQ96 -> 0 | AS96: 0 | AT96: =AE96*AS96 -> 0 | AU96: 0 | AV96: =AF96*AU96 -> 0 | AW96: 1800 | AX96: =AG96*AW96 -> 1800 | AY96: 840 | AZ96: =AH96*AY96 -> 840 | BA96: 880 | BB96: =AI96*BA96 -> 1205.6 | BC96: 5640 | BD96: =AJ96*BC96 -> 7726.8 | BE96: 9379 | BF96: =AK96*BE96 -> 12849.23 | BG96: 7897 | BH96: =AL96*BG96 -> 10818.89 | BI96: 21076 | BJ96: =AM96*BI96 -> 28874.12 | BK96: 7480 | BL96: =AN96*BK96 -> 10247.6
A97: FY24 | C97: SUNREX | E97: NB | AR97: =AD97*AQ97 -> 0 | AT97: =AE97*AS97 -> 0 | AV97: =AF97*AU97 -> 0 | AZ97: =AH97*AY97 -> 0 | BB97: =AI97*BA97 -> 0 | BD97: =AJ97*BC97 -> 0 | BF97: =AK97*BE97 -> 0 | BH97: =AL97*BG97 -> 0 | BJ97: =AM97*BI97 -> 0 | BL97: =AN97*BK97 -> 0
A98: FY24 | C98: SUNREX | E98: Chromebook | F98: Chromebook | AP98: =AC98*AO98 -> 0 | AR98: =AD98*AQ98 -> 0 | AS98: 0 | AT98: =AE98*AS98 -> 0 | AU98: 0 | AV98: =AF98*AU98 -> 0 | AX98: =AG98*AW98 -> 0 | AZ98: =AH98*AY98 -> 0 | BA98: 0 | BB98: =AI98*BA98 -> 0 | BD98: =AJ98*BC98 -> 0 | BF98: =AK98*BE98 -> 0 | BH98: =AL98*BG98 -> 0 | BJ98: =AM98*BI98 -> 0 | BK98: 0 | BL98: =AN98*BK98 -> 0
A99: FY24 | C99: SUNREX | E99: Chromebook | AP99: =AC99*AO99 -> 0 | AR99: =AD99*AQ99 -> 0 | AS99: 0 | AT99: =AE99*AS99 -> 0 | AU99: 0 | AV99: =AF99*AU99 -> 0 | AX99: =AG99*AW99 -> 0 | AZ99: =AH99*AY99 -> 0 | BA99: 0 | BB99: =AI99*BA99 -> 0 | BD99: =AJ99*BC99 -> 0 | BF99: =AK99*BE99 -> 0 | BH99: =AL99*BG99 -> 0 | BJ99: =AM99*BI99 -> 0 | BK99: 0 | BL99: =AN99*BK99 -> 0
A100: FY24 | B100: Benson Chen | C100: SUNREX | E100: NB | F100: Pavilion | G100: 2020 | H100: FELICETTE/STRELKA | I100: NBL KB | J100: 15 | K100: PIKE SILVER/DARK LIGHT TEAL/CLOUD BLUE | L100: W China | M100: QUANTA | N100: 4.9 | O100: 6.4 | P100: 6.4 | Q100: 6.4 | R100: 6.4 | S100: 6.4 | T100: 6.4 | U100: 6.4 | V100: 6.4 | W100: 6.4 | X100: 6.4 | Y100: 6.4 | Z100: 6.4 | AA100: 6.4 | AB100: 1.5 | AC100: 1.5 | AD100: 1.5 | AE100: 1.5 | AF100: 1.5 | AG100: 1.5 | AH100: 1.5 | AI100: 1.5 | AJ100: 1.5 | AK100: 1.5 | AL100: 1.5 | AM100: 1.5 | AN100: 1.5 | AO100: 11974 | AP100: =AC100*AO100 -> 17961 | AQ100: 14958 | AR100: =AD100*AQ100 -> 22437 | AS100: 7008 | AT100: =AE100*AS100 -> 10512 | AU100: 9494 | AV100: =AF100*AU100 -> 14241 | AW100: 1032 | AX100: =AG100*AW100 -> 1548 | AY100: 5918 | AZ100: =AH100*AY100 -> 8877 | BA100: 7400 | BB100: =AI100*BA100 -> 11100 | BC100: 4720 | BD100: =AJ100*BC100 -> 7080 | BE100: 3926 | BF100: =AK100*BE100 -> 5889 | BG100: 4480 | BH100: =AL100*BG100 -> 6720 | BI100: 5485 | BJ100: =AM100*BI100 -> 8227.5 | BK100: 5435 | BL100: =AN100*BK100 -> 8152.5
A101: FY24 | B101: Benson Chen | C101: SUNREX | E101: NB | G101: 2020 | H101: FELICETTE/STRELKA | I101: BL KB | J101: 15 | K101: PIKE SILVER | L101: W China | M101: QUANTA | N101: 8.7 | O101: 13.6 | P101: 13.6 | Q101: 13.6 | R101: 13.6 | S101: 13.6 | T101: 13.6 | U101: 13.6 | V101: 11.8 | W101: 11.8 | X101: 11.8 | Y101: 11.8 | Z101: 11.8 | AA101: 11.8 | AB101: 5 | AC101: 5 | AD101: 5 | AE101: 5 | AF101: 5 | AG101: 5 | AH101: 5 | AI101: 5 | AJ101: 5 | AK101: 5 | AL101: 5 | AM101: 5 | AN101: 5 | AO101: 0 | AP101: =AC101*AO101 -> 0 | AQ101: 0 | AR101: =AD101*AQ101 -> 0 | AS101: 0 | AT101: =AE101*AS101 -> 0 | AU101: 0 | AV101: =AF101*AU101 -> 0 | AW101: 0 | AX101: =AG101*AW101 -> 0 | AY101: 0 | AZ101: =AH101*AY101 -> 0 | BA101: 0 | BB101: =AI101*BA101 -> 0 | BC101: 0 | BD101: =AJ101*BC101 -> 0 | BE101: 0 | BF101: =AK101*BE101 -> 0 | BG101: 0 | BH101: =AL101*BG101 -> 0 | BI101: 0 | BJ101: =AM101*BI101 -> 0 | BK101: 0 | BL101: =AN101*BK101 -> 0
A102: FY24 | B102: Benson Chen | C102: SUNREX | E102: NB | G102: 2020 | H102: FELICETTE/STRELKA | I102: BL KB | J102: 15 | K102: CLOUD BLUE | L102: W China | M102: QUANTA | N102: 8.7 | O102: 14.3 | P102: 14.3 | Q102: 14.3 | R102: 14.3 | S102: 14.3 | T102: 14.3 | U102: 14.3 | V102: 12.5 | W102: 12.5 | X102: 12.5 | Y102: 12.5 | Z102: 12.5 | AA102: 12.5 | AB102: 5.5 | AC102: 5.5 | AD102: 5.5 | AE102: 5.5 | AF102: 5.5 | AG102: 5.5 | AH102: 5.5 | AI102: 3.7 | AJ102: 3.7 | AK102: 3.7 | AL102: 3.7 | AM102: 3.7 | AN102: 3.7 | AO102: 3065 | AP102: =AC102*AO102 -> 16857.5 | AQ102: 3402 | AR102: =AD102*AQ102 -> 18711 | AS102: 3958 | AT102: =AE102*AS102 -> 21769 | AU102: 2394 | AV102: =AF102*AU102 -> 13167 | AW102: 8911 | AX102: =AG102*AW102 -> 49010.5 | AY102: 1703 | AZ102: =AH102*AY102 -> 9366.5 | BA102: 3214 | BB102: =AI102*BA102 -> 11891.8 | BC102: 920 | BD102: =AJ102*BC102 -> 3404 | BE102: 754 | BF102: =AK102*BE102 -> 2789.8 | BG102: 718 | BH102: =AL102*BG102 -> 2656.6 | BI102: 995 | BJ102: =AM102*BI102 -> 3681.5 | BK102: 0 | BL102: =AN102*BK102 -> 0
A103: FY24 | B103: Benson Chen | C103: SUNREX | E103: NB | G103: 2020 | H103: FELICETTE/STRELKA | I103: BL KB | J103: 15 | K103: LIGHT TEAL | L103: W China | M103: QUANTA | N103: 9.25 | O103: 15.2 | P103: 15.2 | Q103: 15.2 | R103: 15.2 | S103: 15.2 | T103: 15.2 | U103: 15.2 | V103: 13.5 | W103: 13.5 | X103: 13.5 | Y103: 13.5 | Z103: 13.5 | AA103: 13.5 | AB103: 5.5 | AC103: 5.5 | AD103: 5.5 | AE103: 5.5 | AF103: 5.5 | AG103: 5.5 | AH103: 5.5 | AI103: 5.5 | AJ103: 5.5 | AK103: 5.5 | AL103: 5.5 | AM103: 5.5 | AN103: 5.5 | AO103: 0 | AP103: =AC103*AO103 -> 0 | AQ103: 0 | AR103: =AD103*AQ103 -> 0 | AS103: 0 | AT103: =AE103*AS103 -> 0 | AU103: 0 | AV103: =AF103*AU103 -> 0 | AW103: 0 | AX103: =AG103*AW103 -> 0 | AY103: 0 | AZ103: =AH103*AY103 -> 0 | BA103: 0 | BB103: =AI103*BA103 -> 0 | BC103: 0 | BD103: =AJ103*BC103 -> 0 | BE103: 0 | BF103: =AK103*BE103 -> 0 | BG103: 0 | BH103: =AL103*BG103 -> 0 | BI103: 0 | BJ103: =AM103*BI103 -> 0 | BK103: 0 | BL103: =AN103*BK103 -> 0
A104: FY24 | B104: Benson Chen | C104: SUNREX | E104: NB | G104: 2022 | H104: ROKU | I104: BL KB | J104: 16 | K104: MICA SILVER/CERAMIC WHITE | L104: W China | M104: QUANTA | N104: 8.83 | O104: 15.4 | P104: 15.4 | Q104: 15.4 | R104: 15.4 | S104: 15.4 | T104: 15.4 | U104: 15.4 | V104: 13.2 | W104: 13.2 | X104: 13.2 | Y104: 13.2 | Z104: 13.2 | AA104: 13.2 | AB104: 1.85 | AC104: 4.5 | AD104: 6.57 | AE104: 6.57 | AF104: 6.57 | AG104: 6.57 | AH104: 6.57 | AI104: 5.22 | AJ104: 5.22 | AK104: 5.22 | AL104: 5.22 | AM104: 5.22 | AN104: 5.22 | AO104: 22913 | AP104: =AC104*AO104 -> 103108.5 | AQ104: 20662 | AR104: =AD104*AQ104 -> 135749.34 | AS104: 11187 | AT104: =AE104*AS104 -> 73498.59 | AU104: 14614 | AV104: =AF104*AU104 -> 96013.98 | AW104: 15621 | AX104: =AG104*AW104 -> 102629.97 | AY104: 16790 | AZ104: =AH104*AY104 -> 110310.3 | BA104: 7920 | BB104: =AI104*BA104 -> 41342.4 | BC104: 8347 | BD104: =AJ104*BC104 -> 43571.34 | BE104: 9280 | BF104: =AK104*BE104 -> 48441.6 | BG104: 9277 | BH104: =AL104*BG104 -> 48425.94 | BI104: 6352 | BJ104: =AM104*BI104 -> 33157.44 | BK104: 5350 | BL104: =AN104*BK104 -> 27927
...

Sheet FY25 Summary_1 
B3: SUNREX | C3: 2024 11 | D3: 2024 12 | E3: 2025 01 | F3: Total Q1
B4: Rebate amount | C4: ='FY25'!AP1 -> 208260.72 | D4: ='FY25'!AR1 -> 299100.14 | E4: ='FY25'!AT1 -> 240706.03 | F4: =SUM(C4:E4) -> 748066.89
B5: E&O reduction | F5: =SUM(C5:E5) -> 0
B6: Complexity reduction | F6: =SUM(C6:E6) -> 0 | H6: 1. 新增Summary_1, 原先的Summary重新命名為Summary_2
B7: Total amount | C7: =SUM(C4:C6) -> 208260.72 | D7: =SUM(D4:D6) -> 299100.14 | E7: =SUM(E4:E6) -> 240706.03 | F7: =SUM(F4:F6) -> 748066.89
H8: 2.黃色部位為貴司名稱, 請整份報告都跟檔名貴司名稱撰寫方式一致
B10: SUNREX | C10: 2025 02 | D10: 2025 03 | E10: 2025 04 | F10: Total Q2 | H10: 3. 這些欄位一定要固定, B3-B28, C3-C28, D3-D28, E3-E28, F3-F28都有賦予定義
B11: Rebate amount | C11: ='FY25'!AV1 -> 194410.29 | D11: ='FY25'!AX1 -> 238069.66 | E11: ='FY25'!AZ1 -> 252178.75 | F11: =SUM(C11:E11) -> 684658.7
B12: E&O reduction | C12: 23806.73 | F12: =SUM(C12:E12) -> 23806.73 | H12: 4. Rebate amount 指得是summary_2的page金額 (就是我們一直以來收集的金額)
B13: Complexity reduction | F13: =SUM(C13:E13) -> 0
B14: Total amount | C14: =SUM(C11:C13) -> 218217.02 | D14: =SUM(D11:D13) -> 238069.66 | E14: =SUM(E11:E13) -> 252178.75 | F14: =SUM(F11:F13) -> 708465.43 | H14: 5. 新增 E&O reduction 及complexity reduction品項, 先留足空間
H15: 若目前還未有此款項存在都先填0
B17: SUNREX | C17: 2025 05 | D17: 2025 06 | E17: 2025 07 | F17: Total Q3 | H17: 6. 金額都放未經調整後的真實數字, 分析才具意義
B18: Rebate amount | C18: ='FY25'!BB1 -> 240498.5 | D18: ='FY25'!BD1 -> 186143.68 | E18: ='FY25'!BF1 -> 118084.48 | F18: =SUM(C18:E18) -> 544726.66
B19: E&O reduction | D19: 34270.56 | E19: 6442.8 | F19: =SUM(C19:E19) -> 40713.36
B20: Complexity reduction | F20: =SUM(C20:E20) -> 0
B21: Total amount | C21: =SUM(C18:C20) -> 240498.5 | D21: =SUM(D18:D20) -> 220414.24 | E21: =SUM(E18:E20) -> 124527.28 | F21: =SUM(F18:F20) -> 585440.02
B24: SUNREX | C24: 2025 08 | D24: 2025 09 | E24: 2025 10 | F24: Total Q4
B25: Rebate amount | C25: ='FY25'!BH1 -> 121194.55 | D25: ='FY25'!BJ1 -> 107337.45 | E25: ='FY25'!BL1 -> 91609.35 | F25: =SUM(C25:E25) -> 320141.35
B26: E&O reduction | C26: 2197.602 | D26: 4073.076 | E26: 0 | F26: =SUM(C26:E26) -> 6270.678
B27: Complexity reduction | F27: =SUM(C27:E27) -> 0
B28: Total amount | C28: =SUM(C25:C27) -> 123392.15 | D28: =SUM(D25:D27) -> 111410.53 | E28: =SUM(E25:E27) -> 91609.35 | F28: =SUM(F25:F27) -> 326412.03

Sheet FY25 Summary_2 
B3: Q1 Actual by Segment
C4: Segment | D4: 45597 | E4: 45627 | F4: 45658 | G4: Total Rebate in Q1 2025 (US$)
B5: CMIT Input Devices | C5: 200 series (6U) | D5: 15162.37 | E5: 19718.972 | F5: 10755.87 | G5: =SUM(D5:F5) -> 45637.213
C6: 400 series (S) | D6: 88635.088 | E6: 81591.896 | F6: 73228.472 | G6: =SUM(D6:F6) -> 243455.46
C7: 600 series (B) | D7: 22158.772 | E7: 20397.974 | F7: 18307.118 | G7: =SUM(D7:F7) -> 60863.864
C8: 800 series (P) | G8: =SUM(D8:F8) -> 0
C9: 1000 series (M | G9: =SUM(D9:F9) -> 0
C10: MWS (Workstation) | G10: =SUM(D10:F10) -> 0
C11: Soft Keyboard | G11: =SUM(D11:F11) -> 0
C12: Chrome Book | D12: 11037.57 | E12: 96561.84 | F12: 97041 | G12: =SUM(D12:F12) -> 204640.41
C13: Clickpad | G13: =SUM(D13:F13) -> 0
C14: Education | G14: =SUM(D14:F14) -> 0
C15: Peripherals/AMO | D15: 1380 | E15: 1020 | F15: 1020 | G15: =SUM(D15:F15) -> 3420
C16: Desktop | G16: =SUM(D16:F16) -> 0
B17: Consumer Input Devices | C17: OPP | D17: 45487.11 | E17: 59156.917 | F17: 32267.61 | G17: =SUM(D17:F17) -> 136911.64
C18: Chrome Book | G18: =SUM(D18:F18) -> 0
C19: Pavilion | D19: 16911.81 | E19: 5904.54 | F19: 7773.96 | G19: =SUM(D19:F19) -> 30590.31
C20: Spectre | G20: =SUM(D20:F20) -> 0
C21: Envy | D21: 0 | E21: 0 | F21: 0 | G21: =SUM(D21:F21) -> 0
C22: Stream | G22: =SUM(D22:F22) -> 0
C23: Omen | D23: 7488 | E23: 14748 | F23: 312 | G23: =SUM(D23:F23) -> 22548
C24: Peripherals/AMO | G24: =SUM(D24:F24) -> 0
C25: Desktop | G25: =SUM(D25:F25) -> 0
G26: =SUM(G5:G25) -> 748066.89
B28: Q1 Actual by Segment
C29: Supplier | D29: 45597 | E29: 45627 | F29: 45658 | G29: Total Rebate in Q1 2025 (US$)
B30: Input Devices | C30: Chicony
C31: Darfon
C32: Liteon
C33: Primax
C34: Sunrex | D34: =SUM(D5:D25) -> 208260.72 | E34: =SUM(E5:E25) -> 299100.14 | F34: =SUM(F5:F25) -> 240706.03 | G34: =SUM(D34:F34) -> 748066.89
B35: reserved | G35: =SUM(C35:F35) -> 0
B36: E&O incentive | G36: 0
C37: Total Q1 Rebate Amount Afer Adjustment | G37: =G34-G35+G36 -> 748066.89
B39: Q2 Actual by Segment
C40: Segment | D40: 45689 | E40: 45717 | F40: 45748 | G40: Total Rebate in Q2 2025 (US$)
B41: CMIT Input Devices | C41: 200 series (6U) | D41: 9613.8 | E41: 13398.39 | F41: 10855.505 | G41: =SUM(D41:F41) -> 33867.695
C42: 400 series (S) | D42: 65646.248 | E42: 51545.512 | F42: 105050.5 | G42: =SUM(D42:F42) -> 222242.26
C43: 600 series (B) | D43: 16411.562 | E43: 12886.378 | F43: 26262.624 | G43: =SUM(D43:F43) -> 55560.564
C44: 800 series (P) | G44: =SUM(D44:F44) -> 0
C45: 1000 series (M | G45: =SUM(D45:F45) -> 0
C46: MWS (Workstation) | G46: =SUM(D46:F46) -> 0
C47: Soft Keyboard | G47: =SUM(D47:F47) -> 0
C48: Chrome Book | D48: 66225.78 | E48: 106289.21 | F48: 64326.01 | G48: =SUM(D48:F48) -> 236841
C49: Clickpad | G49: =SUM(D49:F49) -> 0
C50: Education | G50: =SUM(D50:F50) -> 0
C51: Peripherals/AMO | D51: 560 | E51: 2592 | F51: 2332 | G51: =SUM(D51:F51) -> 5484
C52: Desktop | G52: =SUM(D52:F52) -> 0
B53: Consumer Input Devices | C53: OPP | D53: 28841.4 | E53: 40195.17 | F53: 32566.515 | G53: =SUM(D53:F53) -> 101603.09
C54: Chrome Book | G54: =SUM(D54:F54) -> 0
C55: Pavillion | D55: 4303.5 | E55: 5628 | F55: 6183.6 | G55: =SUM(D55:F55) -> 16115.1
C56: Spectre | G56: =SUM(D56:F56) -> 0
C57: Envy | D57: 0 | E57: 0 | G57: =SUM(D57:F57) -> 0
C58: Stream | G58: =SUM(D58:F58) -> 0
C59: Omen | D59: 2808 | E59: 5535 | F59: 4602 | G59: =SUM(D59:F59) -> 12945
C60: Peripherals/AMO | G60: =SUM(D60:F60) -> 0
C61: Desktop | G61: =SUM(D61:F61) -> 0
G62: =SUM(G41:G61) -> 684658.7
B64: Q2 Actual by Segment
C65: Supplier | D65: 45689 | E65: 45717 | F65: 45748 | G65: Total Rebate in Q2 2025 (US$)
B66: Input Devices | C66: Chicony
C67: Darfon
C68: Liteon
C69: Primax
C70: Sunrex | D70: =SUM(D41:D61) -> 194410.29 | E70: =SUM(E41:E61) -> 238069.66 | F70: =SUM(F41:F61) -> 252178.75 | G70: =SUM(D70:F70) -> 684658.7
B71: E&O incentive-Sansa | C71: Sunrex | D71: 7856.898 | G71: =SUM(D71:F71) -> 7856.898
B72: E&O incentive-Grizzly2 | C72: Sunrex | D72: 1062.5385 | G72: =SUM(D72:F72) -> 1062.5385
B73: E&O incentive-Duskers/DuskersIK | C73: Sunrex | D73: 8563.551 | G73: =SUM(D73:F73) -> 8563.551
B74: E&O incentive-Spyker14 | C74: Sunrex | D74: 3784.5435 | G74: =SUM(D74:F74) -> 3784.5435
B75: E&O incentive-Daario | C75: Sunrex | D75: 2539.2 | G75: =SUM(D75:F75) -> 2539.2
G76: =SUM(D76:F76) -> 0
C78: Total Q2 Rebate Amount Afer Adjustment | G78: =G70+G71+G72+G73+G74+G75 -> 708465.43
B81: Q3 Actual by Segment
C82: Segment | D82: 45778 | E82: 45809 | F82: 45839 | G82: Total Rebate in Q3 2025(US$)
B83: CMIT Input Devices | C83: 200 series (6U) | D83: 11065.812 | E83: 11657.9 | F83: 7522.685 | G83: =SUM(D83:F83) -> 30246.397
C84: 400 series (S) | D84: 49205.704 | E84: 23171.576 | F84: 32486.912 | G84: =SUM(D84:F84) -> 104864.19
C85: 600 series (B) | D85: 12301.426 | E85: 5792.894 | F85: 8121.728 | G85: =SUM(D85:F85) -> 26216.048
C86: 800 series (P) | G86: =SUM(D86:F86) -> 0
C87: 1000 series (M | G87: =SUM(D87:F87) -> 0
C88: MWS (Workstation) | G88: =SUM(D88:F88) -> 0
C89: Soft Keyboard | G89: =SUM(D89:F89) -> 0
C90: Chrome Book | D90: 129991.74 | E90: 106002.61 | F90: 40062.2 | G90: =SUM(D90:F90) -> 276056.55
C91: Clickpad | G91: =SUM(D91:F91) -> 0
C92: Education | G92: =SUM(D92:F92) -> 0
C93: Peripherals/AMO | D93: 2155 | E93: 3420 | F93: 3584 | G93: =SUM(D93:F93) -> 9159
C94: Desktop | G94: =SUM(D94:F94) -> 0
B95: Consumer Input Devices | C95: OPP | D95: 33197.438 | E95: 34973.7 | F95: 22568.055 | G95: =SUM(D95:F95) -> 90739.193
C96: Chrome Book | G96: =SUM(D96:F96) -> 0
C97: Pavillion | D97: 553.38 | E97: 0 | F97: 306.9 | G97: =SUM(D97:F97) -> 860.28
C98: Spectre | G98: =SUM(D98:F98) -> 0
C99: Envy | G99: =SUM(D99:F99) -> 0
C100: Stream | G100: =SUM(D100:F100) -> 0
C101: Omen | D101: 2028 | E101: 1125 | F101: 3432 | G101: =SUM(D101:F101) -> 6585
C102: Peripherals/AMO | G102: =SUM(D102:F102) -> 0
C103: Desktop | G103: =SUM(D103:F103) -> 0
G104: =SUM(G83:G103) -> 544726.66
B106: Q3 Actual by Segment
C107: Supplier | D107: 45778 | E107: 45809 | F107: 45839 | G107: Total Rebate in Q3 2025(US$)
C108: Sunrex | D108: =SUM(D83:D103) -> 240498.5 | E108: =SUM(E83:E103) -> 186143.68 | F108: =SUM(F83:F103) -> 118084.48 | G108: =SUM(D108:F108) -> 544726.66
B109: reserved | G109: =SUM(D109:F109) -> 0
...

Sheet FY25
D1: Consumer/Commercial/ Peripheral | E1: NB/DT/Peripheral | G1: 2009/2010/….2023/2024/2025 | H1: Platform name please strictly follow the LTF | I1: NBL KB/BL KB/Mouse /Combo/Clickpad/Dongle | J1: If no Size, fill in "NA/" | K1: If no Color, fill in "NA/" | L1: E China/W China/S China/Thailand/Vietnam | M1: COMPAL/QUANTA/INVENTEC/WISTRON/FOXCONN *If the ODM is not listed above, do not write 'OTHERS'. Please refer to the ODM or Regional site name as stated in the contract. | AC1: =SUM(AC3:AC287) -> 230.31 | AD1: =SUM(AD3:AD287) -> 231.65 | AE1: =SUM(AE3:AE287) -> 231.65 | AF1: =SUM(AF3:AF287) -> 231.92 | AG1: =SUM(AG3:AG287) -> 231.92 | AH1: =SUM(AH3:AH287) -> 231.92 | AI1: =SUM(AI3:AI287) -> 231.92 | AJ1: =SUM(AJ3:AJ287) -> 231.92 | ... AN1: =SUM(AN3:AN287) -> 218.15 | AP1: =SUM(AP3:AP1175) -> 208260.72 | AR1: =SUM(AR3:AR1175) -> 299100.14 | AT1: =SUM(AT3:AT1175) -> 240706.03 | AV1: =SUM(AV3:AV1175) -> 194410.29 | AX1: =SUM(AX3:AX1175) -> 238069.66 | AZ1: =SUM(AZ3:AZ1175) -> 252178.75 | BB1: =SUM(BB3:BB1175) -> 240498.5 | BD1: =SUM(BD3:BD1175) -> 186143.68 | BF1: =SUM(BF3:BF1175) -> 118084.48 | BH1: =SUM(BH3:BH1175) -> 121194.55 | BJ1: =SUM(BJ3:BJ1175) -> 107337.45 | BL1: =SUM(BL3:BL1175) -> 91609.35 | BM1: Please fill in your supplier part# | BN1: Do not fill in ODM or Supplier part# at this column | BO1: APJ/EMEA/NA/ODM | BP1: If you don't have hp part#, pls fill in ODM part# without localization
A2: FY25 | B2: SPM (Project Owner) | C2: GTK Suppliers | D2: Category | E2: Segment | F2: Series | G2: Production Year | H2: Platforms | I2: Product | J2: Size | K2: Color | L2: Location | M2: ODM | N2: RFQ Final Cost | O2: The lowest unit table price (ODM cost) | P2: Table Price Nov | Q2: Table Price Dec | R2: Table Price Jan | S2: Table Price Feb | T2: Table Price Mar | U2: Table Price Apr | V2: Table Price May | W2: Table Price Jun | X2: Table Price Jul | Y2: Table Price Aug | Z2: Table Price Sep | AA2: Table Price Oct | AB2: The lowest unit rebate cost | AC2: Unit Rebate Nov | AD2: Unit Rebate Dec | AE2: Unit Rebate Jan | AF2: Unit Rebate Feb | AG2: Unit Rebate Mar | AH2: Unit Rebate Apr | AI2: Unit Rebate May | AJ2: Unit Rebate Jun | AK2: Unit Rebate Jul | AL2: Unit Rebate Aug | AM2: Unit Rebate Sep | AN2: Unit Rebate Oct | AO2: Nov Q'ty | AP2: Nov Rebate Amount | AQ2: Dec Q'ty | AR2: Dec Rebate Amount | AS2: Jan Q'ty | AT2: Jan Rebate Amount | AU2: Feb Q'ty | AV2: Feb Rebate Amount | AW2: Mar Q'ty | AX2: Mar Rebate Amount | AY2: Apr Q'ty | AZ2: Apr Rebate Amount | BA2: May Q'ty | BB2: May Rebate Amount | BC2: Jun Q'ty | BD2: Jun Rebate Amount | BE2: Jul Q'ty | BF2: Jul Rebate Amount | BG2: Aug Q'ty | BH2: Aug Rebate Amount | BI2: Sep Q'ty | BJ2: Sep Rebate Amount | BK2: Oct Q'ty | BL2: Oct Rebate Amount | BM2: Supplier Part# | BN2: Comment | BO2: Region | BP2: HP/ODM Part#
A3: FY25 | B3: Sandy Lu | C3: SUNREX | D3: Commercial | E3: NB | F3: 400/600 | G3: 2021 | H3: PRIMROSE/PEPPER/PIXIE/PAX | I3: NBL KB | J3: 13 | K3: FLINT OPAQUE | L3: W China | M3: INVENTEC_CQ | N3: 3.24 | O3: 4.07 | P3: 4.07 | Q3: 4.07 | R3: 4.07 | S3: 4.07 | T3: 4.07 | U3: 4.07 | V3: 4.07 | W3: 4.07 | X3: 4.07 | Y3: 4.07 | Z3: 4.07 | AA3: 4.07 | AB3: 0.83 | AC3: 0.83 | AD3: 0.83 | AE3: 0.83 | AF3: 0.83 | AG3: 0.83 | AH3: 0.83 | AI3: 0.83 | AJ3: 0.83 | AK3: 0.83 | AL3: 0.83 | AM3: 0.83 | AN3: 0.83 | AO3: 1280 | AP3: =AC3*AO3 -> 1062.4 | AQ3: 2040 | AR3: =AD3*AQ3 -> 1693.2 | AS3: 840 | AT3: =AE3*AS3 -> 697.2 | AU3: 1880 | AV3: =AF3*AU3 -> 1560.4 | AW3: 1280 | AX3: =AG3*AW3 -> 1062.4 | AY3: 120 | AZ3: =AH3*AY3 -> 99.6 | BA3: 1520 | BB3: =AI3*BA3 -> 1261.6 | BC3: 1640 | BD3: =AJ3*BC3 -> 1361.2 | BE3: 2000 | BF3: =AK3*BE3 -> 1660 | BG3: 480 | BH3: =AL3*BG3 -> 398.4 | BI3: 680 | BJ3: =AM3*BI3 -> 564.4 | BK3: 320 | BL3: =AN3*BK3 -> 265.6 | BM3: V191726A1 | BO3: ODM | BP3: 6037B01670**
A4: FY25 | B4: Sandy Lu | C4: SUNREX | E4: NB | G4: 2021 | H4: PRIMROSE/PEPPER/PIXIE/PAX | I4: NBL KB | J4: 13 | K4: FLINT OPAQUE | L4: W China | M4: INVENTEC_CQ | N4: 3.24 | O4: 4.07 | P4: 4.07 | Q4: 4.07 | R4: 4.07 | S4: 4.07 | T4: 4.07 | U4: 4.07 | V4: 4.07 | W4: 4.07 | X4: 4.07 | Y4: 4.07 | Z4: 4.07 | AA4: 4.07 | AB4: 0.83 | AC4: 0.83 | AD4: 0.83 | AE4: 0.83 | AF4: 0.83 | AG4: 0.83 | AH4: 0.83 | AI4: 0.83 | AJ4: 0.83 | AK4: 0.83 | AL4: 0.83 | AM4: 0.83 | AN4: 0.83 | AO4: 560 | AP4: =AC4*AO4 -> 464.8 | AQ4: 560 | AR4: =AD4*AQ4 -> 464.8 | AS4: 520 | AT4: =AE4*AS4 -> 431.6 | AU4: 1077 | AV4: =AF4*AU4 -> 893.91 | AW4: 1473 | AX4: =AG4*AW4 -> 1222.59 | AY4: 640 | AZ4: =AH4*AY4 -> 531.2 | BA4: 2920 | BB4: =AI4*BA4 -> 2423.6 | BC4: 760 | BD4: =AJ4*BC4 -> 630.8 | BE4: 360 | BF4: =AK4*BE4 -> 298.8 | BG4: 800 | BH4: =AL4*BG4 -> 664 | BI4: 1480 | BJ4: =AM4*BI4 -> 1228.4 | BK4: 600 | BL4: =AN4*BK4 -> 498 | BM4: V191726C1 | BO4: ODM | BP4: 6037B01670**
A5: FY25 | B5: Sandy Lu | C5: SUNREX | E5: NB | G5: 2021 | H5: PRIMROSE/PEPPER/PIXIE/PAX | I5: BL KB | J5: 13 | K5: FLINT OPAQUE | L5: W China | M5: INVENTEC_CQ | N5: 8.05 | O5: 9.12 | P5: 9.12 | Q5: 9.12 | R5: 9.12 | S5: 9.12 | T5: 9.12 | U5: 9.12 | V5: 9.12 | W5: 9.12 | X5: 9.12 | Y5: 9.12 | Z5: 9.12 | AA5: 9.12 | AB5: 1.07 | AC5: 1.07 | AD5: 1.07 | AE5: 1.07 | AF5: 1.07 | AG5: 1.07 | AH5: 1.07 | AI5: 1.07 | AJ5: 1.07 | AK5: 1.07 | AL5: 1.07 | AM5: 1.07 | AN5: 1.07 | AO5: 1000 | AP5: =AC5*AO5 -> 1070 | AQ5: 400 | AR5: =AD5*AQ5 -> 428 | AS5: 560 | AT5: =AE5*AS5 -> 599.2 | AU5: 1649 | AV5: =AF5*AU5 -> 1764.43 | AW5: 720 | AX5: =AG5*AW5 -> 770.4 | AY5: 2951 | AZ5: =AH5*AY5 -> 3157.57 | BA5: 779 | BB5: =AI5*BA5 -> 833.53 | BC5: 1380 | BD5: =AJ5*BC5 -> 1476.6 | BE5: 1000 | BF5: =AK5*BE5 -> 1070 | BG5: 1920 | BH5: =AL5*BG5 -> 2054.4 | BI5: 1420 | BJ5: =AM5*BI5 -> 1519.4 | BK5: 209 | BL5: =AN5*BK5 -> 223.63 | BM5: V191726B1 | BO5: ODM | BP5: 6037B01674**
A6: FY25 | B6: Sandy Lu | C6: SUNREX | E6: NB | G6: 2021 | H6: PRIMROSE/PEPPER/PIXIE/PAX | I6: BL KB | J6: 13 | K6: FLINT OPAQUE | L6: W China | M6: INVENTEC_CQ | N6: 8.05 | O6: 9.12 | P6: 9.12 | Q6: 9.12 | R6: 9.12 | S6: 9.12 | T6: 9.12 | U6: 9.12 | V6: 9.12 | W6: 9.12 | X6: 9.12 | Y6: 9.12 | Z6: 9.12 | AA6: 9.12 | AB6: 1.07 | AC6: 1.07 | AD6: 1.07 | AE6: 1.07 | AF6: 1.07 | AG6: 1.07 | AH6: 1.07 | AI6: 1.07 | AJ6: 1.07 | AK6: 1.07 | AL6: 1.07 | AM6: 1.07 | AN6: 1.07 | AO6: 1080 | AP6: =AC6*AO6 -> 1155.6 | AQ6: 0 | AR6: =AD6*AQ6 -> 0 | AS6: 280 | AT6: =AE6*AS6 -> 299.6 | AU6: 1716 | AV6: =AF6*AU6 -> 1836.12 | AW6: 567 | AX6: =AG6*AW6 -> 606.69 | AY6: 2037 | AZ6: =AH6*AY6 -> 2179.59 | BA6: 959 | BB6: =AI6*BA6 -> 1026.13 | BC6: 2039 | BD6: =AJ6*BC6 -> 2181.73 | BE6: 1000 | BF6: =AK6*BE6 -> 1070 | BG6: 1640 | BH6: =AL6*BG6 -> 1754.8 | BI6: 11835 | BJ6: =AM6*BI6 -> 12663.45 | BK6: 3320 | BL6: =AN6*BK6 -> 3552.4 | BM6: V191726D1 | BO6: ODM | BP6: 6037B01674**
A7: FY25 | B7: Sandy Lu | C7: SUNREX | E7: NB | G7: 2021 | H7: PRIMROSE/PEPPER/PIXIE/PAX | I7: BL KB | J7: 13 | K7: FLINT OPAQUE | L7: W China | M7: INVENTEC_CQ | N7: 8.05 | O7: 9.12 | P7: 9.12 | Q7: 9.12 | R7: 9.12 | S7: 9.12 | T7: 9.12 | U7: 9.12 | V7: 9.12 | W7: 9.12 | X7: 9.12 | Y7: 9.12 | Z7: 9.12 | AA7: 9.12 | AB7: 1.07 | AC7: 1.07 | AD7: 1.07 | AE7: 1.07 | AF7: 1.07 | AG7: 1.07 | AH7: 1.07 | AI7: 1.07 | AJ7: 1.07 | AK7: 1.07 | AL7: 1.07 | AM7: 1.07 | AN7: 1.07 | AO7: 40 | AP7: =AC7*AO7 -> 42.8 | AQ7: 0 | AR7: =AD7*AQ7 -> 0 | AS7: 240 | AT7: =AE7*AS7 -> 256.8 | AU7: 38 | AV7: =AF7*AU7 -> 40.66 | AW7: 80 | AX7: =AG7*AW7 -> 85.6 | AY7: 40 | AZ7: =AH7*AY7 -> 42.8 | BA7: 84 | BB7: =AI7*BA7 -> 89.88 | BC7: 0 | BD7: =AJ7*BC7 -> 0 | BE7: 38 | BF7: =AK7*BE7 -> 40.66 | BG7: 0 | BH7: =AL7*BG7 -> 0 | BI7: 39 | BJ7: =AM7*BI7 -> 41.73 | BK7: 0 | BL7: =AN7*BK7 -> 0 | BM7: V191726E1 | BO7: ODM | BP7: 6037B01673**
A8: FY25 | B8: Sandy Lu | C8: SUNREX | E8: NB | G8: 2021 | H8: PRIMROSE/PEPPER/PIXIE/PAX | I8: BL KB | J8: 13 | K8: FLINT OPAQUE | L8: W China | M8: INVENTEC_CQ | N8: 8.05 | O8: 9.12 | P8: 9.12 | Q8: 9.12 | R8: 9.12 | S8: 9.12 | T8: 9.12 | U8: 9.12 | V8: 9.12 | W8: 9.12 | X8: 9.12 | Y8: 9.12 | Z8: 9.12 | AA8: 9.12 | AB8: 1.07 | AC8: 1.07 | AD8: 1.07 | AE8: 1.07 | AF8: 1.07 | AG8: 1.07 | AH8: 1.07 | AI8: 1.07 | AJ8: 1.07 | AK8: 1.07 | AL8: 1.07 | AM8: 1.07 | AN8: 1.07 | AO8: 400 | AP8: =AC8*AO8 -> 428 | AQ8: 157 | AR8: =AD8*AQ8 -> 167.99 | AS8: 240 | AT8: =AE8*AS8 -> 256.8 | AU8: 440 | AV8: =AF8*AU8 -> 470.8 | AW8: 520 | AX8: =AG8*AW8 -> 556.4 | AY8: 320 | AZ8: =AH8*AY8 -> 342.4 | BA8: 600 | BB8: =AI8*BA8 -> 642 | BC8: 760 | BD8: =AJ8*BC8 -> 813.2 | BE8: 0 | BF8: =AK8*BE8 -> 0 | BG8: 80 | BH8: =AL8*BG8 -> 85.6 | BI8: 280 | BJ8: =AM8*BI8 -> 299.6 | BK8: 313 | BL8: =AN8*BK8 -> 334.91 | BM8: V191726F1 | BO8: ODM | BP8: 6037B01673**
A9: FY25 | B9: Sandy Lu | C9: SUNREX | E9: NB | G9: 2020 | H9: REEDS/IONIAN13/THANOS13/KRAKEN13 | I9: NBL KB | J9: 13 | K9: FLINT OPAQUE | L9: W China | M9: QUANTA_CQ | N9: 3.24 | O9: 4.07 | P9: 4.07 | Q9: 4.07 | R9: 4.07 | S9: 4.07 | T9: 4.07 | U9: 4.07 | V9: 4.07 | W9: 4.07 | X9: 4.07 | Y9: 4.07 | Z9: 4.07 | AA9: 4.07 | AB9: 0.83 | AC9: 0.83 | AD9: 0.83 | AE9: 0.83 | AF9: 0.83 | AG9: 0.83 | AH9: 0.83 | AI9: 0.83 | AJ9: 0.83 | AK9: 0.83 | AL9: 0.83 | AM9: 0.83 | AN9: 0.83 | AO9: 40562 | AP9: =AC9*AO9 -> 33666.46 | AQ9: 6879 | AR9: =AD9*AQ9 -> 5709.57 | AS9: 11843 | AT9: =AE9*AS9 -> 9829.69 | AU9: 22492 | AV9: =AF9*AU9 -> 18668.36 | AW9: 2743 | AX9: =AG9*AW9 -> 2276.69 | AY9: 18922 | AZ9: =AH9*AY9 -> 15705.26 | BA9: 0 | BB9: =AI9*BA9 -> 0 | BC9: 0 | BD9: =AJ9*BC9 -> 0 | BE9: 0 | BF9: =AK9*BE9 -> 0 | BG9: 0 | BH9: =AL9*BG9 -> 0 | BI9: 0 | BJ9: =AM9*BI9 -> 0 | BK9: 0 | BL9: =AN9*BK9 -> 0 | BM9: V191746A2 | BO9: ODM | BP9: AEX8P**0010
A10: FY25 | B10: Sandy Lu | C10: SUNREX | E10: NB | G10: 2020 | H10: REEDS/IONIAN13/THANOS13/KRAKEN13 | I10: NBL KB | J10: 13 | K10: FLINT OPAQUE | L10: W China | M10: QUANTA_CQ | N10: 3.24 | O10: 4.07 | P10: 4.07 | Q10: 4.07 | R10: 4.07 | S10: 4.07 | T10: 4.07 | U10: 4.07 | V10: 4.07 | W10: 4.07 | X10: 4.07 | Y10: 4.07 | Z10: 4.07 | AA10: 4.07 | AB10: 0.83 | AC10: 0.83 | AD10: 0.83 | AE10: 0.83 | AF10: 0.83 | AG10: 0.83 | AH10: 0.83 | AI10: 0.83 | AJ10: 0.83 | AK10: 0.83 | AL10: 0.83 | AM10: 0.83 | AN10: 0.83 | AO10: 0 | AP10: =AC10*AO10 -> 0 | AQ10: 0 | AR10: =AD10*AQ10 -> 0 | AS10: 0 | AT10: =AE10*AS10 -> 0 | AU10: 0 | AV10: =AF10*AU10 -> 0 | AW10: 0 | AX10: =AG10*AW10 -> 0 | AY10: 0 | AZ10: =AH10*AY10 -> 0 | BA10: 4154 | BB10: =AI10*BA10 -> 3447.82 | BC10: 2990 | BD10: =AJ10*BC10 -> 2481.7 | BE10: 10197 | BF10: =AK10*BE10 -> 8463.51 | BG10: 25853 | BH10: =AL10*BG10 -> 21457.99 | BI10: 15990 | BJ10: =AM10*BI10 -> 13271.7 | BK10: 2200 | BL10: =AN10*BK10 -> 1826 | BM10: V191746A2 | BO10: ODM | BP10: AEX8P**3010
